Date,SP500_Open,SP500_High,SP500_Low,SP500_Close,SP500_Volume,Bitcoin_Open,Bitcoin_High,Bitcoin_Low,Bitcoin_Close,Bitcoin_Volume
2000-01-03,1469.25,1478.0,1438.3599853515625,1455.219970703125,931800000.0,,,,,
2000-01-04,1455.219970703125,1455.219970703125,1397.4300537109375,1399.4200439453125,1009000000.0,,,,,
2000-01-05,1399.4200439453125,1413.27001953125,1377.6800537109375,1402.1099853515625,1085500000.0,,,,,
2000-01-06,1402.1099853515625,1411.9000244140625,1392.0999755859375,1403.449951171875,1092300000.0,,,,,
2000-01-07,1403.449951171875,1441.469970703125,1400.72998046875,1441.469970703125,1225200000.0,,,,,
2000-01-10,1441.469970703125,1464.3599853515625,1441.469970703125,1457.5999755859375,1064800000.0,,,,,
2000-01-11,1457.5999755859375,1458.6600341796875,1434.4200439453125,1438.56005859375,1014000000.0,,,,,
2000-01-12,1438.56005859375,1442.5999755859375,1427.0799560546875,1432.25,974600000.0,,,,,
2000-01-13,1432.25,1454.199951171875,1432.25,1449.6800537109375,1030400000.0,,,,,
2000-01-14,1449.6800537109375,1473.0,1449.6800537109375,1465.1500244140625,1085900000.0,,,,,
2000-01-18,1465.1500244140625,1465.1500244140625,1451.300048828125,1455.1400146484375,1056700000.0,,,,,
2000-01-19,1455.1400146484375,1461.3900146484375,1448.6800537109375,1455.9000244140625,1087800000.0,,,,,
2000-01-20,1455.9000244140625,1465.7099609375,1438.5400390625,1445.5699462890625,1100700000.0,,,,,
2000-01-21,1445.5699462890625,1453.1800537109375,1439.5999755859375,1441.3599853515625,1209800000.0,,,,,
2000-01-24,1441.3599853515625,1454.0899658203125,1395.4200439453125,1401.530029296875,1115800000.0,,,,,
2000-01-25,1401.530029296875,1414.260009765625,1388.489990234375,1410.030029296875,1073700000.0,,,,,
2000-01-26,1410.030029296875,1412.72998046875,1400.1600341796875,1404.0899658203125,1117300000.0,,,,,
2000-01-27,1404.0899658203125,1418.8599853515625,1370.989990234375,1398.56005859375,1129500000.0,,,,,
2000-01-28,1398.56005859375,1398.56005859375,1356.199951171875,1360.1600341796875,1095800000.0,,,,,
2000-01-31,1360.1600341796875,1394.47998046875,1350.1400146484375,1394.4599609375,993800000.0,,,,,
2000-02-01,1394.4599609375,1412.489990234375,1384.7900390625,1409.280029296875,981000000.0,,,,,
2000-02-02,1409.280029296875,1420.6099853515625,1403.489990234375,1409.1199951171875,1038600000.0,,,,,
2000-02-03,1409.1199951171875,1425.780029296875,1398.52001953125,1424.969970703125,1146500000.0,,,,,
2000-02-04,1424.969970703125,1435.9100341796875,1420.6300048828125,1424.3699951171875,1045100000.0,,,,,
2000-02-07,1424.3699951171875,1427.1500244140625,1413.3299560546875,1424.239990234375,918100000.0,,,,,
2000-02-08,1424.239990234375,1441.8299560546875,1424.239990234375,1441.719970703125,1047700000.0,,,,,
2000-02-09,1441.719970703125,1444.550048828125,1411.6500244140625,1411.7099609375,1050500000.0,,,,,
2000-02-10,1411.699951171875,1422.0999755859375,1406.4300537109375,1416.8299560546875,1058800000.0,,,,,
2000-02-11,1416.8299560546875,1416.8299560546875,1378.8900146484375,1387.1199951171875,1025700000.0,,,,,
2000-02-14,1387.1199951171875,1394.9300537109375,1380.530029296875,1389.93994140625,927300000.0,,,,,
2000-02-15,1389.93994140625,1407.719970703125,1376.25,1402.050048828125,1092100000.0,,,,,
2000-02-16,1402.050048828125,1404.550048828125,1385.5799560546875,1387.6700439453125,1018800000.0,,,,,
2000-02-17,1387.6700439453125,1399.8800048828125,1380.0699462890625,1388.260009765625,1034800000.0,,,,,
2000-02-18,1388.260009765625,1388.5899658203125,1345.3199462890625,1346.0899658203125,1042300000.0,,,,,
2000-02-22,1346.0899658203125,1358.1099853515625,1331.8800048828125,1352.1700439453125,980000000.0,,,,,
2000-02-23,1352.1700439453125,1370.1099853515625,1342.43994140625,1360.68994140625,993700000.0,,,,,
2000-02-24,1360.68994140625,1364.800048828125,1329.8800048828125,1353.4300537109375,1215000000.0,,,,,
2000-02-25,1353.4300537109375,1362.1400146484375,1329.1500244140625,1333.3599853515625,1065200000.0,,,,,
2000-02-28,1333.3599853515625,1360.8199462890625,1325.0699462890625,1348.050048828125,1026500000.0,,,,,
2000-02-29,1348.050048828125,1369.6300048828125,1348.050048828125,1366.4200439453125,1204300000.0,,,,,
2000-03-01,1366.4200439453125,1383.4599609375,1366.4200439453125,1379.18994140625,1274100000.0,,,,,
2000-03-02,1379.18994140625,1386.56005859375,1370.3499755859375,1381.760009765625,1198600000.0,,,,,
2000-03-03,1381.760009765625,1410.8800048828125,1381.760009765625,1409.1700439453125,1150300000.0,,,,,
2000-03-06,1409.1700439453125,1409.739990234375,1384.75,1391.280029296875,1029000000.0,,,,,
2000-03-07,1391.280029296875,1399.2099609375,1349.989990234375,1355.6199951171875,1314100000.0,,,,,
2000-03-08,1355.6199951171875,1373.7900390625,1346.6199951171875,1366.699951171875,1203000000.0,,,,,
2000-03-09,1366.699951171875,1401.8199462890625,1357.8800048828125,1401.68994140625,1123000000.0,,,,,
2000-03-10,1401.68994140625,1413.4599609375,1392.0699462890625,1395.0699462890625,1138800000.0,,,,,
2000-03-13,1395.0699462890625,1398.3900146484375,1364.8399658203125,1383.6199951171875,1016100000.0,,,,,
2000-03-14,1383.6199951171875,1395.1500244140625,1359.1500244140625,1359.1500244140625,1094000000.0,,,,,
2000-03-15,1359.1500244140625,1397.989990234375,1356.989990234375,1392.1400146484375,1302800000.0,,,,,
2000-03-16,1392.1500244140625,1458.469970703125,1392.1500244140625,1458.469970703125,1482300000.0,,,,,
2000-03-17,1458.469970703125,1477.3299560546875,1453.3199462890625,1464.469970703125,1295100000.0,,,,,
2000-03-20,1464.469970703125,1470.300048828125,1448.489990234375,1456.6300048828125,920800000.0,,,,,
2000-03-21,1456.6300048828125,1493.9200439453125,1446.06005859375,1493.8699951171875,1065900000.0,,,,,
2000-03-22,1493.8699951171875,1505.0799560546875,1487.3299560546875,1500.6400146484375,1075000000.0,,,,,
2000-03-23,1500.6400146484375,1532.5,1492.3900146484375,1527.3499755859375,1078300000.0,,,,,
2000-03-24,1527.3499755859375,1552.8699951171875,1516.8299560546875,1527.4599609375,1052200000.0,,,,,
2000-03-27,1527.4599609375,1534.6300048828125,1518.4599609375,1523.8599853515625,901000000.0,,,,,
2000-03-28,1523.8599853515625,1527.3599853515625,1507.0899658203125,1507.72998046875,959100000.0,,,,,
2000-03-29,1507.72998046875,1521.449951171875,1497.449951171875,1508.52001953125,1061900000.0,,,,,
2000-03-30,1508.52001953125,1517.3800048828125,1474.6300048828125,1487.9200439453125,1193400000.0,,,,,
2000-03-31,1487.9200439453125,1519.81005859375,1484.3800048828125,1498.5799560546875,1227400000.0,,,,,
2000-04-03,1498.5799560546875,1507.18994140625,1486.9599609375,1505.969970703125,1021700000.0,,,,,
2000-04-04,1505.97998046875,1526.449951171875,1416.4100341796875,1494.72998046875,1515460000.0,,,,,
2000-04-05,1494.72998046875,1506.550048828125,1478.050048828125,1487.3699951171875,1110300000.0,,,,,
2000-04-06,1487.3699951171875,1511.760009765625,1487.3699951171875,1501.3399658203125,1008000000.0,,,,,
2000-04-07,1501.3399658203125,1518.6800537109375,1501.3399658203125,1516.3499755859375,891600000.0,,,,,
2000-04-10,1516.3499755859375,1527.18994140625,1503.3499755859375,1504.4599609375,853700000.0,,,,,
2000-04-11,1504.4599609375,1512.800048828125,1486.780029296875,1500.5899658203125,971400000.0,,,,,
2000-04-12,1500.5899658203125,1509.0799560546875,1466.1500244140625,1467.1700439453125,1175900000.0,,,,,
2000-04-13,1467.1700439453125,1477.52001953125,1439.3399658203125,1440.510009765625,1032000000.0,,,,,
2000-04-14,1440.510009765625,1440.510009765625,1339.4000244140625,1356.56005859375,1279700000.0,,,,,
2000-04-17,1356.56005859375,1401.530029296875,1346.5,1401.43994140625,1204700000.0,,,,,
2000-04-18,1401.43994140625,1441.6099853515625,1397.81005859375,1441.6099853515625,1109400000.0,,,,,
2000-04-19,1441.6099853515625,1447.68994140625,1424.260009765625,1427.469970703125,1001400000.0,,,,,
2000-04-20,1427.469970703125,1435.489990234375,1422.0799560546875,1434.5400390625,896200000.0,,,,,
2000-04-24,1434.5400390625,1434.5400390625,1407.1300048828125,1429.8599853515625,868700000.0,,,,,
2000-04-25,1429.8599853515625,1477.6700439453125,1429.8599853515625,1477.43994140625,1071100000.0,,,,,
2000-04-26,1477.43994140625,1482.93994140625,1456.97998046875,1460.989990234375,999600000.0,,,,,
2000-04-27,1460.989990234375,1469.2099609375,1434.81005859375,1464.9200439453125,1111000000.0,,,,,
2000-04-28,1464.9200439453125,1473.6199951171875,1448.1500244140625,1452.4300537109375,984600000.0,,,,,
2000-05-01,1452.4300537109375,1481.510009765625,1452.4300537109375,1468.25,966300000.0,,,,,
2000-05-02,1468.25,1468.25,1445.219970703125,1446.2900390625,1011500000.0,,,,,
2000-05-03,1446.2900390625,1446.2900390625,1398.3599853515625,1415.0999755859375,991600000.0,,,,,
2000-05-04,1415.0999755859375,1420.989990234375,1404.93994140625,1409.5699462890625,925800000.0,,,,,
2000-05-05,1409.5699462890625,1436.030029296875,1405.0799560546875,1432.6300048828125,805500000.0,,,,,
2000-05-08,1432.6300048828125,1432.6300048828125,1417.050048828125,1424.1700439453125,787600000.0,,,,,
2000-05-09,1424.1700439453125,1430.280029296875,1401.8499755859375,1412.1400146484375,896600000.0,,,,,
2000-05-10,1412.1400146484375,1412.1400146484375,1375.1400146484375,1383.050048828125,1006400000.0,,,,,
2000-05-11,1383.050048828125,1410.260009765625,1383.050048828125,1407.81005859375,953600000.0,,,,,
2000-05-12,1407.81005859375,1430.1300048828125,1407.81005859375,1420.9599609375,858200000.0,,,,,
2000-05-15,1420.9599609375,1452.3900146484375,1416.5400390625,1452.3599853515625,854600000.0,,,,,
2000-05-16,1452.3599853515625,1470.4000244140625,1450.760009765625,1466.0400390625,955500000.0,,,,,
2000-05-17,1466.0400390625,1466.0400390625,1441.6700439453125,1447.800048828125,820500000.0,,,,,
2000-05-18,1447.800048828125,1458.0400390625,1436.5899658203125,1437.2099609375,807900000.0,,,,,
2000-05-19,1437.2099609375,1437.2099609375,1401.739990234375,1406.949951171875,853700000.0,,,,,
2000-05-22,1406.949951171875,1410.550048828125,1368.72998046875,1400.719970703125,869000000.0,,,,,
2000-05-23,1400.719970703125,1403.77001953125,1373.4300537109375,1373.8599853515625,869900000.0,,,,,
2000-05-24,1373.8599853515625,1401.75,1361.0899658203125,1399.050048828125,1152300000.0,,,,,
2000-05-25,1399.050048828125,1411.6500244140625,1373.9300537109375,1381.52001953125,984500000.0,,,,,
2000-05-26,1381.52001953125,1391.4200439453125,1369.75,1378.02001953125,722600000.0,,,,,
2000-05-30,1378.02001953125,1422.449951171875,1378.02001953125,1422.449951171875,844200000.0,,,,,
2000-05-31,1422.43994140625,1434.489990234375,1415.5,1420.5999755859375,960500000.0,,,,,
2000-06-01,1420.5999755859375,1448.81005859375,1420.5999755859375,1448.81005859375,960100000.0,,,,,
2000-06-02,1448.81005859375,1483.22998046875,1448.81005859375,1477.260009765625,1162400000.0,,,,,
2000-06-05,1477.260009765625,1477.280029296875,1464.6800537109375,1467.6300048828125,838600000.0,,,,,
2000-06-06,1467.6300048828125,1471.3599853515625,1454.739990234375,1457.8399658203125,950100000.0,,,,,
2000-06-07,1457.8399658203125,1474.6400146484375,1455.06005859375,1471.3599853515625,854600000.0,,,,,
2000-06-08,1471.3599853515625,1475.6500244140625,1456.489990234375,1461.6700439453125,854300000.0,,,,,
2000-06-09,1461.6700439453125,1472.6700439453125,1454.9599609375,1456.949951171875,786000000.0,,,,,
2000-06-12,1456.949951171875,1462.9300537109375,1445.989990234375,1446.0,774100000.0,,,,,
2000-06-13,1446.0,1470.4200439453125,1442.3800048828125,1469.43994140625,935900000.0,,,,,
2000-06-14,1469.43994140625,1483.6199951171875,1467.7099609375,1470.5400390625,929700000.0,,,,,
2000-06-15,1470.5400390625,1482.0400390625,1464.6199951171875,1478.72998046875,1011400000.0,,,,,
2000-06-16,1478.72998046875,1480.77001953125,1460.4200439453125,1464.4599609375,1250800000.0,,,,,
2000-06-19,1464.4599609375,1488.9300537109375,1459.050048828125,1486.0,921700000.0,,,,,
2000-06-20,1486.0,1487.3199462890625,1470.1800537109375,1475.949951171875,1031500000.0,,,,,
2000-06-21,1475.949951171875,1482.18994140625,1468.0,1479.1300048828125,1009600000.0,,,,,
2000-06-22,1479.1300048828125,1479.1300048828125,1448.030029296875,1452.1800537109375,1022700000.0,,,,,
2000-06-23,1452.1800537109375,1459.93994140625,1438.31005859375,1441.47998046875,847600000.0,,,,,
2000-06-26,1441.47998046875,1459.6600341796875,1441.47998046875,1455.31005859375,889000000.0,,,,,
2000-06-27,1455.31005859375,1463.3499755859375,1450.550048828125,1450.550048828125,1042500000.0,,,,,
2000-06-28,1450.550048828125,1467.6300048828125,1450.550048828125,1454.8199462890625,1095100000.0,,,,,
2000-06-29,1454.8199462890625,1455.1400146484375,1434.6300048828125,1442.3900146484375,1110900000.0,,,,,
2000-06-30,1442.3900146484375,1454.6800537109375,1438.7099609375,1454.5999755859375,1459700000.0,,,,,
2000-07-03,1454.5999755859375,1469.5799560546875,1450.8499755859375,1469.5400390625,451900000.0,,,,,
2000-07-05,1469.5400390625,1469.5400390625,1442.449951171875,1446.22998046875,1019300000.0,,,,,
2000-07-06,1446.22998046875,1461.6500244140625,1439.56005859375,1456.6700439453125,947300000.0,,,,,
2000-07-07,1456.6700439453125,1484.1199951171875,1456.6700439453125,1478.9000244140625,931700000.0,,,,,
2000-07-10,1478.9000244140625,1486.56005859375,1474.760009765625,1475.6199951171875,838700000.0,,,,,
2000-07-11,1475.6199951171875,1488.77001953125,1470.47998046875,1480.8800048828125,980500000.0,,,,,
2000-07-12,1480.8800048828125,1497.68994140625,1480.8800048828125,1492.9200439453125,1001200000.0,,,,,
2000-07-13,1492.9200439453125,1501.3900146484375,1489.6500244140625,1495.8399658203125,1026800000.0,,,,,
2000-07-14,1495.8399658203125,1509.989990234375,1494.56005859375,1509.97998046875,960600000.0,,,,,
2000-07-17,1509.97998046875,1517.3199462890625,1505.260009765625,1510.489990234375,906000000.0,,,,,
2000-07-18,1510.489990234375,1510.489990234375,1491.3499755859375,1493.739990234375,908300000.0,,,,,
2000-07-19,1493.739990234375,1495.6300048828125,1479.9200439453125,1481.9599609375,909400000.0,,,,,
2000-07-20,1481.9599609375,1501.9200439453125,1481.9599609375,1495.5699462890625,1064600000.0,,,,,
2000-07-21,1495.5699462890625,1495.5699462890625,1477.9100341796875,1480.18994140625,968300000.0,,,,,
2000-07-24,1480.18994140625,1485.8800048828125,1463.800048828125,1464.2900390625,880300000.0,,,,,
2000-07-25,1464.2900390625,1476.22998046875,1464.2900390625,1474.469970703125,969400000.0,,,,,
2000-07-26,1474.469970703125,1474.469970703125,1452.4200439453125,1452.4200439453125,1235800000.0,,,,,
2000-07-27,1452.4200439453125,1464.9100341796875,1445.3299560546875,1449.6199951171875,1156400000.0,,,,,
2000-07-28,1449.6199951171875,1456.6800537109375,1413.8900146484375,1419.8900146484375,980000000.0,,,,,
2000-07-31,1419.8900146484375,1437.6500244140625,1418.7099609375,1430.8299560546875,952600000.0,,,,,
2000-08-01,1430.8299560546875,1443.5400390625,1428.9599609375,1438.0999755859375,938700000.0,,,,,
2000-08-02,1438.0999755859375,1451.5899658203125,1433.489990234375,1438.699951171875,994500000.0,,,,,
2000-08-03,1438.699951171875,1454.18994140625,1425.4300537109375,1452.56005859375,1095600000.0,,,,,
2000-08-04,1452.56005859375,1462.9300537109375,1451.31005859375,1462.9300537109375,956000000.0,,,,,
2000-08-07,1462.9300537109375,1480.800048828125,1460.719970703125,1479.3199462890625,854800000.0,,,,,
2000-08-08,1479.3199462890625,1484.52001953125,1472.6099853515625,1482.800048828125,992200000.0,,,,,
2000-08-09,1482.800048828125,1490.3299560546875,1471.1600341796875,1472.8699951171875,1054000000.0,,,,,
2000-08-10,1472.8699951171875,1475.1500244140625,1459.8900146484375,1460.25,940800000.0,,,,,
2000-08-11,1460.25,1475.719970703125,1453.06005859375,1471.8399658203125,835500000.0,,,,,
2000-08-14,1471.8399658203125,1491.6400146484375,1468.56005859375,1491.56005859375,783800000.0,,,,,
2000-08-15,1491.56005859375,1493.1199951171875,1482.739990234375,1484.4300537109375,895900000.0,,,,,
2000-08-16,1484.4300537109375,1496.0899658203125,1475.739990234375,1479.8499755859375,929800000.0,,,,,
2000-08-17,1479.8499755859375,1499.3199462890625,1479.8499755859375,1496.0699462890625,922400000.0,,,,,
2000-08-18,1496.0699462890625,1499.469970703125,1488.989990234375,1491.719970703125,821400000.0,,,,,
2000-08-21,1491.719970703125,1502.8399658203125,1491.1300048828125,1499.47998046875,731600000.0,,,,,
2000-08-22,1499.47998046875,1508.449951171875,1497.4200439453125,1498.1300048828125,818800000.0,,,,,
2000-08-23,1498.1300048828125,1507.199951171875,1489.52001953125,1505.969970703125,871000000.0,,,,,
2000-08-24,1505.969970703125,1511.1600341796875,1501.25,1508.31005859375,837100000.0,,,,,
2000-08-25,1508.31005859375,1513.469970703125,1505.0899658203125,1506.449951171875,685600000.0,,,,,
2000-08-28,1506.449951171875,1523.949951171875,1506.449951171875,1514.0899658203125,733600000.0,,,,,
2000-08-29,1514.0899658203125,1514.81005859375,1505.4599609375,1509.8399658203125,795600000.0,,,,,
2000-08-30,1509.8399658203125,1510.489990234375,1500.0899658203125,1502.5899658203125,818400000.0,,,,,
2000-08-31,1502.5899658203125,1525.2099609375,1502.5899658203125,1517.6800537109375,1056600000.0,,,,,
2000-09-01,1517.6800537109375,1530.0899658203125,1515.530029296875,1520.77001953125,767700000.0,,,,,
2000-09-05,1520.77001953125,1520.77001953125,1504.2099609375,1507.0799560546875,838500000.0,,,,,
2000-09-06,1507.0799560546875,1512.6099853515625,1492.1199951171875,1492.25,995100000.0,,,,,
2000-09-07,1492.25,1505.3399658203125,1492.25,1502.510009765625,985500000.0,,,,,
2000-09-08,1502.510009765625,1502.510009765625,1489.8800048828125,1494.5,961000000.0,,,,,
2000-09-11,1494.5,1506.760009765625,1483.010009765625,1489.260009765625,899300000.0,,,,,
2000-09-12,1489.260009765625,1496.9300537109375,1479.6700439453125,1481.989990234375,991200000.0,,,,,
2000-09-13,1481.989990234375,1487.449951171875,1473.6099853515625,1484.9100341796875,1068300000.0,,,,,
2000-09-14,1484.9100341796875,1494.1600341796875,1476.72998046875,1480.8699951171875,1014000000.0,,,,,
2000-09-15,1480.8699951171875,1480.9599609375,1460.219970703125,1465.81005859375,1268400000.0,,,,,
2000-09-18,1465.81005859375,1467.77001953125,1441.9200439453125,1444.510009765625,962500000.0,,,,,
2000-09-19,1444.510009765625,1461.1600341796875,1444.510009765625,1459.9000244140625,1024900000.0,,,,,
2000-09-20,1459.9000244140625,1460.489990234375,1430.949951171875,1451.3399658203125,1104000000.0,,,,,
2000-09-21,1451.3399658203125,1452.77001953125,1436.300048828125,1449.050048828125,1105400000.0,,,,,
2000-09-22,1449.050048828125,1449.050048828125,1421.8800048828125,1448.719970703125,1185500000.0,,,,,
2000-09-25,1448.719970703125,1457.4200439453125,1435.9300537109375,1439.030029296875,982400000.0,,,,,
2000-09-26,1439.030029296875,1448.0400390625,1425.25,1427.2099609375,1106600000.0,,,,,
2000-09-27,1427.2099609375,1437.219970703125,1419.43994140625,1426.5699462890625,1174700000.0,,,,,
2000-09-28,1426.5699462890625,1461.68994140625,1425.780029296875,1458.2900390625,1206200000.0,,,,,
2000-09-29,1458.2900390625,1458.2900390625,1436.2900390625,1436.510009765625,1197100000.0,,,,,
2000-10-02,1436.52001953125,1445.5999755859375,1429.8299560546875,1436.22998046875,1051200000.0,,,,,
2000-10-03,1436.22998046875,1454.8199462890625,1425.280029296875,1426.4599609375,1098100000.0,,,,,
2000-10-04,1426.4599609375,1439.989990234375,1416.31005859375,1434.3199462890625,1167400000.0,,,,,
2000-10-05,1434.3199462890625,1444.1700439453125,1431.800048828125,1436.280029296875,1176100000.0,,,,,
2000-10-06,1436.280029296875,1443.300048828125,1397.06005859375,1408.989990234375,1150100000.0,,,,,
2000-10-09,1408.989990234375,1409.68994140625,1392.47998046875,1402.030029296875,716600000.0,,,,,
2000-10-10,1402.030029296875,1408.8299560546875,1383.8499755859375,1387.02001953125,1044000000.0,,,,,
2000-10-11,1387.02001953125,1387.02001953125,1349.6700439453125,1364.5899658203125,1387500000.0,,,,,
2000-10-12,1364.5899658203125,1374.9300537109375,1328.06005859375,1329.780029296875,1388600000.0,,,,,
2000-10-13,1329.780029296875,1374.1700439453125,1327.0799560546875,1374.1700439453125,1223900000.0,,,,,
2000-10-16,1374.1700439453125,1379.47998046875,1365.06005859375,1374.6199951171875,1005400000.0,,,,,
2000-10-17,1374.6199951171875,1380.989990234375,1342.3399658203125,1349.969970703125,1161500000.0,,,,,
2000-10-18,1349.969970703125,1356.6500244140625,1305.7900390625,1342.1300048828125,1441700000.0,,,,,
2000-10-19,1342.1300048828125,1389.9300537109375,1342.1300048828125,1388.760009765625,1297900000.0,,,,,
2000-10-20,1388.760009765625,1408.469970703125,1382.18994140625,1396.9300537109375,1177400000.0,,,,,
2000-10-23,1396.9300537109375,1406.9599609375,1387.75,1395.780029296875,1046800000.0,,,,,
2000-10-24,1395.780029296875,1415.6400146484375,1388.1300048828125,1398.1300048828125,1158600000.0,,,,,
2000-10-25,1398.1300048828125,1398.1300048828125,1362.2099609375,1364.9000244140625,1315600000.0,,,,,
2000-10-26,1364.9000244140625,1372.719970703125,1337.81005859375,1364.43994140625,1303800000.0,,,,,
2000-10-27,1364.43994140625,1384.5699462890625,1364.1300048828125,1379.5799560546875,1086300000.0,,,,,
2000-10-30,1379.5799560546875,1406.3599853515625,1376.8599853515625,1398.6600341796875,1186500000.0,,,,,
2000-10-31,1398.6600341796875,1432.219970703125,1398.6600341796875,1429.4000244140625,1366400000.0,,,,,
2000-11-01,1429.4000244140625,1429.5999755859375,1410.449951171875,1421.219970703125,1206800000.0,,,,,
2000-11-02,1421.219970703125,1433.4000244140625,1421.219970703125,1428.3199462890625,1167700000.0,,,,,
2000-11-03,1428.3199462890625,1433.2099609375,1420.9200439453125,1426.68994140625,997700000.0,,,,,
2000-11-06,1428.760009765625,1438.4599609375,1427.719970703125,1432.18994140625,930900000.0,,,,,
2000-11-07,1432.18994140625,1436.219970703125,1423.260009765625,1431.8699951171875,880900000.0,,,,,
2000-11-08,1431.8699951171875,1437.280029296875,1408.780029296875,1409.280029296875,909300000.0,,,,,
2000-11-09,1409.280029296875,1409.280029296875,1369.6800537109375,1400.1400146484375,1111000000.0,,,,,
2000-11-10,1400.1400146484375,1400.1400146484375,1365.969970703125,1365.97998046875,962500000.0,,,,,
2000-11-13,1365.97998046875,1365.97998046875,1328.6199951171875,1351.260009765625,1129300000.0,,,,,
2000-11-14,1351.260009765625,1390.06005859375,1351.260009765625,1382.949951171875,1118800000.0,,,,,
2000-11-15,1382.949951171875,1395.9599609375,1374.75,1389.81005859375,1066800000.0,,,,,
2000-11-16,1389.81005859375,1394.760009765625,1370.3900146484375,1372.3199462890625,956300000.0,,,,,
2000-11-17,1372.3199462890625,1384.8499755859375,1355.550048828125,1367.719970703125,1070400000.0,,,,,
2000-11-20,1367.719970703125,1367.719970703125,1341.6700439453125,1342.6199951171875,955800000.0,,,,,
2000-11-21,1342.6199951171875,1355.8699951171875,1333.6199951171875,1347.3499755859375,1137100000.0,,,,,
2000-11-22,1347.3499755859375,1347.3499755859375,1321.8900146484375,1322.3599853515625,963200000.0,,,,,
2000-11-24,1322.3599853515625,1343.8299560546875,1322.3599853515625,1341.77001953125,404870000.0,,,,,
2000-11-27,1341.77001953125,1362.5,1341.77001953125,1348.969970703125,946100000.0,,,,,
2000-11-28,1348.969970703125,1358.81005859375,1334.969970703125,1336.0899658203125,1028200000.0,,,,,
2000-11-29,1336.0899658203125,1352.3800048828125,1329.280029296875,1341.9300537109375,402100000.0,,,,,
2000-11-30,1341.9100341796875,1341.9100341796875,1294.9000244140625,1314.949951171875,1186530000.0,,,,,
2000-12-01,1314.949951171875,1334.6700439453125,1307.02001953125,1315.22998046875,1195200000.0,,,,,
2000-12-04,1315.1800537109375,1332.06005859375,1310.22998046875,1324.969970703125,1103000000.0,,,,,
2000-12-05,1324.969970703125,1376.56005859375,1324.969970703125,1376.5400390625,900300000.0,,,,,
2000-12-06,1376.5400390625,1376.5400390625,1346.1500244140625,1351.4599609375,1399300000.0,,,,,
2000-12-07,1351.4599609375,1353.5,1339.260009765625,1343.550048828125,1128000000.0,,,,,
2000-12-08,1343.550048828125,1380.3299560546875,1343.550048828125,1369.8900146484375,1358300000.0,,,,,
2000-12-11,1369.8900146484375,1389.050048828125,1364.1400146484375,1380.199951171875,1202400000.0,,,,,
2000-12-12,1380.199951171875,1380.27001953125,1370.27001953125,1371.1800537109375,1083400000.0,,,,,
2000-12-13,1371.1800537109375,1385.8199462890625,1358.47998046875,1359.989990234375,1195100000.0,,,,,
2000-12-14,1359.989990234375,1359.989990234375,1340.47998046875,1340.9300537109375,1061300000.0,,,,,
2000-12-15,1340.9300537109375,1340.9300537109375,1305.3800048828125,1312.1500244140625,1561100000.0,,,,,
2000-12-18,1312.1500244140625,1332.3199462890625,1312.1500244140625,1322.739990234375,1189900000.0,,,,,
2000-12-19,1322.9599609375,1346.43994140625,1305.199951171875,1305.5999755859375,1324900000.0,,,,,
2000-12-20,1305.5999755859375,1305.5999755859375,1261.1600341796875,1264.739990234375,1421600000.0,,,,,
2000-12-21,1264.739990234375,1285.31005859375,1254.0699462890625,1274.8599853515625,1449900000.0,,,,,
2000-12-22,1274.8599853515625,1305.969970703125,1274.8599853515625,1305.949951171875,1087100000.0,,,,,
2000-12-26,1305.969970703125,1315.93994140625,1301.6400146484375,1315.18994140625,806500000.0,,,,,
2000-12-27,1315.18994140625,1332.030029296875,1310.9599609375,1328.9200439453125,1092700000.0,,,,,
2000-12-28,1328.9200439453125,1335.9300537109375,1325.780029296875,1334.219970703125,1015300000.0,,,,,
2000-12-29,1334.219970703125,1340.0999755859375,1317.510009765625,1320.280029296875,1035500000.0,,,,,
2001-01-02,1320.280029296875,1320.280029296875,1276.050048828125,1283.27001953125,1129400000.0,,,,,
2001-01-03,1283.27001953125,1347.760009765625,1274.6199951171875,1347.56005859375,1880700000.0,,,,,
2001-01-04,1347.56005859375,1350.239990234375,1329.1400146484375,1333.3399658203125,2131000000.0,,,,,
2001-01-05,1333.3399658203125,1334.77001953125,1294.949951171875,1298.3499755859375,1430800000.0,,,,,
2001-01-08,1298.3499755859375,1298.3499755859375,1276.2900390625,1295.8599853515625,1115500000.0,,,,,
2001-01-09,1295.8599853515625,1311.719970703125,1295.1400146484375,1300.800048828125,1191300000.0,,,,,
2001-01-10,1300.800048828125,1313.760009765625,1287.280029296875,1313.27001953125,1296500000.0,,,,,
2001-01-11,1313.27001953125,1332.18994140625,1309.719970703125,1326.8199462890625,1411200000.0,,,,,
2001-01-12,1326.8199462890625,1333.2099609375,1311.5899658203125,1318.550048828125,1276000000.0,,,,,
2001-01-16,1318.3199462890625,1327.81005859375,1313.3299560546875,1326.6500244140625,1205700000.0,,,,,
2001-01-17,1326.6500244140625,1346.9200439453125,1325.4100341796875,1329.469970703125,1349100000.0,,,,,
2001-01-18,1329.8900146484375,1352.7099609375,1327.4100341796875,1347.969970703125,1445000000.0,,,,,
2001-01-19,1347.969970703125,1354.550048828125,1336.739990234375,1342.5400390625,1407800000.0,,,,,
2001-01-22,1342.5400390625,1353.6199951171875,1333.8399658203125,1342.9000244140625,1164000000.0,,,,,
2001-01-23,1342.9000244140625,1362.9000244140625,1339.6300048828125,1360.4000244140625,1232600000.0,,,,,
2001-01-24,1360.4000244140625,1369.75,1357.280029296875,1364.300048828125,1309000000.0,,,,,
2001-01-25,1364.300048828125,1367.3499755859375,1354.6300048828125,1357.510009765625,1258000000.0,,,,,
2001-01-26,1357.510009765625,1357.510009765625,1342.75,1354.949951171875,1098000000.0,,,,,
2001-01-29,1354.9200439453125,1365.5400390625,1350.3599853515625,1364.1700439453125,1053100000.0,,,,,
2001-01-30,1364.1700439453125,1375.6800537109375,1356.199951171875,1373.72998046875,1149800000.0,,,,,
2001-01-31,1373.72998046875,1383.3699951171875,1364.6600341796875,1366.010009765625,1295300000.0,,,,,
2001-02-01,1366.010009765625,1373.5,1359.3399658203125,1373.469970703125,1118800000.0,,,,,
2001-02-02,1373.469970703125,1376.3800048828125,1348.719970703125,1349.469970703125,1048400000.0,,,,,
2001-02-05,1349.469970703125,1354.56005859375,1344.47998046875,1354.31005859375,1013000000.0,,,,,
2001-02-06,1354.31005859375,1363.550048828125,1350.0400390625,1352.260009765625,1059600000.0,,,,,
2001-02-07,1352.260009765625,1352.260009765625,1334.260009765625,1340.8900146484375,1158300000.0,,,,,
2001-02-08,1341.0999755859375,1350.3199462890625,1332.4200439453125,1332.530029296875,1107200000.0,,,,,
2001-02-09,1332.530029296875,1332.530029296875,1309.97998046875,1314.760009765625,1075500000.0,,,,,
2001-02-12,1314.760009765625,1330.9599609375,1313.6400146484375,1330.31005859375,1039100000.0,,,,,
2001-02-13,1330.31005859375,1336.6199951171875,1317.510009765625,1318.800048828125,1075200000.0,,,,,
2001-02-14,1318.800048828125,1320.72998046875,1304.719970703125,1315.9200439453125,1150300000.0,,,,,
2001-02-15,1315.9200439453125,1331.2900390625,1315.9200439453125,1326.6099853515625,1153700000.0,,,,,
2001-02-16,1326.6099853515625,1326.6099853515625,1293.1800537109375,1301.530029296875,1257200000.0,,,,,
2001-02-20,1301.530029296875,1307.1600341796875,1278.43994140625,1278.93994140625,1112200000.0,,,,,
2001-02-21,1278.93994140625,1282.969970703125,1253.1600341796875,1255.27001953125,1208500000.0,,,,,
2001-02-22,1255.27001953125,1259.93994140625,1228.3299560546875,1252.8199462890625,1365900000.0,,,,,
2001-02-23,1252.8199462890625,1252.8199462890625,1215.43994140625,1245.8599853515625,1231300000.0,,,,,
2001-02-26,1245.8599853515625,1267.68994140625,1241.7099609375,1267.6500244140625,1130800000.0,,,,,
2001-02-27,1267.6500244140625,1272.760009765625,1252.260009765625,1257.93994140625,1114100000.0,,,,,
2001-02-28,1257.93994140625,1263.469970703125,1229.6500244140625,1239.93994140625,1225300000.0,,,,,
2001-03-01,1239.93994140625,1241.3599853515625,1214.5,1241.22998046875,1294900000.0,,,,,
2001-03-02,1241.22998046875,1251.010009765625,1219.739990234375,1234.1800537109375,1294000000.0,,,,,
2001-03-05,1234.1800537109375,1242.550048828125,1234.0400390625,1241.4100341796875,929200000.0,,,,,
2001-03-06,1241.4100341796875,1267.4200439453125,1241.4100341796875,1253.800048828125,1091800000.0,,,,,
2001-03-07,1253.800048828125,1263.8599853515625,1253.800048828125,1261.8900146484375,1132200000.0,,,,,
2001-03-08,1261.8900146484375,1266.5,1257.5999755859375,1264.739990234375,1114100000.0,,,,,
2001-03-09,1264.739990234375,1264.739990234375,1228.4200439453125,1233.4200439453125,1085900000.0,,,,,
2001-03-12,1233.4200439453125,1233.4200439453125,1176.780029296875,1180.1600341796875,1229000000.0,,,,,
2001-03-13,1180.1600341796875,1197.8299560546875,1171.5,1197.6600341796875,1360900000.0,,,,,
2001-03-14,1197.6600341796875,1197.6600341796875,1155.3499755859375,1166.7099609375,1397400000.0,,,,,
2001-03-15,1166.7099609375,1182.0400390625,1166.7099609375,1173.56005859375,1259500000.0,,,,,
2001-03-16,1173.56005859375,1173.56005859375,1148.6400146484375,1150.530029296875,1543560000.0,,,,,
2001-03-19,1150.530029296875,1173.5,1147.1800537109375,1170.81005859375,1126200000.0,,,,,
2001-03-20,1170.81005859375,1180.56005859375,1142.18994140625,1142.6199951171875,1235900000.0,,,,,
2001-03-21,1142.6199951171875,1149.3900146484375,1118.739990234375,1122.1400146484375,1346300000.0,,,,,
2001-03-22,1122.1400146484375,1124.27001953125,1081.18994140625,1117.5799560546875,1723950000.0,,,,,
2001-03-23,1117.5799560546875,1141.8299560546875,1117.5799560546875,1139.8299560546875,1364900000.0,,,,,
2001-03-26,1139.8299560546875,1160.02001953125,1139.8299560546875,1152.68994140625,1114000000.0,,,,,
2001-03-27,1152.68994140625,1183.3499755859375,1150.9599609375,1182.1700439453125,1314200000.0,,,,,
2001-03-28,1182.1700439453125,1182.1700439453125,1147.8299560546875,1153.2900390625,1333400000.0,,,,,
2001-03-29,1153.2900390625,1161.68994140625,1136.260009765625,1147.949951171875,1234500000.0,,,,,
2001-03-30,1147.949951171875,1162.800048828125,1143.8299560546875,1160.3299560546875,1280800000.0,,,,,
2001-04-02,1160.3299560546875,1169.510009765625,1137.510009765625,1145.8699951171875,1254900000.0,,,,,
2001-04-03,1145.8699951171875,1145.8699951171875,1100.18994140625,1106.4599609375,1386100000.0,,,,,
2001-04-04,1106.4599609375,1117.5,1091.989990234375,1103.25,1425590000.0,,,,,
2001-04-05,1103.25,1151.469970703125,1103.25,1151.43994140625,1368000000.0,,,,,
2001-04-06,1151.43994140625,1151.43994140625,1119.2900390625,1128.4300537109375,1266800000.0,,,,,
2001-04-09,1128.4300537109375,1146.1300048828125,1126.3800048828125,1137.5899658203125,1062800000.0,,,,,
2001-04-10,1137.5899658203125,1173.9200439453125,1137.5899658203125,1168.3800048828125,1349600000.0,,,,,
2001-04-11,1168.3800048828125,1182.239990234375,1160.260009765625,1165.8900146484375,1290300000.0,,,,,
2001-04-12,1165.8900146484375,1183.510009765625,1157.72998046875,1183.5,1102000000.0,,,,,
2001-04-16,1183.5,1184.6400146484375,1167.3800048828125,1179.6800537109375,913900000.0,,,,,
2001-04-17,1179.6800537109375,1192.25,1168.9000244140625,1191.81005859375,1109600000.0,,,,,
2001-04-18,1191.81005859375,1248.4200439453125,1191.81005859375,1238.1600341796875,1918900000.0,,,,,
2001-04-19,1238.1600341796875,1253.7099609375,1233.3900146484375,1253.68994140625,1486800000.0,,,,,
2001-04-20,1253.699951171875,1253.699951171875,1234.4100341796875,1242.97998046875,1338700000.0,,,,,
2001-04-23,1242.97998046875,1242.97998046875,1217.469970703125,1224.3599853515625,1012600000.0,,,,,
2001-04-24,1224.3599853515625,1233.5400390625,1208.8900146484375,1209.469970703125,1216500000.0,,,,,
2001-04-25,1209.469970703125,1232.3599853515625,1207.3800048828125,1228.75,1203600000.0,,,,,
2001-04-26,1228.75,1248.300048828125,1228.75,1234.52001953125,1345200000.0,,,,,
2001-04-27,1234.52001953125,1253.0699462890625,1234.52001953125,1253.050048828125,1091300000.0,,,,,
2001-04-30,1253.050048828125,1269.300048828125,1243.989990234375,1249.4599609375,1266800000.0,,,,,
2001-05-01,1249.4599609375,1266.469970703125,1243.550048828125,1266.43994140625,1181300000.0,,,,,
2001-05-02,1266.43994140625,1272.9300537109375,1257.699951171875,1267.4300537109375,1342200000.0,,,,,
2001-05-03,1267.4300537109375,1267.4300537109375,1239.8800048828125,1248.5799560546875,1137900000.0,,,,,
2001-05-04,1248.5799560546875,1267.510009765625,1232.0,1266.6099853515625,1082100000.0,,,,,
2001-05-07,1266.6099853515625,1270.0,1259.18994140625,1263.510009765625,949000000.0,,,,,
2001-05-08,1266.7099609375,1267.010009765625,1253.0,1261.199951171875,1006300000.0,,,,,
2001-05-09,1261.199951171875,1261.6500244140625,1247.8299560546875,1255.5400390625,1132400000.0,,,,,
2001-05-10,1255.5400390625,1268.1400146484375,1254.56005859375,1255.1800537109375,1056700000.0,,,,,
2001-05-11,1255.1800537109375,1259.8399658203125,1240.7900390625,1245.6700439453125,906200000.0,,,,,
2001-05-14,1245.6700439453125,1249.6800537109375,1241.02001953125,1248.9200439453125,858200000.0,,,,,
2001-05-15,1248.9200439453125,1257.449951171875,1245.3599853515625,1249.43994140625,1071800000.0,,,,,
2001-05-16,1249.43994140625,1286.3900146484375,1243.02001953125,1284.989990234375,1405300000.0,,,,,
2001-05-17,1284.989990234375,1296.47998046875,1282.6500244140625,1288.489990234375,1355600000.0,,,,,
2001-05-18,1288.489990234375,1292.06005859375,1281.1500244140625,1291.9599609375,1130800000.0,,,,,
2001-05-21,1291.9599609375,1312.949951171875,1287.8699951171875,1312.8299560546875,1174900000.0,,,,,
2001-05-22,1312.8299560546875,1315.9300537109375,1306.8900146484375,1309.3800048828125,1260400000.0,,,,,
2001-05-23,1309.3800048828125,1309.3800048828125,1288.699951171875,1289.050048828125,1134800000.0,,,,,
2001-05-24,1289.050048828125,1295.0400390625,1281.219970703125,1293.1700439453125,1100700000.0,,,,,
2001-05-25,1293.1700439453125,1293.1700439453125,1276.4200439453125,1277.8900146484375,828100000.0,,,,,
2001-05-29,1277.8900146484375,1278.4200439453125,1265.4100341796875,1267.9300537109375,1026000000.0,,,,,
2001-05-30,1267.9300537109375,1267.9300537109375,1245.9599609375,1248.0799560546875,1158600000.0,,,,,
2001-05-31,1248.0799560546875,1261.9100341796875,1248.0699462890625,1255.8199462890625,1226600000.0,,,,,
2001-06-01,1255.8199462890625,1265.3399658203125,1246.8800048828125,1260.6700439453125,1015000000.0,,,,,
2001-06-04,1260.6700439453125,1267.1700439453125,1256.3599853515625,1267.1099853515625,836500000.0,,,,,
2001-06-05,1267.1099853515625,1286.6199951171875,1267.1099853515625,1283.5699462890625,1116800000.0,,,,,
2001-06-06,1283.5699462890625,1283.8499755859375,1269.010009765625,1270.030029296875,1061900000.0,,,,,
2001-06-07,1270.030029296875,1277.0799560546875,1265.0799560546875,1276.9599609375,1089600000.0,,,,,
2001-06-08,1276.9599609375,1277.1099853515625,1259.989990234375,1264.9599609375,726200000.0,,,,,
2001-06-11,1264.9599609375,1264.9599609375,1249.22998046875,1254.3900146484375,870100000.0,,,,,
2001-06-12,1254.3900146484375,1261.0,1235.75,1255.8499755859375,1136500000.0,,,,,
2001-06-13,1255.8499755859375,1259.75,1241.5899658203125,1241.5999755859375,1063600000.0,,,,,
2001-06-14,1241.5999755859375,1241.5999755859375,1218.9000244140625,1219.8699951171875,1242900000.0,,,,,
2001-06-15,1219.8699951171875,1221.5,1203.030029296875,1214.3599853515625,1635550000.0,,,,,
2001-06-18,1214.3599853515625,1221.22998046875,1208.3299560546875,1208.4300537109375,1111600000.0,,,,,
2001-06-19,1208.4300537109375,1226.1099853515625,1207.7099609375,1212.5799560546875,1184900000.0,,,,,
2001-06-20,1212.5799560546875,1225.6099853515625,1210.0699462890625,1223.1400146484375,1350100000.0,,,,,
2001-06-21,1223.1400146484375,1240.239990234375,1220.25,1237.0400390625,1546820000.0,,,,,
2001-06-22,1237.0400390625,1237.72998046875,1221.4100341796875,1225.3499755859375,1189200000.0,,,,,
2001-06-25,1225.3499755859375,1231.5,1213.5999755859375,1218.5999755859375,1050100000.0,,,,,
2001-06-26,1218.5999755859375,1220.699951171875,1204.6400146484375,1216.760009765625,1198900000.0,,,,,
2001-06-27,1216.760009765625,1219.9200439453125,1207.2900390625,1211.0699462890625,1162100000.0,,,,,
2001-06-28,1211.0699462890625,1234.43994140625,1211.0699462890625,1226.199951171875,1327300000.0,,,,,
2001-06-29,1226.199951171875,1237.2900390625,1221.1400146484375,1224.3800048828125,1832360000.0,,,,,
2001-07-02,1224.4200439453125,1239.780029296875,1224.030029296875,1236.719970703125,1128300000.0,,,,,
2001-07-03,1236.7099609375,1236.7099609375,1229.4300537109375,1234.449951171875,622110000.0,,,,,
2001-07-05,1234.449951171875,1234.449951171875,1219.1500244140625,1219.239990234375,934900000.0,,,,,
2001-07-06,1219.239990234375,1219.239990234375,1188.739990234375,1190.5899658203125,1056700000.0,,,,,
2001-07-09,1190.5899658203125,1201.760009765625,1189.75,1198.780029296875,1045700000.0,,,,,
2001-07-10,1198.780029296875,1203.4300537109375,1179.9300537109375,1181.52001953125,1263800000.0,,,,,
2001-07-11,1181.52001953125,1184.9300537109375,1168.4599609375,1180.1800537109375,1384100000.0,,,,,
2001-07-12,1180.1800537109375,1210.25,1180.1800537109375,1208.1400146484375,1394000000.0,,,,,
2001-07-13,1208.1400146484375,1218.5400390625,1203.6099853515625,1215.6800537109375,1121700000.0,,,,,
2001-07-16,1215.6800537109375,1219.6300048828125,1200.050048828125,1202.449951171875,1039800000.0,,,,,
2001-07-17,1202.449951171875,1215.3599853515625,1196.1400146484375,1214.43994140625,1238100000.0,,,,,
2001-07-18,1214.43994140625,1214.43994140625,1198.3299560546875,1207.7099609375,1316300000.0,,,,,
2001-07-19,1207.7099609375,1225.0400390625,1205.800048828125,1215.02001953125,1343500000.0,,,,,
2001-07-20,1215.02001953125,1215.68994140625,1207.0400390625,1210.8499755859375,1170900000.0,,,,,
2001-07-23,1210.8499755859375,1215.219970703125,1190.5,1191.030029296875,986900000.0,,,,,
2001-07-24,1191.030029296875,1191.030029296875,1165.5400390625,1171.6500244140625,1198700000.0,,,,,
2001-07-25,1171.6500244140625,1190.52001953125,1171.280029296875,1190.489990234375,1280700000.0,,,,,
2001-07-26,1190.489990234375,1204.1800537109375,1182.6500244140625,1202.9300537109375,1213900000.0,,,,,
2001-07-27,1202.9300537109375,1209.260009765625,1195.989990234375,1205.8199462890625,1015300000.0,,,,,
2001-07-30,1205.8199462890625,1209.050048828125,1200.4100341796875,1204.52001953125,909100000.0,,,,,
2001-07-31,1204.52001953125,1222.739990234375,1204.52001953125,1211.22998046875,1129200000.0,,,,,
2001-08-01,1211.22998046875,1223.0400390625,1211.22998046875,1215.9300537109375,1340300000.0,,,,,
2001-08-02,1215.9300537109375,1226.27001953125,1215.31005859375,1220.75,1218300000.0,,,,,
2001-08-03,1220.75,1220.75,1205.31005859375,1214.3499755859375,939900000.0,,,,,
2001-08-06,1214.3499755859375,1214.3499755859375,1197.3499755859375,1200.47998046875,811700000.0,,,,,
2001-08-07,1200.469970703125,1207.56005859375,1195.6400146484375,1204.4000244140625,1012000000.0,,,,,
2001-08-08,1204.4000244140625,1206.7900390625,1181.27001953125,1183.530029296875,1124600000.0,,,,,
2001-08-09,1183.530029296875,1184.7099609375,1174.6800537109375,1183.4300537109375,1104200000.0,,,,,
2001-08-10,1183.4300537109375,1193.3299560546875,1169.550048828125,1190.1600341796875,960900000.0,,,,,
2001-08-13,1190.1600341796875,1193.8199462890625,1185.1199951171875,1191.2900390625,837600000.0,,,,,
2001-08-14,1191.2900390625,1198.7900390625,1184.260009765625,1186.72998046875,964600000.0,,,,,
2001-08-15,1186.72998046875,1191.2099609375,1177.6099853515625,1178.02001953125,1065600000.0,,,,,
2001-08-16,1178.02001953125,1181.800048828125,1166.0799560546875,1181.6600341796875,1055400000.0,,,,,
2001-08-17,1181.6600341796875,1181.6600341796875,1156.0699462890625,1161.969970703125,974300000.0,,,,,
2001-08-20,1161.969970703125,1171.4100341796875,1160.93994140625,1171.4100341796875,897100000.0,,,,,
2001-08-21,1171.4100341796875,1179.8499755859375,1156.56005859375,1157.260009765625,1041600000.0,,,,,
2001-08-22,1157.260009765625,1168.56005859375,1153.3399658203125,1165.31005859375,1110800000.0,,,,,
2001-08-23,1165.31005859375,1169.8599853515625,1160.9599609375,1162.0899658203125,986200000.0,,,,,
2001-08-24,1162.0899658203125,1185.1500244140625,1162.0899658203125,1184.9300537109375,1043600000.0,,,,,
2001-08-27,1184.9300537109375,1186.8499755859375,1178.0699462890625,1179.2099609375,842600000.0,,,,,
2001-08-28,1179.2099609375,1179.6600341796875,1161.1700439453125,1161.510009765625,987100000.0,,,,,
2001-08-29,1161.510009765625,1166.969970703125,1147.3800048828125,1148.56005859375,963700000.0,,,,,
2001-08-30,1148.5999755859375,1151.75,1124.8699951171875,1129.030029296875,1157000000.0,,,,,
2001-08-31,1129.030029296875,1141.8299560546875,1126.3800048828125,1133.5799560546875,920100000.0,,,,,
2001-09-04,1133.5799560546875,1155.4000244140625,1129.06005859375,1132.93994140625,1178300000.0,,,,,
2001-09-05,1132.93994140625,1135.52001953125,1114.8599853515625,1131.739990234375,1384500000.0,,,,,
2001-09-06,1131.739990234375,1131.739990234375,1105.8299560546875,1106.4000244140625,1359700000.0,,,,,
2001-09-07,1106.4000244140625,1106.4000244140625,1082.1199951171875,1085.780029296875,1424300000.0,,,,,
2001-09-10,1085.780029296875,1096.93994140625,1073.1500244140625,1092.5400390625,1276600000.0,,,,,
2001-09-17,1092.5400390625,1092.5400390625,1037.4599609375,1038.77001953125,2330830000.0,,,,,
2001-09-18,1038.77001953125,1046.4200439453125,1029.25,1032.739990234375,1650410000.0,,,,,
2001-09-19,1032.739990234375,1038.9100341796875,984.6199951171875,1016.0999755859375,2120550000.0,,,,,
2001-09-20,1016.0999755859375,1016.0999755859375,984.489990234375,984.5399780273438,2004800000.0,,,,,
2001-09-21,984.5399780273438,984.5399780273438,944.75,965.7999877929688,2317300000.0,,,,,
2001-09-24,965.7999877929688,1008.4400024414062,965.7999877929688,1003.4500122070312,1746600000.0,,,,,
2001-09-25,1003.4500122070312,1017.1400146484375,998.3300170898438,1012.27001953125,1613800000.0,,,,,
2001-09-26,1012.27001953125,1020.2899780273438,1002.6199951171875,1007.0399780273438,1519100000.0,,,,,
2001-09-27,1007.0399780273438,1018.9199829101562,998.239990234375,1018.6099853515625,1467000000.0,,,,,
2001-09-28,1018.6099853515625,1040.93994140625,1018.6099853515625,1040.93994140625,1631500000.0,,,,,
2001-10-01,1040.93994140625,1040.93994140625,1026.760009765625,1038.550048828125,1175600000.0,,,,,
2001-10-02,1038.550048828125,1051.3299560546875,1034.469970703125,1051.3299560546875,1289800000.0,,,,,
2001-10-03,1051.3299560546875,1075.3800048828125,1041.47998046875,1072.280029296875,1650600000.0,,,,,
2001-10-04,1072.280029296875,1084.1199951171875,1067.8199462890625,1069.6300048828125,1609100000.0,,,,,
2001-10-05,1069.6199951171875,1072.3499755859375,1053.5,1071.3800048828125,1301700000.0,,,,,
2001-10-08,1071.3699951171875,1071.3699951171875,1056.8800048828125,1062.43994140625,979000000.0,,,,,
2001-10-09,1062.43994140625,1063.3699951171875,1053.8299560546875,1056.75,1227800000.0,,,,,
2001-10-10,1056.75,1081.6199951171875,1052.760009765625,1080.989990234375,1312400000.0,,,,,
2001-10-11,1080.989990234375,1099.1600341796875,1080.989990234375,1097.4300537109375,1704580000.0,,,,,
2001-10-12,1097.4300537109375,1097.4300537109375,1072.1500244140625,1091.6500244140625,1331400000.0,,,,,
2001-10-15,1091.6500244140625,1091.6500244140625,1078.18994140625,1089.97998046875,1024700000.0,,,,,
2001-10-16,1089.97998046875,1101.6600341796875,1087.1300048828125,1097.5400390625,1210500000.0,,,,,
2001-10-17,1097.5400390625,1107.1199951171875,1076.5699462890625,1077.0899658203125,1452200000.0,,,,,
2001-10-18,1077.0899658203125,1077.93994140625,1064.5400390625,1068.6099853515625,1262900000.0,,,,,
2001-10-19,1068.6099853515625,1075.52001953125,1057.239990234375,1073.47998046875,1294900000.0,,,,,
2001-10-22,1073.47998046875,1090.5699462890625,1070.7900390625,1089.9000244140625,1105700000.0,,,,,
2001-10-23,1089.9000244140625,1098.989990234375,1081.530029296875,1084.780029296875,1317300000.0,,,,,
2001-10-24,1084.780029296875,1090.260009765625,1079.97998046875,1085.199951171875,1336200000.0,,,,,
2001-10-25,1085.199951171875,1100.0899658203125,1065.6400146484375,1100.0899658203125,1364400000.0,,,,,
2001-10-26,1100.0899658203125,1110.6099853515625,1094.239990234375,1104.6099853515625,1244500000.0,,,,,
2001-10-29,1104.6099853515625,1104.6099853515625,1078.300048828125,1078.300048828125,1106100000.0,,,,,
2001-10-30,1078.300048828125,1078.300048828125,1053.6099853515625,1059.7900390625,1297400000.0,,,,,
2001-10-31,1059.7900390625,1074.7900390625,1057.550048828125,1059.780029296875,1352500000.0,,,,,
2001-11-01,1059.780029296875,1085.6099853515625,1054.31005859375,1084.0999755859375,1317400000.0,,,,,
2001-11-02,1084.0999755859375,1089.6300048828125,1075.5799560546875,1087.199951171875,1121900000.0,,,,,
2001-11-05,1087.199951171875,1106.719970703125,1087.199951171875,1102.8399658203125,1267700000.0,,,,,
2001-11-06,1102.8399658203125,1119.72998046875,1095.3599853515625,1118.8599853515625,1356000000.0,,,,,
2001-11-07,1118.8599853515625,1126.6199951171875,1112.97998046875,1115.800048828125,1411300000.0,,,,,
2001-11-08,1115.800048828125,1135.75,1115.4200439453125,1118.5400390625,1517500000.0,,,,,
2001-11-09,1118.5400390625,1123.02001953125,1111.1300048828125,1120.31005859375,1093800000.0,,,,,
2001-11-12,1120.31005859375,1121.7099609375,1098.3199462890625,1118.3299560546875,991600000.0,,,,,
2001-11-13,1118.3299560546875,1139.1400146484375,1118.3299560546875,1139.0899658203125,1370100000.0,,,,,
2001-11-14,1139.0899658203125,1148.280029296875,1132.8699951171875,1141.2099609375,1443400000.0,,,,,
2001-11-15,1141.2099609375,1146.4599609375,1135.06005859375,1142.239990234375,1454500000.0,,,,,
2001-11-16,1142.239990234375,1143.52001953125,1129.9200439453125,1138.6500244140625,1337400000.0,,,,,
2001-11-19,1138.6500244140625,1151.06005859375,1138.6500244140625,1151.06005859375,1316800000.0,,,,,
2001-11-20,1151.06005859375,1152.449951171875,1142.1700439453125,1142.6600341796875,1330200000.0,,,,,
2001-11-21,1142.6600341796875,1142.6600341796875,1129.780029296875,1137.030029296875,1029300000.0,,,,,
2001-11-23,1137.030029296875,1151.050048828125,1135.9000244140625,1150.3399658203125,410300000.0,,,,,
2001-11-26,1150.3399658203125,1157.8800048828125,1146.1700439453125,1157.4200439453125,1129800000.0,,,,,
2001-11-27,1157.4200439453125,1163.3800048828125,1140.81005859375,1149.5,1288000000.0,,,,,
2001-11-28,1149.5,1149.5,1128.2900390625,1128.52001953125,1423700000.0,,,,,
2001-11-29,1128.52001953125,1140.4000244140625,1125.510009765625,1140.199951171875,1375700000.0,,,,,
2001-11-30,1140.199951171875,1143.5699462890625,1135.8900146484375,1139.449951171875,1343600000.0,,,,,
2001-12-03,1139.449951171875,1139.449951171875,1125.780029296875,1129.9000244140625,1202900000.0,,,,,
2001-12-04,1129.9000244140625,1144.800048828125,1128.8599853515625,1144.800048828125,1318500000.0,,,,,
2001-12-05,1143.77001953125,1173.6199951171875,1143.77001953125,1170.3499755859375,1765300000.0,,,,,
2001-12-06,1170.3499755859375,1173.3499755859375,1164.4300537109375,1167.0999755859375,1487900000.0,,,,,
2001-12-07,1167.0999755859375,1167.0999755859375,1152.6600341796875,1158.31005859375,1248200000.0,,,,,
2001-12-10,1158.31005859375,1158.31005859375,1139.6600341796875,1139.9300537109375,1218700000.0,,,,,
2001-12-11,1139.9300537109375,1150.8900146484375,1134.3199462890625,1136.760009765625,1367200000.0,,,,,
2001-12-12,1136.760009765625,1141.5799560546875,1126.010009765625,1137.0699462890625,1449700000.0,,,,,
2001-12-13,1137.0699462890625,1137.0699462890625,1117.8499755859375,1119.3800048828125,1511500000.0,,,,,
2001-12-14,1119.3800048828125,1128.280029296875,1114.530029296875,1123.0899658203125,1306800000.0,,,,,
2001-12-17,1123.0899658203125,1137.300048828125,1122.6600341796875,1134.3599853515625,1260400000.0,,,,,
2001-12-18,1134.3599853515625,1145.0999755859375,1134.3599853515625,1142.9200439453125,1354000000.0,,,,,
2001-12-19,1142.9200439453125,1152.43994140625,1134.75,1149.56005859375,1484900000.0,,,,,
2001-12-20,1149.56005859375,1151.4200439453125,1139.9300537109375,1139.9300537109375,1490500000.0,,,,,
2001-12-21,1139.9300537109375,1147.4599609375,1139.9300537109375,1144.8900146484375,1694000000.0,,,,,
2001-12-24,1144.8900146484375,1147.8299560546875,1144.6199951171875,1144.6500244140625,439670000.0,,,,,
2001-12-26,1144.6500244140625,1159.1800537109375,1144.6500244140625,1149.3699951171875,791100000.0,,,,,
2001-12-27,1149.3699951171875,1157.1300048828125,1149.3699951171875,1157.1300048828125,876300000.0,,,,,
2001-12-28,1157.1300048828125,1164.6400146484375,1157.1300048828125,1161.02001953125,917400000.0,,,,,
2001-12-31,1161.02001953125,1161.1600341796875,1148.0400390625,1148.0799560546875,943600000.0,,,,,
2002-01-02,1148.0799560546875,1154.6700439453125,1136.22998046875,1154.6700439453125,1171000000.0,,,,,
2002-01-03,1154.6700439453125,1165.27001953125,1154.010009765625,1165.27001953125,1398900000.0,,,,,
2002-01-04,1165.27001953125,1176.550048828125,1163.4200439453125,1172.510009765625,1513000000.0,,,,,
2002-01-07,1172.510009765625,1176.969970703125,1163.550048828125,1164.8900146484375,1308300000.0,,,,,
2002-01-08,1164.8900146484375,1167.5999755859375,1157.4599609375,1160.7099609375,1258800000.0,,,,,
2002-01-09,1160.7099609375,1174.260009765625,1151.8900146484375,1155.1400146484375,1452000000.0,,,,,
2002-01-10,1155.1400146484375,1159.9300537109375,1150.8499755859375,1156.550048828125,1299000000.0,,,,,
2002-01-11,1156.550048828125,1159.4100341796875,1145.449951171875,1145.5999755859375,1211900000.0,,,,,
2002-01-14,1145.5999755859375,1145.5999755859375,1138.1500244140625,1138.4100341796875,1286400000.0,,,,,
2002-01-15,1138.4100341796875,1148.81005859375,1136.8800048828125,1146.18994140625,1386900000.0,,,,,
2002-01-16,1146.18994140625,1146.18994140625,1127.489990234375,1127.5699462890625,1482500000.0,,,,,
2002-01-17,1127.5699462890625,1139.27001953125,1127.5699462890625,1138.8800048828125,1380100000.0,,,,,
2002-01-18,1138.8800048828125,1138.8800048828125,1124.449951171875,1127.5799560546875,1333300000.0,,,,,
2002-01-22,1127.5799560546875,1135.260009765625,1117.9100341796875,1119.31005859375,1311600000.0,,,,,
2002-01-23,1119.31005859375,1131.93994140625,1117.4300537109375,1128.1800537109375,1479200000.0,,,,,
2002-01-24,1128.1800537109375,1139.5,1128.1800537109375,1132.1500244140625,1552800000.0,,,,,
2002-01-25,1132.1500244140625,1138.31005859375,1127.8199462890625,1133.280029296875,1345100000.0,,,,,
2002-01-28,1133.280029296875,1138.6300048828125,1126.6600341796875,1133.06005859375,1186800000.0,,,,,
2002-01-29,1133.06005859375,1137.469970703125,1098.739990234375,1100.6400146484375,1812000000.0,,,,,
2002-01-30,1100.6400146484375,1113.7900390625,1081.6600341796875,1113.5699462890625,2019600000.0,,,,,
2002-01-31,1113.5699462890625,1130.2099609375,1113.300048828125,1130.199951171875,1557000000.0,,,,,
2002-02-01,1130.199951171875,1130.199951171875,1118.510009765625,1122.199951171875,1367200000.0,,,,,
2002-02-04,1122.199951171875,1122.199951171875,1092.25,1094.43994140625,1437600000.0,,,,,
2002-02-05,1094.43994140625,1100.9599609375,1082.5799560546875,1090.02001953125,1778300000.0,,,,,
2002-02-06,1090.02001953125,1093.5799560546875,1077.780029296875,1083.510009765625,1665800000.0,,,,,
2002-02-07,1083.510009765625,1094.030029296875,1078.43994140625,1080.1700439453125,1441600000.0,,,,,
2002-02-08,1080.1700439453125,1096.300048828125,1079.9100341796875,1096.219970703125,1371900000.0,,,,,
2002-02-11,1096.219970703125,1112.010009765625,1094.6800537109375,1111.93994140625,1159400000.0,,,,,
2002-02-12,1111.93994140625,1112.6800537109375,1102.97998046875,1107.5,1094200000.0,,,,,
2002-02-13,1107.5,1120.56005859375,1107.5,1118.510009765625,1215900000.0,,,,,
2002-02-14,1118.510009765625,1124.719970703125,1112.300048828125,1116.47998046875,1272500000.0,,,,,
2002-02-15,1116.47998046875,1117.0899658203125,1103.22998046875,1104.1800537109375,1359200000.0,,,,,
2002-02-19,1104.1800537109375,1104.1800537109375,1082.239990234375,1083.3399658203125,1189900000.0,,,,,
2002-02-20,1083.3399658203125,1098.3199462890625,1074.3599853515625,1097.97998046875,1438900000.0,,,,,
2002-02-21,1097.97998046875,1101.5,1080.239990234375,1080.949951171875,1381600000.0,,,,,
2002-02-22,1080.949951171875,1093.9300537109375,1074.3900146484375,1089.8399658203125,1411000000.0,,,,,
2002-02-25,1089.8399658203125,1112.7099609375,1089.8399658203125,1109.4300537109375,1367400000.0,,,,,
2002-02-26,1109.4300537109375,1115.050048828125,1101.719970703125,1109.3800048828125,1309200000.0,,,,,
2002-02-27,1109.3800048828125,1123.06005859375,1102.260009765625,1109.8900146484375,1393800000.0,,,,,
2002-02-28,1109.8900146484375,1121.5699462890625,1106.72998046875,1106.72998046875,1392200000.0,,,,,
2002-03-01,1106.72998046875,1131.7900390625,1106.72998046875,1131.780029296875,1456500000.0,,,,,
2002-03-04,1131.780029296875,1153.8399658203125,1130.9300537109375,1153.8399658203125,1594300000.0,,,,,
2002-03-05,1153.8399658203125,1157.739990234375,1144.780029296875,1146.1400146484375,1549300000.0,,,,,
2002-03-06,1146.1400146484375,1165.2900390625,1145.1099853515625,1162.77001953125,1541300000.0,,,,,
2002-03-07,1162.77001953125,1167.93994140625,1150.68994140625,1157.5400390625,1517400000.0,,,,,
2002-03-08,1157.5400390625,1172.760009765625,1157.5400390625,1164.31005859375,1412000000.0,,,,,
2002-03-11,1164.31005859375,1173.030029296875,1159.5799560546875,1168.260009765625,1210200000.0,,,,,
2002-03-12,1168.260009765625,1168.260009765625,1154.3399658203125,1165.5799560546875,1304400000.0,,,,,
2002-03-13,1165.5799560546875,1165.5799560546875,1151.010009765625,1154.0899658203125,1354000000.0,,,,,
2002-03-14,1154.0899658203125,1157.8299560546875,1151.0799560546875,1153.0400390625,1208800000.0,,,,,
2002-03-15,1153.0400390625,1166.47998046875,1153.0400390625,1166.1600341796875,1493900000.0,,,,,
2002-03-18,1166.1600341796875,1172.72998046875,1159.1400146484375,1165.550048828125,1169500000.0,,,,,
2002-03-19,1165.550048828125,1173.93994140625,1165.550048828125,1170.2900390625,1255000000.0,,,,,
2002-03-20,1170.2900390625,1170.2900390625,1151.6099853515625,1151.8499755859375,1304900000.0,,,,,
2002-03-21,1151.8499755859375,1155.0999755859375,1139.47998046875,1153.5899658203125,1339200000.0,,,,,
2002-03-22,1153.5899658203125,1156.489990234375,1144.5999755859375,1148.699951171875,1243300000.0,,,,,
2002-03-25,1148.699951171875,1151.0400390625,1131.8699951171875,1131.8699951171875,1057900000.0,,,,,
2002-03-26,1131.8699951171875,1147.0,1131.6099853515625,1138.489990234375,1223600000.0,,,,,
2002-03-27,1138.489990234375,1146.949951171875,1135.3299560546875,1144.5799560546875,1180100000.0,,,,,
2002-03-28,1144.5799560546875,1154.449951171875,1144.5799560546875,1147.3900146484375,1147600000.0,,,,,
2002-04-01,1147.3900146484375,1147.8399658203125,1132.8699951171875,1146.5400390625,1050900000.0,,,,,
2002-04-02,1146.5400390625,1146.5400390625,1135.7099609375,1136.760009765625,1176700000.0,,,,,
2002-04-03,1136.760009765625,1138.8499755859375,1119.6800537109375,1125.4000244140625,1219700000.0,,,,,
2002-04-04,1125.4000244140625,1130.449951171875,1120.06005859375,1126.3399658203125,1283800000.0,,,,,
2002-04-05,1126.3399658203125,1133.31005859375,1119.489990234375,1122.72998046875,1110200000.0,,,,,
2002-04-08,1122.72998046875,1125.4100341796875,1111.7900390625,1125.2900390625,1095300000.0,,,,,
2002-04-09,1125.2900390625,1128.2900390625,1116.72998046875,1117.800048828125,1235400000.0,,,,,
2002-04-10,1117.800048828125,1131.760009765625,1117.800048828125,1130.469970703125,1447900000.0,,,,,
2002-04-11,1130.469970703125,1130.469970703125,1102.4200439453125,1103.68994140625,1505600000.0,,,,,
2002-04-12,1103.68994140625,1112.77001953125,1102.739990234375,1111.010009765625,1282100000.0,,,,,
2002-04-15,1111.010009765625,1114.8599853515625,1099.4100341796875,1102.550048828125,1120400000.0,,,,,
2002-04-16,1102.550048828125,1129.4000244140625,1102.550048828125,1128.3699951171875,1341300000.0,,,,,
2002-04-17,1128.3699951171875,1133.0,1123.3699951171875,1126.0699462890625,1376900000.0,,,,,
2002-04-18,1126.0699462890625,1130.489990234375,1109.2900390625,1124.469970703125,1359300000.0,,,,,
2002-04-19,1124.469970703125,1128.8199462890625,1122.5899658203125,1125.1700439453125,1185000000.0,,,,,
2002-04-22,1125.1700439453125,1125.1700439453125,1105.6199951171875,1107.8299560546875,1181800000.0,,,,,
2002-04-23,1107.8299560546875,1111.1700439453125,1098.93994140625,1100.9599609375,1388500000.0,,,,,
2002-04-24,1100.9599609375,1108.4599609375,1092.510009765625,1093.1400146484375,1373200000.0,,,,,
2002-04-25,1093.1400146484375,1094.3599853515625,1084.81005859375,1091.47998046875,1517400000.0,,,,,
2002-04-26,1091.47998046875,1096.77001953125,1076.31005859375,1076.3199462890625,1374200000.0,,,,,
2002-04-29,1076.3199462890625,1078.949951171875,1063.6199951171875,1065.449951171875,1314700000.0,,,,,
2002-04-30,1065.449951171875,1082.6199951171875,1063.4599609375,1076.9200439453125,1628600000.0,,,,,
2002-05-01,1076.9200439453125,1088.3199462890625,1065.2900390625,1086.4599609375,1451400000.0,,,,,
2002-05-02,1086.4599609375,1091.4200439453125,1079.4599609375,1084.56005859375,1364000000.0,,,,,
2002-05-03,1084.56005859375,1084.56005859375,1068.8900146484375,1073.4300537109375,1284500000.0,,,,,
2002-05-06,1073.4300537109375,1075.9599609375,1052.6500244140625,1052.6700439453125,1122600000.0,,,,,
2002-05-07,1052.6700439453125,1058.6700439453125,1048.9599609375,1049.489990234375,1354700000.0,,,,,
2002-05-08,1049.489990234375,1088.9200439453125,1049.489990234375,1088.8499755859375,1502000000.0,,,,,
2002-05-09,1088.8499755859375,1088.8499755859375,1072.22998046875,1073.010009765625,1153000000.0,,,,,
2002-05-10,1073.010009765625,1075.4300537109375,1053.9300537109375,1054.989990234375,1171900000.0,,,,,
2002-05-13,1054.989990234375,1074.8399658203125,1053.9000244140625,1074.56005859375,1088600000.0,,,,,
2002-05-14,1074.56005859375,1097.7099609375,1074.56005859375,1097.280029296875,1414500000.0,,,,,
2002-05-15,1097.280029296875,1104.22998046875,1088.93994140625,1091.0699462890625,1420200000.0,,,,,
2002-05-16,1091.0699462890625,1099.2900390625,1089.1700439453125,1098.22998046875,1256600000.0,,,,,
2002-05-17,1098.22998046875,1106.5899658203125,1096.77001953125,1106.5899658203125,1274400000.0,,,,,
2002-05-20,1106.5899658203125,1106.5899658203125,1090.6099853515625,1091.8800048828125,989800000.0,,,,,
2002-05-21,1091.8800048828125,1099.550048828125,1079.0799560546875,1079.8800048828125,1200500000.0,,,,,
2002-05-22,1079.8800048828125,1086.02001953125,1075.6400146484375,1086.02001953125,1136300000.0,,,,,
2002-05-23,1086.02001953125,1097.0999755859375,1080.550048828125,1097.0799560546875,1192900000.0,,,,,
2002-05-24,1097.0799560546875,1097.0799560546875,1082.18994140625,1083.8199462890625,885400000.0,,,,,
2002-05-28,1083.8199462890625,1085.97998046875,1070.31005859375,1074.550048828125,996500000.0,,,,,
2002-05-29,1074.550048828125,1074.8299560546875,1067.6600341796875,1067.6600341796875,1081800000.0,,,,,
2002-05-30,1067.6600341796875,1069.5,1054.260009765625,1064.6600341796875,1286600000.0,,,,,
2002-05-31,1064.6600341796875,1079.9300537109375,1064.6600341796875,1067.1400146484375,1277300000.0,,,,,
2002-06-03,1067.1400146484375,1070.739990234375,1039.9000244140625,1040.6800537109375,1324300000.0,,,,,
2002-06-04,1040.6800537109375,1046.06005859375,1030.52001953125,1040.68994140625,1466600000.0,,,,,
2002-06-05,1040.68994140625,1050.1099853515625,1038.8399658203125,1049.9000244140625,1300100000.0,,,,,
2002-06-06,1049.9000244140625,1049.9000244140625,1026.9100341796875,1029.1500244140625,1601500000.0,,,,,
2002-06-07,1029.1500244140625,1033.02001953125,1012.489990234375,1027.530029296875,1341300000.0,,,,,
2002-06-10,1027.530029296875,1038.1800537109375,1025.449951171875,1030.739990234375,1226200000.0,,,,,
2002-06-11,1030.739990234375,1039.0400390625,1012.9400024414062,1013.5999755859375,1212400000.0,,,,,
2002-06-12,1013.260009765625,1021.8499755859375,1002.5800170898438,1020.260009765625,1795720000.0,,,,,
2002-06-13,1020.260009765625,1023.469970703125,1008.1199951171875,1009.5599975585938,1405500000.0,,,,,
2002-06-14,1009.5599975585938,1009.5599975585938,981.6300048828125,1007.27001953125,1549000000.0,,,,,
2002-06-17,1007.27001953125,1036.1700439453125,1007.27001953125,1036.1700439453125,1236600000.0,,,,,
2002-06-18,1036.1700439453125,1040.8299560546875,1030.9200439453125,1037.1400146484375,1193100000.0,,,,,
2002-06-19,1037.1400146484375,1037.6099853515625,1017.8800048828125,1019.989990234375,1336100000.0,,,,,
2002-06-20,1019.989990234375,1023.3300170898438,1004.5900268554688,1006.2899780273438,1389700000.0,,,,,
2002-06-21,1006.2899780273438,1006.2899780273438,985.6500244140625,989.1400146484375,1497200000.0,,,,,
2002-06-24,989.1400146484375,1002.1099853515625,970.8499755859375,992.719970703125,1552600000.0,,,,,
2002-06-25,992.719970703125,1005.8800048828125,974.2100219726562,976.1400146484375,1513700000.0,,,,,
2002-06-26,976.1400146484375,977.4299926757812,952.9199829101562,973.530029296875,2014290000.0,,,,,
2002-06-27,973.530029296875,990.6699829101562,963.739990234375,990.6400146484375,1908600000.0,,,,,
2002-06-28,990.6400146484375,1001.7899780273438,988.3099975585938,989.8200073242188,2117000000.0,,,,,
2002-07-01,989.8200073242188,994.4600219726562,967.4299926757812,968.6500244140625,1425500000.0,,,,,
2002-07-02,968.6500244140625,968.6500244140625,945.5399780273438,948.0900268554688,1823000000.0,,,,,
2002-07-03,948.0900268554688,954.2999877929688,934.8699951171875,953.989990234375,1527800000.0,,,,,
2002-07-05,953.989990234375,989.0700073242188,953.989990234375,989.030029296875,699400000.0,,,,,
2002-07-08,989.030029296875,993.5599975585938,972.9099731445312,976.97998046875,1184400000.0,,,,,
2002-07-09,976.97998046875,979.6300048828125,951.7100219726562,952.8300170898438,1348900000.0,,,,,
2002-07-10,952.8300170898438,956.3400268554688,920.2899780273438,920.469970703125,1816900000.0,,,,,
2002-07-11,920.469970703125,929.1599731445312,900.9400024414062,927.3699951171875,2080480000.0,,,,,
2002-07-12,927.3699951171875,934.3099975585938,913.7100219726562,921.3900146484375,1607400000.0,,,,,
2002-07-15,921.3900146484375,921.3900146484375,876.4600219726562,917.9299926757812,2574800000.0,,,,,
2002-07-16,917.9299926757812,918.6500244140625,897.1300048828125,900.9400024414062,1843700000.0,,,,,
2002-07-17,901.0499877929688,926.52001953125,895.030029296875,906.0399780273438,2566500000.0,,,,,
2002-07-18,905.4500122070312,907.7999877929688,880.5999755859375,881.5599975585938,1736300000.0,,,,,
2002-07-19,881.5599975585938,881.5599975585938,842.0700073242188,847.75,2654100000.0,,,,,
2002-07-22,847.760009765625,854.1300048828125,813.260009765625,819.8499755859375,2248060000.0,,,,,
2002-07-23,819.8499755859375,827.6900024414062,796.1300048828125,797.7000122070312,2441020000.0,,,,,
2002-07-24,797.7100219726562,844.3200073242188,775.6799926757812,843.4299926757812,2775560000.0,,,,,
2002-07-25,843.4199829101562,853.8300170898438,816.1099853515625,838.6799926757812,2424700000.0,,,,,
2002-07-26,838.6799926757812,852.8499755859375,835.9199829101562,852.8400268554688,1796100000.0,,,,,
2002-07-29,852.8400268554688,898.9600219726562,852.8400268554688,898.9600219726562,1778650000.0,,,,,
2002-07-30,898.9600219726562,909.8099975585938,884.7000122070312,902.780029296875,1826090000.0,,,,,
2002-07-31,902.780029296875,911.6400146484375,889.8800048828125,911.6199951171875,2049360000.0,,,,,
2002-08-01,911.6199951171875,911.6199951171875,882.47998046875,884.6599731445312,1672200000.0,,,,,
2002-08-02,884.4000244140625,884.719970703125,853.9500122070312,864.239990234375,1538100000.0,,,,,
2002-08-05,864.239990234375,864.239990234375,833.4400024414062,834.5999755859375,1425500000.0,,,,,
2002-08-06,834.5999755859375,874.4400024414062,834.5999755859375,859.5700073242188,1514100000.0,,,,,
2002-08-07,859.5700073242188,878.739990234375,854.1500244140625,876.77001953125,1490400000.0,,,,,
2002-08-08,876.77001953125,905.8400268554688,875.1699829101562,905.4600219726562,1646700000.0,,,,,
2002-08-09,898.72998046875,913.9500122070312,890.77001953125,908.6400146484375,1294900000.0,,,,,
2002-08-12,908.6400146484375,908.6400146484375,892.3800048828125,903.7999877929688,1036500000.0,,,,,
2002-08-13,903.7999877929688,911.7100219726562,883.6199951171875,884.2100219726562,1297700000.0,,,,,
2002-08-14,884.2100219726562,920.2100219726562,876.2000122070312,919.6199951171875,1533800000.0,,,,,
2002-08-15,919.6199951171875,933.2899780273438,918.1699829101562,930.25,1505100000.0,,,,,
2002-08-16,930.25,935.3800048828125,916.2100219726562,928.77001953125,1265300000.0,,,,,
2002-08-19,928.77001953125,951.1699829101562,927.2100219726562,950.7000122070312,1299800000.0,,,,,
2002-08-20,950.7000122070312,950.7000122070312,931.8599853515625,937.4299926757812,1308500000.0,,,,,
2002-08-21,937.4299926757812,951.5900268554688,931.3200073242188,949.3599853515625,1353100000.0,,,,,
2002-08-22,949.3599853515625,965.0,946.4299926757812,962.7000122070312,1373000000.0,,,,,
2002-08-23,962.7000122070312,962.7000122070312,937.1699829101562,940.8599853515625,1071500000.0,,,,,
2002-08-26,940.8599853515625,950.7999877929688,930.4199829101562,947.9500122070312,1016900000.0,,,,,
2002-08-27,947.9500122070312,955.8200073242188,930.3599853515625,934.8200073242188,1307700000.0,,,,,
2002-08-28,934.8200073242188,934.8200073242188,913.2100219726562,917.8699951171875,1146600000.0,,,,,
2002-08-29,917.8699951171875,924.5900268554688,903.3300170898438,917.7999877929688,1271100000.0,,,,,
2002-08-30,917.7999877929688,928.1500244140625,910.1699829101562,916.0700073242188,929900000.0,,,,,
2002-09-03,916.0700073242188,916.0700073242188,877.510009765625,878.02001953125,1289800000.0,,,,,
2002-09-04,878.02001953125,896.0999755859375,875.72998046875,893.4000244140625,1372100000.0,,,,,
2002-09-05,893.4000244140625,893.4000244140625,870.5,879.1500244140625,1401300000.0,,,,,
2002-09-06,879.1500244140625,899.0700073242188,879.1500244140625,893.9199829101562,1184500000.0,,,,,
2002-09-09,893.9199829101562,907.3400268554688,882.9199829101562,902.9600219726562,1130600000.0,,,,,
2002-09-10,902.9600219726562,909.8900146484375,900.5,909.5800170898438,1186400000.0,,,,,
2002-09-11,910.6300048828125,924.02001953125,908.469970703125,909.4500122070312,846600000.0,,,,,
2002-09-12,909.4500122070312,909.4500122070312,884.8400268554688,886.9099731445312,1191600000.0,,,,,
2002-09-13,886.9099731445312,892.75,877.0499877929688,889.8099975585938,1271000000.0,,,,,
2002-09-16,889.8099975585938,891.8400268554688,878.9099731445312,891.0999755859375,1001400000.0,,,,,
2002-09-17,891.0999755859375,902.6799926757812,872.3800048828125,873.52001953125,1448600000.0,,,,,
2002-09-18,873.52001953125,878.4500122070312,857.3900146484375,869.4600219726562,1501000000.0,,,,,
2002-09-19,869.4600219726562,869.4600219726562,843.0900268554688,843.3200073242188,1524000000.0,,,,,
2002-09-20,843.3200073242188,849.3200073242188,839.0900268554688,845.3900146484375,1792800000.0,,,,,
2002-09-23,845.3900146484375,845.3900146484375,825.760009765625,833.7000122070312,1381100000.0,,,,,
2002-09-24,833.7000122070312,833.7000122070312,817.3800048828125,819.2899780273438,1670240000.0,,,,,
2002-09-25,819.27001953125,844.219970703125,818.4600219726562,839.6599731445312,1651500000.0,,,,,
2002-09-26,839.6599731445312,856.5999755859375,839.6599731445312,854.9500122070312,1650000000.0,,,,,
2002-09-27,854.9500122070312,854.9500122070312,826.8400268554688,827.3699951171875,1507300000.0,,,,,
2002-09-30,827.3699951171875,827.3699951171875,800.2000122070312,815.280029296875,1721870000.0,,,,,
2002-10-01,815.280029296875,847.9299926757812,812.8200073242188,847.9099731445312,1780900000.0,,,,,
2002-10-02,843.77001953125,851.9299926757812,826.5,827.9099731445312,1668900000.0,,,,,
2002-10-03,827.9099731445312,840.02001953125,817.25,818.9500122070312,1674500000.0,,,,,
2002-10-04,818.9500122070312,825.9000244140625,794.0999755859375,800.5800170898438,1835930000.0,,,,,
2002-10-07,800.5800170898438,808.2100219726562,782.9600219726562,785.280029296875,1576500000.0,,,,,
2002-10-08,785.280029296875,808.8599853515625,779.5,798.5499877929688,1938430000.0,,,,,
2002-10-09,798.5499877929688,798.5499877929688,775.7999877929688,776.760009765625,1885030000.0,,,,,
2002-10-10,776.760009765625,806.510009765625,768.6300048828125,803.9199829101562,2090230000.0,,,,,
2002-10-11,803.9199829101562,843.27001953125,803.9199829101562,835.3200073242188,1854130000.0,,,,,
2002-10-14,835.3200073242188,844.3900146484375,828.3699951171875,841.4400024414062,1200300000.0,,,,,
2002-10-15,841.4400024414062,881.27001953125,841.4400024414062,881.27001953125,1956000000.0,,,,,
2002-10-16,881.27001953125,881.27001953125,856.280029296875,860.02001953125,1585000000.0,,,,,
2002-10-17,860.02001953125,885.3499755859375,860.02001953125,879.2000122070312,1780390000.0,,,,,
2002-10-18,879.2000122070312,886.6799926757812,866.5800170898438,884.3900146484375,1423100000.0,,,,,
2002-10-21,884.3900146484375,900.6900024414062,873.0599975585938,899.719970703125,1447000000.0,,,,,
2002-10-22,899.719970703125,899.719970703125,882.4000244140625,890.1599731445312,1549200000.0,,,,,
2002-10-23,890.1599731445312,896.1400146484375,873.8200073242188,896.1400146484375,1593900000.0,,,,,
2002-10-24,896.1400146484375,902.9400024414062,879.0,882.5,1700570000.0,,,,,
2002-10-25,882.5,897.7100219726562,877.030029296875,897.6500244140625,1340400000.0,,,,,
2002-10-28,897.6500244140625,907.4400024414062,886.1500244140625,890.22998046875,1382600000.0,,,,,
2002-10-29,890.22998046875,890.6400146484375,867.9099731445312,882.1500244140625,1529700000.0,,,,,
2002-10-30,882.1500244140625,895.280029296875,879.1900024414062,890.7100219726562,1422300000.0,,,,,
2002-10-31,890.7100219726562,898.8300170898438,879.75,885.760009765625,1641300000.0,,,,,
2002-11-01,885.760009765625,903.4199829101562,877.7100219726562,900.9600219726562,1450400000.0,,,,,
2002-11-04,900.9600219726562,924.5800170898438,900.9600219726562,908.3499755859375,1645900000.0,,,,,
2002-11-05,908.3499755859375,915.8300170898438,904.9099731445312,915.3900146484375,1354100000.0,,,,,
2002-11-06,915.3900146484375,925.6599731445312,905.0,923.760009765625,1674000000.0,,,,,
2002-11-07,923.760009765625,923.760009765625,898.6799926757812,902.6500244140625,1466900000.0,,,,,
2002-11-08,902.6500244140625,910.1099853515625,891.6199951171875,894.739990234375,1446500000.0,,,,,
2002-11-11,894.739990234375,894.739990234375,874.6300048828125,876.1900024414062,1113000000.0,,,,,
2002-11-12,876.1900024414062,894.2999877929688,876.1900024414062,882.9500122070312,1377100000.0,,,,,
2002-11-13,882.9500122070312,892.510009765625,872.0499877929688,882.530029296875,1463400000.0,,,,,
2002-11-14,882.530029296875,904.27001953125,882.530029296875,904.27001953125,1519000000.0,,,,,
2002-11-15,904.27001953125,910.2100219726562,895.3499755859375,909.8300170898438,1400100000.0,,,,,
2002-11-18,909.8300170898438,915.9099731445312,899.47998046875,900.3599853515625,1282600000.0,,,,,
2002-11-19,900.3599853515625,905.4500122070312,893.0900268554688,896.739990234375,1337400000.0,,,,,
2002-11-20,896.739990234375,915.010009765625,894.9299926757812,914.1500244140625,1517300000.0,,,,,
2002-11-21,914.1500244140625,935.1300048828125,914.1500244140625,933.760009765625,2415100000.0,,,,,
2002-11-22,933.760009765625,937.280029296875,928.4099731445312,930.5499877929688,1626800000.0,,,,,
2002-11-25,930.5499877929688,937.1500244140625,923.3099975585938,932.8699951171875,1574000000.0,,,,,
2002-11-26,932.8699951171875,932.8699951171875,912.0999755859375,913.3099975585938,1543600000.0,,,,,
2002-11-27,913.3099975585938,940.4099731445312,913.3099975585938,938.8699951171875,1350300000.0,,,,,
2002-11-29,938.8699951171875,941.8200073242188,935.5800170898438,936.3099975585938,643460000.0,,,,,
2002-12-02,936.3099975585938,954.280029296875,927.719970703125,934.530029296875,1612000000.0,,,,,
2002-12-03,934.530029296875,934.530029296875,918.72998046875,920.75,1488400000.0,,,,,
2002-12-04,920.75,925.25,909.510009765625,917.5800170898438,1588900000.0,,,,,
2002-12-05,917.5800170898438,921.489990234375,905.9000244140625,906.5499877929688,1250200000.0,,,,,
2002-12-06,906.5499877929688,915.47998046875,895.9600219726562,912.22998046875,1241100000.0,,,,,
2002-12-09,912.22998046875,912.22998046875,891.969970703125,892.0,1320800000.0,,,,,
2002-12-10,892.0,904.9500122070312,892.0,904.4500122070312,1286600000.0,,,,,
2002-12-11,904.4500122070312,909.9400024414062,896.47998046875,904.9600219726562,1285100000.0,,,,,
2002-12-12,904.9600219726562,908.3699951171875,897.0,901.5800170898438,1255300000.0,,,,,
2002-12-13,901.5800170898438,901.5800170898438,888.47998046875,889.47998046875,1330800000.0,,,,,
2002-12-16,889.47998046875,910.4199829101562,889.47998046875,910.4000244140625,1271600000.0,,,,,
2002-12-17,910.4000244140625,911.219970703125,901.739990234375,902.989990234375,1251800000.0,,,,,
2002-12-18,902.989990234375,902.989990234375,887.8200073242188,891.1199951171875,1446200000.0,,,,,
2002-12-19,890.02001953125,899.1900024414062,880.3200073242188,884.25,1385900000.0,,,,,
2002-12-20,884.25,897.7899780273438,884.25,895.760009765625,1782730000.0,,,,,
2002-12-23,895.739990234375,902.4299926757812,892.260009765625,897.3800048828125,1112100000.0,,,,,
2002-12-24,897.3800048828125,897.3800048828125,892.2899780273438,892.469970703125,458310000.0,,,,,
2002-12-26,892.469970703125,903.8900146484375,887.47998046875,889.6599731445312,721100000.0,,,,,
2002-12-27,889.6599731445312,890.4600219726562,873.6199951171875,875.4000244140625,758400000.0,,,,,
2002-12-30,875.4000244140625,882.0999755859375,870.22998046875,879.3900146484375,1057800000.0,,,,,
2002-12-31,879.3900146484375,881.9299926757812,869.4500122070312,879.8200073242188,1088500000.0,,,,,
2003-01-02,879.8200073242188,909.030029296875,879.8200073242188,909.030029296875,1229200000.0,,,,,
2003-01-03,909.030029296875,911.25,903.0700073242188,908.5900268554688,1130800000.0,,,,,
2003-01-06,908.5900268554688,931.77001953125,908.5900268554688,929.010009765625,1435900000.0,,,,,
2003-01-07,929.010009765625,930.8099975585938,919.9299926757812,922.9299926757812,1545200000.0,,,,,
2003-01-08,922.9299926757812,922.9299926757812,908.3200073242188,909.9299926757812,1467600000.0,,,,,
2003-01-09,909.9299926757812,928.3099975585938,909.9299926757812,927.5700073242188,1560300000.0,,,,,
2003-01-10,927.5800170898438,932.8900146484375,917.6599731445312,927.5700073242188,1485400000.0,,,,,
2003-01-13,927.5700073242188,935.0499877929688,922.0499877929688,926.260009765625,1396300000.0,,,,,
2003-01-14,926.260009765625,931.6599731445312,921.719970703125,931.6599731445312,1379400000.0,,,,,
2003-01-15,931.6599731445312,932.5900268554688,916.7000122070312,918.219970703125,1432100000.0,,,,,
2003-01-16,918.219970703125,926.030029296875,911.97998046875,914.5999755859375,1534600000.0,,,,,
2003-01-17,914.5999755859375,914.5999755859375,899.02001953125,901.780029296875,1358200000.0,,,,,
2003-01-21,901.780029296875,906.0,887.6199951171875,887.6199951171875,1335200000.0,,,,,
2003-01-22,887.6199951171875,889.739990234375,877.6400146484375,878.3599853515625,1560800000.0,,,,,
2003-01-23,878.3599853515625,890.25,876.8900146484375,887.3400268554688,1744550000.0,,,,,
2003-01-24,887.3400268554688,887.3400268554688,859.7100219726562,861.4000244140625,1574800000.0,,,,,
2003-01-27,861.4000244140625,863.9500122070312,844.25,847.47998046875,1435900000.0,,,,,
2003-01-28,847.47998046875,860.760009765625,847.47998046875,858.5399780273438,1459100000.0,,,,,
2003-01-29,858.5399780273438,868.719970703125,845.8599853515625,864.3599853515625,1595400000.0,,,,,
2003-01-30,864.3599853515625,865.47998046875,843.739990234375,844.6099853515625,1510300000.0,,,,,
2003-01-31,844.6099853515625,858.3300170898438,840.3400268554688,855.7000122070312,1578530000.0,,,,,
2003-02-03,855.7000122070312,864.6400146484375,855.7000122070312,860.3200073242188,1258500000.0,,,,,
2003-02-04,860.3200073242188,860.3200073242188,840.1900024414062,848.2000122070312,1451600000.0,,,,,
2003-02-05,848.2000122070312,861.6300048828125,842.1099853515625,843.5900268554688,1450800000.0,,,,,
2003-02-06,843.5900268554688,844.22998046875,833.25,838.1500244140625,1430900000.0,,,,,
2003-02-07,838.1500244140625,845.72998046875,826.7000122070312,829.6900024414062,1276800000.0,,,,,
2003-02-10,829.6900024414062,837.1599731445312,823.530029296875,835.969970703125,1238200000.0,,,,,
2003-02-11,835.969970703125,843.02001953125,825.0900268554688,829.2000122070312,1307000000.0,,,,,
2003-02-12,829.2000122070312,832.1199951171875,818.489990234375,818.6799926757812,1260500000.0,,,,,
2003-02-13,818.6799926757812,821.25,806.2899780273438,817.3699951171875,1489300000.0,,,,,
2003-02-14,817.3699951171875,834.8900146484375,815.030029296875,834.8900146484375,1404600000.0,,,,,
2003-02-18,834.8900146484375,852.8699951171875,834.8900146484375,851.1699829101562,1250800000.0,,,,,
2003-02-19,851.1699829101562,851.1699829101562,838.7899780273438,845.1300048828125,1075600000.0,,,,,
2003-02-20,845.1300048828125,849.3699951171875,836.5599975585938,837.0999755859375,1194100000.0,,,,,
2003-02-21,837.0999755859375,852.280029296875,831.47998046875,848.1699829101562,1398200000.0,,,,,
2003-02-24,848.1699829101562,848.1699829101562,832.1599731445312,832.5800170898438,1229200000.0,,,,,
2003-02-25,832.5800170898438,839.5499877929688,818.5399780273438,838.5700073242188,1483700000.0,,,,,
2003-02-26,838.5700073242188,840.0999755859375,826.6799926757812,827.5499877929688,1374400000.0,,,,,
2003-02-27,827.5499877929688,842.1900024414062,827.5499877929688,837.280029296875,1287800000.0,,,,,
2003-02-28,837.280029296875,847.0,837.280029296875,841.1500244140625,1373300000.0,,,,,
2003-03-03,841.1500244140625,852.3400268554688,832.739990234375,834.8099975585938,1208900000.0,,,,,
2003-03-04,834.8099975585938,835.4299926757812,821.9600219726562,821.989990234375,1256600000.0,,,,,
2003-03-05,821.989990234375,829.8699951171875,819.0,829.8499755859375,1332700000.0,,,,,
2003-03-06,829.8499755859375,829.8499755859375,819.8499755859375,822.0999755859375,1299200000.0,,,,,
2003-03-07,822.0999755859375,829.5499877929688,811.22998046875,828.8900146484375,1368500000.0,,,,,
2003-03-10,828.8900146484375,828.8900146484375,806.5700073242188,807.47998046875,1255000000.0,,,,,
2003-03-11,807.47998046875,814.25,800.2999877929688,800.72998046875,1427700000.0,,,,,
2003-03-12,800.72998046875,804.1900024414062,788.9000244140625,804.1900024414062,1620000000.0,,,,,
2003-03-13,804.1900024414062,832.02001953125,804.1900024414062,831.9000244140625,1816300000.0,,,,,
2003-03-14,831.8900146484375,841.3900146484375,828.260009765625,833.27001953125,1541900000.0,,,,,
2003-03-17,833.27001953125,862.7899780273438,827.1699829101562,862.7899780273438,1700420000.0,,,,,
2003-03-18,862.7899780273438,866.9400024414062,857.3599853515625,866.4500122070312,1555100000.0,,,,,
2003-03-19,866.4500122070312,874.989990234375,861.2100219726562,874.02001953125,1473400000.0,,,,,
2003-03-20,874.02001953125,879.5999755859375,859.010009765625,875.6699829101562,1439100000.0,,,,,
2003-03-21,875.8400268554688,895.9000244140625,875.8400268554688,895.7899780273438,1883710000.0,,,,,
2003-03-24,895.7899780273438,895.7899780273438,862.02001953125,864.22998046875,1293000000.0,,,,,
2003-03-25,864.22998046875,879.8699951171875,862.5900268554688,874.739990234375,1333400000.0,,,,,
2003-03-26,874.739990234375,875.7999877929688,866.469970703125,869.9500122070312,1319700000.0,,,,,
2003-03-27,869.9500122070312,874.1500244140625,858.0900268554688,868.52001953125,1232900000.0,,,,,
2003-03-28,868.52001953125,869.8800048828125,860.8300170898438,863.5,1227000000.0,,,,,
2003-03-31,863.5,863.5,843.6799926757812,848.1799926757812,1495500000.0,,,,,
2003-04-01,848.1799926757812,861.280029296875,847.8499755859375,858.47998046875,1461600000.0,,,,,
2003-04-02,858.47998046875,884.5700073242188,858.47998046875,880.9000244140625,1589800000.0,,,,,
2003-04-03,880.9000244140625,885.8900146484375,876.1199951171875,876.4500122070312,1339500000.0,,,,,
2003-04-04,876.4500122070312,882.72998046875,874.22998046875,878.8499755859375,1241200000.0,,,,,
2003-04-07,878.8499755859375,904.8900146484375,878.8499755859375,879.9299926757812,1494000000.0,,,,,
2003-04-08,879.9299926757812,883.1099853515625,874.6799926757812,878.2899780273438,1235400000.0,,,,,
2003-04-09,878.2899780273438,887.3499755859375,865.719970703125,865.989990234375,1293700000.0,,,,,
2003-04-10,865.989990234375,871.780029296875,862.760009765625,871.5800170898438,1275300000.0,,,,,
2003-04-11,871.5800170898438,883.3400268554688,865.9199829101562,868.2999877929688,1141600000.0,,,,,
2003-04-14,868.2999877929688,885.260009765625,868.2999877929688,885.22998046875,1131000000.0,,,,,
2003-04-15,885.22998046875,891.27001953125,881.8499755859375,890.8099975585938,1460200000.0,,,,,
2003-04-16,890.8099975585938,896.77001953125,877.9299926757812,879.9099731445312,1587600000.0,,,,,
2003-04-17,879.9099731445312,893.8300170898438,879.2000122070312,893.5800170898438,1430600000.0,,,,,
2003-04-21,893.5800170898438,898.010009765625,888.1699829101562,892.010009765625,1118700000.0,,,,,
2003-04-22,892.010009765625,911.739990234375,886.7000122070312,911.3699951171875,1631200000.0,,,,,
2003-04-23,911.3699951171875,919.739990234375,909.8900146484375,919.02001953125,1667200000.0,,,,,
2003-04-24,919.02001953125,919.02001953125,906.6900024414062,911.4299926757812,1648100000.0,,,,,
2003-04-25,911.4299926757812,911.4299926757812,897.52001953125,898.8099975585938,1335800000.0,,,,,
2003-04-28,898.8099975585938,918.1500244140625,898.8099975585938,914.8400268554688,1273000000.0,,,,,
2003-04-29,914.8400268554688,924.239990234375,911.0999755859375,917.8400268554688,1525600000.0,,,,,
2003-04-30,917.8400268554688,922.010009765625,911.7000122070312,916.9199829101562,1788510000.0,,,,,
2003-05-01,916.9199829101562,919.6799926757812,902.8300170898438,916.2999877929688,1397500000.0,,,,,
2003-05-02,916.2999877929688,930.5599975585938,912.3499755859375,930.0800170898438,1554300000.0,,,,,
2003-05-05,930.0800170898438,933.8800048828125,924.5499877929688,926.5499877929688,1446300000.0,,,,,
2003-05-06,926.5499877929688,939.6099853515625,926.3800048828125,934.3900146484375,1649600000.0,,,,,
2003-05-07,934.3900146484375,937.219970703125,926.4099731445312,929.6199951171875,1531900000.0,,,,,
2003-05-08,929.6199951171875,929.6199951171875,919.719970703125,920.27001953125,1379600000.0,,,,,
2003-05-09,920.27001953125,933.77001953125,920.27001953125,933.4099731445312,1326100000.0,,,,,
2003-05-12,933.4099731445312,946.8400268554688,929.2999877929688,945.1099853515625,1378800000.0,,,,,
2003-05-13,945.1099853515625,947.510009765625,938.9099731445312,942.2999877929688,1418100000.0,,,,,
2003-05-14,942.2999877929688,947.2899780273438,935.239990234375,939.280029296875,1401800000.0,,,,,
2003-05-15,939.280029296875,948.22998046875,938.7899780273438,946.6699829101562,1508700000.0,,,,,
2003-05-16,946.6699829101562,948.6500244140625,938.5999755859375,944.2999877929688,1505500000.0,,,,,
2003-05-19,944.2999877929688,944.2999877929688,920.22998046875,920.77001953125,1375700000.0,,,,,
2003-05-20,920.77001953125,925.3400268554688,912.0499877929688,919.72998046875,1505300000.0,,,,,
2003-05-21,919.72998046875,923.8499755859375,914.9099731445312,923.4199829101562,1457800000.0,,,,,
2003-05-22,923.4199829101562,935.2999877929688,922.5399780273438,931.8699951171875,1448500000.0,,,,,
2003-05-23,931.8699951171875,935.2000122070312,927.4199829101562,933.219970703125,1201000000.0,,,,,
2003-05-27,933.219970703125,952.760009765625,927.3300170898438,951.47998046875,1532000000.0,,,,,
2003-05-28,951.47998046875,959.3900146484375,950.1199951171875,953.219970703125,1559000000.0,,,,,
2003-05-29,953.219970703125,962.0800170898438,946.22998046875,949.6400146484375,1685800000.0,,,,,
2003-05-30,949.6400146484375,965.3800048828125,949.6400146484375,963.5900268554688,1688800000.0,,,,,
2003-06-02,963.5900268554688,979.1099853515625,963.5900268554688,967.0,1662500000.0,,,,,
2003-06-03,967.0,973.02001953125,964.469970703125,971.5599975585938,1450200000.0,,,,,
2003-06-04,971.5599975585938,987.8499755859375,970.719970703125,986.239990234375,1618700000.0,,,,,
2003-06-05,986.239990234375,990.1400146484375,978.1300048828125,990.1400146484375,1693100000.0,,,,,
2003-06-06,990.1400146484375,1007.6900024414062,986.010009765625,987.760009765625,1837200000.0,,,,,
2003-06-09,987.760009765625,987.760009765625,972.5900268554688,975.9299926757812,1307000000.0,,,,,
2003-06-10,975.9299926757812,984.8400268554688,975.9299926757812,984.8400268554688,1275400000.0,,,,,
2003-06-11,984.8400268554688,997.47998046875,981.6099853515625,997.47998046875,1520000000.0,,,,,
2003-06-12,997.47998046875,1002.739990234375,991.27001953125,998.510009765625,1553100000.0,,,,,
2003-06-13,998.510009765625,1000.9199829101562,984.27001953125,988.6099853515625,1271600000.0,,,,,
2003-06-16,988.6099853515625,1010.8599853515625,988.6099853515625,1010.739990234375,1345900000.0,,,,,
2003-06-17,1010.739990234375,1015.3300170898438,1007.0399780273438,1011.6599731445312,1479700000.0,,,,,
2003-06-18,1011.6599731445312,1015.1199951171875,1004.6099853515625,1010.0900268554688,1488900000.0,,,,,
2003-06-19,1010.0900268554688,1011.219970703125,993.0800170898438,994.7000122070312,1530100000.0,,,,,
2003-06-20,994.7000122070312,1002.0900268554688,993.3599853515625,995.6900024414062,1698000000.0,,,,,
2003-06-23,995.6900024414062,995.6900024414062,977.4000244140625,981.6400146484375,1398100000.0,,,,,
2003-06-24,981.6400146484375,987.8400268554688,979.0800170898438,983.4500122070312,1388300000.0,,,,,
2003-06-25,983.4500122070312,991.6400146484375,974.8599853515625,975.3200073242188,1459200000.0,,,,,
2003-06-26,975.3200073242188,986.530029296875,973.7999877929688,985.8200073242188,1387400000.0,,,,,
2003-06-27,985.8200073242188,988.8800048828125,974.2899780273438,976.219970703125,1267800000.0,,,,,
2003-06-30,976.219970703125,983.6099853515625,973.5999755859375,974.5,1587200000.0,,,,,
2003-07-01,974.5,983.260009765625,962.0999755859375,982.3200073242188,1460200000.0,,,,,
2003-07-02,982.3200073242188,993.780029296875,982.3200073242188,993.75,1519300000.0,,,,,
2003-07-03,993.75,995.0,983.3400268554688,985.7000122070312,775900000.0,,,,,
2003-07-07,985.7000122070312,1005.5599975585938,985.7000122070312,1004.4199829101562,1429100000.0,,,,,
2003-07-08,1004.4199829101562,1008.9199829101562,998.72998046875,1007.8400268554688,1565700000.0,,,,,
2003-07-09,1007.8400268554688,1010.4299926757812,998.1699829101562,1002.2100219726562,1618000000.0,,,,,
2003-07-10,1002.2100219726562,1002.2100219726562,983.6300048828125,988.7000122070312,1465700000.0,,,,,
2003-07-11,988.7000122070312,1000.8599853515625,988.7000122070312,998.1400146484375,1212700000.0,,,,,
2003-07-14,998.1400146484375,1015.4099731445312,998.1400146484375,1003.8599853515625,1448900000.0,,,,,
2003-07-15,1003.8599853515625,1009.6099853515625,996.6699829101562,1000.4199829101562,1518600000.0,,,,,
2003-07-16,1000.4199829101562,1003.469970703125,989.2999877929688,994.0900268554688,1662000000.0,,,,,
2003-07-17,994.0,994.0,978.5999755859375,981.72998046875,1661400000.0,,,,,
2003-07-18,981.72998046875,994.25,981.7100219726562,993.3200073242188,1365200000.0,,,,,
2003-07-21,993.3200073242188,993.3200073242188,975.6300048828125,978.7999877929688,1254200000.0,,,,,
2003-07-22,978.7999877929688,990.2899780273438,976.0800170898438,988.1099853515625,1439700000.0,,,,,
2003-07-23,988.1099853515625,989.8599853515625,979.7899780273438,988.6099853515625,1362700000.0,,,,,
2003-07-24,988.6099853515625,998.8900146484375,981.0700073242188,981.5999755859375,1559000000.0,,,,,
2003-07-25,981.5999755859375,998.7100219726562,977.489990234375,998.6799926757812,1397500000.0,,,,,
2003-07-28,998.6799926757812,1000.6799926757812,993.5900268554688,996.52001953125,1328600000.0,,,,,
2003-07-29,996.52001953125,998.6400146484375,984.1500244140625,989.280029296875,1508900000.0,,,,,
2003-07-30,989.280029296875,992.6199951171875,985.9600219726562,987.489990234375,1391900000.0,,,,,
2003-07-31,987.489990234375,1004.5900268554688,987.489990234375,990.3099975585938,1608000000.0,,,,,
2003-08-01,990.3099975585938,990.3099975585938,978.8599853515625,980.1500244140625,1390600000.0,,,,,
2003-08-04,980.1500244140625,985.75,966.7899780273438,982.8200073242188,1318700000.0,,,,,
2003-08-05,982.8200073242188,982.8200073242188,964.969970703125,965.4600219726562,1351700000.0,,,,,
2003-08-06,965.4600219726562,975.739990234375,960.8400268554688,967.0800170898438,1491000000.0,,,,,
2003-08-07,967.0800170898438,974.8900146484375,963.8200073242188,974.1199951171875,1389300000.0,,,,,
2003-08-08,974.1199951171875,980.5700073242188,973.8300170898438,977.5900268554688,1086600000.0,,,,,
2003-08-11,977.5900268554688,985.4600219726562,974.2100219726562,980.5900268554688,1022200000.0,,,,,
2003-08-12,980.5900268554688,990.4099731445312,979.9000244140625,990.3499755859375,1132300000.0,,,,,
2003-08-13,990.3499755859375,992.5,980.8499755859375,984.030029296875,1208800000.0,,,,,
2003-08-14,984.030029296875,991.9099731445312,980.3599853515625,990.510009765625,1186800000.0,,,,,
2003-08-15,990.510009765625,992.3900146484375,987.0999755859375,990.6699829101562,636370000.0,,,,,
2003-08-18,990.6699829101562,1000.3499755859375,990.6699829101562,999.739990234375,1127600000.0,,,,,
2003-08-19,999.739990234375,1003.2999877929688,995.2999877929688,1002.3499755859375,1300600000.0,,,,,
2003-08-20,1002.3499755859375,1003.5399780273438,996.6199951171875,1000.2999877929688,1210800000.0,,,,,
2003-08-21,1000.2999877929688,1009.530029296875,999.3300170898438,1003.27001953125,1407100000.0,,,,,
2003-08-22,1003.27001953125,1011.010009765625,992.6199951171875,993.0599975585938,1308900000.0,,,,,
2003-08-25,993.0599975585938,993.7100219726562,987.9099731445312,993.7100219726562,971700000.0,,,,,
2003-08-26,993.7100219726562,997.9299926757812,983.5700073242188,996.72998046875,1178700000.0,,,,,
2003-08-27,996.72998046875,998.0499877929688,993.3300170898438,996.7899780273438,1051400000.0,,,,,
2003-08-28,996.7899780273438,1004.1199951171875,991.4199829101562,1002.8400268554688,1165200000.0,,,,,
2003-08-29,1002.8400268554688,1008.8499755859375,999.52001953125,1008.010009765625,945100000.0,,,,,
2003-09-02,1008.010009765625,1022.5900268554688,1005.72998046875,1021.989990234375,1470500000.0,,,,,
2003-09-03,1021.989990234375,1029.3399658203125,1021.989990234375,1026.27001953125,1675600000.0,,,,,
2003-09-04,1026.27001953125,1029.1700439453125,1022.1900024414062,1027.969970703125,1453900000.0,,,,,
2003-09-05,1027.969970703125,1029.2099609375,1018.1900024414062,1021.3900146484375,1465200000.0,,,,,
2003-09-08,1021.3900146484375,1032.4100341796875,1021.3900146484375,1031.6400146484375,1299300000.0,,,,,
2003-09-09,1031.6400146484375,1031.6400146484375,1021.1400146484375,1023.1699829101562,1414800000.0,,,,,
2003-09-10,1023.1699829101562,1023.1699829101562,1009.739990234375,1010.9199829101562,1582100000.0,,,,,
2003-09-11,1010.9199829101562,1020.8800048828125,1010.9199829101562,1016.4199829101562,1335900000.0,,,,,
2003-09-12,1016.4199829101562,1019.6500244140625,1007.7100219726562,1018.6300048828125,1236700000.0,,,,,
2003-09-15,1018.6300048828125,1019.7899780273438,1013.5900268554688,1014.8099975585938,1151300000.0,,,,,
2003-09-16,1014.8099975585938,1029.6600341796875,1014.8099975585938,1029.3199462890625,1403200000.0,,,,,
2003-09-17,1029.3199462890625,1031.3399658203125,1024.530029296875,1025.969970703125,1338210000.0,,,,,
2003-09-18,1025.969970703125,1040.1600341796875,1025.75,1039.5799560546875,1498800000.0,,,,,
2003-09-19,1039.5799560546875,1040.2900390625,1031.8900146484375,1036.300048828125,1518600000.0,,,,,
2003-09-22,1036.300048828125,1036.300048828125,1018.2999877929688,1022.8200073242188,1278800000.0,,,,,
2003-09-23,1022.8200073242188,1030.1199951171875,1021.5399780273438,1029.030029296875,1301700000.0,,,,,
2003-09-24,1029.030029296875,1029.8299560546875,1008.9299926757812,1009.3800048828125,1556000000.0,,,,,
2003-09-25,1009.3800048828125,1015.969970703125,1003.260009765625,1003.27001953125,1530000000.0,,,,,
2003-09-26,1003.27001953125,1003.4500122070312,996.0800170898438,996.8499755859375,1472500000.0,,,,,
2003-09-29,996.8499755859375,1006.8900146484375,995.3099975585938,1006.5800170898438,1366500000.0,,,,,
2003-09-30,1006.5800170898438,1006.5800170898438,990.3599853515625,995.969970703125,1590500000.0,,,,,
2003-10-01,995.969970703125,1018.219970703125,995.969970703125,1018.219970703125,1566300000.0,,,,,
2003-10-02,1018.219970703125,1021.8699951171875,1013.3800048828125,1020.239990234375,1269300000.0,,,,,
2003-10-03,1020.239990234375,1039.31005859375,1020.239990234375,1029.8499755859375,1570500000.0,,,,,
2003-10-06,1029.8499755859375,1036.47998046875,1029.1500244140625,1034.3499755859375,1025800000.0,,,,,
2003-10-07,1034.3499755859375,1039.25,1026.27001953125,1039.25,1279500000.0,,,,,
2003-10-08,1039.25,1040.06005859375,1030.9599609375,1033.780029296875,1262500000.0,,,,,
2003-10-09,1033.780029296875,1048.280029296875,1033.780029296875,1038.72998046875,1578700000.0,,,,,
2003-10-10,1038.72998046875,1040.8399658203125,1035.739990234375,1038.06005859375,1108100000.0,,,,,
2003-10-13,1038.06005859375,1048.9000244140625,1038.06005859375,1045.3499755859375,1040500000.0,,,,,
2003-10-14,1045.3499755859375,1049.489990234375,1040.8399658203125,1049.47998046875,1271900000.0,,,,,
2003-10-15,1049.47998046875,1053.7900390625,1043.1500244140625,1046.760009765625,1521100000.0,,,,,
2003-10-16,1046.760009765625,1052.93994140625,1044.0400390625,1050.0699462890625,1417700000.0,,,,,
2003-10-17,1050.0699462890625,1051.8900146484375,1036.5699462890625,1039.3199462890625,1352000000.0,,,,,
2003-10-20,1039.3199462890625,1044.68994140625,1036.1300048828125,1044.6800537109375,1172600000.0,,,,,
2003-10-21,1044.6800537109375,1048.5699462890625,1042.5899658203125,1046.030029296875,1498000000.0,,,,,
2003-10-22,1046.030029296875,1046.030029296875,1028.3900146484375,1030.3599853515625,1647200000.0,,,,,
2003-10-23,1030.3599853515625,1035.43994140625,1025.8900146484375,1033.77001953125,1604300000.0,,,,,
2003-10-24,1033.77001953125,1033.77001953125,1018.3200073242188,1028.9100341796875,1420300000.0,,,,,
2003-10-27,1028.9100341796875,1037.75,1028.9100341796875,1031.1300048828125,1371800000.0,,,,,
2003-10-28,1031.1300048828125,1046.7900390625,1031.1300048828125,1046.7900390625,1629200000.0,,,,,
2003-10-29,1046.7900390625,1049.8299560546875,1043.3499755859375,1048.1099853515625,1562600000.0,,,,,
2003-10-30,1048.1099853515625,1052.81005859375,1043.8199462890625,1046.93994140625,1629700000.0,,,,,
2003-10-31,1046.93994140625,1053.0899658203125,1046.93994140625,1050.7099609375,1498900000.0,,,,,
2003-11-03,1050.7099609375,1061.43994140625,1050.7099609375,1059.02001953125,1378200000.0,,,,,
2003-11-04,1059.02001953125,1059.02001953125,1051.699951171875,1053.25,1417600000.0,,,,,
2003-11-05,1053.25,1054.5400390625,1044.8800048828125,1051.81005859375,1401800000.0,,,,,
2003-11-06,1051.81005859375,1058.93994140625,1046.9300537109375,1058.050048828125,1453900000.0,,,,,
2003-11-07,1058.050048828125,1062.3900146484375,1052.1700439453125,1053.2099609375,1440500000.0,,,,,
2003-11-10,1053.2099609375,1053.6500244140625,1045.5799560546875,1047.1099853515625,1243600000.0,,,,,
2003-11-11,1047.1099853515625,1048.22998046875,1043.4599609375,1046.5699462890625,1162500000.0,,,,,
2003-11-12,1046.5699462890625,1059.0999755859375,1046.5699462890625,1058.530029296875,1349300000.0,,,,,
2003-11-13,1058.56005859375,1059.6199951171875,1052.9599609375,1058.4100341796875,1383000000.0,,,,,
2003-11-14,1058.4100341796875,1063.6500244140625,1048.1099853515625,1050.3499755859375,1356100000.0,,,,,
2003-11-17,1050.3499755859375,1050.3499755859375,1035.280029296875,1043.6300048828125,1374300000.0,,,,,
2003-11-18,1043.6300048828125,1048.77001953125,1034.0,1034.1500244140625,1354300000.0,,,,,
2003-11-19,1034.1500244140625,1043.949951171875,1034.1500244140625,1042.43994140625,1326200000.0,,,,,
2003-11-20,1042.43994140625,1046.47998046875,1033.4200439453125,1033.6500244140625,1326700000.0,,,,,
2003-11-21,1033.6500244140625,1037.5699462890625,1031.199951171875,1035.280029296875,1273800000.0,,,,,
2003-11-24,1035.280029296875,1052.0799560546875,1035.280029296875,1052.0799560546875,1302800000.0,,,,,
2003-11-25,1052.0799560546875,1058.050048828125,1049.31005859375,1053.8900146484375,1333700000.0,,,,,
2003-11-26,1053.8900146484375,1058.449951171875,1048.280029296875,1058.449951171875,1097700000.0,,,,,
2003-11-28,1058.449951171875,1060.6300048828125,1056.77001953125,1058.199951171875,487220000.0,,,,,
2003-12-01,1058.199951171875,1070.469970703125,1058.199951171875,1070.1199951171875,1375000000.0,,,,,
2003-12-02,1070.1199951171875,1071.219970703125,1065.219970703125,1066.6199951171875,1383200000.0,,,,,
2003-12-03,1066.6199951171875,1074.300048828125,1064.6300048828125,1064.72998046875,1441700000.0,,,,,
2003-12-04,1064.72998046875,1070.3699951171875,1063.1500244140625,1069.719970703125,1463100000.0,,,,,
2003-12-05,1069.719970703125,1069.719970703125,1060.0899658203125,1061.5,1265900000.0,,,,,
2003-12-08,1061.5,1069.5899658203125,1060.9300537109375,1069.300048828125,1218900000.0,,,,,
2003-12-09,1069.300048828125,1071.93994140625,1059.1600341796875,1060.1800537109375,1465500000.0,,,,,
2003-12-10,1060.1800537109375,1063.02001953125,1053.4100341796875,1059.050048828125,1444000000.0,,,,,
2003-12-11,1059.050048828125,1073.6300048828125,1059.050048828125,1071.2099609375,1441100000.0,,,,,
2003-12-12,1071.2099609375,1074.760009765625,1067.6400146484375,1074.1400146484375,1223100000.0,,,,,
2003-12-15,1074.1400146484375,1082.7900390625,1068.0,1068.0400390625,1520800000.0,,,,,
2003-12-16,1068.0400390625,1075.93994140625,1068.0400390625,1075.1300048828125,1547900000.0,,,,,
2003-12-17,1075.1300048828125,1076.5400390625,1071.1400146484375,1076.47998046875,1441700000.0,,,,,
2003-12-18,1076.47998046875,1089.5,1076.47998046875,1089.1800537109375,1579900000.0,,,,,
2003-12-19,1089.1800537109375,1091.06005859375,1084.18994140625,1088.6600341796875,1657300000.0,,,,,
2003-12-22,1088.6600341796875,1092.93994140625,1086.1400146484375,1092.93994140625,1251700000.0,,,,,
2003-12-23,1092.93994140625,1096.949951171875,1091.72998046875,1096.02001953125,1145300000.0,,,,,
2003-12-24,1096.02001953125,1096.4000244140625,1092.72998046875,1094.0400390625,518060000.0,,,,,
2003-12-26,1094.0400390625,1098.469970703125,1094.0400390625,1095.8900146484375,356070000.0,,,,,
2003-12-29,1095.8900146484375,1109.47998046875,1095.8900146484375,1109.47998046875,1058800000.0,,,,,
2003-12-30,1109.47998046875,1109.75,1106.4100341796875,1109.6400146484375,1012600000.0,,,,,
2003-12-31,1109.6400146484375,1112.56005859375,1106.2099609375,1111.9200439453125,1027500000.0,,,,,
2004-01-02,1111.9200439453125,1118.8499755859375,1105.0799560546875,1108.47998046875,1153200000.0,,,,,
2004-01-05,1108.47998046875,1122.219970703125,1108.47998046875,1122.219970703125,1578200000.0,,,,,
2004-01-06,1122.219970703125,1124.4599609375,1118.43994140625,1123.6700439453125,1494500000.0,,,,,
2004-01-07,1123.6700439453125,1126.3299560546875,1116.449951171875,1126.3299560546875,1704900000.0,,,,,
2004-01-08,1126.3299560546875,1131.9200439453125,1124.9100341796875,1131.9200439453125,1868400000.0,,,,,
2004-01-09,1131.9200439453125,1131.9200439453125,1120.9000244140625,1121.8599853515625,1720700000.0,,,,,
2004-01-12,1121.8599853515625,1127.8499755859375,1120.9000244140625,1127.22998046875,1510200000.0,,,,,
2004-01-13,1127.22998046875,1129.0699462890625,1115.18994140625,1121.219970703125,1595900000.0,,,,,
2004-01-14,1121.219970703125,1130.75,1121.219970703125,1130.52001953125,1514600000.0,,,,,
2004-01-15,1130.52001953125,1137.1099853515625,1124.5400390625,1132.050048828125,1695000000.0,,,,,
2004-01-16,1132.050048828125,1139.8299560546875,1132.050048828125,1139.8299560546875,1721100000.0,,,,,
2004-01-20,1139.8299560546875,1142.9300537109375,1135.4000244140625,1138.77001953125,1698200000.0,,,,,
2004-01-21,1138.77001953125,1149.2099609375,1134.6199951171875,1147.6199951171875,1757600000.0,,,,,
2004-01-22,1147.6199951171875,1150.510009765625,1143.010009765625,1143.93994140625,1693700000.0,,,,,
2004-01-23,1143.93994140625,1150.31005859375,1136.8499755859375,1141.550048828125,1561200000.0,,,,,
2004-01-26,1141.550048828125,1155.3800048828125,1141.0,1155.3699951171875,1480600000.0,,,,,
2004-01-27,1155.3699951171875,1155.3699951171875,1144.050048828125,1144.050048828125,1673100000.0,,,,,
2004-01-28,1144.050048828125,1149.1400146484375,1126.5,1128.47998046875,1842000000.0,,,,,
2004-01-29,1128.47998046875,1134.3900146484375,1122.3800048828125,1134.1099853515625,1921900000.0,,,,,
2004-01-30,1134.1099853515625,1134.1700439453125,1127.72998046875,1131.1300048828125,1635000000.0,,,,,
2004-02-02,1131.1300048828125,1142.449951171875,1127.8699951171875,1135.260009765625,1599200000.0,,,,,
2004-02-03,1135.260009765625,1137.43994140625,1131.3299560546875,1136.030029296875,1476900000.0,,,,,
2004-02-04,1136.030029296875,1136.030029296875,1124.739990234375,1126.52001953125,1634800000.0,,,,,
2004-02-05,1126.52001953125,1131.1700439453125,1124.43994140625,1128.5899658203125,1566600000.0,,,,,
2004-02-06,1128.5899658203125,1142.7900390625,1128.3900146484375,1142.760009765625,1477600000.0,,,,,
2004-02-09,1142.760009765625,1144.4599609375,1139.2099609375,1139.81005859375,1303500000.0,,,,,
2004-02-10,1139.81005859375,1147.02001953125,1138.699951171875,1145.5400390625,1403900000.0,,,,,
2004-02-11,1145.5400390625,1158.8900146484375,1142.3299560546875,1157.760009765625,1699300000.0,,,,,
2004-02-12,1157.760009765625,1157.760009765625,1151.43994140625,1152.1099853515625,1464300000.0,,,,,
2004-02-13,1152.1099853515625,1156.8800048828125,1143.239990234375,1145.81005859375,1329200000.0,,,,,
2004-02-17,1145.81005859375,1158.97998046875,1145.81005859375,1156.989990234375,1396500000.0,,,,,
2004-02-18,1156.989990234375,1157.4000244140625,1149.5400390625,1151.8199462890625,1382400000.0,,,,,
2004-02-19,1151.8199462890625,1158.5699462890625,1146.8499755859375,1147.06005859375,1562800000.0,,,,,
2004-02-20,1147.06005859375,1149.81005859375,1139.0,1144.1099853515625,1479600000.0,,,,,
2004-02-23,1144.1099853515625,1146.68994140625,1136.97998046875,1140.989990234375,1380400000.0,,,,,
2004-02-24,1140.989990234375,1144.5400390625,1134.4300537109375,1139.0899658203125,1543600000.0,,,,,
2004-02-25,1139.0899658203125,1145.239990234375,1138.9599609375,1143.6700439453125,1360700000.0,,,,,
2004-02-26,1143.6700439453125,1147.22998046875,1138.6199951171875,1144.9100341796875,1383900000.0,,,,,
2004-02-27,1145.800048828125,1151.6800537109375,1141.800048828125,1144.93994140625,1540400000.0,,,,,
2004-03-01,1144.93994140625,1157.449951171875,1144.93994140625,1155.969970703125,1497100000.0,,,,,
2004-03-02,1155.969970703125,1156.5400390625,1147.31005859375,1149.0999755859375,1476000000.0,,,,,
2004-03-03,1149.0999755859375,1152.43994140625,1143.780029296875,1151.030029296875,1334500000.0,,,,,
2004-03-04,1151.030029296875,1154.969970703125,1149.81005859375,1154.8699951171875,1265800000.0,,,,,
2004-03-05,1154.8699951171875,1163.22998046875,1148.77001953125,1156.8599853515625,1398200000.0,,,,,
2004-03-08,1156.8599853515625,1159.93994140625,1146.969970703125,1147.199951171875,1254400000.0,,,,,
2004-03-09,1147.199951171875,1147.3199462890625,1136.8399658203125,1140.5799560546875,1499400000.0,,,,,
2004-03-10,1140.5799560546875,1141.449951171875,1122.530029296875,1123.8900146484375,1648400000.0,,,,,
2004-03-11,1123.8900146484375,1125.9599609375,1105.8699951171875,1106.780029296875,1889900000.0,,,,,
2004-03-12,1106.780029296875,1120.6300048828125,1106.780029296875,1120.5699462890625,1388500000.0,,,,,
2004-03-15,1120.5699462890625,1120.5699462890625,1103.3599853515625,1104.489990234375,1600600000.0,,,,,
2004-03-16,1104.489990234375,1113.760009765625,1102.6099853515625,1110.699951171875,1500700000.0,,,,,
2004-03-17,1110.699951171875,1125.760009765625,1110.699951171875,1123.75,1490100000.0,,,,,
2004-03-18,1123.75,1125.5,1113.25,1122.3199462890625,1369200000.0,,,,,
2004-03-19,1122.3199462890625,1122.719970703125,1109.68994140625,1109.780029296875,1457400000.0,,,,,
2004-03-22,1109.780029296875,1109.780029296875,1089.5400390625,1095.4000244140625,1452300000.0,,,,,
2004-03-23,1095.4000244140625,1101.52001953125,1091.5699462890625,1093.949951171875,1458200000.0,,,,,
2004-03-24,1093.949951171875,1098.3199462890625,1087.1600341796875,1091.3299560546875,1527800000.0,,,,,
2004-03-25,1091.3299560546875,1110.3800048828125,1091.3299560546875,1109.18994140625,1471700000.0,,,,,
2004-03-26,1109.18994140625,1115.27001953125,1106.1300048828125,1108.06005859375,1319100000.0,,,,,
2004-03-29,1108.06005859375,1124.3699951171875,1108.06005859375,1122.469970703125,1405500000.0,,,,,
2004-03-30,1122.469970703125,1127.5999755859375,1119.6600341796875,1127.0,1332400000.0,,,,,
2004-03-31,1127.0,1130.8299560546875,1121.4599609375,1126.2099609375,1560700000.0,,,,,
2004-04-01,1126.2099609375,1135.6700439453125,1126.199951171875,1132.1700439453125,1560700000.0,,,,,
2004-04-02,1132.1700439453125,1144.81005859375,1132.1700439453125,1141.81005859375,1629200000.0,,,,,
2004-04-05,1141.81005859375,1150.5699462890625,1141.6400146484375,1150.5699462890625,1413700000.0,,,,,
2004-04-06,1150.5699462890625,1150.5699462890625,1143.300048828125,1148.1600341796875,1397700000.0,,,,,
2004-04-07,1148.1600341796875,1148.1600341796875,1138.4100341796875,1140.530029296875,1458800000.0,,,,,
2004-04-08,1140.530029296875,1148.969970703125,1134.52001953125,1139.3199462890625,1199800000.0,,,,,
2004-04-12,1139.3199462890625,1147.2900390625,1139.3199462890625,1145.199951171875,1102400000.0,,,,,
2004-04-13,1145.199951171875,1147.780029296875,1127.699951171875,1129.43994140625,1423200000.0,,,,,
2004-04-14,1129.43994140625,1132.52001953125,1122.1500244140625,1128.1700439453125,1547700000.0,,,,,
2004-04-15,1128.1700439453125,1134.0799560546875,1120.75,1128.8399658203125,1568700000.0,,,,,
2004-04-16,1128.8399658203125,1136.800048828125,1126.9000244140625,1134.6099853515625,1487800000.0,,,,,
2004-04-19,1134.56005859375,1136.1800537109375,1129.8399658203125,1135.8199462890625,1194900000.0,,,,,
2004-04-20,1135.8199462890625,1139.260009765625,1118.0899658203125,1118.1500244140625,1508500000.0,,,,,
2004-04-21,1118.1500244140625,1125.719970703125,1116.030029296875,1124.0899658203125,1738100000.0,,,,,
2004-04-22,1124.0899658203125,1142.77001953125,1121.949951171875,1139.9300537109375,1826700000.0,,,,,
2004-04-23,1139.9300537109375,1141.9200439453125,1134.81005859375,1140.5999755859375,1396100000.0,,,,,
2004-04-26,1140.5999755859375,1145.0799560546875,1132.9100341796875,1135.530029296875,1290600000.0,,,,,
2004-04-27,1135.530029296875,1146.56005859375,1135.530029296875,1138.1099853515625,1518000000.0,,,,,
2004-04-28,1138.1099853515625,1138.1099853515625,1121.699951171875,1122.4100341796875,1855600000.0,,,,,
2004-04-29,1122.4100341796875,1128.800048828125,1108.0400390625,1113.8900146484375,1859000000.0,,,,,
2004-04-30,1113.8900146484375,1119.260009765625,1107.22998046875,1107.300048828125,1634700000.0,,,,,
2004-05-03,1107.300048828125,1118.719970703125,1107.300048828125,1117.489990234375,1571600000.0,,,,,
2004-05-04,1117.489990234375,1127.739990234375,1112.8900146484375,1119.550048828125,1662100000.0,,,,,
2004-05-05,1119.550048828125,1125.0699462890625,1117.9000244140625,1121.530029296875,1469000000.0,,,,,
2004-05-06,1121.530029296875,1121.530029296875,1106.300048828125,1113.989990234375,1509300000.0,,,,,
2004-05-07,1113.989990234375,1117.300048828125,1098.6300048828125,1098.699951171875,1653600000.0,,,,,
2004-05-10,1098.699951171875,1098.699951171875,1079.6300048828125,1087.1199951171875,1918400000.0,,,,,
2004-05-11,1087.1199951171875,1095.68994140625,1087.1199951171875,1095.449951171875,1533800000.0,,,,,
2004-05-12,1095.449951171875,1097.550048828125,1076.3199462890625,1097.280029296875,1697600000.0,,,,,
2004-05-13,1097.280029296875,1102.77001953125,1091.760009765625,1096.43994140625,1411100000.0,,,,,
2004-05-14,1096.43994140625,1102.0999755859375,1088.239990234375,1095.699951171875,1335900000.0,,,,,
2004-05-17,1095.699951171875,1095.699951171875,1079.3599853515625,1084.0999755859375,1430100000.0,,,,,
2004-05-18,1084.0999755859375,1094.0999755859375,1084.0999755859375,1091.489990234375,1353000000.0,,,,,
2004-05-19,1091.489990234375,1105.9300537109375,1088.489990234375,1088.6800537109375,1548600000.0,,,,,
2004-05-20,1088.6800537109375,1092.6199951171875,1085.4300537109375,1089.18994140625,1211000000.0,,,,,
2004-05-21,1089.18994140625,1099.6400146484375,1089.18994140625,1093.56005859375,1258600000.0,,,,,
2004-05-24,1093.56005859375,1101.280029296875,1091.77001953125,1095.4100341796875,1227500000.0,,,,,
2004-05-25,1095.4100341796875,1113.800048828125,1090.739990234375,1113.050048828125,1545700000.0,,,,,
2004-05-26,1113.050048828125,1116.7099609375,1109.9100341796875,1114.93994140625,1369400000.0,,,,,
2004-05-27,1114.93994140625,1123.949951171875,1114.8599853515625,1121.280029296875,1447500000.0,,,,,
2004-05-28,1121.280029296875,1122.68994140625,1118.0999755859375,1120.6800537109375,1172600000.0,,,,,
2004-06-01,1120.6800537109375,1122.699951171875,1113.3199462890625,1121.199951171875,1238000000.0,,,,,
2004-06-02,1121.199951171875,1128.0999755859375,1118.6400146484375,1124.989990234375,1251700000.0,,,,,
2004-06-03,1124.989990234375,1125.31005859375,1116.5699462890625,1116.6400146484375,1232400000.0,,,,,
2004-06-04,1116.6400146484375,1129.1700439453125,1116.6400146484375,1122.5,1115300000.0,,,,,
2004-06-07,1122.5,1140.5400390625,1122.5,1140.4200439453125,1211800000.0,,,,,
2004-06-08,1140.4200439453125,1142.1800537109375,1135.449951171875,1142.1800537109375,1190300000.0,,,,,
2004-06-09,1142.1800537109375,1142.1800537109375,1131.1700439453125,1131.3299560546875,1276800000.0,,,,,
2004-06-10,1131.3299560546875,1136.469970703125,1131.3299560546875,1136.469970703125,1160600000.0,,,,,
2004-06-14,1136.469970703125,1136.469970703125,1122.1600341796875,1125.2900390625,1179400000.0,,,,,
2004-06-15,1125.2900390625,1137.3599853515625,1125.2900390625,1132.010009765625,1345900000.0,,,,,
2004-06-16,1132.010009765625,1135.280029296875,1130.550048828125,1133.56005859375,1168400000.0,,,,,
2004-06-17,1133.56005859375,1133.56005859375,1126.8900146484375,1132.050048828125,1296700000.0,,,,,
2004-06-18,1132.050048828125,1138.9599609375,1129.8299560546875,1135.02001953125,1500600000.0,,,,,
2004-06-21,1135.02001953125,1138.050048828125,1129.6400146484375,1130.300048828125,1123900000.0,,,,,
2004-06-22,1130.300048828125,1135.050048828125,1124.3699951171875,1134.4100341796875,1382300000.0,,,,,
2004-06-23,1134.4100341796875,1145.1500244140625,1131.72998046875,1144.06005859375,1444200000.0,,,,,
2004-06-24,1144.06005859375,1146.3399658203125,1139.93994140625,1140.6500244140625,1394900000.0,,,,,
2004-06-25,1140.6500244140625,1145.969970703125,1134.239990234375,1134.4300537109375,1812900000.0,,,,,
2004-06-28,1134.4300537109375,1142.5999755859375,1131.719970703125,1133.3499755859375,1354600000.0,,,,,
2004-06-29,1133.3499755859375,1138.260009765625,1131.81005859375,1136.199951171875,1375000000.0,,,,,
2004-06-30,1136.199951171875,1144.199951171875,1133.6199951171875,1140.8399658203125,1473800000.0,,,,,
2004-07-01,1140.8399658203125,1140.8399658203125,1123.06005859375,1128.93994140625,1495700000.0,,,,,
2004-07-02,1128.93994140625,1129.1500244140625,1123.260009765625,1125.3800048828125,1085000000.0,,,,,
2004-07-06,1125.3800048828125,1125.3800048828125,1113.2099609375,1116.2099609375,1283300000.0,,,,,
2004-07-07,1116.2099609375,1122.3699951171875,1114.9200439453125,1118.3299560546875,1328600000.0,,,,,
2004-07-08,1118.3299560546875,1119.1199951171875,1108.719970703125,1109.1099853515625,1401100000.0,,,,,
2004-07-09,1109.1099853515625,1115.5699462890625,1109.1099853515625,1112.81005859375,1186300000.0,,,,,
2004-07-12,1112.81005859375,1116.1099853515625,1106.7099609375,1114.3499755859375,1114600000.0,,,,,
2004-07-13,1114.3499755859375,1116.300048828125,1112.989990234375,1115.1400146484375,1199700000.0,,,,,
2004-07-14,1115.1400146484375,1119.5999755859375,1107.8299560546875,1111.469970703125,1462000000.0,,,,,
2004-07-15,1111.469970703125,1114.6300048828125,1106.6700439453125,1106.68994140625,1408700000.0,,,,,
2004-07-16,1106.68994140625,1112.1700439453125,1101.0699462890625,1101.3900146484375,1450300000.0,,,,,
2004-07-19,1101.3900146484375,1105.52001953125,1096.550048828125,1100.9000244140625,1319900000.0,,,,,
2004-07-20,1100.9000244140625,1108.8800048828125,1099.0999755859375,1108.6700439453125,1445800000.0,,,,,
2004-07-21,1108.6700439453125,1116.27001953125,1093.8800048828125,1093.8800048828125,1679500000.0,,,,,
2004-07-22,1093.8800048828125,1099.6600341796875,1084.1600341796875,1096.8399658203125,1680800000.0,,,,,
2004-07-23,1096.8399658203125,1096.8399658203125,1083.56005859375,1086.199951171875,1337500000.0,,,,,
2004-07-26,1086.199951171875,1089.8199462890625,1078.780029296875,1084.0699462890625,1413400000.0,,,,,
2004-07-27,1084.0699462890625,1096.6500244140625,1084.0699462890625,1094.8299560546875,1610800000.0,,,,,
2004-07-28,1094.8299560546875,1098.8399658203125,1082.1700439453125,1095.4200439453125,1554300000.0,,,,,
2004-07-29,1095.4200439453125,1103.510009765625,1095.4200439453125,1100.4300537109375,1530100000.0,,,,,
2004-07-30,1100.4300537109375,1103.72998046875,1096.9599609375,1101.719970703125,1298200000.0,,,,,
2004-08-02,1101.719970703125,1108.5999755859375,1097.3399658203125,1106.6199951171875,1276000000.0,,,,,
2004-08-03,1106.6199951171875,1106.6199951171875,1099.260009765625,1099.68994140625,1338300000.0,,,,,
2004-08-04,1099.68994140625,1102.449951171875,1092.4000244140625,1098.6300048828125,1369200000.0,,,,,
2004-08-05,1098.6300048828125,1098.7900390625,1079.97998046875,1080.699951171875,1397400000.0,,,,,
2004-08-06,1080.699951171875,1080.699951171875,1062.22998046875,1063.969970703125,1521000000.0,,,,,
2004-08-09,1063.969970703125,1069.4599609375,1063.969970703125,1065.219970703125,1086000000.0,,,,,
2004-08-10,1065.219970703125,1079.0400390625,1065.219970703125,1079.0400390625,1245600000.0,,,,,
2004-08-11,1079.0400390625,1079.0400390625,1065.9200439453125,1075.7900390625,1410400000.0,,,,,
2004-08-12,1075.7900390625,1075.7900390625,1062.8199462890625,1063.22998046875,1405100000.0,,,,,
2004-08-13,1063.22998046875,1067.5799560546875,1060.719970703125,1064.800048828125,1175100000.0,,,,,
2004-08-16,1064.800048828125,1080.6600341796875,1064.800048828125,1079.3399658203125,1206200000.0,,,,,
2004-08-17,1079.3399658203125,1086.780029296875,1079.3399658203125,1081.7099609375,1267800000.0,,,,,
2004-08-18,1081.7099609375,1095.1700439453125,1078.9300537109375,1095.1700439453125,1282500000.0,,,,,
2004-08-19,1095.1700439453125,1095.1700439453125,1086.280029296875,1091.22998046875,1249400000.0,,,,,
2004-08-20,1091.22998046875,1100.260009765625,1089.5699462890625,1098.3499755859375,1199900000.0,,,,,
2004-08-23,1098.3499755859375,1101.4000244140625,1094.72998046875,1095.6800537109375,1021900000.0,,,,,
2004-08-24,1095.6800537109375,1100.93994140625,1092.8199462890625,1096.18994140625,1092500000.0,,,,,
2004-08-25,1096.18994140625,1106.2900390625,1093.239990234375,1104.9599609375,1192200000.0,,,,,
2004-08-26,1104.9599609375,1106.780029296875,1102.4599609375,1105.0899658203125,1023600000.0,,,,,
2004-08-27,1105.0899658203125,1109.6800537109375,1104.6199951171875,1107.77001953125,845400000.0,,,,,
2004-08-30,1107.77001953125,1107.77001953125,1099.1500244140625,1099.1500244140625,843100000.0,,,,,
2004-08-31,1099.1500244140625,1104.239990234375,1094.719970703125,1104.239990234375,1138200000.0,,,,,
2004-09-01,1104.239990234375,1109.239990234375,1099.1800537109375,1105.9100341796875,1142100000.0,,,,,
2004-09-02,1105.9100341796875,1119.1099853515625,1105.5999755859375,1118.31005859375,1118400000.0,,,,,
2004-09-03,1118.31005859375,1120.800048828125,1113.5699462890625,1113.6300048828125,924170000.0,,,,,
2004-09-07,1113.6300048828125,1124.0799560546875,1113.6300048828125,1121.300048828125,1214400000.0,,,,,
2004-09-08,1121.300048828125,1123.050048828125,1116.27001953125,1116.27001953125,1246300000.0,,,,,
2004-09-09,1116.27001953125,1121.300048828125,1113.6199951171875,1118.3800048828125,1371300000.0,,,,,
2004-09-10,1118.3800048828125,1125.260009765625,1114.3900146484375,1123.9200439453125,1261200000.0,,,,,
2004-09-13,1123.9200439453125,1129.780029296875,1123.3499755859375,1125.8199462890625,1299800000.0,,,,,
2004-09-14,1125.8199462890625,1129.4599609375,1124.719970703125,1128.3299560546875,1204500000.0,,,,,
2004-09-15,1128.3299560546875,1128.3299560546875,1119.8199462890625,1120.3699951171875,1256000000.0,,,,,
2004-09-16,1120.3699951171875,1126.06005859375,1120.3699951171875,1123.5,1113900000.0,,,,,
2004-09-17,1123.5,1130.1400146484375,1123.5,1128.550048828125,1422600000.0,,,,,
2004-09-20,1128.550048828125,1128.550048828125,1120.3399658203125,1122.199951171875,1197600000.0,,,,,
2004-09-21,1122.199951171875,1131.5400390625,1122.199951171875,1129.300048828125,1325000000.0,,,,,
2004-09-22,1129.300048828125,1129.300048828125,1112.6700439453125,1113.56005859375,1379900000.0,,,,,
2004-09-23,1113.56005859375,1113.6099853515625,1108.050048828125,1108.3599853515625,1286300000.0,,,,,
2004-09-24,1108.3599853515625,1113.81005859375,1108.3599853515625,1110.1099853515625,1255400000.0,,,,,
2004-09-27,1110.1099853515625,1110.1099853515625,1103.239990234375,1103.52001953125,1263500000.0,,,,,
2004-09-28,1103.52001953125,1111.77001953125,1101.2900390625,1110.06005859375,1396600000.0,,,,,
2004-09-29,1110.06005859375,1114.800048828125,1107.4200439453125,1114.800048828125,1402900000.0,,,,,
2004-09-30,1114.800048828125,1116.31005859375,1109.6800537109375,1114.5799560546875,1748000000.0,,,,,
2004-10-01,1114.5799560546875,1131.6400146484375,1114.5799560546875,1131.5,1582200000.0,,,,,
2004-10-04,1131.5,1140.1300048828125,1131.5,1135.1700439453125,1534000000.0,,,,,
2004-10-05,1135.1700439453125,1137.8699951171875,1132.030029296875,1134.47998046875,1418400000.0,,,,,
2004-10-06,1134.47998046875,1142.050048828125,1132.93994140625,1142.050048828125,1416700000.0,,,,,
2004-10-07,1142.050048828125,1142.050048828125,1130.5,1130.6500244140625,1447500000.0,,,,,
2004-10-08,1130.6500244140625,1132.9200439453125,1120.18994140625,1122.1400146484375,1291600000.0,,,,,
2004-10-11,1122.1400146484375,1126.199951171875,1122.1400146484375,1124.3900146484375,943800000.0,,,,,
2004-10-12,1124.3900146484375,1124.3900146484375,1115.77001953125,1121.8399658203125,1320100000.0,,,,,
2004-10-13,1121.8399658203125,1127.010009765625,1109.6300048828125,1113.6500244140625,1546200000.0,,,,,
2004-10-14,1113.6500244140625,1114.9599609375,1102.06005859375,1103.2900390625,1489500000.0,,,,,
2004-10-15,1103.2900390625,1113.1700439453125,1102.1400146484375,1108.199951171875,1645100000.0,,,,,
2004-10-18,1108.199951171875,1114.4599609375,1103.3299560546875,1114.02001953125,1373300000.0,,,,,
2004-10-19,1114.02001953125,1117.9599609375,1103.1500244140625,1103.22998046875,1737500000.0,,,,,
2004-10-20,1103.22998046875,1104.0899658203125,1094.25,1103.6600341796875,1685700000.0,,,,,
2004-10-21,1103.6600341796875,1108.8699951171875,1098.469970703125,1106.489990234375,1673000000.0,,,,,
2004-10-22,1106.489990234375,1108.1400146484375,1095.469970703125,1095.739990234375,1469600000.0,,,,,
2004-10-25,1095.739990234375,1096.81005859375,1090.2900390625,1094.800048828125,1380500000.0,,,,,
2004-10-26,1094.81005859375,1111.0999755859375,1094.81005859375,1111.0899658203125,1685400000.0,,,,,
2004-10-27,1111.0899658203125,1126.2900390625,1107.4300537109375,1125.4000244140625,1741900000.0,,,,,
2004-10-28,1125.3399658203125,1130.6700439453125,1120.5999755859375,1127.43994140625,1628200000.0,,,,,
2004-10-29,1127.43994140625,1131.4000244140625,1124.6199951171875,1130.199951171875,1500800000.0,,,,,
2004-11-01,1130.199951171875,1133.4100341796875,1127.5999755859375,1130.510009765625,1395900000.0,,,,,
2004-11-02,1130.510009765625,1140.47998046875,1128.1199951171875,1130.56005859375,1659000000.0,,,,,
2004-11-03,1130.5400390625,1147.5699462890625,1130.5400390625,1143.199951171875,1767500000.0,,,,,
2004-11-04,1143.199951171875,1161.6700439453125,1142.3399658203125,1161.6700439453125,1782700000.0,,,,,
2004-11-05,1161.6700439453125,1170.8699951171875,1160.6600341796875,1166.1700439453125,1724400000.0,,,,,
2004-11-08,1166.1700439453125,1166.77001953125,1162.3199462890625,1164.8900146484375,1358700000.0,,,,,
2004-11-09,1164.8900146484375,1168.9599609375,1162.47998046875,1164.0799560546875,1450800000.0,,,,,
2004-11-10,1164.0799560546875,1169.25,1162.510009765625,1162.9100341796875,1504300000.0,,,,,
2004-11-11,1162.9100341796875,1174.800048828125,1162.9100341796875,1173.47998046875,1393000000.0,,,,,
2004-11-12,1173.47998046875,1184.1700439453125,1171.4300537109375,1184.1700439453125,1531600000.0,,,,,
2004-11-15,1184.1700439453125,1184.47998046875,1179.8499755859375,1183.81005859375,1453300000.0,,,,,
2004-11-16,1183.81005859375,1183.81005859375,1175.3199462890625,1175.4300537109375,1364400000.0,,,,,
2004-11-17,1175.4300537109375,1188.4599609375,1175.4300537109375,1181.93994140625,1684200000.0,,,,,
2004-11-18,1181.93994140625,1184.9000244140625,1180.1500244140625,1183.550048828125,1456700000.0,,,,,
2004-11-19,1183.550048828125,1184.0,1169.18994140625,1170.3399658203125,1526600000.0,,,,,
2004-11-22,1170.3399658203125,1178.1800537109375,1167.8900146484375,1177.239990234375,1392700000.0,,,,,
2004-11-23,1177.239990234375,1179.52001953125,1171.4100341796875,1176.93994140625,1428300000.0,,,,,
2004-11-24,1176.93994140625,1182.4599609375,1176.93994140625,1181.760009765625,1149600000.0,,,,,
2004-11-26,1181.760009765625,1186.6199951171875,1181.0799560546875,1182.6500244140625,504580000.0,,,,,
2004-11-29,1182.6500244140625,1186.93994140625,1172.3699951171875,1178.5699462890625,1378500000.0,,,,,
2004-11-30,1178.5699462890625,1178.6600341796875,1173.81005859375,1173.8199462890625,1553500000.0,,,,,
2004-12-01,1173.780029296875,1191.3699951171875,1173.780029296875,1191.3699951171875,1772800000.0,,,,,
2004-12-02,1191.3699951171875,1194.800048828125,1186.719970703125,1190.3299560546875,1774900000.0,,,,,
2004-12-03,1190.3299560546875,1197.4599609375,1187.7099609375,1191.1700439453125,1566700000.0,,,,,
2004-12-06,1191.1700439453125,1192.4100341796875,1185.1800537109375,1190.25,1354400000.0,,,,,
2004-12-07,1190.25,1192.1700439453125,1177.0699462890625,1177.0699462890625,1533900000.0,,,,,
2004-12-08,1177.0699462890625,1184.050048828125,1177.0699462890625,1182.81005859375,1525200000.0,,,,,
2004-12-09,1182.81005859375,1190.510009765625,1173.7900390625,1189.239990234375,1624700000.0,,,,,
2004-12-10,1189.239990234375,1191.449951171875,1185.239990234375,1188.0,1443700000.0,,,,,
2004-12-13,1188.0,1198.739990234375,1188.0,1198.6800537109375,1436100000.0,,,,,
2004-12-14,1198.6800537109375,1205.2900390625,1197.8399658203125,1203.3800048828125,1544400000.0,,,,,
2004-12-15,1203.3800048828125,1206.6099853515625,1199.43994140625,1205.719970703125,1695800000.0,,,,,
2004-12-16,1205.719970703125,1207.969970703125,1198.4100341796875,1203.2099609375,1793900000.0,,,,,
2004-12-17,1203.2099609375,1203.2099609375,1193.489990234375,1194.199951171875,2335000000.0,,,,,
2004-12-20,1194.199951171875,1203.4300537109375,1193.3599853515625,1194.6500244140625,1422800000.0,,,,,
2004-12-21,1194.6500244140625,1205.9300537109375,1194.6500244140625,1205.449951171875,1483700000.0,,,,,
2004-12-22,1205.449951171875,1211.4200439453125,1203.8499755859375,1209.5699462890625,1390800000.0,,,,,
2004-12-23,1209.5699462890625,1213.6600341796875,1208.7099609375,1210.1300048828125,956100000.0,,,,,
2004-12-27,1210.1300048828125,1214.1300048828125,1204.9200439453125,1204.9200439453125,922000000.0,,,,,
2004-12-28,1204.9200439453125,1213.5400390625,1204.9200439453125,1213.5400390625,983000000.0,,,,,
2004-12-29,1213.5400390625,1213.8499755859375,1210.949951171875,1213.449951171875,925900000.0,,,,,
2004-12-30,1213.449951171875,1216.469970703125,1213.4100341796875,1213.550048828125,829800000.0,,,,,
2004-12-31,1213.550048828125,1217.3299560546875,1211.6500244140625,1211.9200439453125,786900000.0,,,,,
2005-01-03,1211.9200439453125,1217.800048828125,1200.3199462890625,1202.0799560546875,1510800000.0,,,,,
2005-01-04,1202.0799560546875,1205.8399658203125,1185.3900146484375,1188.050048828125,1721000000.0,,,,,
2005-01-05,1188.050048828125,1192.72998046875,1183.719970703125,1183.739990234375,1738900000.0,,,,,
2005-01-06,1183.739990234375,1191.6300048828125,1183.27001953125,1187.8900146484375,1569100000.0,,,,,
2005-01-07,1187.8900146484375,1192.199951171875,1182.1600341796875,1186.18994140625,1477900000.0,,,,,
2005-01-10,1186.18994140625,1194.780029296875,1184.800048828125,1190.25,1490400000.0,,,,,
2005-01-11,1190.25,1190.25,1180.4300537109375,1182.989990234375,1488800000.0,,,,,
2005-01-12,1182.989990234375,1187.9200439453125,1175.6400146484375,1187.699951171875,1562100000.0,,,,,
2005-01-13,1187.699951171875,1187.699951171875,1175.81005859375,1177.449951171875,1510300000.0,,,,,
2005-01-14,1177.449951171875,1185.2099609375,1177.449951171875,1184.52001953125,1335400000.0,,,,,
2005-01-18,1184.52001953125,1195.97998046875,1180.0999755859375,1195.97998046875,1596800000.0,,,,,
2005-01-19,1195.97998046875,1195.97998046875,1184.4100341796875,1184.6300048828125,1498700000.0,,,,,
2005-01-20,1184.6300048828125,1184.6300048828125,1173.4200439453125,1175.4100341796875,1692000000.0,,,,,
2005-01-21,1175.4100341796875,1179.449951171875,1167.8199462890625,1167.8699951171875,1643500000.0,,,,,
2005-01-24,1167.8699951171875,1173.030029296875,1163.75,1163.75,1494600000.0,,,,,
2005-01-25,1163.75,1174.300048828125,1163.75,1168.4100341796875,1610400000.0,,,,,
2005-01-26,1168.4100341796875,1175.9599609375,1168.4100341796875,1174.0699462890625,1635900000.0,,,,,
2005-01-27,1174.0699462890625,1177.5,1170.1500244140625,1174.550048828125,1600600000.0,,,,,
2005-01-28,1174.550048828125,1175.6099853515625,1166.25,1171.3599853515625,1641800000.0,,,,,
2005-01-31,1171.3599853515625,1182.0699462890625,1171.3599853515625,1181.27001953125,1679800000.0,,,,,
2005-02-01,1181.27001953125,1190.3900146484375,1180.949951171875,1189.4100341796875,1681980000.0,,,,,
2005-02-02,1189.4100341796875,1195.25,1188.9200439453125,1193.18994140625,1561740000.0,,,,,
2005-02-03,1193.18994140625,1193.18994140625,1185.6400146484375,1189.8900146484375,1554460000.0,,,,,
2005-02-04,1189.8900146484375,1203.469970703125,1189.6700439453125,1203.030029296875,1648160000.0,,,,,
2005-02-07,1203.030029296875,1204.1500244140625,1199.27001953125,1201.719970703125,1347270000.0,,,,,
2005-02-08,1201.719970703125,1205.1099853515625,1200.1600341796875,1202.300048828125,1416170000.0,,,,,
2005-02-09,1202.300048828125,1203.8299560546875,1191.5400390625,1191.989990234375,1511040000.0,,,,,
2005-02-10,1191.989990234375,1198.75,1191.5400390625,1197.010009765625,1491670000.0,,,,,
2005-02-11,1197.010009765625,1208.3800048828125,1193.280029296875,1205.300048828125,1562300000.0,,,,,
2005-02-14,1205.300048828125,1206.9300537109375,1203.5899658203125,1206.1400146484375,1290180000.0,,,,,
2005-02-15,1206.1400146484375,1212.43994140625,1205.52001953125,1210.1199951171875,1527080000.0,,,,,
2005-02-16,1210.1199951171875,1212.43994140625,1205.06005859375,1210.3399658203125,1490100000.0,,,,,
2005-02-17,1210.3399658203125,1211.3299560546875,1200.739990234375,1200.75,1580120000.0,,,,,
2005-02-18,1200.75,1202.9200439453125,1197.3499755859375,1201.5899658203125,1551200000.0,,,,,
2005-02-22,1201.5899658203125,1202.47998046875,1184.1600341796875,1184.1600341796875,1744940000.0,,,,,
2005-02-23,1184.1600341796875,1193.52001953125,1184.1600341796875,1190.800048828125,1501090000.0,,,,,
2005-02-24,1190.800048828125,1200.4200439453125,1187.800048828125,1200.199951171875,1518750000.0,,,,,
2005-02-25,1200.199951171875,1212.1500244140625,1199.6099853515625,1211.3699951171875,1523680000.0,,,,,
2005-02-28,1211.3699951171875,1211.3699951171875,1198.1300048828125,1203.5999755859375,1795480000.0,,,,,
2005-03-01,1203.5999755859375,1212.25,1203.5999755859375,1210.4100341796875,1708060000.0,,,,,
2005-03-02,1210.4100341796875,1215.7900390625,1204.219970703125,1210.0799560546875,1568540000.0,,,,,
2005-03-03,1210.0799560546875,1215.719970703125,1204.449951171875,1210.469970703125,1616240000.0,,,,,
2005-03-04,1210.469970703125,1224.760009765625,1210.469970703125,1222.1199951171875,1636820000.0,,,,,
2005-03-07,1222.1199951171875,1229.1099853515625,1222.1199951171875,1225.31005859375,1488830000.0,,,,,
2005-03-08,1225.31005859375,1225.68994140625,1218.5699462890625,1219.4300537109375,1523090000.0,,,,,
2005-03-09,1219.4300537109375,1219.4300537109375,1206.6600341796875,1207.010009765625,1704970000.0,,,,,
2005-03-10,1207.010009765625,1211.22998046875,1201.4100341796875,1209.25,1604020000.0,,,,,
2005-03-11,1209.25,1213.0400390625,1198.1500244140625,1200.0799560546875,1449820000.0,,,,,
2005-03-14,1200.0799560546875,1206.8299560546875,1199.510009765625,1206.8299560546875,1437430000.0,,,,,
2005-03-15,1206.8299560546875,1210.5400390625,1197.75,1197.75,1513530000.0,,,,,
2005-03-16,1197.75,1197.75,1185.6099853515625,1188.0699462890625,1653190000.0,,,,,
2005-03-17,1188.0699462890625,1193.280029296875,1186.3399658203125,1190.2099609375,1581930000.0,,,,,
2005-03-18,1190.2099609375,1191.97998046875,1182.780029296875,1189.6500244140625,2344370000.0,,,,,
2005-03-21,1189.6500244140625,1189.6500244140625,1178.8199462890625,1183.780029296875,1819440000.0,,,,,
2005-03-22,1183.780029296875,1189.5899658203125,1171.6300048828125,1171.7099609375,2114470000.0,,,,,
2005-03-23,1171.7099609375,1176.260009765625,1168.699951171875,1172.530029296875,2246870000.0,,,,,
2005-03-24,1172.530029296875,1180.1099853515625,1171.4200439453125,1171.4200439453125,1721720000.0,,,,,
2005-03-28,1171.4200439453125,1179.9100341796875,1171.4200439453125,1174.280029296875,1746220000.0,,,,,
2005-03-29,1174.280029296875,1179.3900146484375,1163.68994140625,1165.3599853515625,2223250000.0,,,,,
2005-03-30,1165.3599853515625,1181.5400390625,1165.3599853515625,1181.4100341796875,2097110000.0,,,,,
2005-03-31,1181.4100341796875,1184.530029296875,1179.489990234375,1180.5899658203125,2214230000.0,,,,,
2005-04-01,1180.5899658203125,1189.800048828125,1169.9100341796875,1172.9200439453125,2168690000.0,,,,,
2005-04-04,1172.7900390625,1178.6099853515625,1167.719970703125,1176.1199951171875,2079770000.0,,,,,
2005-04-05,1176.1199951171875,1183.56005859375,1176.1199951171875,1181.3900146484375,1870800000.0,,,,,
2005-04-06,1181.3900146484375,1189.3399658203125,1181.3900146484375,1184.0699462890625,1797400000.0,,,,,
2005-04-07,1184.0699462890625,1191.8800048828125,1183.81005859375,1191.1400146484375,1900620000.0,,,,,
2005-04-08,1191.1400146484375,1191.75,1181.1300048828125,1181.199951171875,1661330000.0,,,,,
2005-04-11,1181.199951171875,1184.0699462890625,1178.68994140625,1181.2099609375,1525310000.0,,,,,
2005-04-12,1181.2099609375,1190.1700439453125,1170.8499755859375,1187.760009765625,1979830000.0,,,,,
2005-04-13,1187.760009765625,1187.760009765625,1171.4000244140625,1173.7900390625,2049740000.0,,,,,
2005-04-14,1173.7900390625,1174.6700439453125,1161.699951171875,1162.050048828125,2355040000.0,,,,,
2005-04-15,1162.050048828125,1162.050048828125,1141.9200439453125,1142.6199951171875,2689960000.0,,,,,
2005-04-18,1142.6199951171875,1148.9200439453125,1139.800048828125,1145.97998046875,2180670000.0,,,,,
2005-04-19,1145.97998046875,1154.6700439453125,1145.97998046875,1152.780029296875,2142700000.0,,,,,
2005-04-20,1152.780029296875,1155.5,1136.1500244140625,1137.5,2217050000.0,,,,,
2005-04-21,1137.5,1159.949951171875,1137.5,1159.949951171875,2308560000.0,,,,,
2005-04-22,1159.949951171875,1159.949951171875,1142.949951171875,1152.1199951171875,2045880000.0,,,,,
2005-04-25,1152.1199951171875,1164.050048828125,1152.1199951171875,1162.0999755859375,1795030000.0,,,,,
2005-04-26,1162.0999755859375,1164.800048828125,1151.8299560546875,1151.8299560546875,1959740000.0,,,,,
2005-04-27,1151.739990234375,1159.8699951171875,1144.4200439453125,1156.3800048828125,2151520000.0,,,,,
2005-04-28,1156.3800048828125,1156.3800048828125,1143.219970703125,1143.219970703125,2182270000.0,,,,,
2005-04-29,1143.219970703125,1156.969970703125,1139.18994140625,1156.8499755859375,2362360000.0,,,,,
2005-05-02,1156.8499755859375,1162.8699951171875,1154.7099609375,1162.1600341796875,1980040000.0,,,,,
2005-05-03,1162.1600341796875,1166.8900146484375,1156.7099609375,1161.1700439453125,2167020000.0,,,,,
2005-05-04,1161.1700439453125,1176.010009765625,1161.1700439453125,1175.6500244140625,2306480000.0,,,,,
2005-05-05,1175.6500244140625,1178.6199951171875,1166.77001953125,1172.6300048828125,1997100000.0,,,,,
2005-05-06,1172.6300048828125,1177.75,1170.5,1171.3499755859375,1707200000.0,,,,,
2005-05-09,1171.3499755859375,1178.8699951171875,1169.3800048828125,1178.8399658203125,1857020000.0,,,,,
2005-05-10,1178.8399658203125,1178.8399658203125,1162.97998046875,1166.219970703125,1889660000.0,,,,,
2005-05-11,1166.219970703125,1171.77001953125,1157.7099609375,1171.1099853515625,1834970000.0,,,,,
2005-05-12,1171.1099853515625,1173.3699951171875,1157.760009765625,1159.3599853515625,1995290000.0,,,,,
2005-05-13,1159.3599853515625,1163.75,1146.1800537109375,1154.050048828125,2188590000.0,,,,,
2005-05-16,1154.050048828125,1165.75,1153.6400146484375,1165.68994140625,1856860000.0,,,,,
2005-05-17,1165.68994140625,1174.3499755859375,1159.8599853515625,1173.800048828125,1887260000.0,,,,,
2005-05-18,1173.800048828125,1187.9000244140625,1173.800048828125,1185.56005859375,2266320000.0,,,,,
2005-05-19,1185.56005859375,1191.0899658203125,1184.489990234375,1191.0799560546875,1775860000.0,,,,,
2005-05-20,1191.0799560546875,1191.219970703125,1185.18994140625,1189.280029296875,1631750000.0,,,,,
2005-05-23,1189.280029296875,1197.43994140625,1188.760009765625,1193.8599853515625,1681170000.0,,,,,
2005-05-24,1193.8599853515625,1195.2900390625,1189.8699951171875,1194.0699462890625,1681000000.0,,,,,
2005-05-25,1194.0699462890625,1194.0699462890625,1185.9599609375,1190.010009765625,1742180000.0,,,,,
2005-05-26,1190.010009765625,1198.949951171875,1190.010009765625,1197.6199951171875,1654110000.0,,,,,
2005-05-27,1197.6199951171875,1199.56005859375,1195.280029296875,1198.780029296875,1381430000.0,,,,,
2005-05-31,1198.780029296875,1198.780029296875,1191.5,1191.5,1840680000.0,,,,,
2005-06-01,1191.5,1205.6400146484375,1191.030029296875,1202.219970703125,1810100000.0,,,,,
2005-06-02,1202.27001953125,1204.6700439453125,1198.4200439453125,1204.2900390625,1813790000.0,,,,,
2005-06-03,1204.2900390625,1205.0899658203125,1194.550048828125,1196.02001953125,1627520000.0,,,,,
2005-06-06,1196.02001953125,1198.780029296875,1192.75,1197.510009765625,1547120000.0,,,,,
2005-06-07,1197.510009765625,1208.8499755859375,1197.260009765625,1197.260009765625,1851370000.0,,,,,
2005-06-08,1197.260009765625,1201.969970703125,1193.3299560546875,1194.6700439453125,1715490000.0,,,,,
2005-06-09,1194.6700439453125,1201.8599853515625,1191.0899658203125,1200.9300537109375,1824120000.0,,,,,
2005-06-10,1200.9300537109375,1202.7900390625,1192.6400146484375,1198.1099853515625,1664180000.0,,,,,
2005-06-13,1198.1099853515625,1206.030029296875,1194.510009765625,1200.8199462890625,1661350000.0,,,,,
2005-06-14,1200.8199462890625,1207.530029296875,1200.1800537109375,1203.9100341796875,1698150000.0,,,,,
2005-06-15,1203.9100341796875,1208.0799560546875,1198.6600341796875,1206.5799560546875,1840440000.0,,,,,
2005-06-16,1206.550048828125,1212.0999755859375,1205.469970703125,1210.9599609375,1776040000.0,,,,,
2005-06-17,1210.9300537109375,1219.550048828125,1210.9300537109375,1216.9599609375,2407370000.0,,,,,
2005-06-20,1216.9599609375,1219.0999755859375,1210.6500244140625,1216.0999755859375,1714530000.0,,,,,
2005-06-21,1216.0999755859375,1217.1300048828125,1211.8599853515625,1213.6099853515625,1720700000.0,,,,,
2005-06-22,1213.6099853515625,1219.5899658203125,1211.68994140625,1213.8800048828125,1823250000.0,,,,,
2005-06-23,1213.8800048828125,1216.449951171875,1200.719970703125,1200.72998046875,2029920000.0,,,,,
2005-06-24,1200.72998046875,1200.9000244140625,1191.449951171875,1191.5699462890625,2418800000.0,,,,,
2005-06-27,1191.5699462890625,1194.3299560546875,1188.300048828125,1190.68994140625,1738620000.0,,,,,
2005-06-28,1190.68994140625,1202.5400390625,1190.68994140625,1201.5699462890625,1772410000.0,,,,,
2005-06-29,1201.5699462890625,1204.0699462890625,1198.699951171875,1199.8499755859375,1769280000.0,,,,,
2005-06-30,1199.8499755859375,1203.27001953125,1190.510009765625,1191.3299560546875,2109490000.0,,,,,
2005-07-01,1191.3299560546875,1197.8900146484375,1191.3299560546875,1194.43994140625,1593820000.0,,,,,
2005-07-05,1194.43994140625,1206.3399658203125,1192.489990234375,1204.989990234375,1805820000.0,,,,,
2005-07-06,1204.989990234375,1206.1099853515625,1194.780029296875,1194.93994140625,1883470000.0,,,,,
2005-07-07,1194.93994140625,1198.4599609375,1183.550048828125,1197.8699951171875,1952440000.0,,,,,
2005-07-08,1197.8699951171875,1212.72998046875,1197.199951171875,1211.8599853515625,1900810000.0,,,,,
2005-07-11,1211.8599853515625,1220.030029296875,1211.8599853515625,1219.43994140625,1846300000.0,,,,,
2005-07-12,1219.43994140625,1225.5400390625,1216.5999755859375,1222.2099609375,1932010000.0,,,,,
2005-07-13,1222.2099609375,1224.4599609375,1219.6400146484375,1223.2900390625,1812500000.0,,,,,
2005-07-14,1223.2900390625,1233.1600341796875,1223.2900390625,1226.5,2048710000.0,,,,,
2005-07-15,1226.5,1229.530029296875,1223.5,1227.9200439453125,1716400000.0,,,,,
2005-07-18,1227.9200439453125,1227.9200439453125,1221.1300048828125,1221.1300048828125,1582100000.0,,,,,
2005-07-19,1221.1300048828125,1230.3399658203125,1221.1300048828125,1229.3499755859375,2041280000.0,,,,,
2005-07-20,1229.3499755859375,1236.56005859375,1222.9100341796875,1235.199951171875,2063340000.0,,,,,
2005-07-21,1235.199951171875,1235.8299560546875,1224.699951171875,1227.0400390625,2129840000.0,,,,,
2005-07-22,1227.0400390625,1234.18994140625,1226.1500244140625,1233.6800537109375,1766990000.0,,,,,
2005-07-25,1233.6800537109375,1238.3599853515625,1228.1500244140625,1229.030029296875,1717580000.0,,,,,
2005-07-26,1229.030029296875,1234.4200439453125,1229.030029296875,1231.1600341796875,1934180000.0,,,,,
2005-07-27,1231.1600341796875,1237.6400146484375,1230.1500244140625,1236.7900390625,1945800000.0,,,,,
2005-07-28,1236.7900390625,1245.1500244140625,1235.81005859375,1243.719970703125,2001680000.0,,,,,
2005-07-29,1243.719970703125,1245.0400390625,1234.1800537109375,1234.1800537109375,1789600000.0,,,,,
2005-08-01,1234.1800537109375,1239.0999755859375,1233.800048828125,1235.3499755859375,1716870000.0,,,,,
2005-08-02,1235.3499755859375,1244.68994140625,1235.3499755859375,1244.1199951171875,2043120000.0,,,,,
2005-08-03,1244.1199951171875,1245.8599853515625,1240.5699462890625,1245.0400390625,1999980000.0,,,,,
2005-08-04,1245.0400390625,1245.0400390625,1235.1500244140625,1235.8599853515625,1981220000.0,,,,,
2005-08-05,1235.8599853515625,1235.8599853515625,1225.6199951171875,1226.4200439453125,1930280000.0,,,,,
2005-08-08,1226.4200439453125,1232.280029296875,1222.6700439453125,1223.1300048828125,1804140000.0,,,,,
2005-08-09,1223.1300048828125,1234.1099853515625,1223.1300048828125,1231.3800048828125,1897520000.0,,,,,
2005-08-10,1231.3800048828125,1242.68994140625,1226.5799560546875,1229.1300048828125,2172320000.0,,,,,
2005-08-11,1229.1300048828125,1237.81005859375,1228.3299560546875,1237.81005859375,1941560000.0,,,,,
2005-08-12,1237.81005859375,1237.81005859375,1225.8699951171875,1230.3900146484375,1709300000.0,,,,,
2005-08-15,1230.4000244140625,1236.239990234375,1226.199951171875,1233.8699951171875,1562880000.0,,,,,
2005-08-16,1233.8699951171875,1233.8699951171875,1219.050048828125,1219.3399658203125,1820410000.0,,,,,
2005-08-17,1219.3399658203125,1225.6300048828125,1218.0699462890625,1220.239990234375,1859150000.0,,,,,
2005-08-18,1220.239990234375,1222.6400146484375,1215.9300537109375,1219.02001953125,1808170000.0,,,,,
2005-08-19,1219.02001953125,1225.0799560546875,1219.02001953125,1219.7099609375,1558790000.0,,,,,
2005-08-22,1219.7099609375,1228.9599609375,1216.469970703125,1221.72998046875,1621330000.0,,,,,
2005-08-23,1221.72998046875,1223.0400390625,1214.43994140625,1217.5899658203125,1678620000.0,,,,,
2005-08-24,1217.5699462890625,1224.1500244140625,1209.3699951171875,1209.5899658203125,1930800000.0,,,,,
2005-08-25,1209.5899658203125,1213.72998046875,1209.5699462890625,1212.3699951171875,1571110000.0,,,,,
2005-08-26,1212.4000244140625,1212.4000244140625,1204.22998046875,1205.0999755859375,1541090000.0,,,,,
2005-08-29,1205.0999755859375,1214.280029296875,1201.530029296875,1212.280029296875,1599450000.0,,,,,
2005-08-30,1212.280029296875,1212.280029296875,1201.0699462890625,1208.4100341796875,1916470000.0,,,,,
2005-08-31,1208.4100341796875,1220.3599853515625,1204.4000244140625,1220.3299560546875,2365510000.0,,,,,
2005-09-01,1220.3299560546875,1227.2900390625,1216.1800537109375,1221.5899658203125,2229860000.0,,,,,
2005-09-02,1221.5899658203125,1224.449951171875,1217.75,1218.02001953125,1640160000.0,,,,,
2005-09-06,1218.02001953125,1233.6099853515625,1218.02001953125,1233.3900146484375,1932090000.0,,,,,
2005-09-07,1233.3900146484375,1237.06005859375,1230.9300537109375,1236.3599853515625,2067700000.0,,,,,
2005-09-08,1236.3599853515625,1236.3599853515625,1229.510009765625,1231.6700439453125,1955380000.0,,,,,
2005-09-09,1231.6700439453125,1243.1300048828125,1231.6700439453125,1241.47998046875,1992560000.0,,,,,
2005-09-12,1241.47998046875,1242.5999755859375,1239.1500244140625,1240.56005859375,1938050000.0,,,,,
2005-09-13,1240.5699462890625,1240.5699462890625,1231.199951171875,1231.199951171875,2082360000.0,,,,,
2005-09-14,1231.199951171875,1234.739990234375,1226.1600341796875,1227.1600341796875,1986750000.0,,,,,
2005-09-15,1227.1600341796875,1231.8800048828125,1224.8499755859375,1227.72998046875,2079340000.0,,,,,
2005-09-16,1228.4200439453125,1237.949951171875,1228.4200439453125,1237.9100341796875,3152470000.0,,,,,
2005-09-19,1237.9100341796875,1237.9100341796875,1227.6500244140625,1231.02001953125,2076540000.0,,,,,
2005-09-20,1231.02001953125,1236.489990234375,1220.0699462890625,1221.3399658203125,2319250000.0,,,,,
2005-09-21,1221.3399658203125,1221.52001953125,1209.8900146484375,1210.199951171875,2548150000.0,,,,,
2005-09-22,1210.199951171875,1216.6400146484375,1205.3499755859375,1214.6199951171875,2424720000.0,,,,,
2005-09-23,1214.6199951171875,1218.8299560546875,1209.800048828125,1215.2900390625,1973020000.0,,,,,
2005-09-26,1215.2900390625,1222.56005859375,1211.8399658203125,1215.6300048828125,2022220000.0,,,,,
2005-09-27,1215.6300048828125,1220.1700439453125,1211.1099853515625,1215.6600341796875,1976270000.0,,,,,
2005-09-28,1215.6600341796875,1220.97998046875,1212.719970703125,1216.8900146484375,2106980000.0,,,,,
2005-09-29,1216.8900146484375,1228.699951171875,1211.5400390625,1227.6800537109375,2176120000.0,,,,,
2005-09-30,1227.6800537109375,1229.5699462890625,1225.219970703125,1228.81005859375,2097520000.0,,,,,
2005-10-03,1228.81005859375,1233.3399658203125,1225.1500244140625,1226.699951171875,2097490000.0,,,,,
2005-10-04,1226.699951171875,1229.8800048828125,1214.02001953125,1214.469970703125,2341420000.0,,,,,
2005-10-05,1214.469970703125,1214.469970703125,1196.25,1196.3900146484375,2546780000.0,,,,,
2005-10-06,1196.3900146484375,1202.1400146484375,1181.9200439453125,1191.489990234375,2792030000.0,,,,,
2005-10-07,1191.489990234375,1199.7099609375,1191.4599609375,1195.9000244140625,2126080000.0,,,,,
2005-10-10,1195.9000244140625,1196.52001953125,1186.1199951171875,1187.3299560546875,2195990000.0,,,,,
2005-10-11,1187.3299560546875,1193.0999755859375,1183.1600341796875,1184.8699951171875,2299040000.0,,,,,
2005-10-12,1184.8699951171875,1190.02001953125,1173.6500244140625,1177.6800537109375,2491280000.0,,,,,
2005-10-13,1177.6800537109375,1179.56005859375,1168.199951171875,1176.8399658203125,2351150000.0,,,,,
2005-10-14,1176.8399658203125,1187.1300048828125,1175.43994140625,1186.5699462890625,2188940000.0,,,,,
2005-10-17,1186.5699462890625,1191.2099609375,1184.47998046875,1190.0999755859375,2054570000.0,,,,,
2005-10-18,1190.0999755859375,1190.0999755859375,1178.1300048828125,1178.1400146484375,2197010000.0,,,,,
2005-10-19,1178.1400146484375,1195.760009765625,1170.550048828125,1195.760009765625,2703590000.0,,,,,
2005-10-20,1195.760009765625,1197.300048828125,1173.300048828125,1177.800048828125,2617250000.0,,,,,
2005-10-21,1177.800048828125,1186.4599609375,1174.9200439453125,1179.5899658203125,2470920000.0,,,,,
2005-10-24,1179.5899658203125,1199.3900146484375,1179.5899658203125,1199.3800048828125,2197790000.0,,,,,
2005-10-25,1199.3800048828125,1201.300048828125,1189.2900390625,1196.5400390625,2312470000.0,,,,,
2005-10-26,1196.5400390625,1204.010009765625,1191.3800048828125,1191.3800048828125,2467750000.0,,,,,
2005-10-27,1191.3800048828125,1192.6500244140625,1178.8900146484375,1178.9000244140625,2395370000.0,,,,,
2005-10-28,1178.9000244140625,1198.4100341796875,1178.9000244140625,1198.4100341796875,2379400000.0,,,,,
2005-10-31,1198.4100341796875,1211.4300537109375,1198.4100341796875,1207.010009765625,2567470000.0,,,,,
2005-11-01,1207.010009765625,1207.3399658203125,1201.6600341796875,1202.760009765625,2457850000.0,,,,,
2005-11-02,1202.760009765625,1215.1700439453125,1201.0699462890625,1214.760009765625,2648090000.0,,,,,
2005-11-03,1214.760009765625,1224.699951171875,1214.760009765625,1219.93994140625,2716630000.0,,,,,
2005-11-04,1219.93994140625,1222.52001953125,1214.449951171875,1220.1400146484375,2050510000.0,,,,,
2005-11-07,1220.1400146484375,1224.1800537109375,1217.2900390625,1222.81005859375,1987580000.0,,,,,
2005-11-08,1222.81005859375,1222.81005859375,1216.0799560546875,1218.5899658203125,1965050000.0,,,,,
2005-11-09,1218.5899658203125,1226.5899658203125,1216.530029296875,1220.6500244140625,2214460000.0,,,,,
2005-11-10,1220.6500244140625,1232.4100341796875,1215.050048828125,1230.9599609375,2378460000.0,,,,,
2005-11-11,1230.9599609375,1235.699951171875,1230.719970703125,1234.719970703125,1773140000.0,,,,,
2005-11-14,1234.719970703125,1237.199951171875,1231.780029296875,1233.760009765625,1899780000.0,,,,,
2005-11-15,1233.760009765625,1237.93994140625,1226.4100341796875,1229.010009765625,2359370000.0,,,,,
2005-11-16,1229.010009765625,1232.239990234375,1227.1800537109375,1231.2099609375,2121580000.0,,,,,
2005-11-17,1231.2099609375,1242.9599609375,1231.2099609375,1242.800048828125,2298040000.0,,,,,
2005-11-18,1242.800048828125,1249.5799560546875,1240.7099609375,1248.27001953125,2453290000.0,,,,,
2005-11-21,1248.27001953125,1255.8900146484375,1246.9000244140625,1254.8499755859375,2117350000.0,,,,,
2005-11-22,1254.8499755859375,1261.9000244140625,1251.4000244140625,1261.22998046875,2291420000.0,,,,,
2005-11-23,1261.22998046875,1270.6400146484375,1259.510009765625,1265.6099853515625,1985400000.0,,,,,
2005-11-25,1265.6099853515625,1268.780029296875,1265.5400390625,1268.25,724940000.0,,,,,
2005-11-28,1268.25,1268.43994140625,1257.1700439453125,1257.4599609375,2016900000.0,,,,,
2005-11-29,1257.4599609375,1266.1800537109375,1257.4599609375,1257.47998046875,2268340000.0,,,,,
2005-11-30,1257.47998046875,1260.9300537109375,1249.3900146484375,1249.47998046875,2374690000.0,,,,,
2005-12-01,1249.47998046875,1266.1700439453125,1249.47998046875,1264.6700439453125,2614830000.0,,,,,
2005-12-02,1264.6700439453125,1266.8499755859375,1261.4200439453125,1265.0799560546875,2125580000.0,,,,,
2005-12-05,1265.0799560546875,1265.0799560546875,1258.1199951171875,1262.0899658203125,2325840000.0,,,,,
2005-12-06,1262.0899658203125,1272.8900146484375,1262.0899658203125,1263.699951171875,2110740000.0,,,,,
2005-12-07,1263.699951171875,1264.8499755859375,1253.02001953125,1257.3699951171875,2093830000.0,,,,,
2005-12-08,1257.3699951171875,1263.3599853515625,1250.9100341796875,1255.8399658203125,2178300000.0,,,,,
2005-12-09,1255.8399658203125,1263.0799560546875,1254.239990234375,1259.3699951171875,1896290000.0,,,,,
2005-12-12,1259.3699951171875,1263.8599853515625,1255.52001953125,1260.4300537109375,1876550000.0,,,,,
2005-12-13,1260.4300537109375,1272.1099853515625,1258.56005859375,1267.4300537109375,2390020000.0,,,,,
2005-12-14,1267.4300537109375,1275.800048828125,1267.0699462890625,1272.739990234375,2145520000.0,,,,,
2005-12-15,1272.739990234375,1275.1700439453125,1267.739990234375,1270.93994140625,2180590000.0,,,,,
2005-12-16,1270.93994140625,1275.239990234375,1267.3199462890625,1267.3199462890625,2584190000.0,,,,,
2005-12-19,1267.3199462890625,1270.510009765625,1259.280029296875,1259.9200439453125,2208810000.0,,,,,
2005-12-20,1259.9200439453125,1263.8599853515625,1257.2099609375,1259.6199951171875,1996690000.0,,,,,
2005-12-21,1259.6199951171875,1269.3699951171875,1259.6199951171875,1262.7900390625,2065170000.0,,,,,
2005-12-22,1262.7900390625,1268.18994140625,1262.5,1268.1199951171875,1888500000.0,,,,,
2005-12-23,1268.1199951171875,1269.760009765625,1265.9200439453125,1268.6600341796875,1285810000.0,,,,,
2005-12-27,1268.6600341796875,1271.8299560546875,1256.5400390625,1256.5400390625,1540470000.0,,,,,
2005-12-28,1256.5400390625,1261.0999755859375,1256.5400390625,1258.1700439453125,1422360000.0,,,,,
2005-12-29,1258.1700439453125,1260.6099853515625,1254.1800537109375,1254.4200439453125,1382540000.0,,,,,
2005-12-30,1254.4200439453125,1254.4200439453125,1246.5899658203125,1248.2900390625,1443500000.0,,,,,
2006-01-03,1248.2900390625,1270.219970703125,1245.739990234375,1268.800048828125,2554570000.0,,,,,
2006-01-04,1268.800048828125,1275.3699951171875,1267.739990234375,1273.4599609375,2515330000.0,,,,,
2006-01-05,1273.4599609375,1276.9100341796875,1270.300048828125,1273.47998046875,2433340000.0,,,,,
2006-01-06,1273.47998046875,1286.0899658203125,1273.47998046875,1285.449951171875,2446560000.0,,,,,
2006-01-09,1285.449951171875,1290.780029296875,1284.8199462890625,1290.1500244140625,2301490000.0,,,,,
2006-01-10,1290.1500244140625,1290.1500244140625,1283.760009765625,1289.68994140625,2373080000.0,,,,,
2006-01-11,1289.719970703125,1294.9000244140625,1288.1199951171875,1294.1800537109375,2406130000.0,,,,,
2006-01-12,1294.1800537109375,1294.1800537109375,1285.0400390625,1286.06005859375,2318350000.0,,,,,
2006-01-13,1286.06005859375,1288.9599609375,1282.780029296875,1287.6099853515625,2206510000.0,,,,,
2006-01-17,1287.6099853515625,1287.6099853515625,1278.6099853515625,1282.9300537109375,2179970000.0,,,,,
2006-01-18,1282.9300537109375,1282.9300537109375,1272.0799560546875,1277.9300537109375,2233200000.0,,,,,
2006-01-19,1277.9300537109375,1287.7900390625,1277.9300537109375,1285.0400390625,2444020000.0,,,,,
2006-01-20,1285.0400390625,1285.0400390625,1260.9200439453125,1261.489990234375,2845810000.0,,,,,
2006-01-23,1261.489990234375,1268.18994140625,1261.489990234375,1263.8199462890625,2256070000.0,,,,,
2006-01-24,1263.8199462890625,1271.469970703125,1263.8199462890625,1266.8599853515625,2608720000.0,,,,,
2006-01-25,1266.8599853515625,1271.8699951171875,1259.4200439453125,1264.6800537109375,2617060000.0,,,,,
2006-01-26,1264.6800537109375,1276.43994140625,1264.6800537109375,1273.8299560546875,2856780000.0,,,,,
2006-01-27,1273.8299560546875,1286.3800048828125,1273.8299560546875,1283.719970703125,2623620000.0,,,,,
2006-01-30,1283.719970703125,1287.93994140625,1283.510009765625,1285.18994140625,2282730000.0,,,,,
2006-01-31,1285.199951171875,1285.199951171875,1276.8499755859375,1280.0799560546875,2708310000.0,,,,,
2006-02-01,1280.0799560546875,1283.3299560546875,1277.5699462890625,1282.4599609375,2589410000.0,,,,,
2006-02-02,1282.4599609375,1282.4599609375,1267.719970703125,1270.8399658203125,2565300000.0,,,,,
2006-02-03,1270.8399658203125,1270.8699951171875,1261.02001953125,1264.030029296875,2282210000.0,,,,,
2006-02-06,1264.030029296875,1267.0400390625,1261.6199951171875,1265.02001953125,2132360000.0,,,,,
2006-02-07,1265.02001953125,1265.780029296875,1253.6099853515625,1254.780029296875,2366370000.0,,,,,
2006-02-08,1254.780029296875,1266.469970703125,1254.780029296875,1265.6500244140625,2456860000.0,,,,,
2006-02-09,1265.6500244140625,1274.56005859375,1262.800048828125,1263.780029296875,2441920000.0,,,,,
2006-02-10,1263.8199462890625,1269.8900146484375,1254.97998046875,1266.989990234375,2290050000.0,,,,,
2006-02-13,1266.989990234375,1266.989990234375,1258.3399658203125,1262.8599853515625,1850080000.0,,,,,
2006-02-14,1262.8599853515625,1278.2099609375,1260.800048828125,1275.530029296875,2437940000.0,,,,,
2006-02-15,1275.530029296875,1281.0,1271.06005859375,1280.0,2317590000.0,,,,,
2006-02-16,1280.0,1289.3900146484375,1280.0,1289.3800048828125,2251490000.0,,,,,
2006-02-17,1289.3800048828125,1289.469970703125,1284.0699462890625,1287.239990234375,2128260000.0,,,,,
2006-02-21,1287.239990234375,1291.9200439453125,1281.3299560546875,1283.030029296875,2104320000.0,,,,,
2006-02-22,1283.030029296875,1294.1700439453125,1283.030029296875,1292.6700439453125,2222380000.0,,,,,
2006-02-23,1292.6700439453125,1293.8399658203125,1285.1400146484375,1287.7900390625,2144210000.0,,,,,
2006-02-24,1287.7900390625,1292.1099853515625,1285.6199951171875,1289.4300537109375,1933010000.0,,,,,
2006-02-27,1289.4300537109375,1297.5699462890625,1289.4300537109375,1294.1199951171875,1975320000.0,,,,,
2006-02-28,1294.1199951171875,1294.1199951171875,1278.6600341796875,1280.6600341796875,2370860000.0,,,,,
2006-03-01,1280.6600341796875,1291.800048828125,1280.6600341796875,1291.239990234375,2308320000.0,,,,,
2006-03-02,1291.239990234375,1291.239990234375,1283.2099609375,1289.1400146484375,2494590000.0,,,,,
2006-03-03,1289.1400146484375,1297.3299560546875,1284.199951171875,1287.22998046875,2152950000.0,,,,,
2006-03-06,1287.22998046875,1288.22998046875,1275.6700439453125,1278.260009765625,2280190000.0,,,,,
2006-03-07,1278.260009765625,1278.260009765625,1271.1099853515625,1275.8800048828125,2268050000.0,,,,,
2006-03-08,1275.8800048828125,1280.3299560546875,1268.4200439453125,1278.469970703125,2442870000.0,,,,,
2006-03-09,1278.469970703125,1282.739990234375,1272.22998046875,1272.22998046875,2140110000.0,,,,,
2006-03-10,1272.22998046875,1284.3699951171875,1271.1099853515625,1281.4200439453125,2123450000.0,,,,,
2006-03-13,1281.5799560546875,1287.3699951171875,1281.5799560546875,1284.1300048828125,2070330000.0,,,,,
2006-03-14,1284.1300048828125,1298.1400146484375,1282.6700439453125,1297.47998046875,2165270000.0,,,,,
2006-03-15,1297.47998046875,1304.4000244140625,1294.969970703125,1303.02001953125,2293000000.0,,,,,
2006-03-16,1303.02001953125,1310.449951171875,1303.02001953125,1305.3299560546875,2292180000.0,,,,,
2006-03-17,1305.3299560546875,1309.7900390625,1305.3199462890625,1307.25,2549620000.0,,,,,
2006-03-20,1307.25,1310.0,1303.5899658203125,1305.0799560546875,1976830000.0,,,,,
2006-03-21,1305.0799560546875,1310.8800048828125,1295.8199462890625,1297.22998046875,2147370000.0,,,,,
2006-03-22,1297.22998046875,1305.969970703125,1295.81005859375,1305.0400390625,2039810000.0,,,,,
2006-03-23,1305.0400390625,1305.0400390625,1298.1099853515625,1301.6700439453125,1980940000.0,,,,,
2006-03-24,1301.6700439453125,1306.530029296875,1298.8900146484375,1302.949951171875,2326070000.0,,,,,
2006-03-27,1302.949951171875,1303.739990234375,1299.0899658203125,1301.6099853515625,2029700000.0,,,,,
2006-03-28,1301.6099853515625,1306.239990234375,1291.8399658203125,1293.22998046875,2148580000.0,,,,,
2006-03-29,1293.22998046875,1305.5999755859375,1293.22998046875,1302.8900146484375,2143540000.0,,,,,
2006-03-30,1302.8900146484375,1310.1500244140625,1296.719970703125,1300.25,2294560000.0,,,,,
2006-03-31,1300.25,1303.0,1294.8699951171875,1294.8699951171875,2236710000.0,,,,,
2006-04-03,1302.8800048828125,1309.18994140625,1296.6500244140625,1297.81005859375,2494080000.0,,,,,
2006-04-04,1297.81005859375,1307.550048828125,1294.7099609375,1305.9300537109375,2147660000.0,,,,,
2006-04-05,1305.9300537109375,1312.81005859375,1304.8199462890625,1311.56005859375,2420020000.0,,,,,
2006-04-06,1311.56005859375,1311.989990234375,1302.43994140625,1309.0400390625,2281680000.0,,,,,
2006-04-07,1309.0400390625,1314.0699462890625,1294.1800537109375,1295.5,2082470000.0,,,,,
2006-04-10,1295.510009765625,1300.739990234375,1293.1700439453125,1296.6199951171875,1898320000.0,,,,,
2006-04-11,1296.5999755859375,1300.7099609375,1282.9599609375,1286.5699462890625,2232880000.0,,,,,
2006-04-12,1286.5699462890625,1290.9300537109375,1286.449951171875,1288.1199951171875,1938100000.0,,,,,
2006-04-13,1288.1199951171875,1292.0899658203125,1283.3699951171875,1289.1199951171875,1891940000.0,,,,,
2006-04-17,1289.1199951171875,1292.449951171875,1280.739990234375,1285.3299560546875,1794650000.0,,,,,
2006-04-18,1285.3299560546875,1309.02001953125,1285.3299560546875,1307.280029296875,2595440000.0,,,,,
2006-04-19,1307.6500244140625,1310.3900146484375,1302.7900390625,1309.9300537109375,2447310000.0,,,,,
2006-04-20,1309.9300537109375,1318.1600341796875,1306.3800048828125,1311.4599609375,2512920000.0,,,,,
2006-04-21,1311.4599609375,1317.6700439453125,1306.5899658203125,1311.280029296875,2392630000.0,,,,,
2006-04-24,1311.280029296875,1311.280029296875,1303.7900390625,1308.1099853515625,2117330000.0,,,,,
2006-04-25,1308.1099853515625,1310.7900390625,1299.1700439453125,1301.739990234375,2366380000.0,,,,,
2006-04-26,1301.739990234375,1310.969970703125,1301.739990234375,1305.4100341796875,2502690000.0,,,,,
2006-04-27,1305.4100341796875,1315.0,1295.5699462890625,1309.719970703125,2772010000.0,,,,,
2006-04-28,1309.719970703125,1316.0400390625,1306.1600341796875,1310.6099853515625,2419920000.0,,,,,
2006-05-01,1310.6099853515625,1317.2099609375,1303.4599609375,1305.18994140625,2437040000.0,,,,,
2006-05-02,1305.18994140625,1313.6600341796875,1305.18994140625,1313.2099609375,2403470000.0,,,,,
2006-05-03,1313.2099609375,1313.469970703125,1303.9200439453125,1308.1199951171875,2395230000.0,,,,,
2006-05-04,1307.8499755859375,1315.1400146484375,1307.8499755859375,1312.25,2431450000.0,,,,,
2006-05-05,1312.25,1326.530029296875,1312.25,1325.760009765625,2294760000.0,,,,,
2006-05-08,1325.760009765625,1326.699951171875,1322.8699951171875,1324.6600341796875,2151300000.0,,,,,
2006-05-09,1324.6600341796875,1326.5999755859375,1322.47998046875,1325.1400146484375,2157290000.0,,,,,
2006-05-10,1324.5699462890625,1325.510009765625,1317.43994140625,1322.8499755859375,2268550000.0,,,,,
2006-05-11,1322.6300048828125,1322.6300048828125,1303.449951171875,1305.9200439453125,2531520000.0,,,,,
2006-05-12,1305.8800048828125,1305.8800048828125,1290.3800048828125,1291.239990234375,2567970000.0,,,,,
2006-05-15,1291.18994140625,1294.81005859375,1284.510009765625,1294.5,2505660000.0,,,,,
2006-05-16,1294.5,1297.8800048828125,1288.510009765625,1292.0799560546875,2386210000.0,,,,,
2006-05-17,1291.72998046875,1291.72998046875,1267.31005859375,1270.3199462890625,2830200000.0,,,,,
2006-05-18,1270.25,1274.8900146484375,1261.75,1261.81005859375,2537490000.0,,,,,
2006-05-19,1261.81005859375,1272.1500244140625,1256.280029296875,1267.030029296875,2982300000.0,,,,,
2006-05-22,1267.030029296875,1268.77001953125,1252.97998046875,1262.0699462890625,2773010000.0,,,,,
2006-05-23,1262.06005859375,1273.6700439453125,1256.1500244140625,1256.5799560546875,2605250000.0,,,,,
2006-05-24,1256.56005859375,1264.530029296875,1245.3399658203125,1258.5699462890625,2999030000.0,,,,,
2006-05-25,1258.4100341796875,1273.260009765625,1258.4100341796875,1272.8800048828125,2372730000.0,,,,,
2006-05-26,1272.7099609375,1280.5400390625,1272.5,1280.1600341796875,1814020000.0,,,,,
2006-05-30,1280.0400390625,1280.0400390625,1259.8699951171875,1259.8699951171875,2176190000.0,,,,,
2006-05-31,1259.3800048828125,1270.0899658203125,1259.3800048828125,1270.0899658203125,2692160000.0,,,,,
2006-06-01,1270.050048828125,1285.7099609375,1269.18994140625,1285.7099609375,2360160000.0,,,,,
2006-06-02,1285.7099609375,1290.6800537109375,1280.219970703125,1288.219970703125,2295540000.0,,,,,
2006-06-05,1288.1600341796875,1288.1600341796875,1264.6600341796875,1265.2900390625,2313470000.0,,,,,
2006-06-06,1265.22998046875,1269.8800048828125,1254.4599609375,1263.8499755859375,2697650000.0,,,,,
2006-06-07,1263.6099853515625,1272.469970703125,1255.77001953125,1256.1500244140625,2644170000.0,,,,,
2006-06-08,1256.0799560546875,1259.8499755859375,1235.1800537109375,1257.9300537109375,3543790000.0,,,,,
2006-06-09,1257.9300537109375,1262.5799560546875,1250.030029296875,1252.300048828125,2214000000.0,,,,,
2006-06-12,1252.27001953125,1255.219970703125,1236.4300537109375,1237.43994140625,2247010000.0,,,,,
2006-06-13,1236.0799560546875,1243.3699951171875,1222.52001953125,1223.68994140625,3215770000.0,,,,,
2006-06-14,1223.6600341796875,1231.4599609375,1219.2900390625,1230.0400390625,2667990000.0,,,,,
2006-06-15,1230.010009765625,1258.6400146484375,1230.010009765625,1256.1600341796875,2775480000.0,,,,,
2006-06-16,1256.1600341796875,1256.27001953125,1246.3299560546875,1251.5400390625,2783390000.0,,,,,
2006-06-19,1251.5400390625,1255.9300537109375,1237.1700439453125,1240.1300048828125,2517200000.0,,,,,
2006-06-20,1240.1199951171875,1249.010009765625,1238.8699951171875,1240.1199951171875,2232950000.0,,,,,
2006-06-21,1240.0899658203125,1257.9599609375,1240.0899658203125,1252.199951171875,2361230000.0,,,,,
2006-06-22,1251.9200439453125,1251.9200439453125,1241.530029296875,1245.5999755859375,2148180000.0,,,,,
2006-06-23,1245.5899658203125,1253.1300048828125,1241.4300537109375,1244.5,2017270000.0,,,,,
2006-06-26,1244.5,1250.9200439453125,1243.6800537109375,1250.56005859375,1878580000.0,,,,,
2006-06-27,1250.550048828125,1253.3699951171875,1238.93994140625,1239.199951171875,2203130000.0,,,,,
2006-06-28,1238.989990234375,1247.06005859375,1237.5899658203125,1246.0,2085490000.0,,,,,
2006-06-29,1245.93994140625,1272.8800048828125,1245.93994140625,1272.8699951171875,2621250000.0,,,,,
2006-06-30,1272.8599853515625,1276.300048828125,1270.199951171875,1270.199951171875,3049560000.0,,,,,
2006-07-03,1270.06005859375,1280.3800048828125,1270.06005859375,1280.18994140625,1114470000.0,,,,,
2006-07-05,1280.050048828125,1280.050048828125,1265.9100341796875,1270.9100341796875,2165070000.0,,,,,
2006-07-06,1270.5799560546875,1278.3199462890625,1270.5799560546875,1274.0799560546875,2009160000.0,,,,,
2006-07-07,1274.0799560546875,1275.3800048828125,1263.1300048828125,1265.47998046875,1988150000.0,,,,,
2006-07-10,1265.4599609375,1274.06005859375,1264.4599609375,1267.3399658203125,1854590000.0,,,,,
2006-07-11,1267.260009765625,1273.6400146484375,1259.6500244140625,1272.4300537109375,2310850000.0,,,,,
2006-07-12,1272.3900146484375,1273.31005859375,1257.2900390625,1258.5999755859375,2250450000.0,,,,,
2006-07-13,1258.5799560546875,1258.5799560546875,1241.4300537109375,1242.280029296875,2545760000.0,,,,,
2006-07-14,1242.2900390625,1242.699951171875,1228.449951171875,1236.199951171875,2467120000.0,,,,,
2006-07-17,1236.199951171875,1240.0699462890625,1231.489990234375,1234.489990234375,2146410000.0,,,,,
2006-07-18,1234.47998046875,1239.8599853515625,1224.5400390625,1236.8599853515625,2481750000.0,,,,,
2006-07-19,1236.739990234375,1261.81005859375,1236.739990234375,1259.81005859375,2701980000.0,,,,,
2006-07-20,1259.81005859375,1262.56005859375,1249.1300048828125,1249.1300048828125,2345580000.0,,,,,
2006-07-21,1249.1199951171875,1250.9599609375,1238.719970703125,1240.2900390625,2704090000.0,,,,,
2006-07-24,1240.25,1262.5,1240.25,1260.9100341796875,2312720000.0,,,,,
2006-07-25,1260.9100341796875,1272.3900146484375,1257.18994140625,1268.8800048828125,2563930000.0,,,,,
2006-07-26,1268.8699951171875,1273.8900146484375,1261.93994140625,1268.4000244140625,2667710000.0,,,,,
2006-07-27,1268.199951171875,1275.8499755859375,1261.9200439453125,1263.199951171875,2776710000.0,,,,,
2006-07-28,1263.1500244140625,1280.4200439453125,1263.1500244140625,1278.550048828125,2480420000.0,,,,,
2006-07-31,1278.530029296875,1278.6600341796875,1274.31005859375,1276.6600341796875,2461300000.0,,,,,
2006-08-01,1278.530029296875,1278.6600341796875,1265.7099609375,1270.9200439453125,2527690000.0,,,,,
2006-08-02,1270.72998046875,1283.4200439453125,1270.72998046875,1277.4100341796875,2610750000.0,,,,,
2006-08-03,1278.219970703125,1283.9599609375,1271.25,1280.27001953125,2728440000.0,,,,,
2006-08-04,1280.260009765625,1292.9200439453125,1273.8199462890625,1279.3599853515625,2530970000.0,,,,,
2006-08-07,1279.31005859375,1279.31005859375,1273.0,1275.77001953125,2045660000.0,,,,,
2006-08-08,1275.6700439453125,1282.75,1268.3699951171875,1271.47998046875,2457840000.0,,,,,
2006-08-09,1271.1300048828125,1283.739990234375,1264.72998046875,1265.949951171875,2555180000.0,,,,,
2006-08-10,1265.719970703125,1272.550048828125,1261.300048828125,1271.81005859375,2402190000.0,,,,,
2006-08-11,1271.6400146484375,1271.6400146484375,1262.0799560546875,1266.739990234375,2004540000.0,,,,,
2006-08-14,1266.6700439453125,1278.9000244140625,1266.6700439453125,1268.2099609375,2118020000.0,,,,,
2006-08-15,1268.18994140625,1286.22998046875,1268.18994140625,1285.5799560546875,2334100000.0,,,,,
2006-08-16,1285.27001953125,1296.2099609375,1285.27001953125,1295.4300537109375,2554570000.0,,,,,
2006-08-17,1295.3699951171875,1300.780029296875,1292.7099609375,1297.47998046875,2458340000.0,,,,,
2006-08-18,1297.47998046875,1302.300048828125,1293.5699462890625,1302.300048828125,2033910000.0,,,,,
2006-08-21,1302.300048828125,1302.300048828125,1295.510009765625,1297.52001953125,1759240000.0,,,,,
2006-08-22,1297.52001953125,1302.489990234375,1294.43994140625,1298.8199462890625,1908740000.0,,,,,
2006-08-23,1298.72998046875,1301.5,1289.8199462890625,1292.989990234375,1893670000.0,,,,,
2006-08-24,1292.969970703125,1297.22998046875,1291.4000244140625,1296.06005859375,1930320000.0,,,,,
2006-08-25,1295.9200439453125,1298.8800048828125,1292.3900146484375,1295.0899658203125,1667580000.0,,,,,
2006-08-28,1295.0899658203125,1305.02001953125,1293.969970703125,1301.780029296875,1834920000.0,,,,,
2006-08-29,1301.5699462890625,1305.02001953125,1295.2900390625,1304.280029296875,2093720000.0,,,,,
2006-08-30,1303.699951171875,1306.739990234375,1302.1500244140625,1305.3699951171875,2060690000.0,,,,,
2006-08-31,1304.25,1306.1099853515625,1302.449951171875,1303.8199462890625,1974540000.0,,,,,
2006-09-01,1303.800048828125,1312.030029296875,1303.800048828125,1311.010009765625,1800520000.0,,,,,
2006-09-05,1310.93994140625,1314.6700439453125,1308.8199462890625,1313.25,2114480000.0,,,,,
2006-09-06,1313.0400390625,1313.0400390625,1299.280029296875,1300.260009765625,2329870000.0,,,,,
2006-09-07,1300.2099609375,1301.25,1292.1300048828125,1294.02001953125,2325850000.0,,,,,
2006-09-08,1294.02001953125,1300.1400146484375,1294.02001953125,1298.9200439453125,2132890000.0,,,,,
2006-09-11,1298.8599853515625,1302.3599853515625,1290.9300537109375,1299.5400390625,2506430000.0,,,,,
2006-09-12,1299.530029296875,1314.280029296875,1299.530029296875,1313.0,2791580000.0,,,,,
2006-09-13,1312.739990234375,1319.9200439453125,1311.1199951171875,1318.0699462890625,2597220000.0,,,,,
2006-09-14,1318.0,1318.0,1313.25,1316.280029296875,2351220000.0,,,,,
2006-09-15,1316.280029296875,1324.6500244140625,1316.280029296875,1319.6600341796875,3198030000.0,,,,,
2006-09-18,1319.8499755859375,1324.8699951171875,1318.1600341796875,1321.1800537109375,2325080000.0,,,,,
2006-09-19,1321.1700439453125,1322.0400390625,1312.1700439453125,1317.6400146484375,2390850000.0,,,,,
2006-09-20,1318.280029296875,1328.530029296875,1318.280029296875,1325.1800537109375,2543070000.0,,,,,
2006-09-21,1324.8900146484375,1328.18994140625,1315.449951171875,1318.030029296875,2627440000.0,,,,,
2006-09-22,1318.030029296875,1318.030029296875,1310.93994140625,1314.780029296875,2162880000.0,,,,,
2006-09-25,1314.780029296875,1329.3499755859375,1311.5799560546875,1326.3699951171875,2710240000.0,,,,,
2006-09-26,1326.3499755859375,1336.5999755859375,1325.300048828125,1336.3499755859375,2673350000.0,,,,,
2006-09-27,1336.1199951171875,1340.0799560546875,1333.5400390625,1336.5899658203125,2749190000.0,,,,,
2006-09-28,1336.56005859375,1340.280029296875,1333.75,1338.8800048828125,2397820000.0,,,,,
2006-09-29,1339.1500244140625,1339.8800048828125,1335.6400146484375,1335.8499755859375,2273430000.0,,,,,
2006-10-02,1335.8199462890625,1338.5400390625,1330.280029296875,1331.3199462890625,2154480000.0,,,,,
2006-10-03,1331.3199462890625,1338.31005859375,1327.0999755859375,1334.1099853515625,2682690000.0,,,,,
2006-10-04,1333.81005859375,1350.199951171875,1331.47998046875,1350.199951171875,3019880000.0,,,,,
2006-10-05,1349.8399658203125,1353.7900390625,1347.75,1353.219970703125,2817240000.0,,,,,
2006-10-06,1353.219970703125,1353.219970703125,1344.2099609375,1349.5899658203125,2523000000.0,,,,,
2006-10-09,1349.5799560546875,1352.68994140625,1346.550048828125,1350.6600341796875,1935170000.0,,,,,
2006-10-10,1350.6199951171875,1354.22998046875,1348.5999755859375,1353.4200439453125,2376140000.0,,,,,
2006-10-11,1353.280029296875,1353.969970703125,1343.5699462890625,1349.949951171875,2521000000.0,,,,,
2006-10-12,1349.93994140625,1363.760009765625,1349.93994140625,1362.8299560546875,2514350000.0,,,,,
2006-10-13,1362.8199462890625,1366.6300048828125,1360.5,1365.6199951171875,2482920000.0,,,,,
2006-10-16,1365.6099853515625,1370.199951171875,1364.47998046875,1369.06005859375,2305920000.0,,,,,
2006-10-17,1369.050048828125,1369.050048828125,1356.8699951171875,1364.050048828125,2519620000.0,,,,,
2006-10-18,1363.9300537109375,1372.8699951171875,1360.949951171875,1365.800048828125,2658840000.0,,,,,
2006-10-19,1365.949951171875,1368.0899658203125,1362.06005859375,1366.9599609375,2619830000.0,,,,,
2006-10-20,1366.93994140625,1368.6600341796875,1362.0999755859375,1368.5999755859375,2526410000.0,,,,,
2006-10-23,1368.5799560546875,1377.4000244140625,1363.93994140625,1377.02001953125,2480430000.0,,,,,
2006-10-24,1377.02001953125,1377.780029296875,1372.4200439453125,1377.3800048828125,2876890000.0,,,,,
2006-10-25,1377.3599853515625,1383.6099853515625,1376.0,1382.219970703125,2953540000.0,,,,,
2006-10-26,1382.2099609375,1389.449951171875,1379.469970703125,1389.0799560546875,2793350000.0,,,,,
2006-10-27,1388.8900146484375,1388.8900146484375,1375.8499755859375,1377.3399658203125,2458450000.0,,,,,
2006-10-30,1377.300048828125,1381.219970703125,1373.4599609375,1377.9300537109375,2770440000.0,,,,,
2006-10-31,1377.9300537109375,1381.2099609375,1372.18994140625,1377.93994140625,2803030000.0,,,,,
2006-11-01,1377.760009765625,1381.949951171875,1366.260009765625,1367.81005859375,2821160000.0,,,,,
2006-11-02,1367.43994140625,1368.3900146484375,1362.2099609375,1367.3399658203125,2646180000.0,,,,,
2006-11-03,1367.31005859375,1371.6800537109375,1360.97998046875,1364.300048828125,2419730000.0,,,,,
2006-11-06,1364.27001953125,1381.4000244140625,1364.27001953125,1379.780029296875,2533550000.0,,,,,
2006-11-07,1379.75,1388.18994140625,1379.18994140625,1382.8399658203125,2636390000.0,,,,,
2006-11-08,1382.5,1388.6099853515625,1379.3299560546875,1385.719970703125,2814820000.0,,,,,
2006-11-09,1385.4300537109375,1388.9200439453125,1377.31005859375,1378.3299560546875,3012050000.0,,,,,
2006-11-10,1378.3299560546875,1381.0400390625,1375.5999755859375,1380.9000244140625,2290200000.0,,,,,
2006-11-13,1380.5799560546875,1387.6099853515625,1378.800048828125,1384.4200439453125,2386340000.0,,,,,
2006-11-14,1384.3599853515625,1394.489990234375,1379.0699462890625,1393.219970703125,3027480000.0,,,,,
2006-11-15,1392.9100341796875,1401.3499755859375,1392.1300048828125,1396.5699462890625,2831130000.0,,,,,
2006-11-16,1396.530029296875,1403.760009765625,1396.530029296875,1399.760009765625,2835730000.0,,,,,
2006-11-17,1399.760009765625,1401.2099609375,1394.550048828125,1401.199951171875,2726100000.0,,,,,
2006-11-20,1401.1700439453125,1404.3699951171875,1397.8499755859375,1400.5,2546710000.0,,,,,
2006-11-21,1400.4300537109375,1403.489990234375,1399.989990234375,1402.81005859375,2597940000.0,,,,,
2006-11-22,1402.68994140625,1407.8900146484375,1402.260009765625,1406.0899658203125,2237710000.0,,,,,
2006-11-24,1405.93994140625,1405.93994140625,1399.25,1400.949951171875,832550000.0,,,,,
2006-11-27,1400.949951171875,1400.949951171875,1381.43994140625,1381.9599609375,2711210000.0,,,,,
2006-11-28,1381.6099853515625,1387.9100341796875,1377.8299560546875,1386.719970703125,2639750000.0,,,,,
2006-11-29,1386.1099853515625,1401.1400146484375,1386.1099853515625,1399.47998046875,2790970000.0,,,,,
2006-11-30,1399.469970703125,1406.300048828125,1393.8299560546875,1400.6300048828125,4006230000.0,,,,,
2006-12-01,1400.6300048828125,1402.4599609375,1385.9300537109375,1396.7099609375,2800980000.0,,,,,
2006-12-04,1396.6700439453125,1411.22998046875,1396.6700439453125,1409.1199951171875,2766320000.0,,,,,
2006-12-05,1409.0999755859375,1415.27001953125,1408.780029296875,1414.760009765625,2755700000.0,,,,,
2006-12-06,1414.4000244140625,1415.9300537109375,1411.050048828125,1412.9000244140625,2725280000.0,,,,,
2006-12-07,1412.8599853515625,1418.27001953125,1406.800048828125,1407.2900390625,2743150000.0,,,,,
2006-12-08,1407.27001953125,1414.0899658203125,1403.6700439453125,1409.8399658203125,2440460000.0,,,,,
2006-12-11,1409.81005859375,1415.5999755859375,1408.56005859375,1413.0400390625,2289900000.0,,,,,
2006-12-12,1413.0,1413.780029296875,1404.75,1411.56005859375,2738170000.0,,,,,
2006-12-13,1411.3199462890625,1416.6400146484375,1411.050048828125,1413.2099609375,2552260000.0,,,,,
2006-12-14,1413.1600341796875,1427.22998046875,1413.1600341796875,1425.489990234375,2729700000.0,,,,,
2006-12-15,1425.47998046875,1431.6300048828125,1425.47998046875,1427.0899658203125,3229580000.0,,,,,
2006-12-18,1427.0799560546875,1431.81005859375,1420.6500244140625,1422.47998046875,2568140000.0,,,,,
2006-12-19,1422.4200439453125,1428.300048828125,1414.8800048828125,1425.550048828125,2717060000.0,,,,,
2006-12-20,1425.510009765625,1429.050048828125,1423.510009765625,1423.530029296875,2387630000.0,,,,,
2006-12-21,1423.199951171875,1426.4000244140625,1415.9000244140625,1418.300048828125,2322410000.0,,,,,
2006-12-22,1418.0999755859375,1418.8199462890625,1410.280029296875,1410.760009765625,1647590000.0,,,,,
2006-12-26,1410.75,1417.9100341796875,1410.449951171875,1416.9000244140625,1310310000.0,,,,,
2006-12-27,1416.6300048828125,1427.719970703125,1416.6300048828125,1426.8399658203125,1667370000.0,,,,,
2006-12-28,1426.77001953125,1427.260009765625,1422.050048828125,1424.72998046875,1508570000.0,,,,,
2006-12-29,1424.7099609375,1427.0,1416.8399658203125,1418.300048828125,1678200000.0,,,,,
2007-01-03,1418.030029296875,1429.4200439453125,1407.8599853515625,1416.5999755859375,3429160000.0,,,,,
2007-01-04,1416.5999755859375,1421.8399658203125,1408.4300537109375,1418.3399658203125,3004460000.0,,,,,
2007-01-05,1418.3399658203125,1418.3399658203125,1405.75,1409.7099609375,2919400000.0,,,,,
2007-01-08,1409.260009765625,1414.97998046875,1403.969970703125,1412.8399658203125,2763340000.0,,,,,
2007-01-09,1412.8399658203125,1415.6099853515625,1405.4200439453125,1412.1099853515625,3038380000.0,,,,,
2007-01-10,1408.699951171875,1415.989990234375,1405.3199462890625,1414.8499755859375,2764660000.0,,,,,
2007-01-11,1414.8399658203125,1427.1199951171875,1414.8399658203125,1423.8199462890625,2857870000.0,,,,,
2007-01-12,1423.8199462890625,1431.22998046875,1422.5799560546875,1430.72998046875,2686480000.0,,,,,
2007-01-16,1430.72998046875,1433.9300537109375,1428.6199951171875,1431.9000244140625,2599530000.0,,,,,
2007-01-17,1431.77001953125,1435.27001953125,1428.5699462890625,1430.6199951171875,2690270000.0,,,,,
2007-01-18,1430.5899658203125,1432.9599609375,1424.2099609375,1426.3699951171875,2822430000.0,,,,,
2007-01-19,1426.3499755859375,1431.5699462890625,1425.18994140625,1430.5,2777480000.0,,,,,
2007-01-22,1430.469970703125,1431.3900146484375,1420.4000244140625,1422.949951171875,2540120000.0,,,,,
2007-01-23,1422.949951171875,1431.3299560546875,1421.6600341796875,1427.989990234375,2975070000.0,,,,,
2007-01-24,1427.9599609375,1440.1400146484375,1427.9599609375,1440.1300048828125,2783180000.0,,,,,
2007-01-25,1440.1199951171875,1440.68994140625,1422.3399658203125,1423.9000244140625,2994330000.0,,,,,
2007-01-26,1423.9000244140625,1427.27001953125,1416.9599609375,1422.1800537109375,2626620000.0,,,,,
2007-01-29,1422.030029296875,1426.93994140625,1418.4599609375,1420.6199951171875,2730480000.0,,,,,
2007-01-30,1420.6099853515625,1428.8199462890625,1420.6099853515625,1428.8199462890625,2706250000.0,,,,,
2007-01-31,1428.6500244140625,1441.6099853515625,1424.780029296875,1438.239990234375,2976690000.0,,,,,
2007-02-01,1437.9000244140625,1446.6400146484375,1437.9000244140625,1445.93994140625,2914890000.0,,,,,
2007-02-02,1445.93994140625,1449.3299560546875,1444.489990234375,1448.3900146484375,2569450000.0,,,,,
2007-02-05,1448.3299560546875,1449.3800048828125,1443.8499755859375,1446.989990234375,2439430000.0,,,,,
2007-02-06,1446.97998046875,1450.18994140625,1443.4000244140625,1448.0,2608710000.0,,,,,
2007-02-07,1447.4100341796875,1452.989990234375,1446.43994140625,1450.02001953125,2618820000.0,,,,,
2007-02-08,1449.989990234375,1450.449951171875,1442.81005859375,1448.31005859375,2816180000.0,,,,,
2007-02-09,1448.25,1452.449951171875,1433.43994140625,1438.06005859375,2951810000.0,,,,,
2007-02-12,1438.0,1439.1099853515625,1431.43994140625,1433.3699951171875,2395680000.0,,,,,
2007-02-13,1433.219970703125,1444.4100341796875,1433.219970703125,1444.260009765625,2652150000.0,,,,,
2007-02-14,1443.9100341796875,1457.6500244140625,1443.9100341796875,1455.300048828125,2699290000.0,,,,,
2007-02-15,1455.1500244140625,1457.969970703125,1453.18994140625,1456.81005859375,2490920000.0,,,,,
2007-02-16,1456.77001953125,1456.77001953125,1451.5699462890625,1455.5400390625,2399450000.0,,,,,
2007-02-20,1455.530029296875,1460.530029296875,1449.199951171875,1459.6800537109375,2337860000.0,,,,,
2007-02-21,1459.5999755859375,1459.5999755859375,1452.02001953125,1457.6300048828125,2606980000.0,,,,,
2007-02-22,1457.2900390625,1461.5699462890625,1450.510009765625,1456.3800048828125,1950770000.0,,,,,
2007-02-23,1456.219970703125,1456.219970703125,1448.3599853515625,1451.18994140625,2579950000.0,,,,,
2007-02-26,1451.0400390625,1456.949951171875,1445.47998046875,1449.3699951171875,2822170000.0,,,,,
2007-02-27,1449.25,1449.25,1389.4200439453125,1399.0400390625,4065230000.0,,,,,
2007-02-28,1398.6400146484375,1415.8900146484375,1396.6500244140625,1406.8199462890625,3925250000.0,,,,,
2007-03-01,1406.800048828125,1409.4599609375,1380.8699951171875,1403.1700439453125,3874910000.0,,,,,
2007-03-02,1403.1600341796875,1403.4000244140625,1386.8699951171875,1387.1700439453125,3312260000.0,,,,,
2007-03-05,1387.1099853515625,1391.8599853515625,1373.969970703125,1374.1199951171875,3480520000.0,,,,,
2007-03-06,1374.06005859375,1397.9000244140625,1374.06005859375,1395.4100341796875,3358160000.0,,,,,
2007-03-07,1395.02001953125,1401.1600341796875,1390.6400146484375,1391.969970703125,3141350000.0,,,,,
2007-03-08,1391.8800048828125,1407.9300537109375,1391.8800048828125,1401.8900146484375,3014850000.0,,,,,
2007-03-09,1401.8900146484375,1410.1500244140625,1397.300048828125,1402.8399658203125,2623050000.0,,,,,
2007-03-12,1402.800048828125,1409.3399658203125,1398.4000244140625,1406.5999755859375,2664000000.0,,,,,
2007-03-13,1406.22998046875,1406.22998046875,1377.7099609375,1377.949951171875,3485570000.0,,,,,
2007-03-14,1377.8599853515625,1388.0899658203125,1363.97998046875,1387.1700439453125,3758350000.0,,,,,
2007-03-15,1387.1099853515625,1395.72998046875,1385.1600341796875,1392.280029296875,2821900000.0,,,,,
2007-03-16,1392.280029296875,1397.510009765625,1383.6300048828125,1386.949951171875,3393640000.0,,,,,
2007-03-19,1386.949951171875,1403.199951171875,1386.949951171875,1402.06005859375,2777180000.0,,,,,
2007-03-20,1402.0400390625,1411.530029296875,1400.699951171875,1410.93994140625,2795940000.0,,,,,
2007-03-21,1410.9200439453125,1437.77001953125,1409.75,1435.0400390625,3184770000.0,,,,,
2007-03-22,1435.0400390625,1437.6600341796875,1429.8800048828125,1434.5400390625,3129970000.0,,,,,
2007-03-23,1434.5400390625,1438.8900146484375,1433.2099609375,1436.1099853515625,2619020000.0,,,,,
2007-03-26,1436.1099853515625,1437.6500244140625,1423.280029296875,1437.5,2754660000.0,,,,,
2007-03-27,1437.489990234375,1437.489990234375,1425.5400390625,1428.6099853515625,2673040000.0,,,,,
2007-03-28,1428.3499755859375,1428.3499755859375,1414.0699462890625,1417.22998046875,3000440000.0,,,,,
2007-03-29,1417.1700439453125,1426.239990234375,1413.27001953125,1422.530029296875,2854710000.0,,,,,
2007-03-30,1422.52001953125,1429.219970703125,1408.9000244140625,1420.8599853515625,2903960000.0,,,,,
2007-04-02,1420.8299560546875,1425.489990234375,1416.3699951171875,1424.550048828125,2875880000.0,,,,,
2007-04-03,1424.27001953125,1440.5699462890625,1424.27001953125,1437.77001953125,2921760000.0,,,,,
2007-04-04,1437.75,1440.1600341796875,1435.0799560546875,1439.3699951171875,2616320000.0,,,,,
2007-04-05,1438.93994140625,1444.8800048828125,1436.6700439453125,1443.760009765625,2357230000.0,,,,,
2007-04-09,1443.77001953125,1448.0999755859375,1443.280029296875,1444.6099853515625,2349410000.0,,,,,
2007-04-10,1444.5799560546875,1448.72998046875,1443.989990234375,1448.3900146484375,2510110000.0,,,,,
2007-04-11,1448.22998046875,1448.3900146484375,1436.1500244140625,1438.8699951171875,2950190000.0,,,,,
2007-04-12,1438.8699951171875,1448.02001953125,1433.9100341796875,1447.800048828125,2770570000.0,,,,,
2007-04-13,1447.800048828125,1453.1099853515625,1444.1500244140625,1452.8499755859375,2690020000.0,,,,,
2007-04-16,1452.8399658203125,1468.6199951171875,1452.8399658203125,1468.3299560546875,2870140000.0,,,,,
2007-04-17,1468.469970703125,1474.3499755859375,1467.1500244140625,1471.47998046875,2920570000.0,,,,,
2007-04-18,1471.469970703125,1476.5699462890625,1466.4100341796875,1472.5,2971330000.0,,,,,
2007-04-19,1472.47998046875,1474.22998046875,1464.469970703125,1470.72998046875,2913610000.0,,,,,
2007-04-20,1470.68994140625,1484.739990234375,1470.68994140625,1484.3499755859375,3329940000.0,,,,,
2007-04-23,1484.3299560546875,1487.3199462890625,1480.18994140625,1480.9300537109375,2575020000.0,,,,,
2007-04-24,1480.9300537109375,1483.8199462890625,1473.739990234375,1480.4100341796875,3119750000.0,,,,,
2007-04-25,1480.280029296875,1496.5899658203125,1480.280029296875,1495.4200439453125,3252590000.0,,,,,
2007-04-26,1495.27001953125,1498.02001953125,1491.1700439453125,1494.25,3211800000.0,,,,,
2007-04-27,1494.2099609375,1497.3199462890625,1488.6700439453125,1494.0699462890625,2732810000.0,,,,,
2007-04-30,1494.0699462890625,1497.1600341796875,1482.2900390625,1482.3699951171875,3093420000.0,,,,,
2007-05-01,1482.3699951171875,1487.27001953125,1476.699951171875,1486.300048828125,3400350000.0,,,,,
2007-05-02,1486.1300048828125,1499.0999755859375,1486.1300048828125,1495.9200439453125,3189800000.0,,,,,
2007-05-03,1495.56005859375,1503.3399658203125,1495.56005859375,1502.3900146484375,3007970000.0,,,,,
2007-05-04,1502.3499755859375,1510.3399658203125,1501.800048828125,1505.6199951171875,2761930000.0,,,,,
2007-05-07,1505.5699462890625,1511.0,1505.5400390625,1509.47998046875,2545090000.0,,,,,
2007-05-08,1509.3599853515625,1509.3599853515625,1500.6600341796875,1507.719970703125,2795720000.0,,,,,
2007-05-09,1507.3199462890625,1513.800048828125,1503.77001953125,1512.5799560546875,2935550000.0,,,,,
2007-05-10,1512.3299560546875,1512.3299560546875,1491.4200439453125,1491.469970703125,3031240000.0,,,,,
2007-05-11,1491.469970703125,1506.239990234375,1491.469970703125,1505.8499755859375,2720780000.0,,,,,
2007-05-14,1505.760009765625,1510.9000244140625,1498.3399658203125,1503.1500244140625,2776130000.0,,,,,
2007-05-15,1503.1099853515625,1514.8299560546875,1500.4300537109375,1501.18994140625,3071020000.0,,,,,
2007-05-16,1500.75,1514.1500244140625,1500.75,1514.1400146484375,2915350000.0,,,,,
2007-05-17,1514.010009765625,1517.1400146484375,1509.2900390625,1512.75,2868640000.0,,,,,
2007-05-18,1512.739990234375,1522.75,1512.739990234375,1522.75,2959050000.0,,,,,
2007-05-21,1522.75,1529.8699951171875,1522.7099609375,1525.0999755859375,3465360000.0,,,,,
2007-05-22,1525.0999755859375,1529.239990234375,1522.050048828125,1524.1199951171875,2860500000.0,,,,,
2007-05-23,1524.0899658203125,1532.4300537109375,1521.9000244140625,1522.280029296875,3084260000.0,,,,,
2007-05-24,1522.0999755859375,1529.31005859375,1505.1800537109375,1507.510009765625,3365530000.0,,,,,
2007-05-25,1507.5,1517.4100341796875,1507.5,1515.72998046875,2316250000.0,,,,,
2007-05-29,1515.550048828125,1521.800048828125,1512.02001953125,1518.1099853515625,2571790000.0,,,,,
2007-05-30,1517.5999755859375,1530.22998046875,1510.06005859375,1530.22998046875,2980210000.0,,,,,
2007-05-31,1530.18994140625,1535.56005859375,1528.260009765625,1530.6199951171875,3335530000.0,,,,,
2007-06-01,1530.6199951171875,1540.56005859375,1530.6199951171875,1536.3399658203125,2927020000.0,,,,,
2007-06-04,1536.280029296875,1540.530029296875,1532.31005859375,1539.1800537109375,2738930000.0,,,,,
2007-06-05,1539.1199951171875,1539.1199951171875,1525.6199951171875,1530.949951171875,2939450000.0,,,,,
2007-06-06,1530.5699462890625,1530.5699462890625,1514.1300048828125,1517.3800048828125,2964190000.0,,,,,
2007-06-07,1517.3599853515625,1517.3599853515625,1490.3699951171875,1490.719970703125,3538470000.0,,,,,
2007-06-08,1490.7099609375,1507.760009765625,1487.4100341796875,1507.6700439453125,2993460000.0,,,,,
2007-06-11,1507.6400146484375,1515.530029296875,1503.3499755859375,1509.1199951171875,2525280000.0,,,,,
2007-06-12,1509.1199951171875,1511.3299560546875,1492.969970703125,1493.0,3056200000.0,,,,,
2007-06-13,1492.6500244140625,1515.699951171875,1492.6500244140625,1515.6700439453125,3077930000.0,,,,,
2007-06-14,1515.5799560546875,1526.449951171875,1515.5799560546875,1522.969970703125,2813630000.0,,,,,
2007-06-15,1522.969970703125,1538.7099609375,1522.969970703125,1532.9100341796875,3406030000.0,,,,,
2007-06-18,1532.9000244140625,1535.43994140625,1529.31005859375,1531.050048828125,2480240000.0,,,,,
2007-06-19,1531.02001953125,1535.8499755859375,1525.6700439453125,1533.699951171875,2873590000.0,,,,,
2007-06-20,1533.6800537109375,1537.3199462890625,1512.3599853515625,1512.8399658203125,3286900000.0,,,,,
2007-06-21,1512.5,1522.9000244140625,1504.75,1522.18994140625,3161110000.0,,,,,
2007-06-22,1522.18994140625,1522.18994140625,1500.739990234375,1502.56005859375,4284320000.0,,,,,
2007-06-25,1502.56005859375,1514.2900390625,1492.6800537109375,1497.739990234375,3287250000.0,,,,,
2007-06-26,1497.6800537109375,1506.1199951171875,1490.5400390625,1492.8900146484375,3398530000.0,,,,,
2007-06-27,1492.6199951171875,1506.800048828125,1484.1800537109375,1506.3399658203125,3398150000.0,,,,,
2007-06-28,1506.3199462890625,1514.8399658203125,1503.4100341796875,1505.7099609375,3006710000.0,,,,,
2007-06-29,1505.699951171875,1517.530029296875,1493.6099853515625,1503.3499755859375,3165410000.0,,,,,
2007-07-02,1504.6600341796875,1519.449951171875,1504.6600341796875,1519.4300537109375,2648990000.0,,,,,
2007-07-03,1519.1199951171875,1526.010009765625,1519.1199951171875,1524.8699951171875,1560790000.0,,,,,
2007-07-05,1524.8599853515625,1526.5699462890625,1517.719970703125,1525.4000244140625,2622950000.0,,,,,
2007-07-06,1524.9599609375,1532.4000244140625,1520.469970703125,1530.43994140625,2441520000.0,,,,,
2007-07-09,1530.4300537109375,1534.260009765625,1527.449951171875,1531.8499755859375,2715330000.0,,,,,
2007-07-10,1531.8499755859375,1531.8499755859375,1510.010009765625,1510.1199951171875,3244280000.0,,,,,
2007-07-11,1509.9300537109375,1519.3399658203125,1506.0999755859375,1518.760009765625,3082920000.0,,,,,
2007-07-12,1518.739990234375,1547.9200439453125,1518.739990234375,1547.699951171875,3489600000.0,,,,,
2007-07-13,1547.6800537109375,1555.0999755859375,1544.8499755859375,1552.5,2801120000.0,,,,,
2007-07-16,1552.5,1555.9000244140625,1546.68994140625,1549.52001953125,2704110000.0,,,,,
2007-07-17,1549.52001953125,1555.3199462890625,1547.739990234375,1549.3699951171875,3007140000.0,,,,,
2007-07-18,1549.199951171875,1549.199951171875,1533.6700439453125,1546.1700439453125,3609220000.0,,,,,
2007-07-19,1546.1300048828125,1555.199951171875,1546.1300048828125,1553.0799560546875,3251450000.0,,,,,
2007-07-20,1553.18994140625,1553.18994140625,1529.199951171875,1534.0999755859375,3745780000.0,,,,,
2007-07-23,1534.06005859375,1547.22998046875,1534.06005859375,1541.5699462890625,3102700000.0,,,,,
2007-07-24,1541.5699462890625,1541.5699462890625,1508.6199951171875,1511.0400390625,4115830000.0,,,,,
2007-07-25,1511.030029296875,1524.31005859375,1503.72998046875,1518.0899658203125,4283200000.0,,,,,
2007-07-26,1518.0899658203125,1518.0899658203125,1465.300048828125,1482.6600341796875,4472550000.0,,,,,
2007-07-27,1482.43994140625,1488.530029296875,1458.949951171875,1458.949951171875,4784650000.0,,,,,
2007-07-30,1458.9300537109375,1477.8800048828125,1454.3199462890625,1473.9100341796875,4128780000.0,,,,,
2007-07-31,1473.9000244140625,1488.300048828125,1454.25,1455.27001953125,4524520000.0,,,,,
2007-08-01,1455.1800537109375,1468.3800048828125,1439.5899658203125,1465.81005859375,5256780000.0,,,,,
2007-08-02,1465.4599609375,1476.4300537109375,1460.5799560546875,1472.199951171875,4368850000.0,,,,,
2007-08-03,1472.1800537109375,1473.22998046875,1432.800048828125,1433.06005859375,4272110000.0,,,,,
2007-08-06,1433.0400390625,1467.6700439453125,1427.3900146484375,1467.6700439453125,5067200000.0,,,,,
2007-08-07,1467.6199951171875,1488.300048828125,1455.800048828125,1476.7099609375,4909390000.0,,,,,
2007-08-08,1476.219970703125,1503.8900146484375,1476.219970703125,1497.489990234375,5499560000.0,,,,,
2007-08-09,1497.2099609375,1497.2099609375,1453.0899658203125,1453.0899658203125,5889600000.0,,,,,
2007-08-10,1453.0899658203125,1462.02001953125,1429.739990234375,1453.6400146484375,5345780000.0,,,,,
2007-08-13,1453.4200439453125,1466.2900390625,1451.5400390625,1452.9200439453125,3696280000.0,,,,,
2007-08-14,1452.8699951171875,1456.739990234375,1426.199951171875,1426.5400390625,3814630000.0,,,,,
2007-08-15,1426.1500244140625,1440.780029296875,1404.3599853515625,1406.699951171875,4290930000.0,,,,,
2007-08-16,1406.6400146484375,1415.969970703125,1370.5999755859375,1411.27001953125,6509300000.0,,,,,
2007-08-17,1411.260009765625,1450.3299560546875,1411.260009765625,1445.93994140625,3570040000.0,,,,,
2007-08-20,1445.93994140625,1451.75,1430.5400390625,1445.550048828125,3321340000.0,,,,,
2007-08-21,1445.550048828125,1455.3199462890625,1439.760009765625,1447.1199951171875,3012150000.0,,,,,
2007-08-22,1447.030029296875,1464.8599853515625,1447.030029296875,1464.0699462890625,3309120000.0,,,,,
2007-08-23,1464.050048828125,1472.06005859375,1453.8800048828125,1462.5,3084390000.0,,,,,
2007-08-24,1462.3399658203125,1479.4000244140625,1460.5400390625,1479.3699951171875,2541400000.0,,,,,
2007-08-27,1479.3599853515625,1479.3599853515625,1465.97998046875,1466.7900390625,2406180000.0,,,,,
2007-08-28,1466.719970703125,1466.719970703125,1432.010009765625,1432.3599853515625,3078090000.0,,,,,
2007-08-29,1432.010009765625,1463.760009765625,1432.010009765625,1463.760009765625,2824070000.0,,,,,
2007-08-30,1463.6700439453125,1468.4300537109375,1451.25,1457.6400146484375,2582960000.0,,,,,
2007-08-31,1457.6099853515625,1481.469970703125,1457.6099853515625,1473.989990234375,2731610000.0,,,,,
2007-09-04,1473.9599609375,1496.4000244140625,1472.1500244140625,1489.4200439453125,2766600000.0,,,,,
2007-09-05,1488.760009765625,1488.760009765625,1466.3399658203125,1472.2900390625,2991600000.0,,,,,
2007-09-06,1472.030029296875,1481.489990234375,1467.4100341796875,1478.550048828125,2459590000.0,,,,,
2007-09-07,1478.550048828125,1478.550048828125,1449.0699462890625,1453.550048828125,3191080000.0,,,,,
2007-09-10,1453.5,1462.25,1439.2900390625,1451.699951171875,2835720000.0,,,,,
2007-09-11,1451.68994140625,1472.47998046875,1451.68994140625,1471.489990234375,3015330000.0,,,,,
2007-09-12,1471.0999755859375,1479.5,1465.75,1471.56005859375,2885720000.0,,,,,
2007-09-13,1471.469970703125,1489.5799560546875,1471.469970703125,1483.949951171875,2877080000.0,,,,,
2007-09-14,1483.949951171875,1485.989990234375,1473.1800537109375,1484.25,2641740000.0,,,,,
2007-09-17,1484.239990234375,1484.239990234375,1471.8199462890625,1476.6500244140625,2598390000.0,,,,,
2007-09-18,1476.6300048828125,1519.8900146484375,1476.6300048828125,1519.780029296875,3708940000.0,,,,,
2007-09-19,1519.75,1538.739990234375,1519.75,1529.030029296875,3846750000.0,,,,,
2007-09-20,1528.68994140625,1529.1400146484375,1516.4200439453125,1518.75,2957700000.0,,,,,
2007-09-21,1518.75,1530.8900146484375,1518.75,1525.75,3679460000.0,,,,,
2007-09-24,1525.75,1530.1800537109375,1516.1500244140625,1517.72998046875,3131310000.0,,,,,
2007-09-25,1516.3399658203125,1518.27001953125,1507.1300048828125,1517.2099609375,3187770000.0,,,,,
2007-09-26,1518.6199951171875,1529.3900146484375,1518.6199951171875,1525.4200439453125,3237390000.0,,,,,
2007-09-27,1527.3199462890625,1532.4599609375,1525.81005859375,1531.3800048828125,2872180000.0,,,,,
2007-09-28,1531.239990234375,1533.739990234375,1521.989990234375,1526.75,2925350000.0,,,,,
2007-10-01,1527.2900390625,1549.02001953125,1527.25,1547.0400390625,3281990000.0,,,,,
2007-10-02,1546.9599609375,1548.010009765625,1540.3699951171875,1546.6300048828125,3101910000.0,,,,,
2007-10-03,1545.800048828125,1545.8399658203125,1536.3399658203125,1539.5899658203125,3065320000.0,,,,,
2007-10-04,1539.9100341796875,1544.02001953125,1537.6300048828125,1542.8399658203125,2690430000.0,,,,,
2007-10-05,1543.8399658203125,1561.9100341796875,1543.8399658203125,1557.5899658203125,2919030000.0,,,,,
2007-10-08,1556.510009765625,1556.510009765625,1549.0,1552.5799560546875,2040650000.0,,,,,
2007-10-09,1553.1800537109375,1565.260009765625,1551.8199462890625,1565.1500244140625,2932040000.0,,,,,
2007-10-10,1564.97998046875,1565.4200439453125,1555.4599609375,1562.469970703125,3044760000.0,,,,,
2007-10-11,1564.719970703125,1576.0899658203125,1546.719970703125,1554.4100341796875,3911260000.0,,,,,
2007-10-12,1555.4100341796875,1563.030029296875,1554.0899658203125,1561.800048828125,2788690000.0,,,,,
2007-10-15,1562.25,1564.739990234375,1540.81005859375,1548.7099609375,3139290000.0,,,,,
2007-10-16,1547.81005859375,1547.81005859375,1536.2900390625,1538.530029296875,3234560000.0,,,,,
2007-10-17,1544.43994140625,1550.6600341796875,1526.010009765625,1541.239990234375,3638070000.0,,,,,
2007-10-18,1539.2900390625,1542.7900390625,1531.760009765625,1540.0799560546875,3203210000.0,,,,,
2007-10-19,1540.0,1540.0,1500.260009765625,1500.6300048828125,4160970000.0,,,,,
2007-10-22,1497.7900390625,1508.06005859375,1490.4000244140625,1506.3299560546875,3471830000.0,,,,,
2007-10-23,1509.300048828125,1520.010009765625,1503.6099853515625,1519.5899658203125,3309120000.0,,,,,
2007-10-24,1516.6099853515625,1517.22998046875,1489.56005859375,1515.8800048828125,4003300000.0,,,,,
2007-10-25,1516.1500244140625,1523.239990234375,1500.4599609375,1514.4000244140625,4183960000.0,,,,,
2007-10-26,1522.1700439453125,1535.530029296875,1520.1800537109375,1535.280029296875,3612120000.0,,,,,
2007-10-29,1536.9200439453125,1544.6700439453125,1536.4300537109375,1540.97998046875,3124480000.0,,,,,
2007-10-30,1539.4200439453125,1539.4200439453125,1529.550048828125,1531.02001953125,3212520000.0,,,,,
2007-10-31,1532.1500244140625,1552.760009765625,1529.4000244140625,1549.3800048828125,3953070000.0,,,,,
2007-11-01,1545.7900390625,1545.7900390625,1506.6600341796875,1508.43994140625,4241470000.0,,,,,
2007-11-02,1511.0699462890625,1513.1500244140625,1492.530029296875,1509.6500244140625,4285990000.0,,,,,
2007-11-05,1505.6099853515625,1510.8399658203125,1489.949951171875,1502.1700439453125,3819330000.0,,,,,
2007-11-06,1505.3299560546875,1520.77001953125,1499.0699462890625,1520.27001953125,3879160000.0,,,,,
2007-11-07,1515.4599609375,1515.4599609375,1475.0400390625,1475.6199951171875,4353160000.0,,,,,
2007-11-08,1475.27001953125,1482.5,1450.31005859375,1474.77001953125,5439720000.0,,,,,
2007-11-09,1467.5899658203125,1474.0899658203125,1448.510009765625,1453.699951171875,4587050000.0,,,,,
2007-11-12,1453.6600341796875,1464.93994140625,1438.530029296875,1439.1800537109375,4192520000.0,,,,,
2007-11-13,1441.3499755859375,1481.3699951171875,1441.3499755859375,1481.050048828125,4141310000.0,,,,,
2007-11-14,1483.4000244140625,1492.1400146484375,1466.469970703125,1470.5799560546875,4031470000.0,,,,,
2007-11-15,1468.0400390625,1472.6700439453125,1443.489990234375,1451.1500244140625,3941010000.0,,,,,
2007-11-16,1453.0899658203125,1462.1800537109375,1443.989990234375,1458.739990234375,4168870000.0,,,,,
2007-11-19,1456.699951171875,1456.699951171875,1430.4200439453125,1433.27001953125,4119650000.0,,,,,
2007-11-20,1434.510009765625,1452.6400146484375,1419.280029296875,1439.699951171875,4875150000.0,,,,,
2007-11-21,1434.7099609375,1436.4000244140625,1415.6400146484375,1416.77001953125,4076230000.0,,,,,
2007-11-23,1417.6199951171875,1440.8599853515625,1417.6199951171875,1440.699951171875,1612720000.0,,,,,
2007-11-26,1440.739990234375,1446.0899658203125,1406.0999755859375,1407.219970703125,3706470000.0,,,,,
2007-11-27,1409.5899658203125,1429.489990234375,1407.4300537109375,1428.22998046875,4320720000.0,,,,,
2007-11-28,1432.949951171875,1471.6199951171875,1432.949951171875,1469.02001953125,4508020000.0,,,,,
2007-11-29,1467.4100341796875,1473.81005859375,1458.3599853515625,1469.719970703125,3524730000.0,,,,,
2007-11-30,1471.8299560546875,1488.93994140625,1470.8900146484375,1481.1400146484375,4422200000.0,,,,,
2007-12-03,1479.6300048828125,1481.1600341796875,1470.0799560546875,1472.4200439453125,3323250000.0,,,,,
2007-12-04,1471.3399658203125,1471.3399658203125,1460.6600341796875,1462.7900390625,3343620000.0,,,,,
2007-12-05,1465.219970703125,1486.0899658203125,1465.219970703125,1485.010009765625,3663660000.0,,,,,
2007-12-06,1484.5899658203125,1508.02001953125,1482.18994140625,1507.3399658203125,3568570000.0,,,,,
2007-12-07,1508.5999755859375,1510.6300048828125,1502.6600341796875,1504.6600341796875,3177710000.0,,,,,
2007-12-10,1505.1099853515625,1518.27001953125,1504.9599609375,1515.9599609375,2911760000.0,,,,,
2007-12-11,1516.6800537109375,1523.5699462890625,1475.989990234375,1477.6500244140625,4080180000.0,,,,,
2007-12-12,1487.5799560546875,1511.9599609375,1468.22998046875,1486.5899658203125,4482120000.0,,,,,
2007-12-13,1483.27001953125,1489.4000244140625,1469.2099609375,1488.4100341796875,3635170000.0,,,,,
2007-12-14,1486.18994140625,1486.6700439453125,1467.780029296875,1467.949951171875,3401050000.0,,,,,
2007-12-17,1465.050048828125,1465.050048828125,1445.4300537109375,1445.9000244140625,3569030000.0,,,,,
2007-12-18,1445.9200439453125,1460.1600341796875,1435.6500244140625,1454.97998046875,3723690000.0,,,,,
2007-12-19,1454.699951171875,1464.4200439453125,1445.31005859375,1453.0,3401300000.0,,,,,
2007-12-20,1456.4200439453125,1461.530029296875,1447.219970703125,1460.1199951171875,3526890000.0,,,,,
2007-12-21,1463.18994140625,1485.4000244140625,1463.18994140625,1484.4599609375,4508590000.0,,,,,
2007-12-24,1484.550048828125,1497.6300048828125,1484.550048828125,1496.449951171875,1267420000.0,,,,,
2007-12-26,1495.1199951171875,1498.8499755859375,1488.199951171875,1497.6600341796875,2010500000.0,,,,,
2007-12-27,1495.050048828125,1495.050048828125,1475.8599853515625,1476.27001953125,2365770000.0,,,,,
2007-12-28,1479.8299560546875,1488.010009765625,1471.699951171875,1478.489990234375,2420510000.0,,,,,
2007-12-31,1475.25,1475.8299560546875,1465.1300048828125,1468.3599853515625,2440880000.0,,,,,
2008-01-02,1467.969970703125,1471.77001953125,1442.0699462890625,1447.1600341796875,3452650000.0,,,,,
2008-01-03,1447.550048828125,1456.800048828125,1443.72998046875,1447.1600341796875,3429500000.0,,,,,
2008-01-04,1444.010009765625,1444.010009765625,1411.18994140625,1411.6300048828125,4166000000.0,,,,,
2008-01-07,1414.0699462890625,1423.8699951171875,1403.449951171875,1416.1800537109375,4221260000.0,,,,,
2008-01-08,1415.7099609375,1430.280029296875,1388.300048828125,1390.18994140625,4705390000.0,,,,,
2008-01-09,1390.25,1409.18994140625,1378.699951171875,1409.1300048828125,5351030000.0,,,,,
2008-01-10,1406.780029296875,1429.0899658203125,1395.31005859375,1420.3299560546875,5170490000.0,,,,,
2008-01-11,1419.9100341796875,1419.9100341796875,1394.8299560546875,1401.02001953125,4495840000.0,,,,,
2008-01-14,1402.9100341796875,1417.8900146484375,1402.9100341796875,1416.25,3682090000.0,,,,,
2008-01-15,1411.8800048828125,1411.8800048828125,1380.5999755859375,1380.949951171875,4601640000.0,,,,,
2008-01-16,1377.4100341796875,1391.989990234375,1364.27001953125,1373.199951171875,5440620000.0,,,,,
2008-01-17,1374.7900390625,1377.719970703125,1330.6700439453125,1333.25,5303130000.0,,,,,
2008-01-18,1333.9000244140625,1350.280029296875,1312.510009765625,1325.18994140625,6004840000.0,,,,,
2008-01-22,1312.93994140625,1322.0899658203125,1274.2900390625,1310.5,6544690000.0,,,,,
2008-01-23,1310.4100341796875,1339.0899658203125,1270.050048828125,1338.5999755859375,3241680000.0,,,,,
2008-01-24,1340.1300048828125,1355.1500244140625,1334.31005859375,1352.0699462890625,5735300000.0,,,,,
2008-01-25,1357.3199462890625,1368.56005859375,1327.5,1330.6099853515625,4882250000.0,,,,,
2008-01-28,1330.699951171875,1353.969970703125,1322.260009765625,1353.9599609375,4100930000.0,,,,,
2008-01-29,1355.93994140625,1364.9300537109375,1350.18994140625,1362.300048828125,4232960000.0,,,,,
2008-01-30,1362.219970703125,1385.8599853515625,1352.949951171875,1355.81005859375,4742760000.0,,,,,
2008-01-31,1351.97998046875,1385.6199951171875,1334.0799560546875,1378.550048828125,4970290000.0,,,,,
2008-02-01,1378.5999755859375,1396.02001953125,1375.9300537109375,1395.4200439453125,4650770000.0,,,,,
2008-02-04,1395.3800048828125,1395.3800048828125,1379.68994140625,1380.8199462890625,3495780000.0,,,,,
2008-02-05,1380.280029296875,1380.280029296875,1336.6400146484375,1336.6400146484375,4315740000.0,,,,,
2008-02-06,1339.47998046875,1351.9599609375,1324.3399658203125,1326.449951171875,4008120000.0,,,,,
2008-02-07,1324.010009765625,1347.1600341796875,1316.75,1336.9100341796875,4589160000.0,,,,,
2008-02-08,1336.8800048828125,1341.219970703125,1321.06005859375,1331.2900390625,3768490000.0,,,,,
2008-02-11,1331.9200439453125,1341.4000244140625,1320.3199462890625,1339.1300048828125,3593140000.0,,,,,
2008-02-12,1340.550048828125,1362.0999755859375,1339.3599853515625,1348.8599853515625,4044640000.0,,,,,
2008-02-13,1353.1199951171875,1369.22998046875,1350.780029296875,1367.2099609375,3856420000.0,,,,,
2008-02-14,1367.3299560546875,1368.1600341796875,1347.31005859375,1348.8599853515625,3644760000.0,,,,,
2008-02-15,1347.52001953125,1350.0,1338.1300048828125,1349.989990234375,3583300000.0,,,,,
2008-02-19,1355.8599853515625,1367.280029296875,1345.050048828125,1348.780029296875,3613550000.0,,,,,
2008-02-20,1348.3900146484375,1363.7099609375,1336.550048828125,1360.030029296875,3870520000.0,,,,,
2008-02-21,1362.2099609375,1367.93994140625,1339.3399658203125,1342.530029296875,3696660000.0,,,,,
2008-02-22,1344.219970703125,1354.300048828125,1327.0400390625,1353.1099853515625,3572660000.0,,,,,
2008-02-25,1352.75,1374.3599853515625,1346.030029296875,1371.800048828125,3866350000.0,,,,,
2008-02-26,1371.760009765625,1387.3399658203125,1363.2900390625,1381.2900390625,4096060000.0,,,,,
2008-02-27,1378.949951171875,1388.3399658203125,1372.0,1380.02001953125,3904700000.0,,,,,
2008-02-28,1378.1600341796875,1378.1600341796875,1363.1600341796875,1367.6800537109375,3938580000.0,,,,,
2008-02-29,1364.0699462890625,1364.0699462890625,1325.4200439453125,1330.6300048828125,4426730000.0,,,,,
2008-03-03,1330.449951171875,1335.1300048828125,1320.0400390625,1331.3399658203125,4117570000.0,,,,,
2008-03-04,1329.5799560546875,1331.030029296875,1307.3900146484375,1326.75,4757180000.0,,,,,
2008-03-05,1327.68994140625,1344.18994140625,1320.219970703125,1333.699951171875,4277710000.0,,,,,
2008-03-06,1332.199951171875,1332.199951171875,1303.4200439453125,1304.3399658203125,4323460000.0,,,,,
2008-03-07,1301.530029296875,1313.239990234375,1282.4300537109375,1293.3699951171875,4565410000.0,,,,,
2008-03-10,1293.1600341796875,1295.010009765625,1272.6600341796875,1273.3699951171875,4261240000.0,,,,,
2008-03-11,1274.4000244140625,1320.6500244140625,1274.4000244140625,1320.6500244140625,5109080000.0,,,,,
2008-03-12,1321.1300048828125,1333.260009765625,1307.8599853515625,1308.77001953125,4414280000.0,,,,,
2008-03-13,1305.260009765625,1321.6800537109375,1282.1099853515625,1315.47998046875,5073360000.0,,,,,
2008-03-14,1316.050048828125,1321.469970703125,1274.8599853515625,1288.1400146484375,5153780000.0,,,,,
2008-03-17,1283.2099609375,1287.5,1256.97998046875,1276.5999755859375,5683010000.0,,,,,
2008-03-18,1277.1600341796875,1330.739990234375,1277.1600341796875,1330.739990234375,5335630000.0,,,,,
2008-03-19,1330.969970703125,1341.510009765625,1298.4200439453125,1298.4200439453125,5358550000.0,,,,,
2008-03-20,1299.6700439453125,1330.6700439453125,1295.219970703125,1329.510009765625,6145220000.0,,,,,
2008-03-24,1330.2900390625,1359.6800537109375,1330.2900390625,1349.8800048828125,4499000000.0,,,,,
2008-03-25,1349.0699462890625,1357.469970703125,1341.2099609375,1352.989990234375,4145120000.0,,,,,
2008-03-26,1352.449951171875,1352.449951171875,1336.4100341796875,1341.1300048828125,4055670000.0,,,,,
2008-03-27,1340.3399658203125,1345.6199951171875,1325.6600341796875,1325.760009765625,4037930000.0,,,,,
2008-03-28,1327.02001953125,1334.8699951171875,1312.949951171875,1315.219970703125,3686980000.0,,,,,
2008-03-31,1315.9200439453125,1328.52001953125,1312.81005859375,1322.699951171875,4188990000.0,,,,,
2008-04-01,1326.4100341796875,1370.1800537109375,1326.4100341796875,1370.1800537109375,4745120000.0,,,,,
2008-04-02,1369.9599609375,1377.949951171875,1361.550048828125,1367.530029296875,4320440000.0,,,,,
2008-04-03,1365.68994140625,1375.6600341796875,1358.6800537109375,1369.31005859375,3920100000.0,,,,,
2008-04-04,1369.8499755859375,1380.9100341796875,1362.8299560546875,1370.4000244140625,3703100000.0,,,,,
2008-04-07,1373.68994140625,1386.739990234375,1369.02001953125,1372.5400390625,3747780000.0,,,,,
2008-04-08,1370.1600341796875,1370.1600341796875,1360.6199951171875,1365.5400390625,3602500000.0,,,,,
2008-04-09,1365.5,1368.3900146484375,1349.969970703125,1354.489990234375,3556670000.0,,,,,
2008-04-10,1355.3699951171875,1367.239990234375,1350.1099853515625,1360.550048828125,3686150000.0,,,,,
2008-04-11,1357.97998046875,1357.97998046875,1331.2099609375,1332.8299560546875,3723790000.0,,,,,
2008-04-14,1332.199951171875,1335.6400146484375,1326.1600341796875,1328.3199462890625,3565020000.0,,,,,
2008-04-15,1331.719970703125,1337.719970703125,1324.3499755859375,1334.4300537109375,3581230000.0,,,,,
2008-04-16,1337.02001953125,1365.489990234375,1337.02001953125,1364.7099609375,4260370000.0,,,,,
2008-04-17,1363.3699951171875,1368.5999755859375,1357.25,1365.56005859375,3713880000.0,,,,,
2008-04-18,1369.0,1395.9000244140625,1369.0,1390.3299560546875,4222380000.0,,,,,
2008-04-21,1387.719970703125,1390.22998046875,1379.25,1388.1700439453125,3420570000.0,,,,,
2008-04-22,1386.4300537109375,1386.4300537109375,1369.8399658203125,1375.93994140625,3821900000.0,,,,,
2008-04-23,1378.4000244140625,1387.8699951171875,1372.239990234375,1379.9300537109375,4103610000.0,,,,,
2008-04-24,1380.52001953125,1397.719970703125,1371.0899658203125,1388.8199462890625,4461660000.0,,,,,
2008-04-25,1387.8800048828125,1399.1099853515625,1379.97998046875,1397.8399658203125,3891150000.0,,,,,
2008-04-28,1397.9599609375,1402.9000244140625,1394.4000244140625,1396.3699951171875,3607000000.0,,,,,
2008-04-29,1395.6099853515625,1397.0,1386.699951171875,1390.93994140625,3815320000.0,,,,,
2008-04-30,1391.219970703125,1404.5699462890625,1384.25,1385.5899658203125,4508890000.0,,,,,
2008-05-01,1385.969970703125,1410.0699462890625,1383.0699462890625,1409.3399658203125,4448780000.0,,,,,
2008-05-02,1409.1600341796875,1422.719970703125,1406.25,1413.9000244140625,3953030000.0,,,,,
2008-05-05,1415.3399658203125,1415.3399658203125,1404.3699951171875,1407.489990234375,3410090000.0,,,,,
2008-05-06,1405.5999755859375,1421.5699462890625,1397.0999755859375,1418.260009765625,3924100000.0,,,,,
2008-05-07,1417.489990234375,1419.5400390625,1391.1600341796875,1392.5699462890625,4075860000.0,,,,,
2008-05-08,1394.2900390625,1402.3499755859375,1389.3900146484375,1397.6800537109375,3827550000.0,,,,,
2008-05-09,1394.9000244140625,1394.9000244140625,1384.1099853515625,1388.280029296875,3518620000.0,,,,,
2008-05-12,1389.4000244140625,1404.06005859375,1386.199951171875,1403.5799560546875,3370630000.0,,,,,
2008-05-13,1404.4000244140625,1406.300048828125,1396.260009765625,1403.0400390625,4018590000.0,,,,,
2008-05-14,1405.6500244140625,1420.18994140625,1405.6500244140625,1408.6600341796875,3979370000.0,,,,,
2008-05-15,1408.3599853515625,1424.4000244140625,1406.8699951171875,1423.5699462890625,3836480000.0,,,,,
2008-05-16,1423.8900146484375,1425.8199462890625,1414.3499755859375,1425.3499755859375,3842590000.0,,,,,
2008-05-19,1425.280029296875,1440.239990234375,1421.6300048828125,1426.6300048828125,3683970000.0,,,,,
2008-05-20,1424.489990234375,1424.489990234375,1409.0899658203125,1413.4000244140625,3854320000.0,,,,,
2008-05-21,1414.06005859375,1419.1199951171875,1388.81005859375,1390.7099609375,4517990000.0,,,,,
2008-05-22,1390.8299560546875,1399.0699462890625,1390.22998046875,1394.3499755859375,3955960000.0,,,,,
2008-05-23,1392.199951171875,1392.199951171875,1373.719970703125,1375.9300537109375,3516380000.0,,,,,
2008-05-27,1375.969970703125,1387.4000244140625,1373.0699462890625,1385.3499755859375,3588860000.0,,,,,
2008-05-28,1386.5400390625,1391.25,1378.1600341796875,1390.8399658203125,3927240000.0,,,,,
2008-05-29,1390.5,1406.3199462890625,1388.5899658203125,1398.260009765625,3894440000.0,,,,,
2008-05-30,1398.3599853515625,1404.4599609375,1398.0799560546875,1400.3800048828125,3845630000.0,,,,,
2008-06-02,1399.6199951171875,1399.6199951171875,1377.7900390625,1385.6700439453125,3714320000.0,,,,,
2008-06-03,1386.4200439453125,1393.1199951171875,1370.1199951171875,1377.6500244140625,4396380000.0,,,,,
2008-06-04,1376.260009765625,1388.1800537109375,1371.739990234375,1377.199951171875,4338640000.0,,,,,
2008-06-05,1377.47998046875,1404.050048828125,1377.47998046875,1404.050048828125,4350790000.0,,,,,
2008-06-06,1400.06005859375,1400.06005859375,1359.9000244140625,1360.6800537109375,4771660000.0,,,,,
2008-06-09,1360.8299560546875,1370.6300048828125,1350.6199951171875,1361.760009765625,4404570000.0,,,,,
2008-06-10,1358.97998046875,1366.8399658203125,1351.56005859375,1358.43994140625,4635070000.0,,,,,
2008-06-11,1357.0899658203125,1357.0899658203125,1335.469970703125,1335.489990234375,4779980000.0,,,,,
2008-06-12,1335.780029296875,1353.030029296875,1331.2900390625,1339.8699951171875,4734240000.0,,,,,
2008-06-13,1341.81005859375,1360.030029296875,1341.7099609375,1360.030029296875,4080420000.0,,,,,
2008-06-16,1358.8499755859375,1364.699951171875,1352.0699462890625,1360.1400146484375,3706940000.0,,,,,
2008-06-17,1360.7099609375,1366.5899658203125,1350.5400390625,1350.9300537109375,3801960000.0,,,,,
2008-06-18,1349.5899658203125,1349.5899658203125,1333.4000244140625,1337.81005859375,4573570000.0,,,,,
2008-06-19,1336.8900146484375,1347.6600341796875,1330.5,1342.8299560546875,4811670000.0,,,,,
2008-06-20,1341.02001953125,1341.02001953125,1314.4599609375,1317.9300537109375,5324900000.0,,,,,
2008-06-23,1319.77001953125,1323.780029296875,1315.31005859375,1318.0,4186370000.0,,,,,
2008-06-24,1317.22998046875,1326.02001953125,1304.4200439453125,1314.2900390625,4705050000.0,,,,,
2008-06-25,1314.5400390625,1335.6300048828125,1314.5400390625,1321.969970703125,4825640000.0,,,,,
2008-06-26,1316.2900390625,1316.2900390625,1283.1500244140625,1283.1500244140625,5231280000.0,,,,,
2008-06-27,1283.5999755859375,1289.449951171875,1272.0,1278.3800048828125,6208260000.0,,,,,
2008-06-30,1278.06005859375,1290.31005859375,1274.8599853515625,1280.0,5032330000.0,,,,,
2008-07-01,1276.68994140625,1285.31005859375,1260.6800537109375,1284.9100341796875,5846290000.0,,,,,
2008-07-02,1285.8199462890625,1292.1700439453125,1261.510009765625,1261.52001953125,5276090000.0,,,,,
2008-07-03,1262.9599609375,1271.47998046875,1252.010009765625,1262.9000244140625,3247590000.0,,,,,
2008-07-07,1262.9000244140625,1273.949951171875,1240.6800537109375,1252.31005859375,5265420000.0,,,,,
2008-07-08,1251.8399658203125,1274.1700439453125,1242.8399658203125,1273.699951171875,6034110000.0,,,,,
2008-07-09,1273.3800048828125,1277.3599853515625,1244.5699462890625,1244.68994140625,5181000000.0,,,,,
2008-07-10,1245.25,1257.6500244140625,1236.760009765625,1253.3900146484375,5840430000.0,,,,,
2008-07-11,1248.6600341796875,1257.27001953125,1225.3499755859375,1239.489990234375,6742200000.0,,,,,
2008-07-14,1241.6099853515625,1253.5,1225.010009765625,1228.300048828125,5434860000.0,,,,,
2008-07-15,1226.8299560546875,1234.3499755859375,1200.43994140625,1214.9100341796875,7363640000.0,,,,,
2008-07-16,1214.6500244140625,1245.52001953125,1211.3900146484375,1245.3599853515625,6738630000.0,,,,,
2008-07-17,1246.31005859375,1262.31005859375,1241.489990234375,1260.3199462890625,7365210000.0,,,,,
2008-07-18,1258.219970703125,1262.22998046875,1251.81005859375,1260.6800537109375,5653280000.0,,,,,
2008-07-21,1261.8199462890625,1267.739990234375,1255.699951171875,1260.0,4630640000.0,,,,,
2008-07-22,1257.0799560546875,1277.4200439453125,1248.8299560546875,1277.0,6180230000.0,,,,,
2008-07-23,1278.8699951171875,1291.1700439453125,1276.06005859375,1282.18994140625,6705830000.0,,,,,
2008-07-24,1283.219970703125,1283.219970703125,1251.47998046875,1252.5400390625,6127980000.0,,,,,
2008-07-25,1253.510009765625,1263.22998046875,1251.75,1257.760009765625,4672560000.0,,,,,
2008-07-28,1257.760009765625,1260.0899658203125,1234.3699951171875,1234.3699951171875,4282960000.0,,,,,
2008-07-29,1236.3800048828125,1263.199951171875,1236.3800048828125,1263.199951171875,5414240000.0,,,,,
2008-07-30,1264.52001953125,1284.3299560546875,1264.52001953125,1284.260009765625,5631330000.0,,,,,
2008-07-31,1281.3699951171875,1284.9300537109375,1265.969970703125,1267.3800048828125,5346050000.0,,,,,
2008-08-01,1269.4200439453125,1270.52001953125,1254.5400390625,1260.31005859375,4684870000.0,,,,,
2008-08-04,1253.27001953125,1260.489990234375,1247.449951171875,1249.010009765625,4562280000.0,,,,,
2008-08-05,1254.8699951171875,1284.8800048828125,1254.6700439453125,1284.8800048828125,1219310000.0,,,,,
2008-08-06,1283.989990234375,1291.6700439453125,1276.0,1289.18994140625,4873420000.0,,,,,
2008-08-07,1286.510009765625,1286.510009765625,1264.2900390625,1266.0699462890625,5319380000.0,,,,,
2008-08-08,1266.2900390625,1297.8499755859375,1262.1099853515625,1296.3199462890625,4966810000.0,,,,,
2008-08-11,1294.4200439453125,1313.1500244140625,1291.4100341796875,1305.3199462890625,5067310000.0,,,,,
2008-08-12,1304.7900390625,1304.7900390625,1285.6400146484375,1289.5899658203125,4711290000.0,,,,,
2008-08-13,1288.6400146484375,1294.030029296875,1274.8599853515625,1285.8299560546875,4787600000.0,,,,,
2008-08-14,1282.1099853515625,1300.1099853515625,1276.8399658203125,1292.9300537109375,4064000000.0,,,,,
2008-08-15,1293.8499755859375,1302.050048828125,1290.739990234375,1298.199951171875,4041820000.0,,,,,
2008-08-18,1298.1400146484375,1300.219970703125,1274.510009765625,1278.5999755859375,3829290000.0,,,,,
2008-08-19,1276.6500244140625,1276.6500244140625,1263.1099853515625,1266.68994140625,4159760000.0,,,,,
2008-08-20,1267.3399658203125,1276.010009765625,1261.1600341796875,1274.5400390625,4555030000.0,,,,,
2008-08-21,1271.0699462890625,1281.4000244140625,1265.219970703125,1277.719970703125,4032590000.0,,,,,
2008-08-22,1277.5899658203125,1293.0899658203125,1277.5899658203125,1292.199951171875,3741070000.0,,,,,
2008-08-25,1290.469970703125,1290.469970703125,1264.8699951171875,1266.8399658203125,3420600000.0,,,,,
2008-08-26,1267.030029296875,1275.6500244140625,1263.2099609375,1271.510009765625,3587570000.0,,,,,
2008-08-27,1271.2900390625,1285.050048828125,1270.030029296875,1281.6600341796875,3499610000.0,,,,,
2008-08-28,1283.7900390625,1300.6800537109375,1283.7900390625,1300.6800537109375,3854280000.0,,,,,
2008-08-29,1296.489990234375,1297.5899658203125,1282.739990234375,1282.8299560546875,3288120000.0,,,,,
2008-09-02,1287.8299560546875,1303.0400390625,1272.199951171875,1277.5799560546875,4783560000.0,,,,,
2008-09-03,1276.6099853515625,1280.5999755859375,1265.5899658203125,1274.97998046875,5056980000.0,,,,,
2008-09-04,1271.800048828125,1271.800048828125,1232.8299560546875,1236.8299560546875,5212500000.0,,,,,
2008-09-05,1233.2099609375,1244.93994140625,1217.22998046875,1242.31005859375,5017080000.0,,,,,
2008-09-08,1249.5,1274.4200439453125,1247.1199951171875,1267.7900390625,7351340000.0,,,,,
2008-09-09,1267.97998046875,1268.6600341796875,1224.510009765625,1224.510009765625,7380630000.0,,,,,
2008-09-10,1227.5,1243.9000244140625,1221.5999755859375,1232.0400390625,6543440000.0,,,,,
2008-09-11,1229.0400390625,1249.97998046875,1211.5400390625,1249.050048828125,6869250000.0,,,,,
2008-09-12,1245.8800048828125,1255.0899658203125,1233.81005859375,1251.699951171875,6273260000.0,,,,,
2008-09-15,1250.9200439453125,1250.9200439453125,1192.699951171875,1192.699951171875,8279510000.0,,,,,
2008-09-16,1188.31005859375,1214.8399658203125,1169.280029296875,1213.5999755859375,9459830000.0,,,,,
2008-09-17,1210.3399658203125,1210.3399658203125,1155.8800048828125,1156.3900146484375,9431870000.0,,,,,
2008-09-18,1157.0799560546875,1211.1400146484375,1133.5,1206.510009765625,10082690000.0,,,,,
2008-09-19,1213.1099853515625,1265.1199951171875,1213.1099853515625,1255.0799560546875,9387170000.0,,,,,
2008-09-22,1255.3699951171875,1255.3699951171875,1205.6099853515625,1207.0899658203125,5368130000.0,,,,,
2008-09-23,1207.6099853515625,1221.1500244140625,1187.06005859375,1188.219970703125,5185730000.0,,,,,
2008-09-24,1188.7900390625,1197.4100341796875,1179.7900390625,1185.8699951171875,4820360000.0,,,,,
2008-09-25,1187.8699951171875,1220.030029296875,1187.8699951171875,1209.1800537109375,5877640000.0,,,,,
2008-09-26,1204.469970703125,1215.77001953125,1187.5400390625,1213.27001953125,5383610000.0,,,,,
2008-09-29,1209.0699462890625,1209.0699462890625,1106.4200439453125,1106.4200439453125,7305060000.0,,,,,
2008-09-30,1113.780029296875,1168.030029296875,1113.780029296875,1166.3599853515625,4937680000.0,,,,,
2008-10-01,1164.1700439453125,1167.030029296875,1140.77001953125,1161.06005859375,5782130000.0,,,,,
2008-10-02,1160.6400146484375,1160.6400146484375,1111.4300537109375,1114.280029296875,6285640000.0,,,,,
2008-10-03,1115.1600341796875,1153.8199462890625,1098.1400146484375,1099.22998046875,6716120000.0,,,,,
2008-10-06,1097.56005859375,1097.56005859375,1007.969970703125,1056.8900146484375,7956020000.0,,,,,
2008-10-07,1057.5999755859375,1072.9100341796875,996.22998046875,996.22998046875,7069210000.0,,,,,
2008-10-08,988.9099731445312,1021.0599975585938,970.969970703125,984.9400024414062,8716330000.0,,,,,
2008-10-09,988.4199829101562,1005.25,909.1900024414062,909.9199829101562,6819000000.0,,,,,
2008-10-10,902.3099975585938,936.3599853515625,839.7999877929688,899.219970703125,11456230000.0,,,,,
2008-10-13,912.75,1006.9299926757812,912.75,1003.3499755859375,7263370000.0,,,,,
2008-10-14,1009.969970703125,1044.31005859375,972.0700073242188,998.010009765625,8161990000.0,,,,,
2008-10-15,994.5999755859375,994.5999755859375,903.989990234375,907.8400268554688,6542330000.0,,,,,
2008-10-16,909.530029296875,947.7100219726562,865.8300170898438,946.4299926757812,7984500000.0,,,,,
2008-10-17,942.2899780273438,984.6400146484375,918.739990234375,940.5499877929688,6581780000.0,,,,,
2008-10-20,943.510009765625,985.4000244140625,943.510009765625,985.4000244140625,5175640000.0,,,,,
2008-10-21,980.4000244140625,985.4400024414062,952.469970703125,955.0499877929688,5121830000.0,,,,,
2008-10-22,951.6699829101562,951.6699829101562,875.8099975585938,896.780029296875,6147980000.0,,,,,
2008-10-23,899.0800170898438,922.8300170898438,858.4400024414062,908.1099853515625,7189900000.0,,,,,
2008-10-24,895.219970703125,896.2999877929688,852.8499755859375,876.77001953125,6550050000.0,,,,,
2008-10-27,874.280029296875,893.780029296875,846.75,848.9199829101562,5558050000.0,,,,,
2008-10-28,848.9199829101562,940.510009765625,845.27001953125,940.510009765625,7096950000.0,,,,,
2008-10-29,939.510009765625,969.969970703125,922.260009765625,930.0900268554688,7077800000.0,,,,,
2008-10-30,939.3800048828125,963.22998046875,928.5,954.0900268554688,6175830000.0,,,,,
2008-10-31,953.1099853515625,984.3800048828125,944.5900268554688,968.75,6394350000.0,,,,,
2008-11-03,968.6699829101562,975.5700073242188,958.8200073242188,966.2999877929688,4492280000.0,,,,,
2008-11-04,971.3099975585938,1007.510009765625,971.3099975585938,1005.75,5531290000.0,,,,,
2008-11-05,1001.8400268554688,1001.8400268554688,949.8599853515625,952.77001953125,5426640000.0,,,,,
2008-11-06,952.4000244140625,952.4000244140625,899.72998046875,904.8800048828125,6102230000.0,,,,,
2008-11-07,907.4400024414062,931.4600219726562,906.9000244140625,930.989990234375,4931640000.0,,,,,
2008-11-10,936.75,951.9500122070312,907.469970703125,919.2100219726562,4572000000.0,,,,,
2008-11-11,917.1500244140625,917.1500244140625,884.9000244140625,898.9500122070312,4998340000.0,,,,,
2008-11-12,893.3900146484375,893.3900146484375,850.47998046875,852.2999877929688,5764180000.0,,,,,
2008-11-13,853.1300048828125,913.010009765625,818.6900024414062,911.2899780273438,7849120000.0,,,,,
2008-11-14,904.3599853515625,916.8800048828125,869.8800048828125,873.2899780273438,5881030000.0,,,,,
2008-11-17,873.22998046875,882.2899780273438,848.97998046875,850.75,4927490000.0,,,,,
2008-11-18,852.3400268554688,865.9000244140625,826.8400268554688,859.1199951171875,6679470000.0,,,,,
2008-11-19,859.030029296875,864.5700073242188,806.1799926757812,806.5800170898438,6548600000.0,,,,,
2008-11-20,805.8699951171875,820.52001953125,747.780029296875,752.4400024414062,9093740000.0,,,,,
2008-11-21,755.8400268554688,801.2000122070312,741.02001953125,800.030029296875,9495900000.0,,,,,
2008-11-24,801.2000122070312,865.5999755859375,801.2000122070312,851.8099975585938,7879440000.0,,,,,
2008-11-25,853.4000244140625,868.9400024414062,834.989990234375,857.3900146484375,6952700000.0,,,,,
2008-11-26,852.9000244140625,887.6799926757812,841.3699951171875,887.6799926757812,5793260000.0,,,,,
2008-11-28,886.8900146484375,896.25,881.2100219726562,896.239990234375,2740860000.0,,,,,
2008-12-01,888.6099853515625,888.6099853515625,815.6900024414062,816.2100219726562,6052010000.0,,,,,
2008-12-02,817.9400024414062,850.5399780273438,817.9400024414062,848.8099975585938,6170100000.0,,,,,
2008-12-03,843.5999755859375,873.1199951171875,827.5999755859375,870.739990234375,6221880000.0,,,,,
2008-12-04,869.75,875.5999755859375,833.5999755859375,845.219970703125,5860390000.0,,,,,
2008-12-05,844.4299926757812,879.4199829101562,818.4099731445312,876.0700073242188,6165370000.0,,,,,
2008-12-08,882.7100219726562,918.5700073242188,882.7100219726562,909.7000122070312,6553600000.0,,,,,
2008-12-09,906.47998046875,916.260009765625,885.3800048828125,888.6699829101562,5693110000.0,,,,,
2008-12-10,892.1699829101562,908.27001953125,885.4500122070312,899.239990234375,5942130000.0,,,,,
2008-12-11,898.3499755859375,904.6300048828125,868.72998046875,873.5900268554688,5513840000.0,,,,,
2008-12-12,871.7899780273438,883.239990234375,851.3499755859375,879.72998046875,5959590000.0,,,,,
2008-12-15,881.0700073242188,884.6300048828125,857.719970703125,868.5700073242188,4982390000.0,,,,,
2008-12-16,871.530029296875,914.6599731445312,871.530029296875,913.1799926757812,6009780000.0,,,,,
2008-12-17,908.1599731445312,918.8499755859375,895.9400024414062,904.4199829101562,5907380000.0,,,,,
2008-12-18,905.97998046875,911.02001953125,877.4400024414062,885.280029296875,5675000000.0,,,,,
2008-12-19,886.9600219726562,905.469970703125,883.02001953125,887.8800048828125,6705310000.0,,,,,
2008-12-22,887.2000122070312,887.3699951171875,857.0900268554688,871.6300048828125,4869850000.0,,,,,
2008-12-23,874.3099975585938,880.4400024414062,860.0999755859375,863.1599731445312,4051970000.0,,,,,
2008-12-24,863.8699951171875,869.7899780273438,861.4400024414062,868.1500244140625,1546550000.0,,,,,
2008-12-26,869.510009765625,873.739990234375,866.52001953125,872.7999877929688,1880050000.0,,,,,
2008-12-29,872.3699951171875,873.7000122070312,857.0700073242188,869.4199829101562,3323430000.0,,,,,
2008-12-30,870.5800170898438,891.1199951171875,870.5800170898438,890.6400146484375,3627800000.0,,,,,
2008-12-31,890.5900268554688,910.3200073242188,889.6699829101562,903.25,4172940000.0,,,,,
2009-01-02,902.989990234375,934.72998046875,899.3499755859375,931.7999877929688,4048270000.0,,,,,
2009-01-05,929.1699829101562,936.6300048828125,919.530029296875,927.4500122070312,5413910000.0,,,,,
2009-01-06,931.1699829101562,943.8499755859375,927.280029296875,934.7000122070312,5392620000.0,,,,,
2009-01-07,927.4500122070312,927.4500122070312,902.3699951171875,906.6500244140625,4704940000.0,,,,,
2009-01-08,905.72998046875,910.0,896.8099975585938,909.72998046875,4991550000.0,,,,,
2009-01-09,909.9099731445312,911.9299926757812,888.3099975585938,890.3499755859375,4716500000.0,,,,,
2009-01-12,890.4000244140625,890.4000244140625,864.3200073242188,870.260009765625,4725050000.0,,,,,
2009-01-13,869.7899780273438,877.02001953125,862.02001953125,871.7899780273438,5567460000.0,,,,,
2009-01-14,867.280029296875,867.280029296875,836.9299926757812,842.6199951171875,5407880000.0,,,,,
2009-01-15,841.989990234375,851.5900268554688,817.0399780273438,843.739990234375,7807350000.0,,,,,
2009-01-16,844.4500122070312,858.1300048828125,830.6599731445312,850.1199951171875,6786040000.0,,,,,
2009-01-20,849.6400146484375,849.6400146484375,804.469970703125,805.219970703125,6375230000.0,,,,,
2009-01-21,806.77001953125,841.719970703125,804.2999877929688,840.239990234375,6467830000.0,,,,,
2009-01-22,839.739990234375,839.739990234375,811.2899780273438,827.5,5843830000.0,,,,,
2009-01-23,822.1599731445312,838.6099853515625,806.0700073242188,831.9500122070312,5832160000.0,,,,,
2009-01-26,832.5,852.530029296875,827.6900024414062,836.5700073242188,6039940000.0,,,,,
2009-01-27,837.2999877929688,850.4500122070312,835.4000244140625,845.7100219726562,5353260000.0,,,,,
2009-01-28,845.72998046875,877.8599853515625,845.72998046875,874.0900268554688,6199180000.0,,,,,
2009-01-29,868.8900146484375,868.8900146484375,844.1500244140625,845.1400146484375,5067060000.0,,,,,
2009-01-30,845.6900024414062,851.6599731445312,821.6699829101562,825.8800048828125,5350580000.0,,,,,
2009-02-02,823.0900268554688,830.780029296875,812.8699951171875,825.4400024414062,5673270000.0,,,,,
2009-02-03,825.6900024414062,842.5999755859375,821.97998046875,838.510009765625,5886310000.0,,,,,
2009-02-04,837.77001953125,851.8499755859375,829.1799926757812,832.22998046875,6420450000.0,,,,,
2009-02-05,831.75,850.5499877929688,819.9099731445312,845.8499755859375,6624030000.0,,,,,
2009-02-06,846.0900268554688,870.75,845.4199829101562,868.5999755859375,6484100000.0,,,,,
2009-02-09,868.239990234375,875.010009765625,861.6500244140625,869.8900146484375,5574370000.0,,,,,
2009-02-10,866.8699951171875,868.0499877929688,822.989990234375,827.1599731445312,6770170000.0,,,,,
2009-02-11,827.4099731445312,838.219970703125,822.2999877929688,833.739990234375,5926460000.0,,,,,
2009-02-12,829.9099731445312,835.47998046875,808.0599975585938,835.1900024414062,6476460000.0,,,,,
2009-02-13,833.9500122070312,839.4299926757812,825.2100219726562,826.8400268554688,5296650000.0,,,,,
2009-02-17,818.6099853515625,818.6099853515625,789.1699829101562,789.1699829101562,5907820000.0,,,,,
2009-02-18,791.0599975585938,796.1699829101562,780.4299926757812,788.4199829101562,5740710000.0,,,,,
2009-02-19,787.9099731445312,797.5800170898438,777.030029296875,778.9400024414062,5746940000.0,,,,,
2009-02-20,775.8699951171875,778.6900024414062,754.25,770.0499877929688,8210590000.0,,,,,
2009-02-23,773.25,777.8499755859375,742.3699951171875,743.3300170898438,6509300000.0,,,,,
2009-02-24,744.6900024414062,775.489990234375,744.6900024414062,773.1400146484375,7234490000.0,,,,,
2009-02-25,770.6400146484375,780.1199951171875,752.8900146484375,764.9000244140625,7483640000.0,,,,,
2009-02-26,765.760009765625,779.4199829101562,751.75,752.8300170898438,7599970000.0,,,,,
2009-02-27,749.9299926757812,751.27001953125,734.52001953125,735.0900268554688,8926480000.0,,,,,
2009-03-02,729.5700073242188,729.5700073242188,699.7000122070312,700.8200073242188,7868290000.0,,,,,
2009-03-03,704.4400024414062,711.6699829101562,692.2999877929688,696.3300170898438,7583230000.0,,,,,
2009-03-04,698.5999755859375,724.1199951171875,698.5999755859375,712.8699951171875,7673620000.0,,,,,
2009-03-05,708.27001953125,708.27001953125,677.9299926757812,682.5499877929688,7507250000.0,,,,,
2009-03-06,684.0399780273438,699.0900268554688,666.7899780273438,683.3800048828125,7331830000.0,,,,,
2009-03-09,680.760009765625,695.27001953125,672.8800048828125,676.530029296875,7277320000.0,,,,,
2009-03-10,679.280029296875,719.5999755859375,679.280029296875,719.5999755859375,8618330000.0,,,,,
2009-03-11,719.5900268554688,731.9199829101562,713.8499755859375,721.3599853515625,7287810000.0,,,,,
2009-03-12,720.8900146484375,752.6300048828125,714.760009765625,750.739990234375,7326630000.0,,,,,
2009-03-13,751.969970703125,758.2899780273438,742.4600219726562,756.5499877929688,6787090000.0,,,,,
2009-03-16,758.8400268554688,774.530029296875,753.3699951171875,753.8900146484375,7883540000.0,,,,,
2009-03-17,753.8800048828125,778.1199951171875,749.9299926757812,778.1199951171875,6156800000.0,,,,,
2009-03-18,776.010009765625,803.0399780273438,765.6400146484375,794.3499755859375,9098450000.0,,,,,
2009-03-19,797.9199829101562,803.239990234375,781.8200073242188,784.0399780273438,9033870000.0,,,,,
2009-03-20,784.5800170898438,788.9099731445312,766.2000122070312,768.5399780273438,7643720000.0,,,,,
2009-03-23,772.3099975585938,823.3699951171875,772.3099975585938,822.9199829101562,7715770000.0,,,,,
2009-03-24,820.5999755859375,823.6500244140625,805.47998046875,806.1199951171875,6767980000.0,,,,,
2009-03-25,806.8099975585938,826.780029296875,791.3699951171875,813.8800048828125,7687180000.0,,,,,
2009-03-26,814.0599975585938,832.97998046875,814.0599975585938,832.8599853515625,6992960000.0,,,,,
2009-03-27,828.6799926757812,828.6799926757812,813.4299926757812,815.9400024414062,5600210000.0,,,,,
2009-03-30,809.0700073242188,809.0700073242188,779.8099975585938,787.530029296875,5912660000.0,,,,,
2009-03-31,790.8800048828125,810.47998046875,790.8800048828125,797.8699951171875,6089100000.0,,,,,
2009-04-01,793.5900268554688,813.6199951171875,783.3200073242188,811.0800170898438,6034140000.0,,,,,
2009-04-02,814.530029296875,845.6099853515625,814.530029296875,834.3800048828125,7542810000.0,,,,,
2009-04-03,835.1300048828125,842.5,826.7000122070312,842.5,5855640000.0,,,,,
2009-04-06,839.75,839.75,822.7899780273438,835.47998046875,6210000000.0,,,,,
2009-04-07,834.1199951171875,834.1199951171875,814.530029296875,815.5499877929688,5155580000.0,,,,,
2009-04-08,816.760009765625,828.4199829101562,814.8400268554688,825.1599731445312,5938460000.0,,,,,
2009-04-09,829.2899780273438,856.9099731445312,829.2899780273438,856.5599975585938,7600710000.0,,,,,
2009-04-13,855.3300170898438,864.3099975585938,845.3499755859375,858.72998046875,6434890000.0,,,,,
2009-04-14,856.8800048828125,856.8800048828125,840.25,841.5,7569840000.0,,,,,
2009-04-15,839.4400024414062,852.9299926757812,835.5800170898438,852.0599975585938,6241100000.0,,,,,
2009-04-16,854.5399780273438,870.3499755859375,847.0399780273438,865.2999877929688,6598670000.0,,,,,
2009-04-17,865.1799926757812,875.6300048828125,860.8699951171875,869.5999755859375,7352010000.0,,,,,
2009-04-20,868.27001953125,868.27001953125,832.3900146484375,832.3900146484375,6973960000.0,,,,,
2009-04-21,831.25,850.0900268554688,826.8300170898438,850.0800170898438,7436490000.0,,,,,
2009-04-22,847.260009765625,861.780029296875,840.5700073242188,843.5499877929688,7327860000.0,,,,,
2009-04-23,844.6199951171875,852.8699951171875,835.4500122070312,851.9199829101562,6563100000.0,,,,,
2009-04-24,853.9099731445312,871.7999877929688,853.9099731445312,866.22998046875,7114440000.0,,,,,
2009-04-27,862.8200073242188,868.8300170898438,854.6500244140625,857.510009765625,5613460000.0,,,,,
2009-04-28,854.47998046875,864.47998046875,847.1199951171875,855.1599731445312,6328000000.0,,,,,
2009-04-29,856.8499755859375,882.0599975585938,856.8499755859375,873.6400146484375,6101620000.0,,,,,
2009-04-30,876.5900268554688,888.7000122070312,868.510009765625,872.8099975585938,6862540000.0,,,,,
2009-05-01,872.739990234375,880.47998046875,866.0999755859375,877.52001953125,5312170000.0,,,,,
2009-05-04,879.2100219726562,907.8499755859375,879.2100219726562,907.239990234375,7038840000.0,,,,,
2009-05-05,906.0999755859375,907.7000122070312,897.3400268554688,903.7999877929688,6882860000.0,,,,,
2009-05-06,903.9500122070312,920.280029296875,903.9500122070312,919.530029296875,8555040000.0,,,,,
2009-05-07,919.5800170898438,929.5800170898438,901.3599853515625,907.3900146484375,9120100000.0,,,,,
2009-05-08,909.030029296875,930.1699829101562,909.030029296875,929.22998046875,8163280000.0,,,,,
2009-05-11,922.989990234375,922.989990234375,908.6799926757812,909.239990234375,6150600000.0,,,,,
2009-05-12,910.52001953125,915.5700073242188,896.4600219726562,908.3499755859375,6871750000.0,,,,,
2009-05-13,905.4000244140625,905.4000244140625,882.7999877929688,883.9199829101562,7091820000.0,,,,,
2009-05-14,884.239990234375,898.3599853515625,882.52001953125,893.0700073242188,6134870000.0,,,,,
2009-05-15,892.760009765625,896.969970703125,878.9400024414062,882.8800048828125,5439720000.0,,,,,
2009-05-18,886.0700073242188,910.0,886.0700073242188,909.7100219726562,5702150000.0,,,,,
2009-05-19,909.6699829101562,916.3900146484375,905.219970703125,908.1300048828125,6616270000.0,,,,,
2009-05-20,908.6199951171875,924.5999755859375,901.3699951171875,903.469970703125,8205060000.0,,,,,
2009-05-21,900.4199829101562,900.4199829101562,879.6099853515625,888.3300170898438,6019840000.0,,,,,
2009-05-22,888.6799926757812,896.6500244140625,883.75,887.0,5155320000.0,,,,,
2009-05-26,887.0,911.760009765625,881.4600219726562,910.3300170898438,5667050000.0,,,,,
2009-05-27,909.9500122070312,913.8400268554688,891.8699951171875,893.0599975585938,5698800000.0,,,,,
2009-05-28,892.9600219726562,909.4500122070312,887.5999755859375,906.8300170898438,5738980000.0,,,,,
2009-05-29,907.02001953125,920.02001953125,903.5599975585938,919.1400146484375,6050420000.0,,,,,
2009-06-01,923.260009765625,947.77001953125,923.260009765625,942.8699951171875,6370440000.0,,,,,
2009-06-02,942.8699951171875,949.3800048828125,938.4600219726562,944.739990234375,5987340000.0,,,,,
2009-06-03,942.510009765625,942.510009765625,923.8499755859375,931.760009765625,5323770000.0,,,,,
2009-06-04,932.489990234375,942.469970703125,929.3200073242188,942.4600219726562,5352890000.0,,,,,
2009-06-05,945.6699829101562,951.6900024414062,934.1300048828125,940.0900268554688,5277910000.0,,,,,
2009-06-08,938.1199951171875,946.3300170898438,926.4400024414062,939.1400146484375,4483430000.0,,,,,
2009-06-09,940.3499755859375,946.9199829101562,936.1500244140625,942.4299926757812,4439950000.0,,,,,
2009-06-10,942.72998046875,949.77001953125,927.969970703125,939.1500244140625,5379420000.0,,,,,
2009-06-11,939.0399780273438,956.22998046875,939.0399780273438,944.8900146484375,5500840000.0,,,,,
2009-06-12,943.4400024414062,946.2999877929688,935.6599731445312,946.2100219726562,4528120000.0,,,,,
2009-06-15,942.4500122070312,942.4500122070312,919.6500244140625,923.719970703125,4697880000.0,,,,,
2009-06-16,925.5999755859375,928.0,911.5999755859375,911.969970703125,4951200000.0,,,,,
2009-06-17,911.8900146484375,918.4400024414062,903.780029296875,910.7100219726562,5523650000.0,,,,,
2009-06-18,910.8599853515625,921.9299926757812,907.9400024414062,918.3699951171875,4684010000.0,,,,,
2009-06-19,919.9600219726562,927.0900268554688,915.7999877929688,921.22998046875,5713390000.0,,,,,
2009-06-22,918.1300048828125,918.1300048828125,893.0399780273438,893.0399780273438,4903940000.0,,,,,
2009-06-23,893.4600219726562,898.6900024414062,888.8599853515625,895.0999755859375,5071020000.0,,,,,
2009-06-24,896.3099975585938,910.8499755859375,896.3099975585938,900.9400024414062,4636720000.0,,,,,
2009-06-25,899.4500122070312,921.4199829101562,896.27001953125,920.260009765625,4911240000.0,,,,,
2009-06-26,918.8400268554688,922.0,913.030029296875,918.9000244140625,6076660000.0,,,,,
2009-06-29,919.8599853515625,927.989990234375,916.1799926757812,927.22998046875,4211760000.0,,,,,
2009-06-30,927.1500244140625,930.010009765625,912.8599853515625,919.3200073242188,4627570000.0,,,,,
2009-07-01,920.8200073242188,931.9199829101562,920.8200073242188,923.3300170898438,3919400000.0,,,,,
2009-07-02,921.239990234375,921.239990234375,896.4199829101562,896.4199829101562,3931000000.0,,,,,
2009-07-06,894.27001953125,898.719970703125,886.3599853515625,898.719970703125,4712580000.0,,,,,
2009-07-07,898.5999755859375,898.5999755859375,879.9299926757812,881.030029296875,4673300000.0,,,,,
2009-07-08,881.9000244140625,886.7999877929688,869.3200073242188,879.5599975585938,5721780000.0,,,,,
2009-07-09,881.280029296875,887.8599853515625,878.4500122070312,882.6799926757812,4347170000.0,,,,,
2009-07-10,880.030029296875,883.5700073242188,872.8099975585938,879.1300048828125,3912080000.0,,,,,
2009-07-13,879.5700073242188,901.0499877929688,875.3200073242188,901.0499877929688,4499440000.0,,,,,
2009-07-14,900.77001953125,905.8400268554688,896.5,905.8400268554688,4149030000.0,,,,,
2009-07-15,910.1500244140625,933.9500122070312,910.1500244140625,932.6799926757812,5238830000.0,,,,,
2009-07-16,930.1699829101562,943.9600219726562,927.4500122070312,940.739990234375,4898640000.0,,,,,
2009-07-17,940.5599975585938,941.8900146484375,934.6500244140625,940.3800048828125,5141380000.0,,,,,
2009-07-20,942.0700073242188,951.6199951171875,940.989990234375,951.1300048828125,4853150000.0,,,,,
2009-07-21,951.969970703125,956.530029296875,943.219970703125,954.5800170898438,5309300000.0,,,,,
2009-07-22,953.4000244140625,959.8300170898438,947.75,954.0700073242188,4634100000.0,,,,,
2009-07-23,954.0700073242188,979.4199829101562,953.27001953125,976.2899780273438,5761650000.0,,,,,
2009-07-24,972.1599731445312,979.7899780273438,965.9500122070312,979.260009765625,4458300000.0,,,,,
2009-07-27,978.6300048828125,982.489990234375,972.2899780273438,982.1799926757812,4631290000.0,,,,,
2009-07-28,981.47998046875,982.3499755859375,969.3499755859375,979.6199951171875,5490350000.0,,,,,
2009-07-29,977.6599731445312,977.760009765625,968.6500244140625,975.1500244140625,5178770000.0,,,,,
2009-07-30,976.010009765625,996.6799926757812,976.010009765625,986.75,6035180000.0,,,,,
2009-07-31,986.7999877929688,993.1799926757812,982.8499755859375,987.47998046875,5139070000.0,,,,,
2009-08-03,990.219970703125,1003.6099853515625,990.219970703125,1002.6300048828125,5603440000.0,,,,,
2009-08-04,1001.4099731445312,1007.1199951171875,996.6799926757812,1005.6500244140625,5713700000.0,,,,,
2009-08-05,1005.4099731445312,1006.6400146484375,994.3099975585938,1002.719970703125,7242120000.0,,,,,
2009-08-06,1004.0599975585938,1008.0,992.489990234375,997.0800170898438,6753380000.0,,,,,
2009-08-07,999.8300170898438,1018.0,999.8300170898438,1010.47998046875,6827090000.0,,,,,
2009-08-10,1008.8900146484375,1010.1199951171875,1000.989990234375,1007.0999755859375,5406080000.0,,,,,
2009-08-11,1005.77001953125,1005.77001953125,992.4000244140625,994.3499755859375,5773160000.0,,,,,
2009-08-12,994.0,1012.780029296875,993.3599853515625,1005.8099975585938,5498170000.0,,,,,
2009-08-13,1005.8599853515625,1013.1400146484375,1000.8200073242188,1012.72998046875,5250660000.0,,,,,
2009-08-14,1012.22998046875,1012.5999755859375,994.5999755859375,1004.0900268554688,4940750000.0,,,,,
2009-08-17,998.1799926757812,998.1799926757812,978.510009765625,979.72998046875,4088570000.0,,,,,
2009-08-18,980.6199951171875,991.2000122070312,980.6199951171875,989.6699829101562,4198970000.0,,,,,
2009-08-19,986.8800048828125,999.6099853515625,980.6199951171875,996.4600219726562,4257000000.0,,,,,
2009-08-20,996.4099731445312,1008.9199829101562,996.3900146484375,1007.3699951171875,4893160000.0,,,,,
2009-08-21,1009.0599975585938,1027.5899658203125,1009.0599975585938,1026.1300048828125,5885550000.0,,,,,
2009-08-24,1026.5899658203125,1035.8199462890625,1022.47998046875,1025.5699462890625,6302450000.0,,,,,
2009-08-25,1026.6300048828125,1037.75,1026.2099609375,1028.0,5768740000.0,,,,,
2009-08-26,1027.3499755859375,1032.469970703125,1021.5700073242188,1028.1199951171875,5080060000.0,,,,,
2009-08-27,1027.81005859375,1033.3299560546875,1016.2000122070312,1030.97998046875,5785880000.0,,,,,
2009-08-28,1031.6199951171875,1039.469970703125,1023.1300048828125,1028.9300537109375,5785780000.0,,,,,
2009-08-31,1025.2099609375,1025.2099609375,1014.6199951171875,1020.6199951171875,5004560000.0,,,,,
2009-09-01,1019.52001953125,1028.449951171875,996.280029296875,998.0399780273438,6862360000.0,,,,,
2009-09-02,996.0700073242188,1000.3400268554688,991.969970703125,994.75,5842730000.0,,,,,
2009-09-03,996.1199951171875,1003.4299926757812,992.25,1003.239990234375,4624280000.0,,,,,
2009-09-04,1003.8400268554688,1016.47998046875,1001.6500244140625,1016.4000244140625,4097370000.0,,,,,
2009-09-08,1018.6699829101562,1026.0699462890625,1018.6699829101562,1025.3900146484375,5235160000.0,,,,,
2009-09-09,1025.3599853515625,1036.3399658203125,1023.969970703125,1033.3699951171875,5202550000.0,,,,,
2009-09-10,1032.989990234375,1044.1400146484375,1028.0400390625,1044.1400146484375,5191380000.0,,,,,
2009-09-11,1043.9200439453125,1048.1800537109375,1038.4000244140625,1042.72998046875,4922600000.0,,,,,
2009-09-14,1040.1500244140625,1049.739990234375,1035.0,1049.3399658203125,4979610000.0,,,,,
2009-09-15,1049.030029296875,1056.0400390625,1043.4200439453125,1052.6300048828125,6185620000.0,,,,,
2009-09-16,1053.989990234375,1068.760009765625,1052.8699951171875,1068.760009765625,6793530000.0,,,,,
2009-09-17,1067.8699951171875,1074.77001953125,1061.199951171875,1065.489990234375,6668110000.0,,,,,
2009-09-18,1066.5999755859375,1071.52001953125,1064.27001953125,1068.300048828125,5607970000.0,,,,,
2009-09-21,1067.1400146484375,1067.280029296875,1057.4599609375,1064.6600341796875,4615280000.0,,,,,
2009-09-22,1066.3499755859375,1073.81005859375,1066.3499755859375,1071.6600341796875,5246600000.0,,,,,
2009-09-23,1072.68994140625,1080.1500244140625,1060.3900146484375,1060.8699951171875,5531930000.0,,,,,
2009-09-24,1062.56005859375,1066.2900390625,1045.8499755859375,1050.780029296875,5505610000.0,,,,,
2009-09-25,1049.47998046875,1053.469970703125,1041.1700439453125,1044.3800048828125,4507090000.0,,,,,
2009-09-28,1045.3800048828125,1065.1300048828125,1045.3800048828125,1062.97998046875,3726950000.0,,,,,
2009-09-29,1063.68994140625,1069.6199951171875,1057.8299560546875,1060.6099853515625,4949900000.0,,,,,
2009-09-30,1061.02001953125,1063.4000244140625,1046.469970703125,1057.0799560546875,5998860000.0,,,,,
2009-10-01,1054.9100341796875,1054.9100341796875,1029.449951171875,1029.8499755859375,5791450000.0,,,,,
2009-10-02,1029.7099609375,1030.5999755859375,1019.9500122070312,1025.2099609375,5583240000.0,,,,,
2009-10-05,1026.8699951171875,1042.5799560546875,1025.9200439453125,1040.4599609375,4313310000.0,,,,,
2009-10-06,1042.02001953125,1060.550048828125,1042.02001953125,1054.719970703125,5029840000.0,,,,,
2009-10-07,1053.6500244140625,1058.02001953125,1050.0999755859375,1057.5799560546875,4238220000.0,,,,,
2009-10-08,1060.030029296875,1070.6700439453125,1060.030029296875,1065.47998046875,4988400000.0,,,,,
2009-10-09,1065.280029296875,1071.510009765625,1063.0,1071.489990234375,3763780000.0,,,,,
2009-10-12,1071.6300048828125,1079.4599609375,1071.6300048828125,1076.18994140625,3710430000.0,,,,,
2009-10-13,1074.9599609375,1075.300048828125,1066.7099609375,1073.18994140625,4320480000.0,,,,,
2009-10-14,1078.6800537109375,1093.1700439453125,1078.6800537109375,1092.02001953125,5406420000.0,,,,,
2009-10-15,1090.3599853515625,1096.56005859375,1086.4100341796875,1096.56005859375,5369780000.0,,,,,
2009-10-16,1094.6700439453125,1094.6700439453125,1081.530029296875,1087.6800537109375,4894740000.0,,,,,
2009-10-19,1088.219970703125,1100.1700439453125,1086.47998046875,1097.9100341796875,4619240000.0,,,,,
2009-10-20,1098.6400146484375,1098.6400146484375,1086.1600341796875,1091.06005859375,5396930000.0,,,,,
2009-10-21,1090.3599853515625,1101.3599853515625,1080.77001953125,1081.4000244140625,5616290000.0,,,,,
2009-10-22,1080.9599609375,1095.2099609375,1074.31005859375,1092.9100341796875,5192410000.0,,,,,
2009-10-23,1095.6199951171875,1095.8299560546875,1075.489990234375,1079.5999755859375,4767460000.0,,,,,
2009-10-26,1080.3599853515625,1091.75,1065.22998046875,1066.949951171875,6363380000.0,,,,,
2009-10-27,1067.5400390625,1072.47998046875,1060.6199951171875,1063.4100341796875,5337380000.0,,,,,
2009-10-28,1061.510009765625,1063.260009765625,1042.18994140625,1042.6300048828125,6600350000.0,,,,,
2009-10-29,1043.68994140625,1066.8299560546875,1043.68994140625,1066.1099853515625,5595040000.0,,,,,
2009-10-30,1065.4100341796875,1065.4100341796875,1033.3800048828125,1036.18994140625,6512420000.0,,,,,
2009-11-02,1036.1800537109375,1052.1800537109375,1029.3800048828125,1042.8800048828125,6202640000.0,,,,,
2009-11-03,1040.9200439453125,1046.3599853515625,1033.93994140625,1045.4100341796875,5487500000.0,,,,,
2009-11-04,1047.1400146484375,1061.0,1045.1500244140625,1046.5,5635510000.0,,,,,
2009-11-05,1047.300048828125,1066.6500244140625,1047.300048828125,1066.6300048828125,4848350000.0,,,,,
2009-11-06,1064.949951171875,1071.47998046875,1059.3199462890625,1069.300048828125,4277130000.0,,,,,
2009-11-09,1072.31005859375,1093.18994140625,1072.31005859375,1093.0799560546875,4460030000.0,,,,,
2009-11-10,1091.8599853515625,1096.4200439453125,1087.4000244140625,1093.010009765625,4394770000.0,,,,,
2009-11-11,1096.0400390625,1105.3699951171875,1093.81005859375,1098.510009765625,4286700000.0,,,,,
2009-11-12,1098.31005859375,1101.969970703125,1084.9000244140625,1087.239990234375,4160250000.0,,,,,
2009-11-13,1087.5899658203125,1097.7900390625,1085.3299560546875,1093.47998046875,3792610000.0,,,,,
2009-11-16,1094.1300048828125,1113.68994140625,1094.1300048828125,1109.300048828125,4565850000.0,,,,,
2009-11-17,1109.219970703125,1110.52001953125,1102.18994140625,1110.3199462890625,3824070000.0,,,,,
2009-11-18,1109.43994140625,1111.0999755859375,1102.699951171875,1109.800048828125,4293340000.0,,,,,
2009-11-19,1106.43994140625,1106.43994140625,1088.4000244140625,1094.9000244140625,4178030000.0,,,,,
2009-11-20,1094.6600341796875,1094.6600341796875,1086.81005859375,1091.3800048828125,3751230000.0,,,,,
2009-11-23,1094.8599853515625,1112.3800048828125,1094.8599853515625,1106.239990234375,3827920000.0,,,,,
2009-11-24,1105.8299560546875,1107.56005859375,1097.6300048828125,1105.6500244140625,3700820000.0,,,,,
2009-11-25,1106.489990234375,1111.1800537109375,1104.75,1110.6300048828125,3036350000.0,,,,,
2009-11-27,1105.469970703125,1105.469970703125,1083.739990234375,1091.489990234375,2362910000.0,,,,,
2009-11-30,1091.0699462890625,1097.239990234375,1086.25,1095.6300048828125,3895520000.0,,,,,
2009-12-01,1098.8900146484375,1112.280029296875,1098.8900146484375,1108.8599853515625,4249310000.0,,,,,
2009-12-02,1109.030029296875,1115.5799560546875,1105.2900390625,1109.239990234375,3941340000.0,,,,,
2009-12-03,1110.5899658203125,1117.280029296875,1098.739990234375,1099.9200439453125,4810030000.0,,,,,
2009-12-04,1100.4300537109375,1119.1300048828125,1096.52001953125,1105.97998046875,5781140000.0,,,,,
2009-12-07,1105.52001953125,1110.719970703125,1100.8299560546875,1103.25,4103360000.0,,,,,
2009-12-08,1103.0400390625,1103.0400390625,1088.6099853515625,1091.93994140625,4748030000.0,,,,,
2009-12-09,1091.0699462890625,1097.0400390625,1085.8900146484375,1095.949951171875,4115410000.0,,,,,
2009-12-10,1098.68994140625,1106.25,1098.68994140625,1102.3499755859375,3996490000.0,,,,,
2009-12-11,1103.9599609375,1108.5,1101.3399658203125,1106.4100341796875,3791090000.0,,,,,
2009-12-14,1107.8399658203125,1114.760009765625,1107.8399658203125,1114.1099853515625,4548490000.0,,,,,
2009-12-15,1114.1099853515625,1114.1099853515625,1105.3499755859375,1107.9300537109375,5045100000.0,,,,,
2009-12-16,1108.6099853515625,1116.2099609375,1107.9599609375,1109.1800537109375,4829820000.0,,,,,
2009-12-17,1106.3599853515625,1106.3599853515625,1095.8800048828125,1096.0799560546875,7615070000.0,,,,,
2009-12-18,1097.8599853515625,1103.739990234375,1093.8800048828125,1102.469970703125,6325890000.0,,,,,
2009-12-21,1105.31005859375,1117.6800537109375,1105.31005859375,1114.050048828125,3977340000.0,,,,,
2009-12-22,1114.510009765625,1120.27001953125,1114.510009765625,1118.02001953125,3641130000.0,,,,,
2009-12-23,1118.8399658203125,1121.5799560546875,1116.0,1120.5899658203125,3166870000.0,,,,,
2009-12-24,1121.0799560546875,1126.47998046875,1121.0799560546875,1126.47998046875,1267710000.0,,,,,
2009-12-28,1127.530029296875,1130.3800048828125,1123.510009765625,1127.780029296875,2716400000.0,,,,,
2009-12-29,1128.550048828125,1130.3800048828125,1126.0799560546875,1126.199951171875,2491020000.0,,,,,
2009-12-30,1125.530029296875,1126.4200439453125,1121.93994140625,1126.4200439453125,2277300000.0,,,,,
2009-12-31,1126.5999755859375,1127.6400146484375,1114.81005859375,1115.0999755859375,2076990000.0,,,,,
2010-01-04,1116.56005859375,1133.8699951171875,1116.56005859375,1132.989990234375,3991400000.0,,,,,
2010-01-05,1132.6600341796875,1136.6300048828125,1129.6600341796875,1136.52001953125,2491020000.0,,,,,
2010-01-06,1135.7099609375,1139.18994140625,1133.949951171875,1137.1400146484375,4972660000.0,,,,,
2010-01-07,1136.27001953125,1142.4599609375,1131.3199462890625,1141.68994140625,5270680000.0,,,,,
2010-01-08,1140.52001953125,1145.3900146484375,1136.219970703125,1144.97998046875,4389590000.0,,,,,
2010-01-11,1145.9599609375,1149.739990234375,1142.02001953125,1146.97998046875,4255780000.0,,,,,
2010-01-12,1143.81005859375,1143.81005859375,1131.77001953125,1136.219970703125,4716160000.0,,,,,
2010-01-13,1137.31005859375,1148.4000244140625,1133.1800537109375,1145.6800537109375,4170360000.0,,,,,
2010-01-14,1145.6800537109375,1150.4100341796875,1143.800048828125,1148.4599609375,3915200000.0,,,,,
2010-01-15,1147.719970703125,1147.77001953125,1131.3900146484375,1136.030029296875,4758730000.0,,,,,
2010-01-19,1136.030029296875,1150.449951171875,1135.77001953125,1150.22998046875,4724830000.0,,,,,
2010-01-20,1147.949951171875,1147.949951171875,1129.25,1138.0400390625,4810560000.0,,,,,
2010-01-21,1138.6800537109375,1141.5799560546875,1114.8399658203125,1116.47998046875,6874290000.0,,,,,
2010-01-22,1115.489990234375,1115.489990234375,1090.1800537109375,1091.760009765625,6208650000.0,,,,,
2010-01-25,1092.4000244140625,1102.969970703125,1092.4000244140625,1096.780029296875,4481390000.0,,,,,
2010-01-26,1095.800048828125,1103.68994140625,1089.8599853515625,1092.1700439453125,4731910000.0,,,,,
2010-01-27,1091.93994140625,1099.510009765625,1083.1099853515625,1097.5,5319120000.0,,,,,
2010-01-28,1096.9300537109375,1100.219970703125,1078.4599609375,1084.530029296875,5452400000.0,,,,,
2010-01-29,1087.6099853515625,1096.449951171875,1071.5899658203125,1073.8699951171875,5412850000.0,,,,,
2010-02-01,1073.8900146484375,1089.3800048828125,1073.8900146484375,1089.18994140625,4077610000.0,,,,,
2010-02-02,1090.050048828125,1104.72998046875,1087.9599609375,1103.3199462890625,4749540000.0,,,,,
2010-02-03,1100.6700439453125,1102.719970703125,1093.969970703125,1097.280029296875,4285450000.0,,,,,
2010-02-04,1097.25,1097.25,1062.780029296875,1063.1099853515625,5859690000.0,,,,,
2010-02-05,1064.1199951171875,1067.1300048828125,1044.5,1066.18994140625,6438900000.0,,,,,
2010-02-08,1065.510009765625,1071.199951171875,1056.510009765625,1056.739990234375,4089820000.0,,,,,
2010-02-09,1060.06005859375,1079.280029296875,1060.06005859375,1070.52001953125,5114260000.0,,,,,
2010-02-10,1069.6800537109375,1073.6700439453125,1059.3399658203125,1068.1300048828125,4251450000.0,,,,,
2010-02-11,1067.0999755859375,1080.0400390625,1060.5899658203125,1078.469970703125,4400870000.0,,,,,
2010-02-12,1075.949951171875,1077.81005859375,1062.969970703125,1075.510009765625,4160680000.0,,,,,
2010-02-16,1079.1300048828125,1095.6700439453125,1079.1300048828125,1094.8699951171875,4080770000.0,,,,,
2010-02-17,1096.1400146484375,1101.030029296875,1094.719970703125,1099.510009765625,4259230000.0,,,,,
2010-02-18,1099.030029296875,1108.239990234375,1097.47998046875,1106.75,3878620000.0,,,,,
2010-02-19,1105.489990234375,1112.4200439453125,1100.800048828125,1109.1700439453125,3944280000.0,,,,,
2010-02-22,1110.0,1112.2900390625,1105.3800048828125,1108.010009765625,3814440000.0,,,,,
2010-02-23,1107.489990234375,1108.5799560546875,1092.1800537109375,1094.5999755859375,4521050000.0,,,,,
2010-02-24,1095.8900146484375,1106.4200439453125,1095.5,1105.239990234375,4168360000.0,,,,,
2010-02-25,1101.239990234375,1103.5,1086.02001953125,1102.93994140625,4521130000.0,,,,,
2010-02-26,1103.0999755859375,1107.239990234375,1097.56005859375,1104.489990234375,3945190000.0,,,,,
2010-03-01,1105.3599853515625,1116.1099853515625,1105.3599853515625,1115.7099609375,3847640000.0,,,,,
2010-03-02,1117.010009765625,1123.4599609375,1116.510009765625,1118.31005859375,4134680000.0,,,,,
2010-03-03,1119.3599853515625,1125.6400146484375,1116.5799560546875,1118.7900390625,3951320000.0,,,,,
2010-03-04,1119.1199951171875,1123.72998046875,1116.6600341796875,1122.969970703125,3945010000.0,,,,,
2010-03-05,1125.1199951171875,1139.3800048828125,1125.1199951171875,1138.699951171875,4133000000.0,,,,,
2010-03-08,1138.4000244140625,1141.050048828125,1136.77001953125,1138.5,3774680000.0,,,,,
2010-03-09,1137.56005859375,1145.3699951171875,1134.9000244140625,1140.449951171875,5185570000.0,,,,,
2010-03-10,1140.219970703125,1148.260009765625,1140.0899658203125,1145.6099853515625,5469120000.0,,,,,
2010-03-11,1143.9599609375,1150.239990234375,1138.989990234375,1150.239990234375,4669060000.0,,,,,
2010-03-12,1151.7099609375,1153.4100341796875,1146.969970703125,1149.989990234375,4928160000.0,,,,,
2010-03-15,1148.530029296875,1150.97998046875,1141.449951171875,1150.510009765625,4164110000.0,,,,,
2010-03-16,1150.8299560546875,1160.280029296875,1150.3499755859375,1159.4599609375,4369770000.0,,,,,
2010-03-17,1159.93994140625,1169.8399658203125,1159.93994140625,1166.2099609375,4963200000.0,,,,,
2010-03-18,1166.1300048828125,1167.77001953125,1161.1600341796875,1165.8299560546875,4234510000.0,,,,,
2010-03-19,1166.6800537109375,1169.199951171875,1155.3299560546875,1159.9000244140625,5212410000.0,,,,,
2010-03-22,1157.25,1167.8199462890625,1152.8800048828125,1165.81005859375,4261680000.0,,,,,
2010-03-23,1166.469970703125,1174.719970703125,1163.8299560546875,1174.1700439453125,4411640000.0,,,,,
2010-03-24,1172.699951171875,1173.0400390625,1166.010009765625,1167.719970703125,4705750000.0,,,,,
2010-03-25,1170.030029296875,1180.68994140625,1165.0899658203125,1165.72998046875,5668900000.0,,,,,
2010-03-26,1167.5799560546875,1173.9300537109375,1161.47998046875,1166.5899658203125,4708420000.0,,,,,
2010-03-29,1167.7099609375,1174.8499755859375,1167.7099609375,1173.219970703125,4375580000.0,,,,,
2010-03-30,1173.75,1177.8299560546875,1168.9200439453125,1173.27001953125,4085000000.0,,,,,
2010-03-31,1171.75,1174.56005859375,1165.77001953125,1169.4300537109375,4484340000.0,,,,,
2010-04-01,1171.22998046875,1181.4300537109375,1170.68994140625,1178.0999755859375,4006870000.0,,,,,
2010-04-05,1178.7099609375,1187.72998046875,1178.7099609375,1187.43994140625,3881620000.0,,,,,
2010-04-06,1186.010009765625,1191.800048828125,1182.77001953125,1189.43994140625,4086180000.0,,,,,
2010-04-07,1188.22998046875,1189.5999755859375,1177.25,1182.449951171875,5101430000.0,,,,,
2010-04-08,1181.75,1188.550048828125,1175.1199951171875,1186.43994140625,4726970000.0,,,,,
2010-04-09,1187.469970703125,1194.6600341796875,1187.1500244140625,1194.3699951171875,4511570000.0,,,,,
2010-04-12,1194.93994140625,1199.199951171875,1194.7099609375,1196.47998046875,4607090000.0,,,,,
2010-04-13,1195.93994140625,1199.0400390625,1188.8199462890625,1197.300048828125,5403580000.0,,,,,
2010-04-14,1198.68994140625,1210.6500244140625,1198.68994140625,1210.6500244140625,5760040000.0,,,,,
2010-04-15,1210.77001953125,1213.9200439453125,1208.5,1211.6700439453125,5995330000.0,,,,,
2010-04-16,1210.1700439453125,1210.1700439453125,1186.77001953125,1192.1300048828125,8108470000.0,,,,,
2010-04-19,1192.06005859375,1197.8699951171875,1183.6800537109375,1197.52001953125,6597740000.0,,,,,
2010-04-20,1199.0400390625,1208.5799560546875,1199.0400390625,1207.1700439453125,5316590000.0,,,,,
2010-04-21,1207.1600341796875,1210.989990234375,1198.8499755859375,1205.93994140625,5724310000.0,,,,,
2010-04-22,1202.52001953125,1210.27001953125,1190.18994140625,1208.6700439453125,6035780000.0,,,,,
2010-04-23,1207.8699951171875,1217.280029296875,1205.0999755859375,1217.280029296875,5326060000.0,,,,,
2010-04-26,1217.0699462890625,1219.800048828125,1211.0699462890625,1212.050048828125,5647760000.0,,,,,
2010-04-27,1209.9200439453125,1211.3800048828125,1181.6199951171875,1183.7099609375,7454540000.0,,,,,
2010-04-28,1184.5899658203125,1195.050048828125,1181.81005859375,1191.3599853515625,6342310000.0,,,,,
2010-04-29,1193.300048828125,1209.3599853515625,1193.300048828125,1206.780029296875,6059410000.0,,,,,
2010-04-30,1206.77001953125,1207.989990234375,1186.3199462890625,1186.68994140625,6048260000.0,,,,,
2010-05-03,1188.5799560546875,1205.1300048828125,1188.5799560546875,1202.260009765625,4938050000.0,,,,,
2010-05-04,1197.5,1197.5,1168.1199951171875,1173.5999755859375,6594720000.0,,,,,
2010-05-05,1169.239990234375,1175.949951171875,1158.1500244140625,1165.8699951171875,6795940000.0,,,,,
2010-05-06,1164.3800048828125,1167.5799560546875,1065.7900390625,1128.1500244140625,10617810000.0,,,,,
2010-05-07,1127.0400390625,1135.1300048828125,1094.1500244140625,1110.8800048828125,9472910000.0,,,,,
2010-05-10,1122.27001953125,1163.8499755859375,1122.27001953125,1159.72998046875,6893700000.0,,,,,
2010-05-11,1156.3900146484375,1170.47998046875,1147.7099609375,1155.7900390625,5842550000.0,,,,,
2010-05-12,1155.4300537109375,1172.8699951171875,1155.4300537109375,1171.6700439453125,5225460000.0,,,,,
2010-05-13,1170.0400390625,1173.5699462890625,1156.1400146484375,1157.43994140625,4870640000.0,,,,,
2010-05-14,1157.18994140625,1157.18994140625,1126.1400146484375,1135.6800537109375,6126400000.0,,,,,
2010-05-17,1136.52001953125,1141.8800048828125,1114.9599609375,1136.93994140625,5922920000.0,,,,,
2010-05-18,1138.780029296875,1148.6600341796875,1117.199951171875,1120.800048828125,6170840000.0,,,,,
2010-05-19,1119.5699462890625,1124.27001953125,1100.6600341796875,1115.050048828125,6765800000.0,,,,,
2010-05-20,1107.3399658203125,1107.3399658203125,1071.5799560546875,1071.5899658203125,8328570000.0,,,,,
2010-05-21,1067.260009765625,1090.1600341796875,1055.9000244140625,1087.68994140625,5452130000.0,,,,,
2010-05-24,1084.780029296875,1089.949951171875,1072.699951171875,1073.6500244140625,5224040000.0,,,,,
2010-05-25,1067.4200439453125,1074.75,1040.780029296875,1074.030029296875,7329580000.0,,,,,
2010-05-26,1075.510009765625,1090.75,1065.5899658203125,1067.949951171875,4521050000.0,,,,,
2010-05-27,1074.27001953125,1103.52001953125,1074.27001953125,1103.06005859375,5698460000.0,,,,,
2010-05-28,1102.5899658203125,1102.5899658203125,1084.780029296875,1089.4100341796875,4871210000.0,,,,,
2010-06-01,1087.300048828125,1094.77001953125,1069.8900146484375,1070.7099609375,5271480000.0,,,,,
2010-06-02,1073.010009765625,1098.56005859375,1072.030029296875,1098.3800048828125,5026360000.0,,,,,
2010-06-03,1098.8199462890625,1105.6700439453125,1091.81005859375,1102.8299560546875,4995970000.0,,,,,
2010-06-04,1098.4300537109375,1098.4300537109375,1060.5,1064.8800048828125,6180580000.0,,,,,
2010-06-07,1065.8399658203125,1071.3599853515625,1049.8599853515625,1050.469970703125,5467560000.0,,,,,
2010-06-08,1050.81005859375,1063.1500244140625,1042.1700439453125,1062.0,6192750000.0,,,,,
2010-06-09,1062.75,1077.739990234375,1052.25,1055.68994140625,5983200000.0,,,,,
2010-06-10,1058.77001953125,1087.8499755859375,1058.77001953125,1086.8399658203125,5144780000.0,,,,,
2010-06-11,1082.6500244140625,1092.25,1077.1199951171875,1091.5999755859375,4059280000.0,,,,,
2010-06-14,1095.0,1105.9100341796875,1089.030029296875,1089.6300048828125,4425830000.0,,,,,
2010-06-15,1091.2099609375,1115.5899658203125,1091.2099609375,1115.22998046875,4644490000.0,,,,,
2010-06-16,1114.02001953125,1118.739990234375,1107.1300048828125,1114.6099853515625,5002600000.0,,,,,
2010-06-17,1115.97998046875,1117.719970703125,1105.8699951171875,1116.0400390625,4557760000.0,,,,,
2010-06-18,1116.1600341796875,1121.010009765625,1113.9300537109375,1117.510009765625,4555360000.0,,,,,
2010-06-21,1122.7900390625,1131.22998046875,1108.239990234375,1113.199951171875,4514360000.0,,,,,
2010-06-22,1113.9000244140625,1118.5,1094.1800537109375,1095.31005859375,4514380000.0,,,,,
2010-06-23,1095.5699462890625,1099.6400146484375,1085.31005859375,1092.0400390625,4526150000.0,,,,,
2010-06-24,1090.9300537109375,1090.9300537109375,1071.5999755859375,1073.68994140625,4814830000.0,,,,,
2010-06-25,1075.0999755859375,1083.56005859375,1067.8900146484375,1076.760009765625,5128840000.0,,,,,
2010-06-28,1077.5,1082.5999755859375,1071.449951171875,1074.5699462890625,3896410000.0,,,,,
2010-06-29,1071.0999755859375,1071.0999755859375,1035.1800537109375,1041.239990234375,6136700000.0,,,,,
2010-06-30,1040.56005859375,1048.0799560546875,1028.3299560546875,1030.7099609375,5067080000.0,,,,,
2010-07-01,1031.0999755859375,1033.5799560546875,1010.9099731445312,1027.3699951171875,6435770000.0,,,,,
2010-07-02,1027.6500244140625,1032.949951171875,1015.9299926757812,1022.5800170898438,3968500000.0,,,,,
2010-07-06,1028.0899658203125,1042.5,1018.3499755859375,1028.06005859375,4691240000.0,,,,,
2010-07-07,1028.5400390625,1060.8900146484375,1028.5400390625,1060.27001953125,4931220000.0,,,,,
2010-07-08,1062.9200439453125,1071.25,1058.239990234375,1070.25,4548460000.0,,,,,
2010-07-09,1070.5,1078.1600341796875,1068.0999755859375,1077.9599609375,3506570000.0,,,,,
2010-07-12,1077.22998046875,1080.780029296875,1070.449951171875,1078.75,3426990000.0,,,,,
2010-07-13,1080.6500244140625,1099.4599609375,1080.6500244140625,1095.3399658203125,4640460000.0,,,,,
2010-07-14,1095.6099853515625,1099.0799560546875,1087.6800537109375,1095.1700439453125,4521050000.0,,,,,
2010-07-15,1094.4599609375,1098.6600341796875,1080.530029296875,1096.47998046875,4552470000.0,,,,,
2010-07-16,1093.8499755859375,1093.8499755859375,1063.3199462890625,1064.8800048828125,5297350000.0,,,,,
2010-07-19,1066.8499755859375,1074.699951171875,1061.1099853515625,1071.25,4089500000.0,,,,,
2010-07-20,1064.530029296875,1083.93994140625,1056.8800048828125,1083.47998046875,4713280000.0,,,,,
2010-07-21,1086.6700439453125,1088.9599609375,1065.25,1069.5899658203125,4747180000.0,,,,,
2010-07-22,1072.1400146484375,1097.5,1072.1400146484375,1093.6700439453125,4826900000.0,,,,,
2010-07-23,1092.1700439453125,1103.72998046875,1087.8800048828125,1102.6600341796875,4524570000.0,,,,,
2010-07-26,1102.8900146484375,1115.010009765625,1101.300048828125,1115.010009765625,4009650000.0,,,,,
2010-07-27,1117.3599853515625,1120.949951171875,1109.780029296875,1113.8399658203125,4725690000.0,,,,,
2010-07-28,1112.8399658203125,1114.6600341796875,1103.1099853515625,1106.1300048828125,4002390000.0,,,,,
2010-07-29,1108.0699462890625,1115.9000244140625,1092.8199462890625,1101.530029296875,4612420000.0,,,,,
2010-07-30,1098.43994140625,1106.43994140625,1088.010009765625,1101.5999755859375,4006450000.0,,,,,
2010-08-02,1107.530029296875,1127.300048828125,1107.530029296875,1125.8599853515625,4144180000.0,,,,,
2010-08-03,1125.3399658203125,1125.43994140625,1116.760009765625,1120.4599609375,4071820000.0,,,,,
2010-08-04,1121.06005859375,1128.75,1119.4599609375,1127.239990234375,4057850000.0,,,,,
2010-08-05,1125.780029296875,1126.56005859375,1118.81005859375,1125.81005859375,3685560000.0,,,,,
2010-08-06,1122.0699462890625,1123.06005859375,1107.1700439453125,1121.6400146484375,3857890000.0,,,,,
2010-08-09,1122.800048828125,1129.239990234375,1120.9100341796875,1127.7900390625,3979360000.0,,,,,
2010-08-10,1122.9200439453125,1127.1600341796875,1111.5799560546875,1121.06005859375,3979360000.0,,,,,
2010-08-11,1116.8900146484375,1116.8900146484375,1088.550048828125,1089.469970703125,4511860000.0,,,,,
2010-08-12,1081.47998046875,1086.719970703125,1076.68994140625,1083.6099853515625,4521050000.0,,,,,
2010-08-13,1082.219970703125,1086.25,1079.0,1079.25,3328890000.0,,,,,
2010-08-16,1077.489990234375,1082.6199951171875,1069.489990234375,1079.3800048828125,3142450000.0,,,,,
2010-08-17,1081.1600341796875,1100.1400146484375,1081.1600341796875,1092.5400390625,3968210000.0,,,,,
2010-08-18,1092.0799560546875,1099.77001953125,1085.760009765625,1094.1600341796875,3724260000.0,,,,,
2010-08-19,1092.43994140625,1092.43994140625,1070.6600341796875,1075.6300048828125,4290540000.0,,,,,
2010-08-20,1075.6300048828125,1075.6300048828125,1063.9100341796875,1071.68994140625,3761570000.0,,,,,
2010-08-23,1073.3599853515625,1081.5799560546875,1067.0799560546875,1067.3599853515625,3210950000.0,,,,,
2010-08-24,1063.199951171875,1063.199951171875,1046.6800537109375,1051.8699951171875,4436330000.0,,,,,
2010-08-25,1048.97998046875,1059.3800048828125,1039.8299560546875,1055.3299560546875,4360190000.0,,,,,
2010-08-26,1056.280029296875,1061.449951171875,1045.4000244140625,1047.219970703125,3646710000.0,,,,,
2010-08-27,1049.27001953125,1065.2099609375,1039.699951171875,1064.5899658203125,4102460000.0,,,,,
2010-08-30,1062.9000244140625,1064.4000244140625,1048.7900390625,1048.9200439453125,2917990000.0,,,,,
2010-08-31,1046.8800048828125,1055.1400146484375,1040.8800048828125,1049.3299560546875,4038770000.0,,,,,
2010-09-01,1049.719970703125,1081.300048828125,1049.719970703125,1080.2900390625,4396880000.0,,,,,
2010-09-02,1080.6600341796875,1090.0999755859375,1080.3900146484375,1090.0999755859375,3704210000.0,,,,,
2010-09-03,1093.6099853515625,1105.0999755859375,1093.6099853515625,1104.510009765625,3534500000.0,,,,,
2010-09-07,1102.5999755859375,1102.5999755859375,1091.1500244140625,1091.8399658203125,3107380000.0,,,,,
2010-09-08,1092.3599853515625,1103.260009765625,1092.3599853515625,1098.8699951171875,3224640000.0,,,,,
2010-09-09,1101.1500244140625,1110.27001953125,1101.1500244140625,1104.1800537109375,3387770000.0,,,,,
2010-09-10,1104.5699462890625,1110.8800048828125,1103.9200439453125,1109.550048828125,3061160000.0,,,,,
2010-09-13,1113.3800048828125,1123.8699951171875,1113.3800048828125,1121.9000244140625,4521050000.0,,,,,
2010-09-14,1121.1600341796875,1127.3599853515625,1115.5799560546875,1121.0999755859375,4521050000.0,,,,,
2010-09-15,1119.4300537109375,1126.4599609375,1114.6300048828125,1125.0699462890625,3369840000.0,,,,,
2010-09-16,1123.8900146484375,1125.43994140625,1118.8800048828125,1124.6600341796875,3364080000.0,,,,,
2010-09-17,1126.3900146484375,1131.469970703125,1122.4300537109375,1125.5899658203125,4086140000.0,,,,,
2010-09-20,1126.5699462890625,1144.8599853515625,1126.5699462890625,1142.7099609375,3364080000.0,,,,,
2010-09-21,1142.8199462890625,1148.5899658203125,1136.219970703125,1139.780029296875,4175660000.0,,,,,
2010-09-22,1139.489990234375,1144.3800048828125,1131.5799560546875,1134.280029296875,3911070000.0,,,,,
2010-09-23,1131.0999755859375,1136.77001953125,1122.7900390625,1124.8299560546875,3847850000.0,,,,,
2010-09-24,1131.68994140625,1148.9000244140625,1131.68994140625,1148.6700439453125,4123950000.0,,,,,
2010-09-27,1148.6400146484375,1149.9200439453125,1142.0,1142.1600341796875,3587860000.0,,,,,
2010-09-28,1142.31005859375,1150.0,1132.0899658203125,1147.699951171875,4025840000.0,,,,,
2010-09-29,1146.75,1148.6300048828125,1140.260009765625,1144.72998046875,3990280000.0,,,,,
2010-09-30,1145.969970703125,1157.1600341796875,1136.0799560546875,1141.199951171875,4284160000.0,,,,,
2010-10-01,1143.489990234375,1150.300048828125,1139.4200439453125,1146.239990234375,4298910000.0,,,,,
2010-10-04,1144.9599609375,1148.1600341796875,1131.8699951171875,1137.030029296875,3604110000.0,,,,,
2010-10-05,1140.6800537109375,1162.760009765625,1140.6800537109375,1160.75,4068840000.0,,,,,
2010-10-06,1159.81005859375,1162.3299560546875,1154.8499755859375,1159.969970703125,4073160000.0,,,,,
2010-10-07,1161.5699462890625,1163.8699951171875,1151.4100341796875,1158.06005859375,3910550000.0,,,,,
2010-10-08,1158.3599853515625,1167.72998046875,1155.5799560546875,1165.1500244140625,3871420000.0,,,,,
2010-10-11,1165.3199462890625,1168.6800537109375,1162.02001953125,1165.3199462890625,2505900000.0,,,,,
2010-10-12,1164.280029296875,1172.5799560546875,1155.7099609375,1169.77001953125,4076170000.0,,,,,
2010-10-13,1171.3199462890625,1184.3800048828125,1171.3199462890625,1178.0999755859375,4969410000.0,,,,,
2010-10-14,1177.8199462890625,1178.8900146484375,1166.7099609375,1173.81005859375,4969410000.0,,,,,
2010-10-15,1177.469970703125,1181.199951171875,1167.1199951171875,1176.18994140625,5724910000.0,,,,,
2010-10-18,1176.8299560546875,1185.530029296875,1174.550048828125,1184.7099609375,4450050000.0,,,,,
2010-10-19,1178.6400146484375,1178.6400146484375,1159.7099609375,1165.9000244140625,5600120000.0,,,,,
2010-10-20,1166.739990234375,1182.93994140625,1166.739990234375,1178.1700439453125,5027880000.0,,,,,
2010-10-21,1179.8199462890625,1189.4300537109375,1171.1700439453125,1180.260009765625,4625470000.0,,,,,
2010-10-22,1180.52001953125,1183.9300537109375,1178.989990234375,1183.0799560546875,3177890000.0,,,,,
2010-10-25,1184.739990234375,1196.1400146484375,1184.739990234375,1185.6199951171875,4221380000.0,,,,,
2010-10-26,1184.8800048828125,1187.1099853515625,1177.719970703125,1185.6400146484375,4203680000.0,,,,,
2010-10-27,1183.8399658203125,1183.8399658203125,1171.699951171875,1182.449951171875,4335670000.0,,,,,
2010-10-28,1184.469970703125,1189.530029296875,1177.0999755859375,1183.780029296875,4283460000.0,,,,,
2010-10-29,1183.8699951171875,1185.4599609375,1179.699951171875,1183.260009765625,3537880000.0,,,,,
2010-11-01,1185.7099609375,1195.81005859375,1177.6500244140625,1184.3800048828125,4129180000.0,,,,,
2010-11-02,1187.8599853515625,1195.8800048828125,1187.8599853515625,1193.5699462890625,3866200000.0,,,,,
2010-11-03,1193.7900390625,1198.300048828125,1183.56005859375,1197.9599609375,4665480000.0,,,,,
2010-11-04,1198.3399658203125,1221.25,1198.3399658203125,1221.06005859375,5695470000.0,,,,,
2010-11-05,1221.199951171875,1227.0799560546875,1220.2900390625,1225.8499755859375,5637460000.0,,,,,
2010-11-08,1223.239990234375,1224.5699462890625,1217.550048828125,1223.25,3937230000.0,,,,,
2010-11-09,1223.5899658203125,1226.8399658203125,1208.93994140625,1213.4000244140625,4848040000.0,,,,,
2010-11-10,1213.1400146484375,1218.75,1204.3299560546875,1218.7099609375,4561300000.0,,,,,
2010-11-11,1213.0400390625,1215.449951171875,1204.489990234375,1213.5400390625,3931120000.0,,,,,
2010-11-12,1209.0699462890625,1210.5,1194.0799560546875,1199.2099609375,4213620000.0,,,,,
2010-11-15,1200.43994140625,1207.4300537109375,1197.1500244140625,1197.75,3503370000.0,,,,,
2010-11-16,1194.7900390625,1194.7900390625,1173.0,1178.3399658203125,5116380000.0,,,,,
2010-11-17,1178.3299560546875,1183.56005859375,1175.8199462890625,1178.5899658203125,3904780000.0,,,,,
2010-11-18,1183.75,1200.2900390625,1183.75,1196.68994140625,4687260000.0,,,,,
2010-11-19,1196.1199951171875,1199.969970703125,1189.43994140625,1199.72998046875,3675390000.0,,,,,
2010-11-22,1198.0699462890625,1198.93994140625,1184.5799560546875,1197.8399658203125,3689500000.0,,,,,
2010-11-23,1192.510009765625,1192.510009765625,1176.9100341796875,1180.72998046875,4133070000.0,,,,,
2010-11-24,1183.699951171875,1198.6199951171875,1183.699951171875,1198.3499755859375,3384250000.0,,,,,
2010-11-26,1194.1600341796875,1194.1600341796875,1186.9300537109375,1189.4000244140625,1613820000.0,,,,,
2010-11-29,1189.0799560546875,1190.3399658203125,1173.6400146484375,1187.760009765625,3673450000.0,,,,,
2010-11-30,1182.9599609375,1187.4000244140625,1174.1400146484375,1180.550048828125,4284700000.0,,,,,
2010-12-01,1186.5999755859375,1207.6099853515625,1186.5999755859375,1206.0699462890625,4548110000.0,,,,,
2010-12-02,1206.81005859375,1221.8900146484375,1206.81005859375,1221.530029296875,4970800000.0,,,,,
2010-12-03,1219.9300537109375,1225.5699462890625,1216.8199462890625,1224.7099609375,3735780000.0,,,,,
2010-12-06,1223.8699951171875,1225.800048828125,1220.6700439453125,1223.1199951171875,3527370000.0,,,,,
2010-12-07,1227.25,1235.050048828125,1223.25,1223.75,6970630000.0,,,,,
2010-12-08,1225.02001953125,1228.9300537109375,1219.5,1228.280029296875,4607590000.0,,,,,
2010-12-09,1230.1400146484375,1234.7099609375,1226.8499755859375,1233.0,4522510000.0,,,,,
2010-12-10,1233.8499755859375,1240.4000244140625,1232.5799560546875,1240.4000244140625,4547310000.0,,,,,
2010-12-13,1242.52001953125,1246.72998046875,1240.3399658203125,1240.4599609375,4361240000.0,,,,,
2010-12-14,1241.8399658203125,1246.5899658203125,1238.1700439453125,1241.5899658203125,4132350000.0,,,,,
2010-12-15,1241.5799560546875,1244.25,1234.010009765625,1235.22998046875,4407340000.0,,,,,
2010-12-16,1236.3399658203125,1243.75,1232.8499755859375,1242.8699951171875,4736820000.0,,,,,
2010-12-17,1243.6300048828125,1245.81005859375,1239.8699951171875,1243.9100341796875,4632470000.0,,,,,
2010-12-20,1245.760009765625,1250.199951171875,1241.510009765625,1247.0799560546875,3548140000.0,,,,,
2010-12-21,1249.4300537109375,1255.8199462890625,1249.4300537109375,1254.5999755859375,3479670000.0,,,,,
2010-12-22,1254.93994140625,1259.3900146484375,1254.93994140625,1258.8399658203125,1285590000.0,,,,,
2010-12-23,1257.530029296875,1258.5899658203125,1254.050048828125,1256.77001953125,2515020000.0,,,,,
2010-12-27,1254.6600341796875,1258.4300537109375,1251.47998046875,1257.5400390625,1992470000.0,,,,,
2010-12-28,1259.0999755859375,1259.9000244140625,1256.219970703125,1258.510009765625,2478450000.0,,,,,
2010-12-29,1258.780029296875,1262.5999755859375,1258.780029296875,1259.780029296875,2214380000.0,,,,,
2010-12-30,1259.43994140625,1261.0899658203125,1256.3199462890625,1257.8800048828125,1970720000.0,,,,,
2010-12-31,1256.760009765625,1259.3399658203125,1254.18994140625,1257.6400146484375,1799770000.0,,,,,
2011-01-03,1257.6199951171875,1276.1700439453125,1257.6199951171875,1271.8699951171875,4286670000.0,,,,,
2011-01-04,1272.949951171875,1274.1199951171875,1262.6600341796875,1270.199951171875,4796420000.0,,,,,
2011-01-05,1268.780029296875,1277.6300048828125,1265.3599853515625,1276.56005859375,4764920000.0,,,,,
2011-01-06,1276.2900390625,1278.1700439453125,1270.4300537109375,1273.8499755859375,4844100000.0,,,,,
2011-01-07,1274.4100341796875,1276.8299560546875,1261.699951171875,1271.5,4963110000.0,,,,,
2011-01-10,1270.8399658203125,1271.52001953125,1262.1800537109375,1269.75,4036450000.0,,,,,
2011-01-11,1272.5799560546875,1277.25,1269.6199951171875,1274.47998046875,4050750000.0,,,,,
2011-01-12,1275.6500244140625,1286.8699951171875,1275.6500244140625,1285.9599609375,4226940000.0,,,,,
2011-01-13,1285.780029296875,1286.699951171875,1280.469970703125,1283.760009765625,4310840000.0,,,,,
2011-01-14,1282.9000244140625,1293.239990234375,1281.239990234375,1293.239990234375,4661590000.0,,,,,
2011-01-18,1293.219970703125,1296.06005859375,1290.1600341796875,1295.02001953125,5284990000.0,,,,,
2011-01-19,1294.52001953125,1294.5999755859375,1278.9200439453125,1281.9200439453125,4743710000.0,,,,,
2011-01-20,1280.8499755859375,1283.3499755859375,1271.260009765625,1280.260009765625,4935320000.0,,,,,
2011-01-21,1283.6300048828125,1291.2099609375,1282.0699462890625,1283.3499755859375,4935320000.0,,,,,
2011-01-24,1283.2900390625,1291.9300537109375,1282.469970703125,1290.8399658203125,3902470000.0,,,,,
2011-01-25,1288.1700439453125,1291.260009765625,1281.0699462890625,1291.1800537109375,4595380000.0,,,,,
2011-01-26,1291.969970703125,1299.739990234375,1291.969970703125,1296.6300048828125,4730980000.0,,,,,
2011-01-27,1297.510009765625,1301.2900390625,1294.4100341796875,1299.5400390625,4309190000.0,,,,,
2011-01-28,1299.6300048828125,1302.6700439453125,1275.0999755859375,1276.3399658203125,5618630000.0,,,,,
2011-01-31,1276.5,1287.1700439453125,1276.5,1286.1199951171875,4167160000.0,,,,,
2011-02-01,1289.1400146484375,1308.8599853515625,1289.1400146484375,1307.5899658203125,5164500000.0,,,,,
2011-02-02,1305.9100341796875,1307.6099853515625,1302.6199951171875,1304.030029296875,4098260000.0,,,,,
2011-02-03,1302.77001953125,1308.5999755859375,1294.8299560546875,1307.0999755859375,4370990000.0,,,,,
2011-02-04,1307.010009765625,1311.0,1301.6700439453125,1310.8699951171875,3925950000.0,,,,,
2011-02-07,1311.8499755859375,1322.8499755859375,1311.8499755859375,1319.050048828125,3902270000.0,,,,,
2011-02-08,1318.760009765625,1324.8699951171875,1316.030029296875,1324.5699462890625,3881530000.0,,,,,
2011-02-09,1322.47998046875,1324.5400390625,1314.8900146484375,1320.8800048828125,3922240000.0,,,,,
2011-02-10,1318.1300048828125,1322.780029296875,1311.739990234375,1321.8699951171875,4184610000.0,,,,,
2011-02-11,1318.6600341796875,1330.7900390625,1316.0799560546875,1329.1500244140625,4219300000.0,,,,,
2011-02-14,1328.72998046875,1332.9599609375,1326.9000244140625,1332.3199462890625,3567040000.0,,,,,
2011-02-15,1330.4300537109375,1330.4300537109375,1324.6099853515625,1328.010009765625,3926860000.0,,,,,
2011-02-16,1329.510009765625,1337.6099853515625,1329.510009765625,1336.3199462890625,1966450000.0,,,,,
2011-02-17,1334.3699951171875,1341.5,1331.0,1340.4300537109375,1966450000.0,,,,,
2011-02-18,1340.3800048828125,1344.0699462890625,1338.1199951171875,1343.010009765625,1162310000.0,,,,,
2011-02-22,1338.9100341796875,1338.9100341796875,1312.3299560546875,1315.43994140625,1322780000.0,,,,,
2011-02-23,1315.43994140625,1317.9100341796875,1299.550048828125,1307.4000244140625,1330340000.0,,,,,
2011-02-24,1307.0899658203125,1310.9100341796875,1294.260009765625,1306.0999755859375,1222900000.0,,,,,
2011-02-25,1307.3399658203125,1320.6099853515625,1307.3399658203125,1319.8800048828125,3836030000.0,,,,,
2011-02-28,1321.6099853515625,1329.3800048828125,1320.550048828125,1327.219970703125,1252850000.0,,,,,
2011-03-01,1328.6400146484375,1332.0899658203125,1306.1400146484375,1306.3299560546875,1180420000.0,,,,,
2011-03-02,1305.469970703125,1314.18994140625,1302.5799560546875,1308.43994140625,1025000000.0,,,,,
2011-03-03,1312.3699951171875,1332.280029296875,1312.3699951171875,1330.969970703125,4340470000.0,,,,,
2011-03-04,1330.72998046875,1331.0799560546875,1312.5899658203125,1321.1500244140625,4223740000.0,,,,,
2011-03-07,1322.719970703125,1327.6800537109375,1303.989990234375,1310.1300048828125,3964730000.0,,,,,
2011-03-08,1311.050048828125,1325.739990234375,1306.8599853515625,1321.8199462890625,4531420000.0,,,,,
2011-03-09,1319.9200439453125,1323.2099609375,1312.27001953125,1320.02001953125,3709520000.0,,,,,
2011-03-10,1315.719970703125,1315.719970703125,1294.2099609375,1295.1099853515625,4723020000.0,,,,,
2011-03-11,1293.4300537109375,1308.3499755859375,1291.989990234375,1304.280029296875,3740400000.0,,,,,
2011-03-14,1301.18994140625,1301.18994140625,1286.3699951171875,1296.3900146484375,4050370000.0,,,,,
2011-03-15,1288.4599609375,1288.4599609375,1261.1199951171875,1281.8699951171875,5201400000.0,,,,,
2011-03-16,1279.4599609375,1280.9100341796875,1249.050048828125,1256.8800048828125,5833000000.0,,,,,
2011-03-17,1261.6099853515625,1278.8800048828125,1261.6099853515625,1273.719970703125,4134950000.0,,,,,
2011-03-18,1276.7099609375,1288.8800048828125,1276.1800537109375,1279.2099609375,4685500000.0,,,,,
2011-03-21,1281.6500244140625,1300.5799560546875,1281.6500244140625,1298.3800048828125,4223730000.0,,,,,
2011-03-22,1298.2900390625,1299.3499755859375,1292.699951171875,1293.77001953125,3576550000.0,,,,,
2011-03-23,1292.18994140625,1300.510009765625,1284.050048828125,1297.5400390625,3842350000.0,,,,,
2011-03-24,1300.6099853515625,1311.3399658203125,1297.739990234375,1309.6600341796875,4223740000.0,,,,,
2011-03-25,1311.800048828125,1319.1800537109375,1310.1500244140625,1313.800048828125,4223740000.0,,,,,
2011-03-28,1315.449951171875,1319.739990234375,1310.18994140625,1310.18994140625,3215170000.0,,,,,
2011-03-29,1309.3699951171875,1319.449951171875,1305.260009765625,1319.43994140625,3482580000.0,,,,,
2011-03-30,1321.8900146484375,1331.739990234375,1321.8900146484375,1328.260009765625,3809570000.0,,,,,
2011-03-31,1327.43994140625,1329.77001953125,1325.030029296875,1325.8299560546875,3566270000.0,,,,,
2011-04-01,1329.47998046875,1337.8499755859375,1328.8900146484375,1332.4100341796875,4223740000.0,,,,,
2011-04-04,1333.56005859375,1336.739990234375,1329.0999755859375,1332.8699951171875,4223740000.0,,,,,
2011-04-05,1332.030029296875,1338.2099609375,1330.030029296875,1332.6300048828125,3852280000.0,,,,,
2011-04-06,1335.93994140625,1339.3800048828125,1331.0899658203125,1335.5400390625,4223740000.0,,,,,
2011-04-07,1334.8199462890625,1338.800048828125,1326.56005859375,1333.510009765625,4005600000.0,,,,,
2011-04-08,1336.1600341796875,1339.4599609375,1322.93994140625,1328.1700439453125,3582810000.0,,,,,
2011-04-11,1329.010009765625,1333.77001953125,1321.06005859375,1324.4599609375,3478970000.0,,,,,
2011-04-12,1321.9599609375,1321.9599609375,1309.510009765625,1314.1600341796875,4275490000.0,,,,,
2011-04-13,1314.030029296875,1321.3499755859375,1309.18994140625,1314.4100341796875,3850860000.0,,,,,
2011-04-14,1311.1300048828125,1316.7900390625,1302.4200439453125,1314.52001953125,3872630000.0,,,,,
2011-04-15,1314.5400390625,1322.8800048828125,1313.6800537109375,1319.6800537109375,4223740000.0,,,,,
2011-04-18,1313.3499755859375,1313.3499755859375,1294.699951171875,1305.1400146484375,4223740000.0,,,,,
2011-04-19,1305.989990234375,1312.699951171875,1303.969970703125,1312.6199951171875,3886300000.0,,,,,
2011-04-20,1319.1199951171875,1332.6600341796875,1319.1199951171875,1330.3599853515625,4236280000.0,,,,,
2011-04-21,1333.22998046875,1337.489990234375,1332.8299560546875,1337.3800048828125,3587240000.0,,,,,
2011-04-25,1337.1400146484375,1337.550048828125,1331.469970703125,1335.25,2142130000.0,,,,,
2011-04-26,1336.75,1349.550048828125,1336.75,1347.239990234375,3908060000.0,,,,,
2011-04-27,1348.4300537109375,1357.489990234375,1344.25,1355.6600341796875,4051570000.0,,,,,
2011-04-28,1353.8599853515625,1361.7099609375,1353.5999755859375,1360.47998046875,4036820000.0,,,,,
2011-04-29,1360.1400146484375,1364.56005859375,1358.68994140625,1363.6099853515625,3479070000.0,,,,,
2011-05-02,1365.2099609375,1370.5799560546875,1358.5899658203125,1361.219970703125,3846250000.0,,,,,
2011-05-03,1359.760009765625,1360.8399658203125,1349.52001953125,1356.6199951171875,4223740000.0,,,,,
2011-05-04,1355.9000244140625,1355.9000244140625,1341.5,1347.3199462890625,4223740000.0,,,,,
2011-05-05,1344.1600341796875,1348.0,1329.1700439453125,1335.0999755859375,3846250000.0,,,,,
2011-05-06,1340.239990234375,1354.3599853515625,1335.5799560546875,1340.199951171875,4223740000.0,,,,,
2011-05-09,1340.199951171875,1349.43994140625,1338.6400146484375,1346.2900390625,4265250000.0,,,,,
2011-05-10,1348.3399658203125,1359.43994140625,1348.3399658203125,1357.1600341796875,4223740000.0,,,,,
2011-05-11,1354.510009765625,1354.510009765625,1336.3599853515625,1342.0799560546875,3846250000.0,,,,,
2011-05-12,1339.3900146484375,1351.050048828125,1332.030029296875,1348.6500244140625,3777210000.0,,,,,
2011-05-13,1348.68994140625,1350.469970703125,1333.3599853515625,1337.77001953125,3426660000.0,,,,,
2011-05-16,1334.77001953125,1343.3299560546875,1327.3199462890625,1329.469970703125,3846250000.0,,,,,
2011-05-17,1326.0999755859375,1330.4200439453125,1318.510009765625,1328.97998046875,4053970000.0,,,,,
2011-05-18,1328.5400390625,1341.8199462890625,1326.5899658203125,1340.6800537109375,3922030000.0,,,,,
2011-05-19,1342.4000244140625,1346.8199462890625,1336.3599853515625,1343.5999755859375,3626110000.0,,,,,
2011-05-20,1342.0,1342.0,1330.6700439453125,1333.27001953125,4066020000.0,,,,,
2011-05-23,1333.0699462890625,1333.0699462890625,1312.8800048828125,1317.3699951171875,3255580000.0,,,,,
2011-05-24,1317.699951171875,1323.719970703125,1313.8699951171875,1316.280029296875,3846250000.0,,,,,
2011-05-25,1316.3599853515625,1325.8599853515625,1311.800048828125,1320.469970703125,4109670000.0,,,,,
2011-05-26,1320.6400146484375,1328.510009765625,1314.4100341796875,1325.68994140625,3259470000.0,,,,,
2011-05-27,1325.68994140625,1334.6199951171875,1325.68994140625,1331.0999755859375,3124560000.0,,,,,
2011-05-31,1331.0999755859375,1345.199951171875,1331.0999755859375,1345.199951171875,4696240000.0,,,,,
2011-06-01,1345.199951171875,1345.199951171875,1313.7099609375,1314.550048828125,4241090000.0,,,,,
2011-06-02,1314.550048828125,1318.030029296875,1305.6099853515625,1312.93994140625,3762170000.0,,,,,
2011-06-03,1312.93994140625,1312.93994140625,1297.9000244140625,1300.1600341796875,3505030000.0,,,,,
2011-06-06,1300.260009765625,1300.260009765625,1284.719970703125,1286.1700439453125,3555980000.0,,,,,
2011-06-07,1286.31005859375,1296.219970703125,1284.739990234375,1284.93994140625,3846250000.0,,,,,
2011-06-08,1284.6300048828125,1287.0400390625,1277.4200439453125,1279.56005859375,3970810000.0,,,,,
2011-06-09,1279.6300048828125,1294.5400390625,1279.6300048828125,1289.0,3332510000.0,,,,,
2011-06-10,1288.5999755859375,1288.5999755859375,1268.280029296875,1270.97998046875,3846250000.0,,,,,
2011-06-13,1271.31005859375,1277.0400390625,1265.6400146484375,1271.8299560546875,4132520000.0,,,,,
2011-06-14,1272.219970703125,1292.5,1272.219970703125,1287.8699951171875,3500280000.0,,,,,
2011-06-15,1287.8699951171875,1287.8699951171875,1261.9000244140625,1265.4200439453125,4070500000.0,,,,,
2011-06-16,1265.530029296875,1274.1099853515625,1258.0699462890625,1267.6400146484375,3846250000.0,,,,,
2011-06-17,1268.5799560546875,1279.8199462890625,1267.4000244140625,1271.5,4916460000.0,,,,,
2011-06-20,1271.5,1280.4200439453125,1267.56005859375,1278.3599853515625,3464660000.0,,,,,
2011-06-21,1278.4000244140625,1297.6199951171875,1278.4000244140625,1295.52001953125,4056150000.0,,,,,
2011-06-22,1295.47998046875,1298.6099853515625,1286.7900390625,1287.1400146484375,3718420000.0,,,,,
2011-06-23,1286.5999755859375,1286.5999755859375,1262.8699951171875,1283.5,4983450000.0,,,,,
2011-06-24,1283.0400390625,1283.9300537109375,1267.239990234375,1268.449951171875,3665340000.0,,,,,
2011-06-27,1268.43994140625,1284.9100341796875,1267.530029296875,1280.0999755859375,3479070000.0,,,,,
2011-06-28,1280.2099609375,1296.800048828125,1280.2099609375,1296.6700439453125,3681500000.0,,,,,
2011-06-29,1296.8499755859375,1309.2099609375,1296.8499755859375,1307.4100341796875,4347540000.0,,,,,
2011-06-30,1307.6400146484375,1321.969970703125,1307.6400146484375,1320.6400146484375,4200500000.0,,,,,
2011-07-01,1320.6400146484375,1341.010009765625,1318.1800537109375,1339.6700439453125,3796930000.0,,,,,
2011-07-05,1339.5899658203125,1340.8900146484375,1334.300048828125,1337.8800048828125,3722320000.0,,,,,
2011-07-06,1337.56005859375,1340.93994140625,1330.9200439453125,1339.219970703125,3564190000.0,,,,,
2011-07-07,1339.6199951171875,1356.47998046875,1339.6199951171875,1353.219970703125,4069530000.0,,,,,
2011-07-08,1352.3900146484375,1352.3900146484375,1333.7099609375,1343.800048828125,3594360000.0,,,,,
2011-07-11,1343.31005859375,1343.31005859375,1316.4200439453125,1319.489990234375,3879130000.0,,,,,
2011-07-12,1319.6099853515625,1327.1700439453125,1313.3299560546875,1313.6400146484375,4227890000.0,,,,,
2011-07-13,1314.449951171875,1331.47998046875,1314.449951171875,1317.719970703125,4060080000.0,,,,,
2011-07-14,1317.739990234375,1326.8800048828125,1306.510009765625,1308.8699951171875,4358570000.0,,,,,
2011-07-15,1308.8699951171875,1317.699951171875,1307.52001953125,1316.1400146484375,4242760000.0,,,,,
2011-07-18,1315.93994140625,1315.93994140625,1295.9200439453125,1305.43994140625,4118160000.0,,,,,
2011-07-19,1307.0699462890625,1328.1400146484375,1307.0699462890625,1326.72998046875,4304600000.0,,,,,
2011-07-20,1328.6600341796875,1330.4300537109375,1323.6500244140625,1325.8399658203125,3767420000.0,,,,,
2011-07-21,1325.6500244140625,1347.0,1325.6500244140625,1343.800048828125,4837430000.0,,,,,
2011-07-22,1343.800048828125,1346.0999755859375,1336.949951171875,1345.02001953125,3522830000.0,,,,,
2011-07-25,1344.3199462890625,1344.3199462890625,1331.0899658203125,1337.4300537109375,3536890000.0,,,,,
2011-07-26,1337.3900146484375,1338.510009765625,1329.5899658203125,1331.93994140625,4007050000.0,,,,,
2011-07-27,1331.9100341796875,1331.9100341796875,1303.489990234375,1304.8900146484375,3479040000.0,,,,,
2011-07-28,1304.8399658203125,1316.3199462890625,1299.1600341796875,1300.6700439453125,4951800000.0,,,,,
2011-07-29,1300.1199951171875,1304.1600341796875,1282.8599853515625,1292.280029296875,5061190000.0,,,,,
2011-08-01,1292.5899658203125,1307.3800048828125,1274.72998046875,1286.93994140625,4967390000.0,,,,,
2011-08-02,1286.56005859375,1286.56005859375,1254.030029296875,1254.050048828125,5206290000.0,,,,,
2011-08-03,1254.25,1261.199951171875,1234.56005859375,1260.3399658203125,6446940000.0,,,,,
2011-08-04,1260.22998046875,1260.22998046875,1199.5400390625,1200.0699462890625,4266530000.0,,,,,
2011-08-05,1200.280029296875,1218.1099853515625,1168.0899658203125,1199.3800048828125,5454590000.0,,,,,
2011-08-08,1198.47998046875,1198.47998046875,1119.280029296875,1119.4599609375,2615150000.0,,,,,
2011-08-09,1120.22998046875,1172.8800048828125,1101.5400390625,1172.530029296875,2366660000.0,,,,,
2011-08-10,1171.77001953125,1171.77001953125,1118.010009765625,1120.760009765625,5018070000.0,,,,,
2011-08-11,1121.300048828125,1186.2900390625,1121.300048828125,1172.6400146484375,3685050000.0,,,,,
2011-08-12,1172.8699951171875,1189.0400390625,1170.739990234375,1178.81005859375,5640380000.0,,,,,
2011-08-15,1178.8599853515625,1204.489990234375,1178.8599853515625,1204.489990234375,4272850000.0,,,,,
2011-08-16,1204.219970703125,1204.219970703125,1180.530029296875,1192.760009765625,5071600000.0,,,,,
2011-08-17,1192.8900146484375,1208.469970703125,1184.3599853515625,1193.8900146484375,4388340000.0,,,,,
2011-08-18,1189.6199951171875,1189.6199951171875,1131.030029296875,1140.6500244140625,3234810000.0,,,,,
2011-08-19,1140.469970703125,1154.5400390625,1122.050048828125,1123.530029296875,5167560000.0,,,,,
2011-08-22,1123.550048828125,1145.489990234375,1121.0899658203125,1123.8199462890625,5436260000.0,,,,,
2011-08-23,1124.3599853515625,1162.3499755859375,1124.3599853515625,1162.3499755859375,5013170000.0,,,,,
2011-08-24,1162.1600341796875,1178.56005859375,1156.300048828125,1177.5999755859375,5315310000.0,,,,,
2011-08-25,1176.68994140625,1190.6800537109375,1155.469970703125,1159.27001953125,5748420000.0,,,,,
2011-08-26,1158.8499755859375,1181.22998046875,1135.9100341796875,1176.800048828125,5035320000.0,,,,,
2011-08-29,1177.9100341796875,1210.280029296875,1177.9100341796875,1210.0799560546875,4228070000.0,,,,,
2011-08-30,1209.760009765625,1220.0999755859375,1195.77001953125,1212.9200439453125,4572570000.0,,,,,
2011-08-31,1213.0,1230.7099609375,1209.3499755859375,1218.8900146484375,5267840000.0,,,,,
2011-09-01,1219.1199951171875,1229.2900390625,1203.8499755859375,1204.4200439453125,4780410000.0,,,,,
2011-09-02,1203.9000244140625,1203.9000244140625,1170.56005859375,1173.969970703125,4401740000.0,,,,,
2011-09-06,1173.969970703125,1173.969970703125,1140.1300048828125,1165.239990234375,5103980000.0,,,,,
2011-09-07,1165.8499755859375,1198.6199951171875,1165.8499755859375,1198.6199951171875,4441040000.0,,,,,
2011-09-08,1197.97998046875,1204.4000244140625,1183.3399658203125,1185.9000244140625,4465170000.0,,,,,
2011-09-09,1185.3699951171875,1185.3699951171875,1148.3699951171875,1154.22998046875,4586370000.0,,,,,
2011-09-12,1153.5,1162.52001953125,1136.0699462890625,1162.27001953125,5168550000.0,,,,,
2011-09-13,1162.5899658203125,1176.4100341796875,1157.43994140625,1172.8699951171875,4681370000.0,,,,,
2011-09-14,1173.3199462890625,1202.3800048828125,1162.72998046875,1188.6800537109375,4986740000.0,,,,,
2011-09-15,1189.43994140625,1209.1099853515625,1189.43994140625,1209.1099853515625,4479730000.0,,,,,
2011-09-16,1209.2099609375,1220.06005859375,1204.4599609375,1216.010009765625,5248890000.0,,,,,
2011-09-19,1214.989990234375,1214.989990234375,1188.3599853515625,1204.0899658203125,4254190000.0,,,,,
2011-09-20,1204.5,1220.3900146484375,1201.2900390625,1202.0899658203125,4315610000.0,,,,,
2011-09-21,1203.6300048828125,1206.300048828125,1166.2099609375,1166.760009765625,4728550000.0,,,,,
2011-09-22,1164.550048828125,1164.550048828125,1114.219970703125,1129.56005859375,6703140000.0,,,,,
2011-09-23,1128.8199462890625,1141.719970703125,1121.3599853515625,1136.4300537109375,5639930000.0,,,,,
2011-09-26,1136.9100341796875,1164.18994140625,1131.0699462890625,1162.949951171875,4762830000.0,,,,,
2011-09-27,1163.3199462890625,1195.8599853515625,1163.3199462890625,1175.3800048828125,5548130000.0,,,,,
2011-09-28,1175.3900146484375,1184.7099609375,1150.4000244140625,1151.06005859375,4787920000.0,,,,,
2011-09-29,1151.739990234375,1175.8699951171875,1139.9300537109375,1160.4000244140625,5285740000.0,,,,,
2011-09-30,1159.9300537109375,1159.9300537109375,1131.3399658203125,1131.4200439453125,4416790000.0,,,,,
2011-10-03,1131.2099609375,1138.989990234375,1098.9200439453125,1099.22998046875,5670340000.0,,,,,
2011-10-04,1097.4200439453125,1125.1199951171875,1074.77001953125,1123.949951171875,3714670000.0,,,,,
2011-10-05,1124.030029296875,1146.0699462890625,1115.6800537109375,1144.030029296875,2510620000.0,,,,,
2011-10-06,1144.1099853515625,1165.550048828125,1134.949951171875,1164.969970703125,5098330000.0,,,,,
2011-10-07,1165.030029296875,1171.4000244140625,1150.260009765625,1155.4599609375,5580380000.0,,,,,
2011-10-10,1158.1500244140625,1194.9100341796875,1158.1500244140625,1194.8900146484375,4446800000.0,,,,,
2011-10-11,1194.5999755859375,1199.239990234375,1187.300048828125,1195.5400390625,4424500000.0,,,,,
2011-10-12,1196.18994140625,1220.25,1196.18994140625,1207.25,5355360000.0,,,,,
2011-10-13,1206.9599609375,1207.4599609375,1190.5799560546875,1203.6600341796875,4436270000.0,,,,,
2011-10-14,1205.6500244140625,1224.6099853515625,1205.6500244140625,1224.5799560546875,4116690000.0,,,,,
2011-10-17,1224.469970703125,1224.469970703125,1198.550048828125,1200.8599853515625,4300700000.0,,,,,
2011-10-18,1200.75,1233.0999755859375,1191.47998046875,1225.3800048828125,4840170000.0,,,,,
2011-10-19,1223.4599609375,1229.6400146484375,1206.31005859375,1209.8800048828125,4846390000.0,,,,,
2011-10-20,1209.9200439453125,1219.530029296875,1197.3399658203125,1215.3900146484375,4870290000.0,,,,,
2011-10-21,1215.3900146484375,1239.030029296875,1215.3900146484375,1238.25,4980770000.0,,,,,
2011-10-24,1238.719970703125,1256.550048828125,1238.719970703125,1254.18994140625,4309380000.0,,,,,
2011-10-25,1254.18994140625,1254.18994140625,1226.7900390625,1229.050048828125,4473970000.0,,,,,
2011-10-26,1229.1700439453125,1246.280029296875,1221.06005859375,1242.0,4873530000.0,,,,,
2011-10-27,1243.969970703125,1292.6600341796875,1243.969970703125,1284.5899658203125,6367610000.0,,,,,
2011-10-28,1284.3900146484375,1287.0799560546875,1277.010009765625,1285.0899658203125,4536690000.0,,,,,
2011-10-31,1284.9599609375,1284.9599609375,1253.1600341796875,1253.300048828125,4310210000.0,,,,,
2011-11-01,1251.0,1251.0,1215.4200439453125,1218.280029296875,5645540000.0,,,,,
2011-11-02,1219.6199951171875,1242.47998046875,1219.6199951171875,1237.9000244140625,4110530000.0,,,,,
2011-11-03,1238.25,1263.2099609375,1234.81005859375,1261.1500244140625,4849140000.0,,,,,
2011-11-04,1260.8199462890625,1260.8199462890625,1238.9200439453125,1253.22998046875,3830650000.0,,,,,
2011-11-07,1253.2099609375,1261.699951171875,1240.75,1261.1199951171875,3429740000.0,,,,,
2011-11-08,1261.1199951171875,1277.550048828125,1254.989990234375,1275.9200439453125,3908490000.0,,,,,
2011-11-09,1275.1800537109375,1275.1800537109375,1226.6400146484375,1229.0999755859375,4659740000.0,,,,,
2011-11-10,1229.5899658203125,1246.219970703125,1227.699951171875,1239.699951171875,4002760000.0,,,,,
2011-11-11,1240.1199951171875,1266.97998046875,1240.1199951171875,1263.8499755859375,3370180000.0,,,,,
2011-11-14,1263.8499755859375,1263.8499755859375,1246.6800537109375,1251.780029296875,3219680000.0,,,,,
2011-11-15,1251.699951171875,1264.25,1244.3399658203125,1257.81005859375,3599300000.0,,,,,
2011-11-16,1257.81005859375,1259.6099853515625,1235.6700439453125,1236.9100341796875,4085010000.0,,,,,
2011-11-17,1236.56005859375,1237.72998046875,1209.4300537109375,1216.1300048828125,4596450000.0,,,,,
2011-11-18,1216.18994140625,1223.510009765625,1211.3599853515625,1215.6500244140625,3827610000.0,,,,,
2011-11-21,1215.6199951171875,1215.6199951171875,1183.1600341796875,1192.97998046875,4050070000.0,,,,,
2011-11-22,1192.97998046875,1196.81005859375,1181.6500244140625,1188.0400390625,3911710000.0,,,,,
2011-11-23,1187.47998046875,1187.47998046875,1161.7900390625,1161.7900390625,3798940000.0,,,,,
2011-11-25,1161.4100341796875,1172.6600341796875,1158.6600341796875,1158.6700439453125,1664200000.0,,,,,
2011-11-28,1158.6700439453125,1197.3499755859375,1158.6700439453125,1192.550048828125,3920750000.0,,,,,
2011-11-29,1192.56005859375,1203.6700439453125,1191.800048828125,1195.18994140625,3992650000.0,,,,,
2011-11-30,1196.719970703125,1247.1099853515625,1196.719970703125,1246.9599609375,5801910000.0,,,,,
2011-12-01,1246.9100341796875,1251.0899658203125,1239.72998046875,1244.5799560546875,3818680000.0,,,,,
2011-12-02,1246.030029296875,1260.0799560546875,1243.3499755859375,1244.280029296875,4144310000.0,,,,,
2011-12-05,1244.3299560546875,1266.72998046875,1244.3299560546875,1257.0799560546875,4148060000.0,,,,,
2011-12-06,1257.18994140625,1266.030029296875,1253.030029296875,1258.469970703125,3734230000.0,,,,,
2011-12-07,1258.1400146484375,1267.06005859375,1244.800048828125,1261.010009765625,4160540000.0,,,,,
2011-12-08,1260.8699951171875,1260.8699951171875,1231.469970703125,1234.3499755859375,4298370000.0,,,,,
2011-12-09,1234.47998046875,1258.25,1234.47998046875,1255.18994140625,3830610000.0,,,,,
2011-12-12,1255.050048828125,1255.050048828125,1227.25,1236.469970703125,3600570000.0,,,,,
2011-12-13,1236.8299560546875,1249.8599853515625,1219.4300537109375,1225.72998046875,4121570000.0,,,,,
2011-12-14,1225.72998046875,1225.72998046875,1209.469970703125,1211.8199462890625,4298290000.0,,,,,
2011-12-15,1212.1199951171875,1225.5999755859375,1212.1199951171875,1215.75,3810340000.0,,,,,
2011-12-16,1216.0899658203125,1231.0400390625,1215.199951171875,1219.6600341796875,5345800000.0,,,,,
2011-12-19,1219.739990234375,1224.5699462890625,1202.3699951171875,1205.3499755859375,3659820000.0,,,,,
2011-12-20,1205.719970703125,1242.8199462890625,1205.719970703125,1241.300048828125,4055590000.0,,,,,
2011-12-21,1241.25,1245.0899658203125,1229.510009765625,1243.719970703125,2959020000.0,,,,,
2011-12-22,1243.719970703125,1255.219970703125,1243.719970703125,1254.0,3492250000.0,,,,,
2011-12-23,1254.0,1265.4200439453125,1254.0,1265.3299560546875,2233830000.0,,,,,
2011-12-27,1265.02001953125,1269.3699951171875,1262.300048828125,1265.4300537109375,2130590000.0,,,,,
2011-12-28,1265.3800048828125,1265.8499755859375,1248.6400146484375,1249.6400146484375,2349980000.0,,,,,
2011-12-29,1249.75,1263.5400390625,1249.75,1263.02001953125,2278130000.0,,,,,
2011-12-30,1262.8199462890625,1264.1199951171875,1257.4599609375,1257.5999755859375,2271850000.0,,,,,
2012-01-03,1258.8599853515625,1284.6199951171875,1258.8599853515625,1277.06005859375,3943710000.0,,,,,
2012-01-04,1277.030029296875,1278.72998046875,1268.0999755859375,1277.300048828125,3592580000.0,,,,,
2012-01-05,1277.300048828125,1283.050048828125,1265.260009765625,1281.06005859375,4315950000.0,,,,,
2012-01-06,1280.9300537109375,1281.8399658203125,1273.3399658203125,1277.81005859375,3656830000.0,,,,,
2012-01-09,1277.8299560546875,1281.989990234375,1274.550048828125,1280.699951171875,3371600000.0,,,,,
2012-01-10,1280.77001953125,1296.4599609375,1280.77001953125,1292.0799560546875,4221960000.0,,,,,
2012-01-11,1292.02001953125,1293.800048828125,1285.4100341796875,1292.47998046875,3968120000.0,,,,,
2012-01-12,1292.47998046875,1296.8199462890625,1285.77001953125,1295.5,4019890000.0,,,,,
2012-01-13,1294.8199462890625,1294.8199462890625,1277.5799560546875,1289.0899658203125,3692370000.0,,,,,
2012-01-17,1290.219970703125,1303.0,1290.219970703125,1293.6700439453125,4010490000.0,,,,,
2012-01-18,1293.6500244140625,1308.1099853515625,1290.989990234375,1308.0400390625,4096160000.0,,,,,
2012-01-19,1308.0699462890625,1315.489990234375,1308.0699462890625,1314.5,4465890000.0,,,,,
2012-01-20,1314.489990234375,1315.3800048828125,1309.1700439453125,1315.3800048828125,3912620000.0,,,,,
2012-01-23,1315.2900390625,1322.280029296875,1309.8900146484375,1316.0,3770910000.0,,,,,
2012-01-24,1315.9599609375,1315.9599609375,1306.06005859375,1314.6500244140625,3693560000.0,,,,,
2012-01-25,1314.4000244140625,1328.300048828125,1307.6500244140625,1326.06005859375,4410910000.0,,,,,
2012-01-26,1326.280029296875,1333.469970703125,1313.5999755859375,1318.4300537109375,4522070000.0,,,,,
2012-01-27,1318.25,1320.06005859375,1311.719970703125,1316.3299560546875,4007380000.0,,,,,
2012-01-30,1316.1600341796875,1316.1600341796875,1300.489990234375,1313.010009765625,3659010000.0,,,,,
2012-01-31,1313.530029296875,1321.4100341796875,1306.68994140625,1312.4100341796875,4235550000.0,,,,,
2012-02-01,1312.449951171875,1330.52001953125,1312.449951171875,1324.0899658203125,4504360000.0,,,,,
2012-02-02,1324.239990234375,1329.18994140625,1321.5699462890625,1325.5400390625,4120920000.0,,,,,
2012-02-03,1326.2099609375,1345.3399658203125,1326.2099609375,1344.9000244140625,4608550000.0,,,,,
2012-02-06,1344.3199462890625,1344.3599853515625,1337.52001953125,1344.3299560546875,3379700000.0,,,,,
2012-02-07,1344.3299560546875,1349.239990234375,1335.9200439453125,1347.050048828125,3742460000.0,,,,,
2012-02-08,1347.0400390625,1351.0,1341.949951171875,1349.9599609375,4096730000.0,,,,,
2012-02-09,1349.969970703125,1354.3199462890625,1344.6300048828125,1351.949951171875,4209890000.0,,,,,
2012-02-10,1351.2099609375,1351.2099609375,1337.3499755859375,1342.6400146484375,3877580000.0,,,,,
2012-02-13,1343.06005859375,1353.3499755859375,1343.06005859375,1351.77001953125,3618040000.0,,,,,
2012-02-14,1351.300048828125,1351.300048828125,1340.8299560546875,1350.5,3889520000.0,,,,,
2012-02-15,1350.52001953125,1355.8699951171875,1340.800048828125,1343.22998046875,4080340000.0,,,,,
2012-02-16,1342.6099853515625,1359.02001953125,1341.219970703125,1358.0400390625,4108880000.0,,,,,
2012-02-17,1358.06005859375,1363.4000244140625,1357.239990234375,1361.22998046875,3717640000.0,,,,,
2012-02-21,1361.219970703125,1367.760009765625,1358.1099853515625,1362.2099609375,3795200000.0,,,,,
2012-02-22,1362.1099853515625,1362.699951171875,1355.530029296875,1357.6600341796875,3633710000.0,,,,,
2012-02-23,1357.530029296875,1364.239990234375,1352.280029296875,1363.4599609375,3786450000.0,,,,,
2012-02-24,1363.4599609375,1368.9200439453125,1363.4599609375,1365.739990234375,3505360000.0,,,,,
2012-02-27,1365.199951171875,1371.93994140625,1354.9200439453125,1367.5899658203125,3648890000.0,,,,,
2012-02-28,1367.56005859375,1373.0899658203125,1365.969970703125,1372.1800537109375,3579120000.0,,,,,
2012-02-29,1372.199951171875,1378.0400390625,1363.81005859375,1365.6800537109375,4482370000.0,,,,,
2012-03-01,1365.9000244140625,1376.1700439453125,1365.9000244140625,1374.0899658203125,3919240000.0,,,,,
2012-03-02,1374.0899658203125,1374.530029296875,1366.4200439453125,1369.6300048828125,3283490000.0,,,,,
2012-03-05,1369.5899658203125,1369.5899658203125,1359.1300048828125,1364.3299560546875,3429480000.0,,,,,
2012-03-06,1363.6300048828125,1363.6300048828125,1340.030029296875,1343.3599853515625,4191060000.0,,,,,
2012-03-07,1343.3900146484375,1354.8499755859375,1343.3900146484375,1352.6300048828125,3580380000.0,,,,,
2012-03-08,1352.6500244140625,1368.719970703125,1352.6500244140625,1365.9100341796875,3543060000.0,,,,,
2012-03-09,1365.969970703125,1374.760009765625,1365.969970703125,1370.8699951171875,3639470000.0,,,,,
2012-03-12,1370.780029296875,1373.0400390625,1366.68994140625,1371.0899658203125,3081870000.0,,,,,
2012-03-13,1371.9200439453125,1396.1300048828125,1371.9200439453125,1395.949951171875,4386470000.0,,,,,
2012-03-14,1395.949951171875,1399.4200439453125,1389.969970703125,1394.280029296875,4502280000.0,,,,,
2012-03-15,1394.1700439453125,1402.6300048828125,1392.780029296875,1402.5999755859375,4271650000.0,,,,,
2012-03-16,1402.550048828125,1405.8800048828125,1401.469970703125,1404.1700439453125,5163950000.0,,,,,
2012-03-19,1404.1700439453125,1414.0,1402.4300537109375,1409.75,3932570000.0,,,,,
2012-03-20,1409.5899658203125,1409.5899658203125,1397.6800537109375,1405.52001953125,3695280000.0,,,,,
2012-03-21,1405.52001953125,1407.75,1400.6400146484375,1402.8900146484375,3573590000.0,,,,,
2012-03-22,1402.8900146484375,1402.8900146484375,1388.72998046875,1392.780029296875,3740590000.0,,,,,
2012-03-23,1392.780029296875,1399.1800537109375,1386.8699951171875,1397.1099853515625,3472950000.0,,,,,
2012-03-26,1397.1099853515625,1416.5799560546875,1397.1099853515625,1416.510009765625,3576950000.0,,,,,
2012-03-27,1416.550048828125,1419.1500244140625,1411.949951171875,1412.52001953125,3513640000.0,,,,,
2012-03-28,1412.52001953125,1413.6500244140625,1397.199951171875,1405.5400390625,3892800000.0,,,,,
2012-03-29,1405.3900146484375,1405.3900146484375,1391.56005859375,1403.280029296875,3832000000.0,,,,,
2012-03-30,1403.31005859375,1410.8900146484375,1401.4200439453125,1408.469970703125,3676890000.0,,,,,
2012-04-02,1408.469970703125,1422.3800048828125,1404.4599609375,1419.0400390625,3572010000.0,,,,,
2012-04-03,1418.97998046875,1419.0,1404.6199951171875,1413.3800048828125,3822090000.0,,,,,
2012-04-04,1413.0899658203125,1413.0899658203125,1394.0899658203125,1398.9599609375,3938290000.0,,,,,
2012-04-05,1398.7900390625,1401.5999755859375,1392.9200439453125,1398.0799560546875,3303740000.0,,,,,
2012-04-09,1397.449951171875,1397.449951171875,1378.239990234375,1382.199951171875,3468980000.0,,,,,
2012-04-10,1382.1800537109375,1383.010009765625,1357.3800048828125,1358.5899658203125,4631730000.0,,,,,
2012-04-11,1358.97998046875,1374.7099609375,1358.97998046875,1368.7099609375,3743040000.0,,,,,
2012-04-12,1368.77001953125,1388.1300048828125,1368.77001953125,1387.5699462890625,3618280000.0,,,,,
2012-04-13,1387.6099853515625,1387.6099853515625,1369.8499755859375,1370.260009765625,3631160000.0,,,,,
2012-04-16,1370.27001953125,1379.6600341796875,1365.3800048828125,1369.5699462890625,3574780000.0,,,,,
2012-04-17,1369.5699462890625,1392.760009765625,1369.5699462890625,1390.780029296875,3456200000.0,,,,,
2012-04-18,1390.780029296875,1390.780029296875,1383.2900390625,1385.1400146484375,3463140000.0,,,,,
2012-04-19,1385.0799560546875,1390.4599609375,1370.300048828125,1376.9200439453125,4180020000.0,,,,,
2012-04-20,1376.9599609375,1387.4000244140625,1376.9599609375,1378.530029296875,3833320000.0,,,,,
2012-04-23,1378.530029296875,1378.530029296875,1358.7900390625,1366.93994140625,3654860000.0,,,,,
2012-04-24,1366.969970703125,1375.5699462890625,1366.8199462890625,1371.969970703125,3617100000.0,,,,,
2012-04-25,1372.1099853515625,1391.3699951171875,1372.1099853515625,1390.68994140625,3998430000.0,,,,,
2012-04-26,1390.6400146484375,1402.0899658203125,1387.280029296875,1399.97998046875,4034700000.0,,,,,
2012-04-27,1400.18994140625,1406.6400146484375,1397.31005859375,1403.3599853515625,3645830000.0,,,,,
2012-04-30,1403.260009765625,1403.260009765625,1394.0,1397.9100341796875,3574010000.0,,,,,
2012-05-01,1397.8599853515625,1415.3199462890625,1395.72998046875,1405.8199462890625,3807950000.0,,,,,
2012-05-02,1405.5,1405.5,1393.9200439453125,1402.31005859375,3803860000.0,,,,,
2012-05-03,1402.3199462890625,1403.0699462890625,1388.7099609375,1391.5699462890625,4004910000.0,,,,,
2012-05-04,1391.510009765625,1391.510009765625,1367.9599609375,1369.0999755859375,3975140000.0,,,,,
2012-05-07,1368.7900390625,1373.9100341796875,1363.93994140625,1369.5799560546875,3559390000.0,,,,,
2012-05-08,1369.1600341796875,1369.1600341796875,1347.75,1363.719970703125,4261670000.0,,,,,
2012-05-09,1363.199951171875,1363.72998046875,1343.1300048828125,1354.5799560546875,4288540000.0,,,,,
2012-05-10,1354.5799560546875,1365.8800048828125,1354.5799560546875,1357.989990234375,3727990000.0,,,,,
2012-05-11,1358.1099853515625,1365.6600341796875,1348.8900146484375,1353.3900146484375,3869070000.0,,,,,
2012-05-14,1351.9300537109375,1351.9300537109375,1336.6099853515625,1338.3499755859375,3688120000.0,,,,,
2012-05-15,1338.3599853515625,1344.93994140625,1328.4100341796875,1330.6600341796875,4114040000.0,,,,,
2012-05-16,1330.780029296875,1341.780029296875,1324.7900390625,1324.800048828125,4280420000.0,,,,,
2012-05-17,1324.8199462890625,1326.3599853515625,1304.8599853515625,1304.8599853515625,4664280000.0,,,,,
2012-05-18,1305.050048828125,1312.239990234375,1291.97998046875,1295.219970703125,4512470000.0,,,,,
2012-05-21,1295.72998046875,1316.3900146484375,1295.72998046875,1315.989990234375,3786750000.0,,,,,
2012-05-22,1316.0899658203125,1328.489990234375,1310.0400390625,1316.6300048828125,4123680000.0,,,,,
2012-05-23,1316.02001953125,1320.7099609375,1296.530029296875,1318.8599853515625,4108330000.0,,,,,
2012-05-24,1318.719970703125,1324.1400146484375,1310.5,1320.6800537109375,3937670000.0,,,,,
2012-05-25,1320.81005859375,1324.199951171875,1314.22998046875,1317.8199462890625,2872660000.0,,,,,
2012-05-29,1318.9000244140625,1334.9300537109375,1318.9000244140625,1332.4200439453125,3441640000.0,,,,,
2012-05-30,1331.25,1331.25,1310.760009765625,1313.3199462890625,3534290000.0,,,,,
2012-05-31,1313.0899658203125,1319.739990234375,1298.9000244140625,1310.3299560546875,4557620000.0,,,,,
2012-06-01,1309.8699951171875,1309.8699951171875,1277.25,1278.0400390625,4669350000.0,,,,,
2012-06-04,1278.2900390625,1282.550048828125,1266.739990234375,1278.1800537109375,4011960000.0,,,,,
2012-06-05,1277.8199462890625,1287.6199951171875,1274.1600341796875,1285.5,3403230000.0,,,,,
2012-06-06,1285.6099853515625,1315.1300048828125,1285.6099853515625,1315.1300048828125,4268360000.0,,,,,
2012-06-07,1316.1500244140625,1329.050048828125,1312.6800537109375,1314.989990234375,4258140000.0,,,,,
2012-06-08,1314.989990234375,1325.81005859375,1307.77001953125,1325.6600341796875,3497190000.0,,,,,
2012-06-11,1325.719970703125,1335.52001953125,1307.72998046875,1308.9300537109375,3537530000.0,,,,,
2012-06-12,1309.4000244140625,1324.31005859375,1306.6199951171875,1324.1800537109375,3442920000.0,,,,,
2012-06-13,1324.02001953125,1327.280029296875,1310.510009765625,1314.8800048828125,3506510000.0,,,,,
2012-06-14,1314.8800048828125,1333.6800537109375,1314.1400146484375,1329.0999755859375,3687720000.0,,,,,
2012-06-15,1329.18994140625,1343.3199462890625,1329.18994140625,1342.8399658203125,4401570000.0,,,,,
2012-06-18,1342.4200439453125,1348.219970703125,1334.4599609375,1344.780029296875,3259430000.0,,,,,
2012-06-19,1344.8299560546875,1363.4599609375,1344.8299560546875,1357.97998046875,3815350000.0,,,,,
2012-06-20,1358.0400390625,1361.5699462890625,1346.449951171875,1355.68994140625,3695700000.0,,,,,
2012-06-21,1355.4300537109375,1358.27001953125,1324.4100341796875,1325.510009765625,4094470000.0,,,,,
2012-06-22,1325.9200439453125,1337.8199462890625,1325.9200439453125,1335.02001953125,5271490000.0,,,,,
2012-06-25,1334.9000244140625,1334.9000244140625,1309.27001953125,1313.719970703125,3501820000.0,,,,,
2012-06-26,1314.0899658203125,1324.239990234375,1310.300048828125,1319.989990234375,3412940000.0,,,,,
2012-06-27,1320.7099609375,1334.4000244140625,1320.7099609375,1331.8499755859375,3286910000.0,,,,,
2012-06-28,1331.52001953125,1331.52001953125,1313.2900390625,1329.0400390625,3969370000.0,,,,,
2012-06-29,1330.1199951171875,1362.1700439453125,1330.1199951171875,1362.1600341796875,4590480000.0,,,,,
2012-07-02,1362.3299560546875,1366.3499755859375,1355.699951171875,1365.510009765625,3301650000.0,,,,,
2012-07-03,1365.75,1374.81005859375,1363.530029296875,1374.02001953125,2116390000.0,,,,,
2012-07-05,1373.719970703125,1373.8499755859375,1363.02001953125,1367.5799560546875,3041520000.0,,,,,
2012-07-06,1367.0899658203125,1367.0899658203125,1348.030029296875,1354.6800537109375,2745140000.0,,,,,
2012-07-09,1354.6600341796875,1354.8699951171875,1346.6500244140625,1352.4599609375,2904860000.0,,,,,
2012-07-10,1352.9599609375,1361.5400390625,1336.27001953125,1341.469970703125,3470600000.0,,,,,
2012-07-11,1341.4000244140625,1345.0,1333.25,1341.449951171875,3426290000.0,,,,,
2012-07-12,1341.2900390625,1341.2900390625,1325.4100341796875,1334.760009765625,3654440000.0,,,,,
2012-07-13,1334.81005859375,1357.699951171875,1334.81005859375,1356.780029296875,3212930000.0,,,,,
2012-07-16,1356.5,1357.260009765625,1348.510009765625,1353.6400146484375,2862720000.0,,,,,
2012-07-17,1353.6800537109375,1365.3599853515625,1345.0699462890625,1363.6700439453125,3566680000.0,,,,,
2012-07-18,1363.5799560546875,1375.260009765625,1358.9599609375,1372.780029296875,3642630000.0,,,,,
2012-07-19,1373.010009765625,1380.3900146484375,1371.2099609375,1376.510009765625,4043360000.0,,,,,
2012-07-20,1376.510009765625,1376.510009765625,1362.18994140625,1362.6600341796875,3925020000.0,,,,,
2012-07-23,1362.3399658203125,1362.3399658203125,1337.56005859375,1350.52001953125,3717180000.0,,,,,
2012-07-24,1350.52001953125,1351.530029296875,1329.239990234375,1338.31005859375,3891290000.0,,,,,
2012-07-25,1338.3499755859375,1343.97998046875,1331.5,1337.8900146484375,3719170000.0,,,,,
2012-07-26,1338.1700439453125,1363.1300048828125,1338.1700439453125,1360.02001953125,4429300000.0,,,,,
2012-07-27,1360.050048828125,1389.18994140625,1360.050048828125,1385.969970703125,4399010000.0,,,,,
2012-07-30,1385.93994140625,1391.739990234375,1381.3699951171875,1385.300048828125,3212060000.0,,,,,
2012-07-31,1385.27001953125,1387.1600341796875,1379.1700439453125,1379.3199462890625,3821570000.0,,,,,
2012-08-01,1379.3199462890625,1385.030029296875,1373.3499755859375,1375.3199462890625,4440920000.0,,,,,
2012-08-02,1375.1300048828125,1375.1300048828125,1354.6500244140625,1365.0,4193740000.0,,,,,
2012-08-03,1365.449951171875,1394.1600341796875,1365.449951171875,1390.989990234375,3751170000.0,,,,,
2012-08-06,1391.0400390625,1399.6300048828125,1391.0400390625,1394.22998046875,3122050000.0,,,,,
2012-08-07,1394.4599609375,1407.1400146484375,1394.4599609375,1401.3499755859375,3682490000.0,,,,,
2012-08-08,1401.22998046875,1404.1400146484375,1396.1300048828125,1402.219970703125,3221790000.0,,,,,
2012-08-09,1402.260009765625,1405.949951171875,1398.800048828125,1402.800048828125,3119610000.0,,,,,
2012-08-10,1402.5799560546875,1405.97998046875,1395.6199951171875,1405.8699951171875,2767980000.0,,,,,
2012-08-13,1405.8699951171875,1405.8699951171875,1397.3199462890625,1404.1099853515625,2499990000.0,,,,,
2012-08-14,1404.3599853515625,1410.030029296875,1400.5999755859375,1403.9300537109375,2930900000.0,,,,,
2012-08-15,1403.8900146484375,1407.72998046875,1401.8299560546875,1405.530029296875,2655750000.0,,,,,
2012-08-16,1405.5699462890625,1417.43994140625,1404.1500244140625,1415.510009765625,3114100000.0,,,,,
2012-08-17,1415.8399658203125,1418.7099609375,1414.6700439453125,1418.1600341796875,2922990000.0,,,,,
2012-08-20,1417.8499755859375,1418.1300048828125,1412.1199951171875,1418.1300048828125,2766320000.0,,,,,
2012-08-21,1418.1300048828125,1426.6800537109375,1410.8599853515625,1413.1700439453125,3282950000.0,,,,,
2012-08-22,1413.0899658203125,1416.1199951171875,1406.780029296875,1413.489990234375,3062690000.0,,,,,
2012-08-23,1413.489990234375,1413.489990234375,1400.5,1402.0799560546875,3008240000.0,,,,,
2012-08-24,1401.989990234375,1413.4599609375,1398.0400390625,1411.1300048828125,2598790000.0,,,,,
2012-08-27,1411.1300048828125,1416.1700439453125,1409.1099853515625,1410.43994140625,2472500000.0,,,,,
2012-08-28,1410.43994140625,1413.6300048828125,1405.5899658203125,1409.300048828125,2629090000.0,,,,,
2012-08-29,1409.3199462890625,1413.949951171875,1406.5699462890625,1410.489990234375,2571220000.0,,,,,
2012-08-30,1410.0799560546875,1410.0799560546875,1397.010009765625,1399.47998046875,2530280000.0,,,,,
2012-08-31,1400.0699462890625,1413.0899658203125,1398.9599609375,1406.5799560546875,2938250000.0,,,,,
2012-09-04,1406.5400390625,1409.31005859375,1396.56005859375,1404.93994140625,3200310000.0,,,,,
2012-09-05,1404.93994140625,1408.81005859375,1401.25,1403.43994140625,3389110000.0,,,,,
2012-09-06,1403.739990234375,1432.1199951171875,1403.739990234375,1432.1199951171875,3952870000.0,,,,,
2012-09-07,1432.1199951171875,1437.9200439453125,1431.449951171875,1437.9200439453125,3717620000.0,,,,,
2012-09-10,1437.9200439453125,1438.739990234375,1428.97998046875,1429.0799560546875,3223670000.0,,,,,
2012-09-11,1429.1300048828125,1437.760009765625,1429.1300048828125,1433.56005859375,3509630000.0,,,,,
2012-09-12,1433.56005859375,1439.1500244140625,1432.989990234375,1436.56005859375,3641200000.0,,,,,
2012-09-13,1436.56005859375,1463.760009765625,1435.3399658203125,1459.989990234375,4606550000.0,,,,,
2012-09-14,1460.0699462890625,1474.510009765625,1460.0699462890625,1465.77001953125,5041990000.0,,,,,
2012-09-17,1465.4200439453125,1465.6300048828125,1457.550048828125,1461.18994140625,3482430000.0,,,,,
2012-09-18,1461.18994140625,1461.469970703125,1456.1300048828125,1459.3199462890625,3377390000.0,,,,,
2012-09-19,1459.5,1465.1500244140625,1457.8800048828125,1461.050048828125,3451360000.0,,,,,
2012-09-20,1461.050048828125,1461.22998046875,1449.97998046875,1460.260009765625,3382520000.0,,,,,
2012-09-21,1460.3399658203125,1467.0699462890625,1459.510009765625,1460.1500244140625,4833870000.0,,,,,
2012-09-24,1459.760009765625,1460.719970703125,1452.06005859375,1456.8900146484375,3008920000.0,,,,,
2012-09-25,1456.93994140625,1463.239990234375,1441.5899658203125,1441.5899658203125,3739900000.0,,,,,
2012-09-26,1441.5999755859375,1441.5999755859375,1430.530029296875,1433.3199462890625,3565380000.0,,,,,
2012-09-27,1433.3599853515625,1450.199951171875,1433.3599853515625,1447.1500244140625,3150330000.0,,,,,
2012-09-28,1447.1300048828125,1447.1300048828125,1435.5999755859375,1440.6700439453125,3509230000.0,,,,,
2012-10-01,1440.9000244140625,1457.1400146484375,1440.9000244140625,1444.489990234375,3505080000.0,,,,,
2012-10-02,1444.989990234375,1451.52001953125,1439.010009765625,1445.75,3321790000.0,,,,,
2012-10-03,1446.050048828125,1454.300048828125,1441.989990234375,1450.989990234375,3531640000.0,,,,,
2012-10-04,1451.0799560546875,1463.1400146484375,1451.0799560546875,1461.4000244140625,3615860000.0,,,,,
2012-10-05,1461.4000244140625,1470.9599609375,1456.8900146484375,1460.9300537109375,3172940000.0,,,,,
2012-10-08,1460.9300537109375,1460.9300537109375,1453.0999755859375,1455.8800048828125,2328720000.0,,,,,
2012-10-09,1455.9000244140625,1455.9000244140625,1441.1800537109375,1441.47998046875,3216320000.0,,,,,
2012-10-10,1441.47998046875,1442.52001953125,1430.6400146484375,1432.56005859375,3225060000.0,,,,,
2012-10-11,1432.8199462890625,1443.9000244140625,1432.8199462890625,1432.8399658203125,3672540000.0,,,,,
2012-10-12,1432.8399658203125,1438.4300537109375,1425.530029296875,1428.5899658203125,3134750000.0,,,,,
2012-10-15,1428.75,1441.31005859375,1427.239990234375,1440.1300048828125,3483810000.0,,,,,
2012-10-16,1440.31005859375,1455.510009765625,1440.31005859375,1454.9200439453125,3568770000.0,,,,,
2012-10-17,1454.219970703125,1462.199951171875,1453.3499755859375,1460.9100341796875,3655320000.0,,,,,
2012-10-18,1460.93994140625,1464.02001953125,1452.6300048828125,1457.3399658203125,3880030000.0,,,,,
2012-10-19,1457.3399658203125,1457.3399658203125,1429.8499755859375,1433.18994140625,3875170000.0,,,,,
2012-10-22,1433.2099609375,1435.4599609375,1422.06005859375,1433.8199462890625,3216220000.0,,,,,
2012-10-23,1433.739990234375,1433.739990234375,1407.56005859375,1413.1099853515625,3587670000.0,,,,,
2012-10-24,1413.199951171875,1420.0400390625,1407.0999755859375,1408.75,3385970000.0,,,,,
2012-10-25,1409.739990234375,1421.1199951171875,1405.1400146484375,1412.969970703125,3512640000.0,,,,,
2012-10-26,1412.969970703125,1417.0899658203125,1403.280029296875,1411.93994140625,3284910000.0,,,,,
2012-10-31,1410.989990234375,1418.760009765625,1405.949951171875,1412.1600341796875,3577110000.0,,,,,
2012-11-01,1412.199951171875,1428.3499755859375,1412.199951171875,1427.5899658203125,3929890000.0,,,,,
2012-11-02,1427.5899658203125,1434.27001953125,1412.9100341796875,1414.199951171875,3732480000.0,,,,,
2012-11-05,1414.02001953125,1419.9000244140625,1408.1300048828125,1417.260009765625,2921040000.0,,,,,
2012-11-06,1417.260009765625,1433.3800048828125,1417.260009765625,1428.3900146484375,3306970000.0,,,,,
2012-11-07,1428.27001953125,1428.27001953125,1388.1400146484375,1394.530029296875,4356490000.0,,,,,
2012-11-08,1394.530029296875,1401.22998046875,1377.510009765625,1377.510009765625,3779520000.0,,,,,
2012-11-09,1377.550048828125,1391.3900146484375,1373.030029296875,1379.8499755859375,3647350000.0,,,,,
2012-11-12,1379.8599853515625,1384.8699951171875,1377.18994140625,1380.030029296875,2567540000.0,,,,,
2012-11-13,1380.030029296875,1388.81005859375,1371.3900146484375,1374.530029296875,3455550000.0,,,,,
2012-11-14,1374.6400146484375,1380.1300048828125,1352.5,1355.489990234375,4109510000.0,,,,,
2012-11-15,1355.4100341796875,1360.6199951171875,1348.050048828125,1353.3299560546875,3928870000.0,,,,,
2012-11-16,1353.3599853515625,1362.030029296875,1343.3499755859375,1359.8800048828125,4045910000.0,,,,,
2012-11-19,1359.8800048828125,1386.8900146484375,1359.8800048828125,1386.8900146484375,3374800000.0,,,,,
2012-11-20,1386.8199462890625,1389.77001953125,1377.0400390625,1387.81005859375,3207160000.0,,,,,
2012-11-21,1387.7900390625,1391.25,1386.3900146484375,1391.030029296875,2667090000.0,,,,,
2012-11-23,1391.030029296875,1409.1600341796875,1391.030029296875,1409.1500244140625,1504960000.0,,,,,
2012-11-26,1409.1500244140625,1409.1500244140625,1397.6800537109375,1406.2900390625,2948960000.0,,,,,
2012-11-27,1406.2900390625,1409.010009765625,1398.030029296875,1398.93994140625,3323120000.0,,,,,
2012-11-28,1398.77001953125,1410.31005859375,1385.4300537109375,1409.9300537109375,3359250000.0,,,,,
2012-11-29,1409.9599609375,1419.699951171875,1409.0400390625,1415.949951171875,3356850000.0,,,,,
2012-11-30,1415.949951171875,1418.8599853515625,1411.6300048828125,1416.1800537109375,3966000000.0,,,,,
2012-12-03,1416.3399658203125,1423.72998046875,1408.4599609375,1409.4599609375,3074280000.0,,,,,
2012-12-04,1409.4599609375,1413.1400146484375,1403.6500244140625,1407.050048828125,3247710000.0,,,,,
2012-12-05,1407.050048828125,1415.56005859375,1398.22998046875,1409.280029296875,4253920000.0,,,,,
2012-12-06,1409.4300537109375,1413.949951171875,1405.9300537109375,1413.93994140625,3229700000.0,,,,,
2012-12-07,1413.949951171875,1420.3399658203125,1410.9000244140625,1418.0699462890625,3125160000.0,,,,,
2012-12-10,1418.0699462890625,1421.6400146484375,1415.6400146484375,1418.550048828125,2999430000.0,,,,,
2012-12-11,1418.550048828125,1434.27001953125,1418.550048828125,1427.8399658203125,3650230000.0,,,,,
2012-12-12,1427.8399658203125,1438.5899658203125,1426.760009765625,1428.47998046875,3709050000.0,,,,,
2012-12-13,1428.47998046875,1431.3599853515625,1416.0,1419.449951171875,3349960000.0,,,,,
2012-12-14,1419.449951171875,1419.449951171875,1411.8800048828125,1413.5799560546875,3210170000.0,,,,,
2012-12-17,1413.5400390625,1430.6700439453125,1413.5400390625,1430.3599853515625,3455610000.0,,,,,
2012-12-18,1430.469970703125,1448.0,1430.469970703125,1446.7900390625,4302240000.0,,,,,
2012-12-19,1446.7900390625,1447.75,1435.800048828125,1435.81005859375,3869800000.0,,,,,
2012-12-20,1435.81005859375,1443.699951171875,1432.8199462890625,1443.68994140625,3686580000.0,,,,,
2012-12-21,1443.6700439453125,1443.6700439453125,1422.5799560546875,1430.1500244140625,5229160000.0,,,,,
2012-12-24,1430.1500244140625,1430.1500244140625,1424.6600341796875,1426.6600341796875,1248960000.0,,,,,
2012-12-26,1426.6600341796875,1429.4200439453125,1416.4300537109375,1419.8299560546875,2285030000.0,,,,,
2012-12-27,1419.8299560546875,1422.800048828125,1401.800048828125,1418.0999755859375,2830180000.0,,,,,
2012-12-28,1418.0999755859375,1418.0999755859375,1401.5799560546875,1402.4300537109375,2426680000.0,,,,,
2012-12-31,1402.4300537109375,1426.739990234375,1398.1099853515625,1426.18994140625,3204330000.0,,,,,
2013-01-02,1426.18994140625,1462.4300537109375,1426.18994140625,1462.4200439453125,4202600000.0,,,,,
2013-01-03,1462.4200439453125,1465.469970703125,1455.530029296875,1459.3699951171875,3829730000.0,,,,,
2013-01-04,1459.3699951171875,1467.93994140625,1458.989990234375,1466.469970703125,3424290000.0,,,,,
2013-01-07,1466.469970703125,1466.469970703125,1456.6199951171875,1461.8900146484375,3304970000.0,,,,,
2013-01-08,1461.8900146484375,1461.8900146484375,1451.6400146484375,1457.1500244140625,3601600000.0,,,,,
2013-01-09,1457.1500244140625,1464.72998046875,1457.1500244140625,1461.02001953125,3674390000.0,,,,,
2013-01-10,1461.02001953125,1472.300048828125,1461.02001953125,1472.1199951171875,4081840000.0,,,,,
2013-01-11,1472.1199951171875,1472.75,1467.5799560546875,1472.050048828125,3340650000.0,,,,,
2013-01-14,1472.050048828125,1472.050048828125,1465.68994140625,1470.6800537109375,3003010000.0,,,,,
2013-01-15,1470.6700439453125,1473.31005859375,1463.760009765625,1472.3399658203125,3135350000.0,,,,,
2013-01-16,1472.3299560546875,1473.9599609375,1467.5999755859375,1472.6300048828125,3384080000.0,,,,,
2013-01-17,1472.6300048828125,1485.1600341796875,1472.6300048828125,1480.93994140625,3706710000.0,,,,,
2013-01-18,1480.949951171875,1485.97998046875,1475.81005859375,1485.97998046875,3795740000.0,,,,,
2013-01-22,1485.97998046875,1492.56005859375,1481.1600341796875,1492.56005859375,3570950000.0,,,,,
2013-01-23,1492.56005859375,1496.1300048828125,1489.9000244140625,1494.81005859375,3552010000.0,,,,,
2013-01-24,1494.81005859375,1502.27001953125,1489.4599609375,1494.8199462890625,3699430000.0,,,,,
2013-01-25,1494.8199462890625,1503.260009765625,1494.8199462890625,1502.9599609375,3476290000.0,,,,,
2013-01-28,1502.9599609375,1503.22998046875,1496.3299560546875,1500.1800537109375,3388540000.0,,,,,
2013-01-29,1500.1800537109375,1509.3499755859375,1498.0899658203125,1507.8399658203125,3949640000.0,,,,,
2013-01-30,1507.8399658203125,1509.93994140625,1500.1099853515625,1501.9599609375,3726810000.0,,,,,
2013-01-31,1501.9599609375,1504.18994140625,1496.760009765625,1498.1099853515625,3999880000.0,,,,,
2013-02-01,1498.1099853515625,1514.4100341796875,1498.1099853515625,1513.1700439453125,3836320000.0,,,,,
2013-02-04,1513.1700439453125,1513.1700439453125,1495.02001953125,1495.7099609375,3390000000.0,,,,,
2013-02-05,1495.7099609375,1514.9599609375,1495.7099609375,1511.2900390625,3618360000.0,,,,,
2013-02-06,1511.2900390625,1512.530029296875,1504.7099609375,1512.1199951171875,3611570000.0,,,,,
2013-02-07,1512.1199951171875,1512.9000244140625,1498.489990234375,1509.3900146484375,3614580000.0,,,,,
2013-02-08,1509.3900146484375,1518.31005859375,1509.3900146484375,1517.9300537109375,2986150000.0,,,,,
2013-02-11,1517.9300537109375,1518.31005859375,1513.6099853515625,1517.010009765625,2684100000.0,,,,,
2013-02-12,1517.010009765625,1522.2900390625,1515.6099853515625,1519.4300537109375,3414370000.0,,,,,
2013-02-13,1519.4300537109375,1524.68994140625,1515.9300537109375,1520.3299560546875,3385880000.0,,,,,
2013-02-14,1520.3299560546875,1523.1400146484375,1514.02001953125,1521.3800048828125,3759740000.0,,,,,
2013-02-15,1521.3800048828125,1524.239990234375,1514.1400146484375,1519.7900390625,3838510000.0,,,,,
2013-02-19,1519.7900390625,1530.93994140625,1519.7900390625,1530.93994140625,3748910000.0,,,,,
2013-02-20,1530.93994140625,1530.93994140625,1511.4100341796875,1511.949951171875,4240570000.0,,,,,
2013-02-21,1511.949951171875,1511.949951171875,1497.2900390625,1502.4200439453125,4274600000.0,,,,,
2013-02-22,1502.4200439453125,1515.6400146484375,1502.4200439453125,1515.5999755859375,3419320000.0,,,,,
2013-02-25,1515.5999755859375,1525.8399658203125,1487.8499755859375,1487.8499755859375,4011050000.0,,,,,
2013-02-26,1487.8499755859375,1498.989990234375,1485.010009765625,1496.93994140625,3975280000.0,,,,,
2013-02-27,1496.93994140625,1520.0799560546875,1494.8800048828125,1515.989990234375,3551850000.0,,,,,
2013-02-28,1515.989990234375,1525.3399658203125,1514.4599609375,1514.6800537109375,3912320000.0,,,,,
2013-03-01,1514.6800537109375,1519.989990234375,1501.47998046875,1518.199951171875,3695610000.0,,,,,
2013-03-04,1518.199951171875,1525.27001953125,1512.2900390625,1525.199951171875,3414430000.0,,,,,
2013-03-05,1525.199951171875,1543.469970703125,1525.199951171875,1539.7900390625,3610690000.0,,,,,
2013-03-06,1539.7900390625,1545.25,1538.1099853515625,1541.4599609375,3676890000.0,,,,,
2013-03-07,1541.4599609375,1545.780029296875,1541.4599609375,1544.260009765625,3634710000.0,,,,,
2013-03-08,1544.260009765625,1552.47998046875,1542.93994140625,1551.1800537109375,3652260000.0,,,,,
2013-03-11,1551.1500244140625,1556.27001953125,1547.3599853515625,1556.219970703125,3091080000.0,,,,,
2013-03-12,1556.219970703125,1556.77001953125,1548.239990234375,1552.47998046875,3274910000.0,,,,,
2013-03-13,1552.47998046875,1556.3900146484375,1548.25,1554.52001953125,3073830000.0,,,,,
2013-03-14,1554.52001953125,1563.3199462890625,1554.52001953125,1563.22998046875,3459260000.0,,,,,
2013-03-15,1563.2099609375,1563.6199951171875,1555.739990234375,1560.699951171875,5175850000.0,,,,,
2013-03-18,1560.699951171875,1560.699951171875,1545.1300048828125,1552.0999755859375,3164560000.0,,,,,
2013-03-19,1552.0999755859375,1557.25,1538.5699462890625,1548.3399658203125,3796210000.0,,,,,
2013-03-20,1548.3399658203125,1561.56005859375,1548.3399658203125,1558.7099609375,3349090000.0,,,,,
2013-03-21,1558.7099609375,1558.7099609375,1543.550048828125,1545.800048828125,3243270000.0,,,,,
2013-03-22,1545.9000244140625,1557.739990234375,1545.9000244140625,1556.8900146484375,2948380000.0,,,,,
2013-03-25,1556.8900146484375,1564.9100341796875,1546.219970703125,1551.68994140625,3178170000.0,,,,,
2013-03-26,1551.68994140625,1563.949951171875,1551.68994140625,1563.77001953125,2869260000.0,,,,,
2013-03-27,1563.75,1564.0699462890625,1551.9000244140625,1562.8499755859375,2914210000.0,,,,,
2013-03-28,1562.8599853515625,1570.280029296875,1561.0799560546875,1569.18994140625,3304440000.0,,,,,
2013-04-01,1569.1800537109375,1570.5699462890625,1558.469970703125,1562.1700439453125,2753110000.0,,,,,
2013-04-02,1562.1700439453125,1573.6600341796875,1562.1700439453125,1570.25,3312160000.0,,,,,
2013-04-03,1570.25,1571.469970703125,1549.800048828125,1553.68994140625,4060610000.0,,,,,
2013-04-04,1553.68994140625,1562.5999755859375,1552.52001953125,1559.97998046875,3350670000.0,,,,,
2013-04-05,1559.97998046875,1559.97998046875,1539.5,1553.280029296875,3515410000.0,,,,,
2013-04-08,1553.260009765625,1563.0699462890625,1548.6300048828125,1563.0699462890625,2887120000.0,,,,,
2013-04-09,1563.1099853515625,1573.8900146484375,1560.9200439453125,1568.6099853515625,3252780000.0,,,,,
2013-04-10,1568.6099853515625,1589.0699462890625,1568.6099853515625,1587.72998046875,3453350000.0,,,,,
2013-04-11,1587.72998046875,1597.3499755859375,1586.1700439453125,1593.3699951171875,3393950000.0,,,,,
2013-04-12,1593.300048828125,1593.300048828125,1579.969970703125,1588.8499755859375,3206290000.0,,,,,
2013-04-15,1588.8399658203125,1588.8399658203125,1552.280029296875,1552.3599853515625,4660130000.0,,,,,
2013-04-16,1552.3599853515625,1575.3499755859375,1552.3599853515625,1574.5699462890625,3654700000.0,,,,,
2013-04-17,1574.5699462890625,1574.5699462890625,1543.68994140625,1552.010009765625,4250310000.0,,,,,
2013-04-18,1552.030029296875,1554.3800048828125,1536.030029296875,1541.6099853515625,3890800000.0,,,,,
2013-04-19,1541.6099853515625,1555.8900146484375,1539.4000244140625,1555.25,3569870000.0,,,,,
2013-04-22,1555.25,1565.550048828125,1548.18994140625,1562.5,2979880000.0,,,,,
2013-04-23,1562.5,1579.5799560546875,1562.5,1578.780029296875,3565150000.0,,,,,
2013-04-24,1578.780029296875,1583.0,1575.800048828125,1578.7900390625,3598240000.0,,,,,
2013-04-25,1578.9300537109375,1592.6400146484375,1578.9300537109375,1585.1600341796875,3908580000.0,,,,,
2013-04-26,1585.1600341796875,1585.780029296875,1577.56005859375,1582.239990234375,3198620000.0,,,,,
2013-04-29,1582.3399658203125,1596.6500244140625,1582.3399658203125,1593.6099853515625,2891200000.0,,,,,
2013-04-30,1593.5799560546875,1597.5699462890625,1586.5,1597.5699462890625,3745070000.0,,,,,
2013-05-01,1597.550048828125,1597.550048828125,1581.280029296875,1582.699951171875,3530320000.0,,,,,
2013-05-02,1582.77001953125,1598.5999755859375,1582.77001953125,1597.5899658203125,3366950000.0,,,,,
2013-05-03,1597.5999755859375,1618.4599609375,1597.5999755859375,1614.4200439453125,3603910000.0,,,,,
2013-05-06,1614.4000244140625,1619.77001953125,1614.2099609375,1617.5,3062240000.0,,,,,
2013-05-07,1617.550048828125,1626.030029296875,1616.6400146484375,1625.9599609375,3309580000.0,,,,,
2013-05-08,1625.949951171875,1632.780029296875,1622.699951171875,1632.68994140625,3554700000.0,,,,,
2013-05-09,1632.68994140625,1635.010009765625,1623.0899658203125,1626.6700439453125,3457400000.0,,,,,
2013-05-10,1626.68994140625,1633.699951171875,1623.7099609375,1633.699951171875,3086470000.0,,,,,
2013-05-13,1632.0999755859375,1636.0,1626.739990234375,1633.77001953125,2910600000.0,,,,,
2013-05-14,1633.75,1651.0999755859375,1633.75,1650.3399658203125,3457790000.0,,,,,
2013-05-15,1649.1300048828125,1661.489990234375,1646.6800537109375,1658.780029296875,3657440000.0,,,,,
2013-05-16,1658.0699462890625,1660.510009765625,1648.5999755859375,1650.469970703125,3513130000.0,,,,,
2013-05-17,1652.449951171875,1667.469970703125,1652.449951171875,1667.469970703125,3440710000.0,,,,,
2013-05-20,1665.7099609375,1672.8399658203125,1663.52001953125,1666.2900390625,3275080000.0,,,,,
2013-05-21,1666.199951171875,1674.9300537109375,1662.6700439453125,1669.1600341796875,3513560000.0,,,,,
2013-05-22,1669.3900146484375,1687.1800537109375,1648.8599853515625,1655.3499755859375,4361020000.0,,,,,
2013-05-23,1651.6199951171875,1655.5,1635.530029296875,1650.510009765625,3945510000.0,,,,,
2013-05-24,1646.6700439453125,1649.780029296875,1636.8800048828125,1649.5999755859375,2758080000.0,,,,,
2013-05-28,1652.6300048828125,1674.2099609375,1652.6300048828125,1660.06005859375,3457400000.0,,,,,
2013-05-29,1656.5699462890625,1656.5699462890625,1640.050048828125,1648.3599853515625,3587140000.0,,,,,
2013-05-30,1649.1400146484375,1661.9100341796875,1648.6099853515625,1654.4100341796875,3498620000.0,,,,,
2013-05-31,1652.1300048828125,1658.989990234375,1630.739990234375,1630.739990234375,4099600000.0,,,,,
2013-06-03,1631.7099609375,1640.4200439453125,1622.719970703125,1640.4200439453125,3952070000.0,,,,,
2013-06-04,1640.72998046875,1646.530029296875,1623.6199951171875,1631.3800048828125,3653840000.0,,,,,
2013-06-05,1629.050048828125,1629.31005859375,1607.0899658203125,1608.9000244140625,3632350000.0,,,,,
2013-06-06,1609.2900390625,1622.56005859375,1598.22998046875,1622.56005859375,3547380000.0,,,,,
2013-06-07,1625.27001953125,1644.4000244140625,1625.27001953125,1643.3800048828125,3371990000.0,,,,,
2013-06-10,1644.6700439453125,1648.68994140625,1639.260009765625,1642.81005859375,2978730000.0,,,,,
2013-06-11,1638.6400146484375,1640.1300048828125,1622.9200439453125,1626.1300048828125,3435710000.0,,,,,
2013-06-12,1629.93994140625,1637.7099609375,1610.9200439453125,1612.52001953125,3202550000.0,,,,,
2013-06-13,1612.1500244140625,1639.25,1608.0699462890625,1636.3599853515625,3378620000.0,,,,,
2013-06-14,1635.52001953125,1640.800048828125,1623.9599609375,1626.72998046875,2939400000.0,,,,,
2013-06-17,1630.6400146484375,1646.5,1630.3399658203125,1639.0400390625,3137080000.0,,,,,
2013-06-18,1639.77001953125,1654.18994140625,1639.77001953125,1651.81005859375,3120980000.0,,,,,
2013-06-19,1651.8299560546875,1652.449951171875,1628.9100341796875,1628.9300537109375,3545060000.0,,,,,
2013-06-20,1624.6199951171875,1624.6199951171875,1584.3199462890625,1588.18994140625,4858850000.0,,,,,
2013-06-21,1588.6199951171875,1599.18994140625,1577.699951171875,1592.4300537109375,5797280000.0,,,,,
2013-06-24,1588.77001953125,1588.77001953125,1560.3299560546875,1573.0899658203125,4733660000.0,,,,,
2013-06-25,1577.52001953125,1593.7900390625,1577.0899658203125,1588.030029296875,3761170000.0,,,,,
2013-06-26,1592.27001953125,1606.8299560546875,1592.27001953125,1603.260009765625,3558340000.0,,,,,
2013-06-27,1606.43994140625,1620.0699462890625,1606.43994140625,1613.199951171875,3364540000.0,,,,,
2013-06-28,1611.1199951171875,1615.93994140625,1601.06005859375,1606.280029296875,4977190000.0,,,,,
2013-07-01,1609.780029296875,1626.6099853515625,1609.780029296875,1614.9599609375,3104690000.0,,,,,
2013-07-02,1614.2900390625,1624.260009765625,1606.77001953125,1614.0799560546875,3317130000.0,,,,,
2013-07-03,1611.47998046875,1618.969970703125,1604.5699462890625,1615.4100341796875,1966050000.0,,,,,
2013-07-05,1618.6500244140625,1632.0699462890625,1614.7099609375,1631.8900146484375,2634140000.0,,,,,
2013-07-08,1634.199951171875,1644.6800537109375,1634.199951171875,1640.4599609375,3514590000.0,,,,,
2013-07-09,1642.8900146484375,1654.1800537109375,1642.8900146484375,1652.3199462890625,3155360000.0,,,,,
2013-07-10,1651.56005859375,1657.9200439453125,1647.6600341796875,1652.6199951171875,3011010000.0,,,,,
2013-07-11,1657.4100341796875,1676.6300048828125,1657.4100341796875,1675.02001953125,3446340000.0,,,,,
2013-07-12,1675.260009765625,1680.18994140625,1672.3299560546875,1680.18994140625,3039070000.0,,,,,
2013-07-15,1679.5899658203125,1684.510009765625,1677.8900146484375,1682.5,2623200000.0,,,,,
2013-07-16,1682.699951171875,1683.72998046875,1671.8399658203125,1676.260009765625,3081710000.0,,,,,
2013-07-17,1677.9100341796875,1684.75,1677.9100341796875,1680.9100341796875,3153440000.0,,,,,
2013-07-18,1681.050048828125,1693.1199951171875,1681.050048828125,1689.3699951171875,3452370000.0,,,,,
2013-07-19,1686.1500244140625,1692.0899658203125,1684.0799560546875,1692.0899658203125,3302580000.0,,,,,
2013-07-22,1694.4100341796875,1697.6099853515625,1690.6700439453125,1695.530029296875,2779130000.0,,,,,
2013-07-23,1696.6300048828125,1698.780029296875,1691.1300048828125,1692.3900146484375,3096180000.0,,,,,
2013-07-24,1696.06005859375,1698.3800048828125,1682.5699462890625,1685.93994140625,3336120000.0,,,,,
2013-07-25,1685.2099609375,1690.93994140625,1680.0699462890625,1690.25,3322500000.0,,,,,
2013-07-26,1687.31005859375,1691.8499755859375,1676.030029296875,1691.6500244140625,2762770000.0,,,,,
2013-07-29,1690.3199462890625,1690.9200439453125,1681.8599853515625,1685.3299560546875,2840520000.0,,,,,
2013-07-30,1687.9200439453125,1693.18994140625,1682.4200439453125,1685.9599609375,3320530000.0,,,,,
2013-07-31,1687.760009765625,1698.4300537109375,1684.93994140625,1685.72998046875,3847390000.0,,,,,
2013-08-01,1689.4200439453125,1707.8499755859375,1689.4200439453125,1706.8699951171875,3775170000.0,,,,,
2013-08-02,1706.0999755859375,1709.6700439453125,1700.6800537109375,1709.6700439453125,3136630000.0,,,,,
2013-08-05,1708.010009765625,1709.239990234375,1703.550048828125,1707.1400146484375,2529300000.0,,,,,
2013-08-06,1705.7900390625,1705.7900390625,1693.2900390625,1697.3699951171875,3141210000.0,,,,,
2013-08-07,1695.300048828125,1695.300048828125,1684.9100341796875,1690.9100341796875,3010230000.0,,,,,
2013-08-08,1693.3499755859375,1700.1800537109375,1688.3800048828125,1697.47998046875,3271660000.0,,,,,
2013-08-09,1696.0999755859375,1699.4200439453125,1686.02001953125,1691.4200439453125,2957670000.0,,,,,
2013-08-12,1688.3699951171875,1691.489990234375,1683.3499755859375,1689.469970703125,2789160000.0,,,,,
2013-08-13,1690.6500244140625,1696.81005859375,1682.6199951171875,1694.1600341796875,3035560000.0,,,,,
2013-08-14,1693.8800048828125,1695.52001953125,1684.8299560546875,1685.3900146484375,2871430000.0,,,,,
2013-08-15,1679.6099853515625,1679.6099853515625,1658.5899658203125,1661.3199462890625,3426690000.0,,,,,
2013-08-16,1661.219970703125,1663.5999755859375,1652.6099853515625,1655.8299560546875,3211450000.0,,,,,
2013-08-19,1655.25,1659.1800537109375,1645.8399658203125,1646.06005859375,2904530000.0,,,,,
2013-08-20,1646.81005859375,1658.9200439453125,1646.0799560546875,1652.3499755859375,2994090000.0,,,,,
2013-08-21,1650.6600341796875,1656.989990234375,1639.4300537109375,1642.800048828125,2932180000.0,,,,,
2013-08-22,1645.030029296875,1659.550048828125,1645.030029296875,1656.9599609375,2537460000.0,,,,,
2013-08-23,1659.9200439453125,1664.8499755859375,1654.81005859375,1663.5,2582670000.0,,,,,
2013-08-26,1664.2900390625,1669.510009765625,1656.02001953125,1656.780029296875,2430670000.0,,,,,
2013-08-27,1652.5400390625,1652.5400390625,1629.050048828125,1630.47998046875,3219190000.0,,,,,
2013-08-28,1630.25,1641.1800537109375,1627.469970703125,1634.9599609375,2784010000.0,,,,,
2013-08-29,1633.5,1646.4100341796875,1630.8800048828125,1638.1700439453125,2527550000.0,,,,,
2013-08-30,1638.8900146484375,1640.0799560546875,1628.050048828125,1632.969970703125,2734300000.0,,,,,
2013-09-03,1635.949951171875,1651.3499755859375,1633.4100341796875,1639.77001953125,3731610000.0,,,,,
2013-09-04,1640.719970703125,1655.719970703125,1637.4100341796875,1653.0799560546875,3312150000.0,,,,,
2013-09-05,1653.280029296875,1659.1700439453125,1653.0699462890625,1655.0799560546875,2957110000.0,,,,,
2013-09-06,1657.43994140625,1664.8299560546875,1640.6199951171875,1655.1700439453125,3123880000.0,,,,,
2013-09-09,1656.8499755859375,1672.4000244140625,1656.8499755859375,1671.7099609375,3102780000.0,,,,,
2013-09-10,1675.1099853515625,1684.0899658203125,1675.1099853515625,1683.989990234375,3691800000.0,,,,,
2013-09-11,1681.0400390625,1689.1300048828125,1678.699951171875,1689.1300048828125,3135460000.0,,,,,
2013-09-12,1689.2099609375,1689.969970703125,1681.9599609375,1683.4200439453125,3106290000.0,,,,,
2013-09-13,1685.0400390625,1688.72998046875,1682.219970703125,1687.989990234375,2736500000.0,,,,,
2013-09-16,1691.699951171875,1704.949951171875,1691.699951171875,1697.5999755859375,3079800000.0,,,,,
2013-09-17,1697.72998046875,1705.52001953125,1697.72998046875,1704.760009765625,2774240000.0,,,,,
2013-09-18,1705.739990234375,1729.43994140625,1700.3499755859375,1725.52001953125,3989760000.0,,,,,
2013-09-19,1727.3399658203125,1729.8599853515625,1720.199951171875,1722.3399658203125,3740130000.0,,,,,
2013-09-20,1722.43994140625,1725.22998046875,1708.8900146484375,1709.9100341796875,5074030000.0,,,,,
2013-09-23,1711.43994140625,1711.43994140625,1697.0999755859375,1701.8399658203125,3126950000.0,,,,,
2013-09-24,1702.5999755859375,1707.6300048828125,1694.9000244140625,1697.4200439453125,3268930000.0,,,,,
2013-09-25,1698.02001953125,1701.7099609375,1691.8800048828125,1692.77001953125,3148730000.0,,,,,
2013-09-26,1694.050048828125,1703.8499755859375,1693.1099853515625,1698.6700439453125,2813930000.0,,,,,
2013-09-27,1695.52001953125,1695.52001953125,1687.1099853515625,1691.75,2951700000.0,,,,,
2013-09-30,1687.260009765625,1687.260009765625,1674.989990234375,1681.550048828125,3308630000.0,,,,,
2013-10-01,1682.4100341796875,1696.550048828125,1682.0699462890625,1695.0,3238690000.0,,,,,
2013-10-02,1691.9000244140625,1693.8699951171875,1680.3399658203125,1693.8699951171875,3148600000.0,,,,,
2013-10-03,1692.3499755859375,1692.3499755859375,1670.3599853515625,1678.6600341796875,3279650000.0,,,,,
2013-10-04,1678.7900390625,1691.93994140625,1677.3299560546875,1690.5,2880270000.0,,,,,
2013-10-07,1687.1500244140625,1687.1500244140625,1674.699951171875,1676.1199951171875,2678490000.0,,,,,
2013-10-08,1676.219970703125,1676.7900390625,1655.030029296875,1655.449951171875,3569230000.0,,,,,
2013-10-09,1656.989990234375,1662.469970703125,1646.469970703125,1656.4000244140625,3577840000.0,,,,,
2013-10-10,1660.8800048828125,1692.56005859375,1660.8800048828125,1692.56005859375,3362300000.0,,,,,
2013-10-11,1691.0899658203125,1703.43994140625,1688.52001953125,1703.199951171875,2944670000.0,,,,,
2013-10-14,1699.8599853515625,1711.030029296875,1692.1300048828125,1710.1400146484375,2580580000.0,,,,,
2013-10-15,1709.1700439453125,1711.5699462890625,1695.9300537109375,1698.06005859375,3327740000.0,,,,,
2013-10-16,1700.489990234375,1721.760009765625,1700.489990234375,1721.5400390625,3486180000.0,,,,,
2013-10-17,1720.1700439453125,1733.449951171875,1714.1199951171875,1733.1500244140625,3453590000.0,,,,,
2013-10-18,1736.719970703125,1745.31005859375,1735.739990234375,1744.5,3664890000.0,,,,,
2013-10-21,1745.199951171875,1747.7900390625,1740.6700439453125,1744.6600341796875,3052710000.0,,,,,
2013-10-22,1746.47998046875,1759.3299560546875,1746.47998046875,1754.6700439453125,3850840000.0,,,,,
2013-10-23,1752.27001953125,1752.27001953125,1740.5,1746.3800048828125,3713380000.0,,,,,
2013-10-24,1747.47998046875,1753.93994140625,1745.5,1752.0699462890625,3671700000.0,,,,,
2013-10-25,1756.010009765625,1759.8199462890625,1752.449951171875,1759.77001953125,3175720000.0,,,,,
2013-10-28,1759.4200439453125,1764.989990234375,1757.6700439453125,1762.1099853515625,3282300000.0,,,,,
2013-10-29,1762.9300537109375,1772.0899658203125,1762.9300537109375,1771.949951171875,3358460000.0,,,,,
2013-10-30,1772.27001953125,1775.219970703125,1757.239990234375,1763.31005859375,3523040000.0,,,,,
2013-10-31,1763.239990234375,1768.530029296875,1755.719970703125,1756.5400390625,3826530000.0,,,,,
2013-11-01,1758.699951171875,1765.6700439453125,1752.699951171875,1761.6400146484375,3686290000.0,,,,,
2013-11-04,1763.4000244140625,1768.780029296875,1761.56005859375,1767.9300537109375,3194870000.0,,,,,
2013-11-05,1765.6700439453125,1767.030029296875,1755.760009765625,1762.969970703125,3516680000.0,,,,,
2013-11-06,1765.0,1773.739990234375,1764.4000244140625,1770.489990234375,3322100000.0,,,,,
2013-11-07,1770.739990234375,1774.5400390625,1746.199951171875,1747.1500244140625,4143200000.0,,,,,
2013-11-08,1748.3699951171875,1770.780029296875,1747.6300048828125,1770.6099853515625,3837170000.0,,,,,
2013-11-11,1769.9599609375,1773.43994140625,1767.8499755859375,1771.8900146484375,2534060000.0,,,,,
2013-11-12,1769.510009765625,1771.780029296875,1762.2900390625,1767.68994140625,3221030000.0,,,,,
2013-11-13,1764.3699951171875,1782.0,1760.6400146484375,1782.0,3327480000.0,,,,,
2013-11-14,1782.75,1791.530029296875,1780.219970703125,1790.6199951171875,3139060000.0,,,,,
2013-11-15,1790.6600341796875,1798.219970703125,1790.6600341796875,1798.1800537109375,3254820000.0,,,,,
2013-11-18,1798.8199462890625,1802.3299560546875,1788.0,1791.530029296875,3168520000.0,,,,,
2013-11-19,1790.7900390625,1795.510009765625,1784.719970703125,1787.8699951171875,3224450000.0,,,,,
2013-11-20,1789.5899658203125,1795.72998046875,1777.22998046875,1781.3699951171875,3109140000.0,,,,,
2013-11-21,1783.52001953125,1797.1600341796875,1783.52001953125,1795.8499755859375,3256630000.0,,,,,
2013-11-22,1797.2099609375,1804.8399658203125,1794.699951171875,1804.760009765625,3055140000.0,,,,,
2013-11-25,1806.3299560546875,1808.0999755859375,1800.5799560546875,1802.47998046875,2998540000.0,,,,,
2013-11-26,1802.8699951171875,1808.4200439453125,1800.77001953125,1802.75,3427120000.0,,,,,
2013-11-27,1803.47998046875,1808.27001953125,1802.77001953125,1807.22998046875,2613590000.0,,,,,
2013-11-29,1808.68994140625,1813.550048828125,1803.97998046875,1805.81005859375,1598300000.0,,,,,
2013-12-02,1806.550048828125,1810.02001953125,1798.5999755859375,1800.9000244140625,3095430000.0,,,,,
2013-12-03,1800.0999755859375,1800.0999755859375,1787.8499755859375,1795.1500244140625,3475680000.0,,,,,
2013-12-04,1793.1500244140625,1799.800048828125,1779.0899658203125,1792.81005859375,3610540000.0,,,,,
2013-12-05,1792.8199462890625,1792.8199462890625,1783.3800048828125,1785.030029296875,3336880000.0,,,,,
2013-12-06,1788.3599853515625,1806.0400390625,1788.3599853515625,1805.0899658203125,3150030000.0,,,,,
2013-12-09,1806.2099609375,1811.52001953125,1806.2099609375,1808.3699951171875,3129500000.0,,,,,
2013-12-10,1807.5999755859375,1808.52001953125,1801.75,1802.6199951171875,3117150000.0,,,,,
2013-12-11,1802.760009765625,1802.969970703125,1780.0899658203125,1782.219970703125,3472240000.0,,,,,
2013-12-12,1781.7099609375,1782.989990234375,1772.280029296875,1775.5,3306640000.0,,,,,
2013-12-13,1777.97998046875,1780.9200439453125,1772.449951171875,1775.3199462890625,3061070000.0,,,,,
2013-12-16,1777.47998046875,1792.219970703125,1777.47998046875,1786.5400390625,3209890000.0,,,,,
2013-12-17,1786.469970703125,1786.77001953125,1777.050048828125,1781.0,3270030000.0,,,,,
2013-12-18,1781.4599609375,1811.0799560546875,1767.989990234375,1810.6500244140625,4327770000.0,,,,,
2013-12-19,1809.0,1810.8800048828125,1801.3499755859375,1809.5999755859375,3497210000.0,,,,,
2013-12-20,1810.3900146484375,1823.75,1810.25,1818.3199462890625,5097700000.0,,,,,
2013-12-23,1822.9200439453125,1829.75,1822.9200439453125,1827.989990234375,2851540000.0,,,,,
2013-12-24,1828.02001953125,1833.3199462890625,1828.02001953125,1833.3199462890625,1307630000.0,,,,,
2013-12-26,1834.9599609375,1842.8399658203125,1834.9599609375,1842.02001953125,1982270000.0,,,,,
2013-12-27,1842.969970703125,1844.8900146484375,1839.81005859375,1841.4000244140625,2052920000.0,,,,,
2013-12-30,1841.469970703125,1842.469970703125,1838.77001953125,1841.0699462890625,2293860000.0,,,,,
2013-12-31,1842.6099853515625,1849.43994140625,1842.4100341796875,1848.3599853515625,2312840000.0,,,,,
2014-01-02,1845.8599853515625,1845.8599853515625,1827.739990234375,1831.97998046875,3080600000.0,,,,,
2014-01-03,1833.2099609375,1838.239990234375,1829.1300048828125,1831.3699951171875,2774270000.0,,,,,
2014-01-06,1832.31005859375,1837.1600341796875,1823.72998046875,1826.77001953125,3294850000.0,,,,,
2014-01-07,1828.7099609375,1840.0999755859375,1828.7099609375,1837.8800048828125,3511750000.0,,,,,
2014-01-08,1837.9000244140625,1840.02001953125,1831.4000244140625,1837.489990234375,3652140000.0,,,,,
2014-01-09,1839.0,1843.22998046875,1830.3800048828125,1838.1300048828125,3581150000.0,,,,,
2014-01-10,1840.06005859375,1843.1500244140625,1832.4300537109375,1842.3699951171875,3335710000.0,,,,,
2014-01-13,1841.260009765625,1843.449951171875,1815.52001953125,1819.199951171875,3591350000.0,,,,,
2014-01-14,1821.3599853515625,1839.260009765625,1821.3599853515625,1838.8800048828125,3353270000.0,,,,,
2014-01-15,1840.52001953125,1850.8399658203125,1840.52001953125,1848.3800048828125,3777800000.0,,,,,
2014-01-16,1847.989990234375,1847.989990234375,1840.300048828125,1845.8900146484375,3491310000.0,,,,,
2014-01-17,1844.22998046875,1846.0400390625,1835.22998046875,1838.699951171875,3626120000.0,,,,,
2014-01-21,1841.050048828125,1849.31005859375,1832.3800048828125,1843.800048828125,3782470000.0,,,,,
2014-01-22,1844.7099609375,1846.8699951171875,1840.8800048828125,1844.8599853515625,3374170000.0,,,,,
2014-01-23,1842.2900390625,1842.2900390625,1820.06005859375,1828.4599609375,3972250000.0,,,,,
2014-01-24,1826.9599609375,1826.9599609375,1790.2900390625,1790.2900390625,4618450000.0,,,,,
2014-01-27,1791.030029296875,1795.97998046875,1772.8800048828125,1781.56005859375,4045200000.0,,,,,
2014-01-28,1783.0,1793.8699951171875,1779.489990234375,1792.5,3437830000.0,,,,,
2014-01-29,1790.1500244140625,1790.1500244140625,1770.449951171875,1774.199951171875,3964020000.0,,,,,
2014-01-30,1777.1700439453125,1798.77001953125,1777.1700439453125,1794.18994140625,3547510000.0,,,,,
2014-01-31,1790.8800048828125,1793.8800048828125,1772.260009765625,1782.5899658203125,4059690000.0,,,,,
2014-02-03,1782.6800537109375,1784.8299560546875,1739.6600341796875,1741.8900146484375,4726040000.0,,,,,
2014-02-04,1743.8199462890625,1758.72998046875,1743.8199462890625,1755.199951171875,4068410000.0,,,,,
2014-02-05,1753.3800048828125,1755.7900390625,1737.9200439453125,1751.6400146484375,3984290000.0,,,,,
2014-02-06,1752.989990234375,1774.06005859375,1752.989990234375,1773.4300537109375,3825410000.0,,,,,
2014-02-07,1776.010009765625,1798.030029296875,1776.010009765625,1797.02001953125,3775990000.0,,,,,
2014-02-10,1796.199951171875,1799.93994140625,1791.8299560546875,1799.8399658203125,3312160000.0,,,,,
2014-02-11,1800.449951171875,1823.5400390625,1800.4100341796875,1819.75,3699380000.0,,,,,
2014-02-12,1820.1199951171875,1826.550048828125,1815.969970703125,1819.260009765625,3326380000.0,,,,,
2014-02-13,1814.8199462890625,1830.25,1809.219970703125,1829.8299560546875,3289510000.0,,,,,
2014-02-14,1828.4599609375,1841.6500244140625,1825.5899658203125,1838.6300048828125,3114750000.0,,,,,
2014-02-18,1839.030029296875,1842.8699951171875,1835.010009765625,1840.760009765625,3421110000.0,,,,,
2014-02-19,1838.9000244140625,1847.5,1826.989990234375,1828.75,3661570000.0,,,,,
2014-02-20,1829.239990234375,1842.7900390625,1824.5799560546875,1839.780029296875,3404980000.0,,,,,
2014-02-21,1841.0699462890625,1846.1300048828125,1835.5999755859375,1836.25,3403880000.0,,,,,
2014-02-24,1836.780029296875,1858.7099609375,1836.780029296875,1847.6099853515625,4014530000.0,,,,,
2014-02-25,1847.6600341796875,1852.9100341796875,1840.18994140625,1845.1199951171875,3515560000.0,,,,,
2014-02-26,1845.7900390625,1852.6500244140625,1840.6600341796875,1845.1600341796875,3716730000.0,,,,,
2014-02-27,1844.9000244140625,1854.530029296875,1841.1300048828125,1854.2900390625,3547460000.0,,,,,
2014-02-28,1855.1199951171875,1867.9200439453125,1847.6700439453125,1859.449951171875,3917450000.0,,,,,
2014-03-03,1857.6800537109375,1857.6800537109375,1834.43994140625,1845.72998046875,3428220000.0,,,,,
2014-03-04,1849.22998046875,1876.22998046875,1849.22998046875,1873.9100341796875,3765770000.0,,,,,
2014-03-05,1874.050048828125,1876.530029296875,1871.1099853515625,1873.81005859375,3392990000.0,,,,,
2014-03-06,1874.1800537109375,1881.93994140625,1874.1800537109375,1877.030029296875,3360450000.0,,,,,
2014-03-07,1878.52001953125,1883.5699462890625,1870.56005859375,1878.0400390625,3564740000.0,,,,,
2014-03-10,1877.8599853515625,1877.8699951171875,1867.0400390625,1877.1700439453125,3021350000.0,,,,,
2014-03-11,1878.260009765625,1882.3499755859375,1863.8800048828125,1867.6300048828125,3392400000.0,,,,,
2014-03-12,1866.1500244140625,1868.3800048828125,1854.3800048828125,1868.199951171875,3270860000.0,,,,,
2014-03-13,1869.06005859375,1874.4000244140625,1841.8599853515625,1846.3399658203125,3670990000.0,,,,,
2014-03-14,1845.0699462890625,1852.43994140625,1839.5699462890625,1841.1300048828125,3285460000.0,,,,,
2014-03-17,1842.81005859375,1862.300048828125,1842.81005859375,1858.8299560546875,2860490000.0,,,,,
2014-03-18,1858.9200439453125,1873.760009765625,1858.9200439453125,1872.25,2930190000.0,,,,,
2014-03-19,1872.25,1874.1400146484375,1850.3499755859375,1860.77001953125,3289210000.0,,,,,
2014-03-20,1860.0899658203125,1873.489990234375,1854.6300048828125,1872.010009765625,3327540000.0,,,,,
2014-03-21,1874.530029296875,1883.969970703125,1863.4599609375,1866.52001953125,5270710000.0,,,,,
2014-03-24,1867.6700439453125,1873.3399658203125,1849.68994140625,1857.43994140625,3409000000.0,,,,,
2014-03-25,1859.47998046875,1871.8699951171875,1855.9599609375,1865.6199951171875,3200560000.0,,,,,
2014-03-26,1867.0899658203125,1875.9200439453125,1852.56005859375,1852.56005859375,3480850000.0,,,,,
2014-03-27,1852.1099853515625,1855.550048828125,1842.1099853515625,1849.0400390625,3733430000.0,,,,,
2014-03-28,1850.0699462890625,1866.6300048828125,1850.0699462890625,1857.6199951171875,2955520000.0,,,,,
2014-03-31,1859.1600341796875,1875.1800537109375,1859.1600341796875,1872.3399658203125,3274300000.0,,,,,
2014-04-01,1873.9599609375,1885.8399658203125,1873.9599609375,1885.52001953125,3336190000.0,,,,,
2014-04-02,1886.6099853515625,1893.1700439453125,1883.7900390625,1890.9000244140625,3131660000.0,,,,,
2014-04-03,1891.4300537109375,1893.800048828125,1882.6500244140625,1888.77001953125,3055600000.0,,,,,
2014-04-04,1890.25,1897.280029296875,1863.260009765625,1865.0899658203125,3583750000.0,,,,,
2014-04-07,1863.9200439453125,1864.0400390625,1841.47998046875,1845.0400390625,3801540000.0,,,,,
2014-04-08,1845.47998046875,1854.949951171875,1837.489990234375,1851.9599609375,3721450000.0,,,,,
2014-04-09,1852.6400146484375,1872.4300537109375,1852.3800048828125,1872.1800537109375,3308650000.0,,,,,
2014-04-10,1872.280029296875,1872.530029296875,1830.8699951171875,1833.0799560546875,3758780000.0,,,,,
2014-04-11,1830.6500244140625,1835.0699462890625,1814.3599853515625,1815.68994140625,3743460000.0,,,,,
2014-04-14,1818.1800537109375,1834.18994140625,1815.800048828125,1830.6099853515625,3111540000.0,,,,,
2014-04-15,1831.449951171875,1844.02001953125,1816.2900390625,1842.97998046875,3736440000.0,,,,,
2014-04-16,1846.010009765625,1862.31005859375,1846.010009765625,1862.31005859375,3155080000.0,,,,,
2014-04-17,1861.72998046875,1869.6300048828125,1856.719970703125,1864.8499755859375,3341430000.0,,,,,
2014-04-21,1865.7900390625,1871.8900146484375,1863.1800537109375,1871.8900146484375,2642500000.0,,,,,
2014-04-22,1872.5699462890625,1884.8900146484375,1872.5699462890625,1879.550048828125,3215440000.0,,,,,
2014-04-23,1879.3199462890625,1879.75,1873.9100341796875,1875.3900146484375,3085720000.0,,,,,
2014-04-24,1881.969970703125,1884.06005859375,1870.239990234375,1878.6099853515625,3191830000.0,,,,,
2014-04-25,1877.719970703125,1877.719970703125,1859.699951171875,1863.4000244140625,3213020000.0,,,,,
2014-04-28,1865.0,1877.010009765625,1850.6099853515625,1869.4300537109375,4034680000.0,,,,,
2014-04-29,1870.780029296875,1880.5999755859375,1870.780029296875,1878.3299560546875,3647820000.0,,,,,
2014-04-30,1877.0999755859375,1885.199951171875,1872.68994140625,1883.949951171875,3779230000.0,,,,,
2014-05-01,1884.3900146484375,1888.5899658203125,1878.0400390625,1883.6800537109375,3416740000.0,,,,,
2014-05-02,1885.300048828125,1891.3299560546875,1878.5,1881.1400146484375,3159560000.0,,,,,
2014-05-05,1879.449951171875,1885.510009765625,1866.77001953125,1884.6600341796875,2733730000.0,,,,,
2014-05-06,1883.68994140625,1883.68994140625,1867.719970703125,1867.719970703125,3327260000.0,,,,,
2014-05-07,1868.530029296875,1878.8299560546875,1859.7900390625,1878.2099609375,3632950000.0,,,,,
2014-05-08,1877.3900146484375,1889.0699462890625,1870.050048828125,1875.6300048828125,3393420000.0,,,,,
2014-05-09,1875.27001953125,1878.5699462890625,1867.02001953125,1878.47998046875,3025020000.0,,,,,
2014-05-12,1880.030029296875,1897.1300048828125,1880.030029296875,1896.6500244140625,3005740000.0,,,,,
2014-05-13,1896.75,1902.1700439453125,1896.06005859375,1897.449951171875,2915680000.0,,,,,
2014-05-14,1897.1300048828125,1897.1300048828125,1885.77001953125,1888.530029296875,2822060000.0,,,,,
2014-05-15,1888.1600341796875,1888.1600341796875,1862.3599853515625,1870.8499755859375,3552640000.0,,,,,
2014-05-16,1871.18994140625,1878.280029296875,1864.8199462890625,1877.8599853515625,3173650000.0,,,,,
2014-05-19,1876.6600341796875,1886.0,1872.4200439453125,1885.0799560546875,2664250000.0,,,,,
2014-05-20,1884.8800048828125,1884.8800048828125,1868.1400146484375,1872.8299560546875,3007700000.0,,,,,
2014-05-21,1873.3399658203125,1888.800048828125,1873.3399658203125,1888.030029296875,2777140000.0,,,,,
2014-05-22,1888.18994140625,1896.3299560546875,1885.3900146484375,1892.489990234375,2759800000.0,,,,,
2014-05-23,1893.3199462890625,1901.260009765625,1893.3199462890625,1900.530029296875,2396280000.0,,,,,
2014-05-27,1902.010009765625,1912.280029296875,1902.010009765625,1911.9100341796875,2911020000.0,,,,,
2014-05-28,1911.77001953125,1914.4599609375,1907.300048828125,1909.780029296875,2976450000.0,,,,,
2014-05-29,1910.5999755859375,1920.030029296875,1909.8199462890625,1920.030029296875,2709050000.0,,,,,
2014-05-30,1920.3299560546875,1924.030029296875,1916.6400146484375,1923.5699462890625,3263490000.0,,,,,
2014-06-02,1923.8699951171875,1925.8800048828125,1915.97998046875,1924.969970703125,2509020000.0,,,,,
2014-06-03,1923.0699462890625,1925.0699462890625,1918.7900390625,1924.239990234375,2867180000.0,,,,,
2014-06-04,1923.06005859375,1928.6300048828125,1918.5999755859375,1927.8800048828125,2793920000.0,,,,,
2014-06-05,1928.52001953125,1941.739990234375,1922.9300537109375,1940.4599609375,3113270000.0,,,,,
2014-06-06,1942.4100341796875,1949.43994140625,1942.4100341796875,1949.43994140625,2864300000.0,,,,,
2014-06-09,1948.969970703125,1955.550048828125,1947.1600341796875,1951.27001953125,2812180000.0,,,,,
2014-06-10,1950.3399658203125,1950.8599853515625,1944.6400146484375,1950.7900390625,2702360000.0,,,,,
2014-06-11,1949.3699951171875,1949.3699951171875,1940.0799560546875,1943.8900146484375,2710620000.0,,,,,
2014-06-12,1943.3499755859375,1943.3499755859375,1925.780029296875,1930.1099853515625,3040480000.0,,,,,
2014-06-13,1930.800048828125,1937.300048828125,1927.68994140625,1936.1600341796875,2598230000.0,,,,,
2014-06-16,1934.8399658203125,1941.1500244140625,1930.9100341796875,1937.780029296875,2926130000.0,,,,,
2014-06-17,1937.1500244140625,1943.68994140625,1933.550048828125,1941.989990234375,2971260000.0,,,,,
2014-06-18,1942.72998046875,1957.739990234375,1939.2900390625,1956.97998046875,3065220000.0,,,,,
2014-06-19,1957.5,1959.8699951171875,1952.260009765625,1959.47998046875,2952150000.0,,,,,
2014-06-20,1960.449951171875,1963.9100341796875,1959.1700439453125,1962.8699951171875,4336240000.0,,,,,
2014-06-23,1962.9200439453125,1963.739990234375,1958.8900146484375,1962.6099853515625,2717630000.0,,,,,
2014-06-24,1961.969970703125,1968.1700439453125,1948.3399658203125,1949.97998046875,3089700000.0,,,,,
2014-06-25,1949.27001953125,1960.8299560546875,1947.489990234375,1959.530029296875,3106710000.0,,,,,
2014-06-26,1959.8900146484375,1959.8900146484375,1944.68994140625,1957.219970703125,2778840000.0,,,,,
2014-06-27,1956.56005859375,1961.469970703125,1952.1800537109375,1960.9599609375,4290590000.0,,,,,
2014-06-30,1960.7900390625,1964.239990234375,1958.219970703125,1960.22998046875,3037350000.0,,,,,
2014-07-01,1962.2900390625,1978.5799560546875,1962.2900390625,1973.3199462890625,3188240000.0,,,,,
2014-07-02,1973.06005859375,1976.6700439453125,1972.5799560546875,1974.6199951171875,2851480000.0,,,,,
2014-07-03,1975.8800048828125,1985.5899658203125,1975.8800048828125,1985.43994140625,1998090000.0,,,,,
2014-07-07,1984.219970703125,1984.219970703125,1974.8800048828125,1977.6500244140625,2681260000.0,,,,,
2014-07-08,1976.3900146484375,1976.3900146484375,1959.4599609375,1963.7099609375,3302430000.0,,,,,
2014-07-09,1965.0999755859375,1974.1500244140625,1965.0999755859375,1972.8299560546875,2858800000.0,,,,,
2014-07-10,1966.6700439453125,1969.8399658203125,1952.8599853515625,1964.6800537109375,3165690000.0,,,,,
2014-07-11,1965.760009765625,1968.6700439453125,1959.6300048828125,1967.5699462890625,2684630000.0,,,,,
2014-07-14,1969.8599853515625,1979.8499755859375,1969.8599853515625,1977.0999755859375,2744920000.0,,,,,
2014-07-15,1977.3599853515625,1982.52001953125,1965.3399658203125,1973.280029296875,3328740000.0,,,,,
2014-07-16,1976.3499755859375,1983.93994140625,1975.6700439453125,1981.5699462890625,3390950000.0,,,,,
2014-07-17,1979.75,1981.800048828125,1955.5899658203125,1958.1199951171875,3381680000.0,,,,,
2014-07-18,1961.5400390625,1979.9100341796875,1960.8199462890625,1978.219970703125,3106060000.0,,,,,
2014-07-21,1976.9300537109375,1976.9300537109375,1965.77001953125,1973.6300048828125,2611160000.0,,,,,
2014-07-22,1975.6500244140625,1986.239990234375,1975.6500244140625,1983.530029296875,2890480000.0,,,,,
2014-07-23,1985.3199462890625,1989.22998046875,1982.43994140625,1987.010009765625,2869720000.0,,,,,
2014-07-24,1988.0699462890625,1991.3900146484375,1985.7900390625,1987.97998046875,3203530000.0,,,,,
2014-07-25,1984.5999755859375,1984.5999755859375,1974.3699951171875,1978.3399658203125,2638960000.0,,,,,
2014-07-28,1978.25,1981.52001953125,1967.31005859375,1978.9100341796875,2803320000.0,,,,,
2014-07-29,1980.030029296875,1984.8499755859375,1969.949951171875,1969.949951171875,3183300000.0,,,,,
2014-07-30,1973.2099609375,1978.9000244140625,1962.4200439453125,1970.0699462890625,3448250000.0,,,,,
2014-07-31,1965.1400146484375,1965.1400146484375,1930.6700439453125,1930.6700439453125,4193000000.0,,,,,
2014-08-01,1929.800048828125,1937.3499755859375,1916.3699951171875,1925.1500244140625,3789660000.0,,,,,
2014-08-04,1926.6199951171875,1942.9200439453125,1921.199951171875,1938.989990234375,3072920000.0,,,,,
2014-08-05,1936.3399658203125,1936.3399658203125,1913.77001953125,1920.2099609375,3462520000.0,,,,,
2014-08-06,1917.2900390625,1927.9100341796875,1911.449951171875,1920.239990234375,3539150000.0,,,,,
2014-08-07,1923.030029296875,1928.8900146484375,1904.780029296875,1909.5699462890625,3230520000.0,,,,,
2014-08-08,1910.3499755859375,1932.3800048828125,1909.010009765625,1931.5899658203125,2902280000.0,,,,,
2014-08-11,1933.4300537109375,1944.9000244140625,1933.4300537109375,1936.9200439453125,2784890000.0,,,,,
2014-08-12,1935.72998046875,1939.6500244140625,1928.2900390625,1933.75,2611700000.0,,,,,
2014-08-13,1935.5999755859375,1948.4100341796875,1935.5999755859375,1946.719970703125,2718020000.0,,,,,
2014-08-14,1947.4100341796875,1955.22998046875,1947.4100341796875,1955.1800537109375,2609460000.0,,,,,
2014-08-15,1958.8699951171875,1964.0400390625,1941.5,1955.06005859375,3023380000.0,,,,,
2014-08-18,1958.3599853515625,1971.989990234375,1958.3599853515625,1971.739990234375,2638160000.0,,,,,
2014-08-19,1972.72998046875,1982.5699462890625,1972.72998046875,1981.5999755859375,2656430000.0,,,,,
2014-08-20,1980.4599609375,1988.5699462890625,1977.6800537109375,1986.510009765625,2579560000.0,,,,,
2014-08-21,1986.8199462890625,1994.760009765625,1986.8199462890625,1992.3699951171875,2638920000.0,,,,,
2014-08-22,1992.5999755859375,1993.5400390625,1984.760009765625,1988.4000244140625,2301860000.0,,,,,
2014-08-25,1991.739990234375,2001.949951171875,1991.739990234375,1997.9200439453125,2233880000.0,,,,,
2014-08-26,1998.5899658203125,2005.0400390625,1998.5899658203125,2000.02001953125,2451950000.0,,,,,
2014-08-27,2000.5400390625,2002.1400146484375,1996.199951171875,2000.1199951171875,2344350000.0,,,,,
2014-08-28,1997.4200439453125,1998.550048828125,1990.52001953125,1996.739990234375,2282400000.0,,,,,
2014-08-29,1998.449951171875,2003.3800048828125,1994.6500244140625,2003.3699951171875,2259130000.0,,,,,
2014-09-02,2004.0699462890625,2006.1199951171875,1994.8499755859375,2002.280029296875,2819980000.0,,,,,
2014-09-03,2003.5699462890625,2009.280029296875,1998.1400146484375,2000.719970703125,2809980000.0,,,,,
2014-09-04,2001.6700439453125,2011.1700439453125,1992.5400390625,1997.6500244140625,3072410000.0,,,,,
2014-09-05,1998.0,2007.7099609375,1990.0999755859375,2007.7099609375,2818300000.0,,,,,
2014-09-08,2007.1700439453125,2007.1700439453125,1995.5999755859375,2001.5400390625,2789090000.0,,,,,
2014-09-09,2000.72998046875,2001.010009765625,1984.6099853515625,1988.43994140625,2882830000.0,,,,,
2014-09-10,1988.4100341796875,1996.6600341796875,1982.989990234375,1995.68994140625,2912430000.0,,,,,
2014-09-11,1992.8499755859375,1997.6500244140625,1985.9300537109375,1997.449951171875,2941690000.0,,,,,
2014-09-12,1996.739990234375,1996.739990234375,1980.260009765625,1985.5400390625,3206570000.0,,,,,
2014-09-15,1986.0400390625,1987.1800537109375,1978.47998046875,1984.1300048828125,2776530000.0,,,,,
2014-09-16,1981.9300537109375,2002.280029296875,1979.06005859375,1998.97998046875,3160310000.0,,,,,
2014-09-17,1999.300048828125,2010.739990234375,1993.2900390625,2001.5699462890625,3209420000.0,465.864013671875,468.17401123046875,452.4219970703125,457.3340148925781,21056800.0
2014-09-18,2003.0699462890625,2012.3399658203125,2003.0699462890625,2011.3599853515625,3235340000.0,456.8599853515625,456.8599853515625,413.10400390625,424.44000244140625,34483200.0
2014-09-19,2012.739990234375,2019.260009765625,2006.5899658203125,2010.4000244140625,4880220000.0,424.1029968261719,427.8349914550781,384.5320129394531,394.7959899902344,37919700.0
2014-09-20,,,,,,394.6730041503906,423.2959899902344,389.88299560546875,408.90399169921875,36863600.0
2014-09-21,,,,,,408.0849914550781,412.4259948730469,393.1809997558594,398.8210144042969,26580100.0
2014-09-22,2009.0799560546875,2009.0799560546875,1991.010009765625,1994.2900390625,3349670000.0,399.1000061035156,406.9159851074219,397.1300048828125,402.1520080566406,24127600.0
2014-09-23,1992.780029296875,1995.4100341796875,1982.77001953125,1982.77001953125,3279350000.0,402.0920104980469,441.5570068359375,396.1969909667969,435.7909851074219,45099500.0
2014-09-24,1983.3399658203125,1999.7900390625,1978.6300048828125,1998.300048828125,3313850000.0,435.7510070800781,436.11199951171875,421.1319885253906,423.2049865722656,30627700.0
2014-09-25,1997.3199462890625,1997.3199462890625,1965.989990234375,1965.989990234375,3273050000.0,423.156005859375,423.5199890136719,409.4679870605469,411.5740051269531,26814400.0
2014-09-26,1966.219970703125,1986.3699951171875,1966.219970703125,1982.8499755859375,2929440000.0,411.4289855957031,414.93798828125,400.0090026855469,404.42498779296875,21460800.0
2014-09-27,,,,,,403.5559997558594,406.62298583984375,397.37200927734375,399.5199890136719,15029300.0
2014-09-28,,,,,,399.47100830078125,401.0169982910156,374.3320007324219,377.1809997558594,23613300.0
2014-09-29,1978.9599609375,1981.280029296875,1964.0400390625,1977.800048828125,3094440000.0,376.9280090332031,385.21099853515625,372.239990234375,375.4670104980469,32497700.0
2014-09-30,1978.2099609375,1985.1700439453125,1968.9599609375,1972.2900390625,3951100000.0,376.0880126953125,390.97698974609375,373.4429931640625,386.9440002441406,34707300.0
2014-10-01,1971.43994140625,1971.43994140625,1941.719970703125,1946.1600341796875,4188590000.0,387.427001953125,391.3789978027344,380.7799987792969,383.614990234375,26229400.0
2014-10-02,1945.8299560546875,1952.3199462890625,1926.030029296875,1946.1700439453125,4012510000.0,383.9880065917969,385.49700927734375,372.9460144042969,375.0719909667969,21777700.0
2014-10-03,1948.1199951171875,1971.18994140625,1948.1199951171875,1967.9000244140625,3560970000.0,375.1809997558594,377.69500732421875,357.8590087890625,359.5119934082031,30901200.0
2014-10-04,,,,,,359.8919982910156,364.48699951171875,325.885986328125,328.8659973144531,47236500.0
2014-10-05,,,,,,328.9159851074219,341.8009948730469,289.2959899902344,320.510009765625,83308096.0
2014-10-06,1970.010009765625,1977.8399658203125,1958.4300537109375,1964.8199462890625,3358220000.0,320.3890075683594,345.1340026855469,302.55999755859375,330.0790100097656,79011800.0
2014-10-07,1962.3599853515625,1962.3599853515625,1934.8699951171875,1935.0999755859375,3687870000.0,330.5840148925781,339.24700927734375,320.48199462890625,336.18701171875,49199900.0
2014-10-08,1935.550048828125,1970.3599853515625,1925.25,1968.8900146484375,4441890000.0,336.1159973144531,354.364013671875,327.18798828125,352.94000244140625,54736300.0
2014-10-09,1967.6800537109375,1967.6800537109375,1927.56005859375,1928.2099609375,4344020000.0,352.74798583984375,382.72601318359375,347.68701171875,365.0260009765625,83641104.0
2014-10-10,1925.6300048828125,1936.97998046875,1906.050048828125,1906.1300048828125,4550540000.0,364.68701171875,375.0669860839844,352.9630126953125,361.56201171875,43665700.0
2014-10-11,,,,,,361.36199951171875,367.1910095214844,355.95098876953125,362.29901123046875,13345200.0
2014-10-12,,,,,,362.6059875488281,379.4330139160156,356.1440124511719,378.54901123046875,17552800.0
2014-10-13,1905.6500244140625,1912.0899658203125,1874.1400146484375,1874.739990234375,4352580000.0,377.9209899902344,397.22601318359375,368.8970031738281,390.41400146484375,35221400.0
2014-10-14,1877.1099853515625,1898.7099609375,1871.7900390625,1877.699951171875,4812010000.0,391.6919860839844,411.697998046875,391.3240051269531,400.8699951171875,38491500.0
2014-10-15,1874.1800537109375,1874.1800537109375,1820.6600341796875,1862.489990234375,6090800000.0,400.9549865722656,402.22698974609375,388.7659912109375,394.77301025390625,25267100.0
2014-10-16,1855.949951171875,1876.010009765625,1835.02001953125,1862.760009765625,5073150000.0,394.51800537109375,398.8070068359375,373.07000732421875,382.5559997558594,26990000.0
2014-10-17,1864.9100341796875,1898.1600341796875,1864.9100341796875,1886.760009765625,4482120000.0,382.7560119628906,385.4779968261719,375.3890075683594,383.75799560546875,13600700.0
2014-10-18,,,,,,383.97601318359375,395.1579895019531,378.97100830078125,391.4419860839844,11416800.0
2014-10-19,,,,,,391.2539978027344,393.9389953613281,386.4570007324219,389.5459899902344,5914570.0
2014-10-20,1885.6199951171875,1905.030029296875,1882.300048828125,1904.010009765625,3331210000.0,389.2309875488281,390.0840148925781,378.25201416015625,382.8450012207031,16419000.0
2014-10-21,1909.3800048828125,1942.449951171875,1909.3800048828125,1941.280029296875,3987090000.0,382.4209899902344,392.64599609375,380.8340148925781,386.4750061035156,14188900.0
2014-10-22,1941.2900390625,1949.31005859375,1926.8299560546875,1927.1099853515625,3761930000.0,386.1180114746094,388.57598876953125,382.2489929199219,383.1579895019531,11641300.0
2014-10-23,1931.02001953125,1961.949951171875,1931.02001953125,1950.8199462890625,3789250000.0,382.9620056152344,385.0480041503906,356.4469909667969,358.4169921875,26456900.0
2014-10-24,1951.5899658203125,1965.27001953125,1946.27001953125,1964.5799560546875,3078380000.0,358.59100341796875,364.3450012207031,353.30499267578125,358.3450012207031,15585700.0
2014-10-25,,,,,,358.6109924316406,359.8609924316406,342.87701416015625,347.27099609375,18127500.0
2014-10-26,,,,,,347.48699951171875,359.22100830078125,343.9309997558594,354.7040100097656,11272500.0
2014-10-27,1962.969970703125,1964.6400146484375,1951.3699951171875,1961.6300048828125,3538860000.0,354.7770080566406,358.6319885253906,349.8089904785156,352.989013671875,13033000.0
2014-10-28,1964.1400146484375,1985.050048828125,1964.1400146484375,1985.050048828125,3653260000.0,353.2149963378906,359.9840087890625,352.6789855957031,357.6180114746094,7845880.0
2014-10-29,1983.2900390625,1991.4000244140625,1969.0400390625,1982.300048828125,3740350000.0,357.0889892578125,357.8330078125,335.3429870605469,335.59100341796875,18192700.0
2014-10-30,1979.489990234375,1999.4000244140625,1974.75,1994.6500244140625,3586150000.0,335.7090148925781,350.9129943847656,335.0719909667969,345.30499267578125,30177900.0
2014-10-31,2001.199951171875,2018.18994140625,2001.199951171875,2018.050048828125,4292290000.0,345.0090026855469,348.0450134277344,337.1419982910156,338.3210144042969,12545400.0
2014-11-01,,,,,,338.6499938964844,340.52899169921875,321.05499267578125,325.7489929199219,16677200.0
2014-11-02,,,,,,326.07501220703125,329.04998779296875,320.6260070800781,325.8919982910156,8603620.0
2014-11-03,2018.2099609375,2024.4599609375,2013.6800537109375,2017.81005859375,3555440000.0,325.5690002441406,334.00201416015625,325.4809875488281,327.5539855957031,12948500.0
2014-11-04,2015.81005859375,2015.97998046875,2001.010009765625,2012.0999755859375,3956260000.0,327.1610107421875,331.7669982910156,325.0769958496094,330.49200439453125,15655500.0
2014-11-05,2015.2900390625,2023.77001953125,2014.4200439453125,2023.5699462890625,3766590000.0,330.6830139160156,343.3689880371094,330.6830139160156,339.4859924316406,19817200.0
2014-11-06,2023.3299560546875,2031.6099853515625,2015.8599853515625,2031.2099609375,3669770000.0,339.4580078125,352.96600341796875,338.42401123046875,349.2900085449219,18797000.0
2014-11-07,2032.3599853515625,2034.260009765625,2025.0699462890625,2031.9200439453125,3704280000.0,349.8179931640625,352.73199462890625,341.7760009765625,342.4150085449219,16834200.0
2014-11-08,,,,,,342.15399169921875,347.0320129394531,342.15399169921875,345.4880065917969,8535470.0
2014-11-09,,,,,,345.3760070800781,363.6260070800781,344.2550048828125,363.2640075683594,24205600.0
2014-11-10,2032.010009765625,2038.699951171875,2030.1700439453125,2038.260009765625,3284940000.0,362.2650146484375,374.8160095214844,357.5610046386719,366.92401123046875,30450100.0
2014-11-11,2038.199951171875,2041.280029296875,2035.280029296875,2039.6800537109375,2958320000.0,365.85699462890625,371.30999755859375,363.7349853515625,367.69500732421875,15838900.0
2014-11-12,2037.75,2040.3299560546875,2031.949951171875,2038.25,3246650000.0,367.9849853515625,429.7179870605469,367.9849853515625,423.5610046386719,45783200.0
2014-11-13,2039.2099609375,2046.1800537109375,2030.43994140625,2039.3299560546875,3455270000.0,427.27301025390625,457.0929870605469,401.12298583984375,420.7349853515625,58945000.0
2014-11-14,2039.739990234375,2042.219970703125,2035.199951171875,2039.8199462890625,3227130000.0,418.4169921875,419.25201416015625,384.78900146484375,397.8179931640625,29589200.0
2014-11-15,,,,,,399.6499938964844,405.52801513671875,371.00799560546875,376.13299560546875,15727500.0
2014-11-16,,,,,,374.7300109863281,390.79901123046875,374.60198974609375,387.8819885253906,11905600.0
2014-11-17,2038.2900390625,2043.0699462890625,2034.4599609375,2041.3199462890625,3152890000.0,388.3489990234375,410.1990051269531,377.50201416015625,387.4079895019531,41518800.0
2014-11-18,2041.47998046875,2056.080078125,2041.47998046875,2051.800048828125,3416190000.0,387.7850036621094,392.4020080566406,371.11700439453125,375.197998046875,32222500.0
2014-11-19,2051.159912109375,2052.139892578125,2040.3699951171875,2048.719970703125,3390850000.0,373.89599609375,386.4809875488281,373.89599609375,380.55499267578125,18931800.0
2014-11-20,2045.8699951171875,2053.840087890625,2040.489990234375,2052.75,3128290000.0,380.3070068359375,382.0249938964844,356.781005859375,357.8399963378906,25233200.0
2014-11-21,2057.4599609375,2071.4599609375,2056.75,2063.5,3916420000.0,357.8789978027344,357.8789978027344,344.11199951171875,350.8479919433594,29850100.0
2014-11-22,,,,,,351.60400390625,364.84100341796875,350.87799072265625,352.9200134277344,15273000.0
2014-11-23,,,,,,353.17498779296875,370.8450012207031,353.17498779296875,367.572998046875,15151600.0
2014-11-24,2065.070068359375,2070.169921875,2065.070068359375,2069.409912109375,3128060000.0,366.947998046875,387.2090148925781,366.66900634765625,376.9010009765625,30930100.0
2014-11-25,2070.14990234375,2074.2099609375,2064.75,2067.030029296875,3392940000.0,376.885986328125,394.70098876953125,374.78399658203125,375.3479919433594,25442200.0
2014-11-26,2067.360107421875,2073.2900390625,2066.6201171875,2072.830078125,2745260000.0,376.0190124511719,377.697998046875,365.8160095214844,368.3699951171875,18601700.0
2014-11-27,,,,,,370.50201416015625,373.99200439453125,368.2820129394531,369.6700134277344,8748030.0
2014-11-28,2074.780029296875,2075.760009765625,2065.06005859375,2067.56005859375,2504640000.0,369.3739929199219,382.8380126953125,358.4549865722656,376.4469909667969,22946500.0
2014-11-29,,,,,,376.1520080566406,387.60101318359375,372.1449890136719,375.4909973144531,15375600.0
2014-11-30,,,,,,375.510009765625,382.5270080566406,373.3089904785156,378.0469970703125,9194440.0
2014-12-01,2065.780029296875,2065.780029296875,2049.570068359375,2053.43994140625,4159010000.0,378.2489929199219,383.6619873046875,376.66900634765625,379.2449951171875,11763000.0
2014-12-02,2053.77001953125,2068.77001953125,2053.77001953125,2066.550048828125,3686650000.0,379.25,384.0379943847656,377.8630065917969,381.31500244140625,12364100.0
2014-12-03,2067.449951171875,2076.280029296875,2066.64990234375,2074.330078125,3612680000.0,381.72198486328125,383.0260009765625,374.34600830078125,375.010009765625,13340100.0
2014-12-04,2073.639892578125,2077.340087890625,2062.340087890625,2071.919921875,3408340000.0,375.7179870605469,378.6549987792969,367.7590026855469,369.60400390625,14529600.0
2014-12-05,2072.780029296875,2079.469970703125,2070.81005859375,2075.3701171875,3419620000.0,369.4419860839844,379.1919860839844,365.7560119628906,376.85400390625,15181800.0
2014-12-06,,,,,,376.7569885253906,378.447998046875,370.94500732421875,374.7850036621094,7009320.0
2014-12-07,,,,,,374.83599853515625,376.2919921875,373.2749938964844,375.0950012207031,6491650.0
2014-12-08,2074.840087890625,2075.780029296875,2054.27001953125,2060.31005859375,3800990000.0,374.9649963378906,376.02899169921875,361.885986328125,361.90899658203125,18898700.0
2014-12-09,2056.550048828125,2060.60009765625,2034.1700439453125,2059.820068359375,3970150000.0,361.8949890136719,363.0669860839844,344.95098876953125,352.218994140625,32915500.0
2014-12-10,2058.860107421875,2058.860107421875,2024.260009765625,2026.1400146484375,4114440000.0,352.2049865722656,352.3840026855469,346.364990234375,346.364990234375,16427700.0
2014-12-11,2027.9200439453125,2055.530029296875,2027.9200439453125,2035.3299560546875,3917950000.0,344.3399963378906,361.35699462890625,338.76300048828125,350.5060119628906,32431300.0
2014-12-12,2030.3599853515625,2032.25,2002.3299560546875,2002.3299560546875,4157650000.0,350.8330078125,352.9830017089844,349.2909851074219,352.5419921875,16989800.0
2014-12-13,,,,,,352.3810119628906,352.3810119628906,346.5880126953125,347.3760070800781,11675900.0
2014-12-14,,,,,,346.72698974609375,353.3160095214844,345.4179992675781,351.6319885253906,12415200.0
2014-12-15,2005.030029296875,2018.68994140625,1982.260009765625,1989.6300048828125,4361990000.0,351.3609924316406,351.81500244140625,344.9339904785156,345.3450012207031,17264200.0
2014-12-16,1986.7099609375,2016.8900146484375,1972.56005859375,1972.739990234375,4958680000.0,345.6730041503906,345.8590087890625,327.06201171875,327.06201171875,30864900.0
2014-12-17,1973.77001953125,2016.75,1973.77001953125,2012.8900146484375,4942370000.0,326.8550109863281,333.9540100097656,315.1520080566406,319.7760009765625,37567900.0
2014-12-18,2018.97998046875,2061.22998046875,2018.97998046875,2061.22998046875,4703380000.0,319.7850036621094,323.7090148925781,304.23199462890625,311.39599609375,39173000.0
2014-12-19,2061.0400390625,2077.85009765625,2061.030029296875,2070.64990234375,6465530000.0,311.1789855957031,318.5329895019531,306.7690124511719,317.8429870605469,23823100.0
2014-12-20,,,,,,317.6189880371094,330.32501220703125,316.04400634765625,329.95599365234375,20856700.0
2014-12-21,,,,,,329.5429992675781,329.6289978027344,318.90301513671875,320.8429870605469,15207600.0
2014-12-22,2069.280029296875,2078.760009765625,2069.280029296875,2078.5400390625,3369520000.0,321.0679931640625,334.11700439453125,320.42498779296875,331.885986328125,22315100.0
2014-12-23,2081.47998046875,2086.72998046875,2079.77001953125,2082.169921875,3043950000.0,332.0169982910156,336.2869873046875,329.60198974609375,334.5719909667969,16574200.0
2014-12-24,2083.25,2087.56005859375,2081.860107421875,2081.8798828125,1416980000.0,334.385009765625,334.7409973144531,321.35699462890625,322.53399658203125,15092300.0
2014-12-25,,,,,,322.2860107421875,322.6700134277344,316.9580078125,319.00799560546875,9883640.0
2014-12-26,2084.300048828125,2092.699951171875,2084.300048828125,2088.77001953125,1735230000.0,319.1520080566406,331.42401123046875,316.62701416015625,327.92401123046875,16410500.0
2014-12-27,,,,,,327.5830078125,328.9110107421875,312.6300048828125,315.8630065917969,15185200.0
2014-12-28,,,,,,316.1600036621094,320.02801513671875,311.0780029296875,317.239013671875,11676600.0
2014-12-29,2087.6298828125,2093.550048828125,2085.75,2090.570068359375,2452360000.0,317.70098876953125,320.2669982910156,312.3070068359375,312.6700134277344,12302500.0
2014-12-30,2088.489990234375,2088.489990234375,2079.530029296875,2080.35009765625,2440280000.0,312.718994140625,314.8089904785156,309.37298583984375,310.73699951171875,12528300.0
2014-12-31,2082.110107421875,2085.580078125,2057.93994140625,2058.89990234375,2606070000.0,310.91400146484375,320.1929931640625,310.21099853515625,320.1929931640625,13942900.0
2015-01-01,,,,,,320.43499755859375,320.43499755859375,314.00299072265625,314.2489929199219,8036550.0
2015-01-02,2058.89990234375,2072.360107421875,2046.0400390625,2058.199951171875,2708700000.0,314.0790100097656,315.8389892578125,313.56500244140625,315.0320129394531,7860650.0
2015-01-03,,,,,,314.84600830078125,315.1499938964844,281.0820007324219,281.0820007324219,33054400.0
2015-01-04,,,,,,281.14599609375,287.2300109863281,257.61199951171875,264.19500732421875,55629100.0
2015-01-05,2054.43994140625,2054.43994140625,2017.3399658203125,2020.5799560546875,3799120000.0,265.0840148925781,278.34100341796875,265.0840148925781,274.4739990234375,43962800.0
2015-01-06,2022.1500244140625,2030.25,1992.43994140625,2002.6099853515625,4460110000.0,274.6109924316406,287.5530090332031,272.6960144042969,286.1889953613281,23245700.0
2015-01-07,2005.550048828125,2029.6099853515625,2005.550048828125,2025.9000244140625,3805480000.0,286.0769958496094,298.7539978027344,283.0790100097656,294.3370056152344,24866800.0
2015-01-08,2030.6099853515625,2064.080078125,2030.6099853515625,2062.139892578125,3934010000.0,294.135009765625,294.135009765625,282.17498779296875,283.3489990234375,19982500.0
2015-01-09,2063.449951171875,2064.429931640625,2038.3299560546875,2044.81005859375,3364140000.0,282.38299560546875,291.114013671875,280.5329895019531,290.4079895019531,18718600.0
2015-01-10,,,,,,287.3030090332031,288.12701416015625,273.96600341796875,274.7959899902344,15264300.0
2015-01-11,,,,,,274.6080017089844,279.63800048828125,265.03900146484375,265.6600036621094,18200800.0
2015-01-12,2046.1300048828125,2049.300048828125,2022.5799560546875,2028.260009765625,3456460000.0,266.14599609375,272.2030029296875,265.20001220703125,267.7959899902344,18880300.0
2015-01-13,2031.5799560546875,2056.929931640625,2008.25,2023.030029296875,4107300000.0,267.3940124511719,268.2770080566406,219.906005859375,225.86099243164062,72843904.0
2015-01-14,2018.4000244140625,2018.4000244140625,1988.43994140625,2011.27001953125,4378680000.0,223.8939971923828,223.8939971923828,171.50999450683594,178.10299682617188,97638704.0
2015-01-15,2013.75,2021.3499755859375,1991.469970703125,1992.6700439453125,4276720000.0,176.89700317382812,229.06700134277344,176.89700317382812,209.843994140625,81773504.0
2015-01-16,1992.25,2020.4599609375,1988.1199951171875,2019.4200439453125,4056410000.0,209.07000732421875,221.59100341796875,199.77099609375,208.0970001220703,38421000.0
2015-01-17,,,,,,207.83399963378906,211.7310028076172,194.875,199.25999450683594,23469700.0
2015-01-18,,,,,,200.0500030517578,218.69500732421875,194.50599670410156,210.33900451660156,30085100.0
2015-01-19,,,,,,211.4709930419922,216.72799682617188,207.3179931640625,214.86099243164062,18658300.0
2015-01-20,2020.760009765625,2028.93994140625,2004.489990234375,2022.550048828125,3944340000.0,212.90699768066406,215.24099731445312,205.1529998779297,211.31500244140625,24051100.0
2015-01-21,2020.18994140625,2038.2900390625,2012.0400390625,2032.1199951171875,3730070000.0,211.3780059814453,227.78799438476562,211.21200561523438,226.89700317382812,29924600.0
2015-01-22,2034.300048828125,2064.6201171875,2026.3800048828125,2063.14990234375,4176050000.0,227.32200622558594,237.0189971923828,226.4340057373047,233.406005859375,33544600.0
2015-01-23,2062.97998046875,2062.97998046875,2050.5400390625,2051.820068359375,3573560000.0,233.51699829101562,234.84500122070312,225.1959991455078,232.87899780273438,24621700.0
2015-01-24,,,,,,232.6999969482422,248.2100067138672,230.02200317382812,247.8470001220703,24782500.0
2015-01-25,,,,,,247.3520050048828,255.07400512695312,243.88999938964844,253.71800231933594,33582700.0
2015-01-26,2050.419921875,2057.6201171875,2040.969970703125,2057.090087890625,3465760000.0,254.07899475097656,309.3840026855469,254.07899475097656,273.4729919433594,106794000.0
2015-01-27,2047.8599853515625,2047.8599853515625,2019.9100341796875,2029.550048828125,3329810000.0,273.1669921875,275.4800109863281,250.6529998779297,263.4750061035156,44399000.0
2015-01-28,2032.3399658203125,2042.489990234375,2001.489990234375,2002.1600341796875,4067530000.0,263.35101318359375,266.5350036621094,227.04600524902344,233.9149932861328,44352200.0
2015-01-29,2002.449951171875,2024.6400146484375,1989.1800537109375,2021.25,4127140000.0,233.34800720214844,238.70599365234375,220.71200561523438,233.51300048828125,32213400.0
2015-01-30,2019.3499755859375,2023.3199462890625,1993.3800048828125,1994.989990234375,4568650000.0,232.77200317382812,242.8509979248047,225.83900451660156,226.4250030517578,26605200.0
2015-01-31,,,,,,226.4409942626953,233.50399780273438,216.3090057373047,217.46400451660156,23348200.0
2015-02-01,,,,,,216.86700439453125,231.57400512695312,212.01499938964844,226.9720001220703,29128500.0
2015-02-02,1996.6700439453125,2021.6600341796875,1980.9000244140625,2020.8499755859375,4008330000.0,226.49099731445312,242.1750030517578,222.65899658203125,238.22900390625,30612100.0
2015-02-03,2022.7099609375,2050.300048828125,2022.7099609375,2050.030029296875,4615900000.0,237.45399475097656,245.95700073242188,224.48300170898438,227.26800537109375,40783700.0
2015-02-04,2048.860107421875,2054.739990234375,2036.719970703125,2041.510009765625,4141920000.0,227.51100158691406,230.05799865722656,221.11300659179688,226.85299682617188,26594300.0
2015-02-05,2043.449951171875,2063.550048828125,2043.449951171875,2062.52001953125,3821990000.0,227.6649932861328,239.40499877929688,214.72500610351562,217.11099243164062,22516400.0
2015-02-06,2062.280029296875,2072.39990234375,2049.969970703125,2055.469970703125,4232970000.0,216.92300415039062,230.50999450683594,216.23199462890625,222.26600646972656,24435300.0
2015-02-07,,,,,,222.63299560546875,230.2989959716797,222.60699462890625,227.75399780273438,21604200.0
2015-02-08,,,,,,227.6929931640625,229.43800354003906,221.07699584960938,223.41200256347656,17145200.0
2015-02-09,2053.469970703125,2056.159912109375,2041.8800048828125,2046.739990234375,3549540000.0,223.38900756835938,223.9770050048828,217.0189971923828,220.11000061035156,27791300.0
2015-02-10,2049.3798828125,2070.860107421875,2048.6201171875,2068.590087890625,3669850000.0,220.28199768066406,221.8070068359375,215.33200073242188,219.83900451660156,21115100.0
2015-02-11,2068.550048828125,2073.47998046875,2057.989990234375,2068.530029296875,3596860000.0,219.73199462890625,223.406005859375,218.07400512695312,219.18499755859375,17201900.0
2015-02-12,2069.97998046875,2088.530029296875,2069.97998046875,2088.47998046875,3788350000.0,219.20799255371094,222.19900512695312,217.61399841308594,221.76400756835938,15206200.0
2015-02-13,2088.780029296875,2097.030029296875,2086.699951171875,2096.989990234375,3527450000.0,221.968994140625,240.25900268554688,221.26199340820312,235.427001953125,42744400.0
2015-02-14,,,,,,235.5279998779297,259.8080139160156,235.5279998779297,257.3210144042969,49732500.0
2015-02-15,,,,,,257.5069885253906,265.6109924316406,227.6840057373047,234.8249969482422,56552400.0
2015-02-16,,,,,,234.8249969482422,239.52099609375,229.02200317382812,233.84300231933594,28153700.0
2015-02-17,2096.469970703125,2101.300048828125,2089.800048828125,2100.340087890625,3361750000.0,233.4219970703125,245.77499389648438,232.31399536132812,243.61000061035156,27363100.0
2015-02-18,2099.159912109375,2100.22998046875,2092.14990234375,2099.679931640625,3370020000.0,243.77999877929688,244.25100708007812,232.33999633789062,236.3260040283203,25200800.0
2015-02-19,2099.25,2102.1298828125,2090.7900390625,2097.449951171875,3247100000.0,236.41000366210938,242.6719970703125,235.5919952392578,240.2830047607422,18270500.0
2015-02-20,2097.64990234375,2110.610107421875,2085.43994140625,2110.300048828125,3281600000.0,240.25100708007812,247.1009979248047,239.2989959716797,243.7790069580078,23876700.0
2015-02-21,,,,,,243.7519989013672,255.32000732421875,243.1840057373047,244.53399658203125,12284200.0
2015-02-22,,,,,,244.54400634765625,246.39199829101562,233.8509979248047,235.9770050048828,19527000.0
2015-02-23,2109.830078125,2110.050048828125,2103.0,2109.659912109375,3093680000.0,235.9949951171875,240.10899353027344,232.42100524902344,238.89199829101562,16400000.0
2015-02-24,2109.10009765625,2117.93994140625,2105.8701171875,2115.47998046875,3199840000.0,238.9980010986328,239.9010009765625,236.40199279785156,238.73500061035156,14200400.0
2015-02-25,2115.300048828125,2119.590087890625,2109.889892578125,2113.860107421875,3312340000.0,238.88999938964844,239.33999633789062,235.52999877929688,237.47000122070312,11496200.0
2015-02-26,2113.909912109375,2113.909912109375,2103.760009765625,2110.739990234375,3408690000.0,237.33700561523438,237.7100067138672,234.2570037841797,236.42599487304688,13619400.0
2015-02-27,2110.8798828125,2112.739990234375,2103.75,2104.5,3547380000.0,236.43600463867188,256.65301513671875,236.43600463867188,253.8280029296875,44013900.0
2015-02-28,,,,,,253.52000427246094,254.69200134277344,249.47900390625,254.26300048828125,13949300.0
2015-03-01,,,,,,254.2830047607422,261.6600036621094,245.93299865722656,260.2019958496094,25213700.0
2015-03-02,2105.22998046875,2117.52001953125,2104.5,2117.389892578125,3409490000.0,260.35699462890625,276.3009948730469,258.31298828125,275.6700134277344,40465700.0
2015-03-03,2115.760009765625,2115.760009765625,2098.260009765625,2107.780029296875,3262300000.0,275.0459899902344,285.7959899902344,268.1610107421875,281.7019958496094,50461300.0
2015-03-04,2107.719970703125,2107.719970703125,2094.489990234375,2098.530029296875,3421110000.0,281.989990234375,284.2250061035156,268.1260070800781,273.0920104980469,41383000.0
2015-03-05,2098.5400390625,2104.25,2095.219970703125,2101.0400390625,3103030000.0,272.739013671875,281.6669921875,264.7690124511719,276.1780090332031,41302400.0
2015-03-06,2100.909912109375,2100.909912109375,2067.27001953125,2071.260009765625,3853570000.0,275.6000061035156,277.6080017089844,270.0150146484375,272.7229919433594,28918900.0
2015-03-07,,,,,,272.29400634765625,277.85400390625,270.13299560546875,276.260986328125,17825900.0
2015-03-08,,,,,,276.4330139160156,277.8580017089844,272.56500244140625,274.35400390625,22067900.0
2015-03-09,2072.25,2083.489990234375,2072.2099609375,2079.429931640625,3349090000.0,274.81201171875,292.70098876953125,273.89300537109375,289.60699462890625,59178200.0
2015-03-10,2076.139892578125,2076.139892578125,2044.1600341796875,2044.1600341796875,3668900000.0,289.86199951171875,300.04400634765625,289.7430114746094,291.760009765625,67770800.0
2015-03-11,2044.68994140625,2050.080078125,2039.68994140625,2040.239990234375,3406570000.0,291.5249938964844,297.3909912109375,290.50799560546875,296.3789978027344,33963900.0
2015-03-12,2041.0999755859375,2066.409912109375,2041.0999755859375,2065.949951171875,3405860000.0,296.12701416015625,297.0880126953125,292.4129943847656,294.35400390625,32585200.0
2015-03-13,2064.56005859375,2064.56005859375,2041.1700439453125,2053.39990234375,3498560000.0,294.1180114746094,294.49798583984375,285.3370056152344,285.3370056152344,31421500.0
2015-03-14,,,,,,284.4419860839844,286.3420104980469,280.97601318359375,281.885009765625,22612300.0
2015-03-15,,,,,,281.42498779296875,286.52899169921875,280.9960021972656,286.39300537109375,11970100.0
2015-03-16,2055.35009765625,2081.409912109375,2055.35009765625,2081.18994140625,3295600000.0,285.68499755859375,294.11199951171875,285.68499755859375,290.5929870605469,21516100.0
2015-03-17,2080.590087890625,2080.590087890625,2065.080078125,2074.280029296875,3221840000.0,290.5950012207031,292.364990234375,284.3739929199219,285.5050048828125,21497200.0
2015-03-18,2072.840087890625,2106.85009765625,2061.22998046875,2099.5,4128210000.0,285.0669860839844,285.33599853515625,249.8699951171875,256.29901123046875,57008000.0
2015-03-19,2098.68994140625,2098.68994140625,2085.56005859375,2089.27001953125,3305220000.0,255.8800048828125,264.2439880371094,248.63600158691406,260.9280090332031,52732000.0
2015-03-20,2090.320068359375,2113.919921875,2090.320068359375,2108.10009765625,5554120000.0,260.95599365234375,264.8479919433594,259.1619873046875,261.7489929199219,18456700.0
2015-03-21,,,,,,261.6440124511719,262.1960144042969,255.64999389648438,260.0249938964844,17130100.0
2015-03-22,,,,,,259.9169921875,269.74700927734375,259.5899963378906,267.9599914550781,18438100.0
2015-03-23,2107.989990234375,2114.860107421875,2104.419921875,2104.419921875,3267960000.0,267.8949890136719,277.2969970703125,261.7449951171875,266.739990234375,22811900.0
2015-03-24,2103.93994140625,2107.6298828125,2091.5,2091.5,3189820000.0,266.5769958496094,267.00299072265625,244.15499877929688,245.59500122070312,40073700.0
2015-03-25,2093.10009765625,2097.429931640625,2061.050048828125,2061.050048828125,3521140000.0,247.4720001220703,249.19000244140625,236.51499938964844,246.19700622558594,35866900.0
2015-03-26,2059.93994140625,2067.14990234375,2045.5,2056.14990234375,3510670000.0,246.2760009765625,254.35400390625,244.90499877929688,248.53199768066406,25730000.0
2015-03-27,2055.780029296875,2062.830078125,2052.9599609375,2061.02001953125,3008550000.0,248.5659942626953,256.8110046386719,245.21299743652344,247.0290069580078,17274900.0
2015-03-28,,,,,,246.97500610351562,254.2050018310547,246.97500610351562,252.79800415039062,16040900.0
2015-03-29,,,,,,252.74000549316406,253.13900756835938,240.85000610351562,242.71299743652344,21699400.0
2015-03-30,2064.110107421875,2088.969970703125,2064.110107421875,2086.239990234375,2917690000.0,242.87899780273438,249.24200439453125,239.21400451660156,247.5260009765625,23009600.0
2015-03-31,2084.050048828125,2084.050048828125,2067.0400390625,2067.889892578125,3376550000.0,247.45399475097656,248.72999572753906,242.73899841308594,244.2239990234375,22672000.0
2015-04-01,2067.6298828125,2067.6298828125,2048.3798828125,2059.68994140625,3543270000.0,244.22300720214844,247.54100036621094,241.16000366210938,247.27200317382812,22877200.0
2015-04-02,2060.030029296875,2072.169921875,2057.320068359375,2066.9599609375,3095960000.0,247.08900451660156,254.46099853515625,245.41600036621094,253.0050048828125,26272600.0
2015-04-03,,,,,,253.07400512695312,256.0429992675781,251.87899780273438,254.32200622558594,23146600.0
2015-04-04,,,,,,254.29100036621094,255.25799560546875,251.10000610351562,253.69700622558594,12493500.0
2015-04-05,,,,,,253.76100158691406,260.67498779296875,251.94200134277344,260.5979919433594,19649200.0
2015-04-06,2064.8701171875,2086.989990234375,2056.52001953125,2080.6201171875,3302970000.0,260.72100830078125,261.7980041503906,254.5749969482422,255.49200439453125,20034200.0
2015-04-07,2080.7900390625,2089.81005859375,2076.10009765625,2076.330078125,3065510000.0,255.2740020751953,255.80499267578125,252.2050018310547,253.17999267578125,18467400.0
2015-04-08,2076.93994140625,2086.68994140625,2073.300048828125,2081.89990234375,3265330000.0,253.06399536132812,253.8470001220703,244.21499633789062,245.02200317382812,30086400.0
2015-04-09,2081.2900390625,2093.31005859375,2074.2900390625,2091.179931640625,3172360000.0,244.75100708007812,246.1179962158203,239.39999389648438,243.67599487304688,21643500.0
2015-04-10,2091.510009765625,2102.610107421875,2091.510009765625,2102.06005859375,3156200000.0,243.69400024414062,243.69400024414062,232.77099609375,236.07200622558594,28882000.0
2015-04-11,,,,,,236.01600646972656,239.53700256347656,234.1750030517578,236.552001953125,16365200.0
2015-04-12,,,,,,236.53500366210938,237.72799682617188,233.4949951171875,236.1529998779297,12387900.0
2015-04-13,2102.030029296875,2107.64990234375,2092.330078125,2092.429931640625,2908420000.0,235.9499969482422,236.93499755859375,221.99600219726562,224.58700561523438,31181800.0
2015-04-14,2092.280029296875,2098.6201171875,2083.239990234375,2095.840087890625,3301270000.0,224.75900268554688,224.9759979248047,216.322998046875,219.15899658203125,31719000.0
2015-04-15,2097.820068359375,2111.909912109375,2097.820068359375,2106.6298828125,4013760000.0,219.072998046875,223.83299255371094,218.6490020751953,223.83299255371094,22562000.0
2015-04-16,2105.9599609375,2111.300048828125,2100.02001953125,2104.989990234375,3434120000.0,223.91700744628906,229.6719970703125,223.91700744628906,228.572998046875,24805400.0
2015-04-17,2102.580078125,2102.580078125,2072.3701171875,2081.179931640625,3627600000.0,228.5749969482422,228.906005859375,221.94200134277344,222.8820037841797,20429800.0
2015-04-18,,,,,,222.85299682617188,224.3159942626953,220.87600708007812,223.3560028076172,12939000.0
2015-04-19,,,,,,223.45599365234375,226.35299682617188,222.3730010986328,222.60000610351562,15021500.0
2015-04-20,2084.110107421875,2103.93994140625,2084.110107421875,2100.39990234375,3000160000.0,222.61199951171875,226.3509979248047,221.9770050048828,224.62600708007812,18364700.0
2015-04-21,2102.820068359375,2109.639892578125,2094.3798828125,2097.2900390625,3243410000.0,224.6199951171875,235.2689971923828,224.30099487304688,235.2689971923828,24978000.0
2015-04-22,2098.27001953125,2109.97998046875,2091.050048828125,2107.9599609375,3348480000.0,235.6020050048828,237.90899658203125,233.4759979248047,234.17599487304688,23847900.0
2015-04-23,2107.2099609375,2120.489990234375,2103.18994140625,2112.929931640625,3636670000.0,234.05299377441406,236.47500610351562,233.19900512695312,236.46200561523438,17036000.0
2015-04-24,2112.800048828125,2120.919921875,2112.800048828125,2117.68994140625,3375780000.0,235.97000122070312,236.30499267578125,229.93299865722656,231.26800537109375,21448700.0
2015-04-25,,,,,,231.23500061035156,232.56100463867188,226.33700561523438,226.38999938964844,13957200.0
2015-04-26,,,,,,226.41000366210938,226.94400024414062,214.87399291992188,219.42999267578125,28943700.0
2015-04-27,2119.2900390625,2125.919921875,2107.0400390625,2108.919921875,3438750000.0,219.4290008544922,233.30499267578125,218.0229949951172,229.28599548339844,38574000.0
2015-04-28,2108.35009765625,2116.0400390625,2094.889892578125,2114.760009765625,3546270000.0,228.968994140625,229.4949951171875,223.06900024414062,225.85499572753906,21469200.0
2015-04-29,2112.489990234375,2113.64990234375,2097.409912109375,2106.85009765625,4074970000.0,225.59100341796875,227.0399932861328,223.42999267578125,225.80799865722656,18936500.0
2015-04-30,2105.52001953125,2105.52001953125,2077.590087890625,2085.510009765625,4509680000.0,225.6929931640625,239.56300354003906,224.9929962158203,236.14500427246094,33818600.0
2015-05-01,2087.3798828125,2108.409912109375,2087.3798828125,2108.2900390625,3379390000.0,235.93899536132812,238.96600341796875,232.07899475097656,232.07899475097656,18815300.0
2015-05-02,,,,,,232.34100341796875,235.7270050048828,232.34100341796875,234.92999267578125,12535500.0
2015-05-03,,,,,,234.8800048828125,243.24000549316406,234.08299255371094,240.35800170898438,18494100.0
2015-05-04,2110.22998046875,2120.949951171875,2110.22998046875,2114.489990234375,3091580000.0,240.3560028076172,242.63800048828125,237.80999755859375,239.01800537109375,21223400.0
2015-05-05,2112.6298828125,2115.239990234375,2088.4599609375,2089.4599609375,3793950000.0,238.8520050048828,239.20399475097656,232.0540008544922,236.12100219726562,23929100.0
2015-05-06,2091.260009765625,2098.419921875,2067.929931640625,2080.14990234375,3792210000.0,236.24899291992188,236.45399475097656,229.2310028076172,229.78199768066406,29587200.0
2015-05-07,2079.9599609375,2092.89990234375,2074.989990234375,2088.0,3676640000.0,229.66200256347656,239.10499572753906,228.572998046875,237.33399963378906,29064400.0
2015-05-08,2092.1298828125,2117.659912109375,2092.1298828125,2116.10009765625,3399440000.0,237.20399475097656,246.27499389648438,236.2740020751953,243.86300659179688,27445500.0
2015-05-09,,,,,,243.7689971923828,247.8040008544922,239.63900756835938,241.83200073242188,19790500.0
2015-05-10,,,,,,241.72900390625,244.0679931640625,238.8489990234375,240.29600524902344,15019100.0
2015-05-11,2115.56005859375,2117.68994140625,2104.580078125,2105.330078125,2992670000.0,240.2989959716797,244.27000427246094,239.37600708007812,242.1580047607422,20892300.0
2015-05-12,2102.8701171875,2105.06005859375,2085.570068359375,2099.1201171875,3139520000.0,242.14500427246094,242.88099670410156,240.0989990234375,241.11199951171875,19282600.0
2015-05-13,2099.6201171875,2110.18994140625,2096.0400390625,2098.47998046875,3374260000.0,241.3979949951172,243.70399475097656,235.0449981689453,236.3769989013672,27180100.0
2015-05-14,2100.429931640625,2121.449951171875,2100.429931640625,2121.10009765625,3225740000.0,236.21400451660156,237.7989959716797,234.0570068359375,236.9290008544922,24413700.0
2015-05-15,2122.070068359375,2123.889892578125,2116.81005859375,2122.72998046875,3092080000.0,236.9550018310547,238.7530059814453,236.7949981689453,237.60499572753906,16329400.0
2015-05-16,,,,,,237.6439971923828,237.69700622558594,235.2949981689453,236.1529998779297,11089700.0
2015-05-17,,,,,,236.00999450683594,238.02499389648438,236.00999450683594,236.802001953125,11134300.0
2015-05-18,2121.300048828125,2131.780029296875,2120.010009765625,2129.199951171875,2888190000.0,236.88699340820312,237.2100067138672,232.4600067138672,233.1280059814453,16780300.0
2015-05-19,2129.449951171875,2133.02001953125,2124.5,2127.830078125,3296030000.0,233.03700256347656,234.1510009765625,231.81700134277344,231.94700622558594,14241900.0
2015-05-20,2127.7900390625,2134.719970703125,2122.590087890625,2125.85009765625,3025880000.0,231.88999938964844,234.68299865722656,231.8419952392578,234.01800537109375,15499400.0
2015-05-21,2125.550048828125,2134.280029296875,2122.949951171875,2130.820068359375,3070460000.0,234.01600646972656,236.24200439453125,233.8350067138672,235.343994140625,15108900.0
2015-05-22,2130.360107421875,2132.14990234375,2126.06005859375,2126.06005859375,2571860000.0,235.3209991455078,240.968994140625,235.05999755859375,240.34800720214844,27003000.0
2015-05-23,,,,,,240.28599548339844,241.02499389648438,238.6909942626953,238.8719940185547,14605000.0
2015-05-24,,,,,,238.9759979248047,241.97799682617188,238.81100463867188,240.9530029296875,11508000.0
2015-05-25,,,,,,240.927001953125,241.02099609375,236.63699340820312,237.11000061035156,14423900.0
2015-05-26,2125.340087890625,2125.340087890625,2099.179931640625,2104.199951171875,3342130000.0,237.10400390625,238.24200439453125,235.69200134277344,237.11599731445312,16425000.0
2015-05-27,2105.1298828125,2126.219970703125,2105.1298828125,2123.47998046875,3127960000.0,237.06500244140625,238.63600158691406,236.69500732421875,237.2830047607422,18837000.0
2015-05-28,2122.27001953125,2122.27001953125,2112.860107421875,2120.7900390625,2980350000.0,237.2570037841797,237.82400512695312,236.65199279785156,237.4080047607422,13829600.0
2015-05-29,2120.659912109375,2120.659912109375,2104.889892578125,2107.389892578125,3927390000.0,237.3769989013672,237.52200317382812,235.7310028076172,237.0959930419922,14805000.0
2015-05-30,,,,,,237.0919952392578,237.09300231933594,232.04600524902344,233.34500122070312,14098600.0
2015-05-31,,,,,,233.13499450683594,233.2519989013672,229.54200744628906,230.19000244140625,14730800.0
2015-06-01,2108.639892578125,2119.14990234375,2102.5400390625,2111.72998046875,3011710000.0,230.23300170898438,231.71299743652344,221.29600524902344,222.92599487304688,26090500.0
2015-06-02,2110.409912109375,2117.590087890625,2099.139892578125,2109.60009765625,3049350000.0,222.8939971923828,226.41600036621094,222.41900634765625,225.80299377441406,20459000.0
2015-06-03,2110.639892578125,2121.919921875,2109.610107421875,2114.070068359375,3099980000.0,225.73599243164062,227.4040069580078,223.92999267578125,225.87399291992188,17752400.0
2015-06-04,2112.35009765625,2112.889892578125,2093.22998046875,2095.840087890625,3200050000.0,225.77200317382812,226.58099365234375,224.0540008544922,224.32400512695312,14728100.0
2015-06-05,2095.090087890625,2100.989990234375,2085.669921875,2092.830078125,3243690000.0,224.1540069580078,225.96800231933594,223.1790008544922,224.95199584960938,18056500.0
2015-06-06,,,,,,225.0050048828125,225.718994140625,224.37899780273438,225.61900329589844,11131500.0
2015-06-07,,,,,,225.5959930419922,226.19400024414062,222.65199279785156,222.88099670410156,13318400.0
2015-06-08,2092.340087890625,2093.010009765625,2079.110107421875,2079.280029296875,2917150000.0,222.87899780273438,229.46400451660156,222.83900451660156,228.48899841308594,23378400.0
2015-06-09,2079.070068359375,2085.6201171875,2072.139892578125,2080.14990234375,3034580000.0,228.53799438476562,230.95399475097656,227.9290008544922,229.04800415039062,28353100.0
2015-06-10,2081.1201171875,2108.5,2081.1201171875,2105.199951171875,3414320000.0,228.9949951171875,229.78199768066406,228.00999450683594,228.80299377441406,15904800.0
2015-06-11,2106.239990234375,2115.02001953125,2106.239990234375,2108.860107421875,3128600000.0,228.85499572753906,230.28700256347656,228.76699829101562,229.7050018310547,14416000.0
2015-06-12,2107.429931640625,2107.429931640625,2091.330078125,2094.110107421875,2719400000.0,229.7050018310547,231.0570068359375,229.31300354003906,229.98199462890625,14017700.0
2015-06-13,,,,,,229.9199981689453,232.65199279785156,229.2100067138672,232.40199279785156,13305300.0
2015-06-14,,,,,,232.44200134277344,234.85800170898438,232.00399780273438,233.54299926757812,12165900.0
2015-06-15,2091.340087890625,2091.340087890625,2072.489990234375,2084.429931640625,3061570000.0,233.4219970703125,237.83599853515625,233.4219970703125,236.822998046875,19912100.0
2015-06-16,2084.260009765625,2097.39990234375,2082.10009765625,2096.2900390625,2919900000.0,236.76499938964844,251.74200439453125,236.1219940185547,250.89500427246094,41612000.0
2015-06-17,2097.39990234375,2106.7900390625,2088.860107421875,2100.43994140625,3222240000.0,250.822998046875,256.8529968261719,246.4759979248047,249.28399658203125,43858400.0
2015-06-18,2101.580078125,2126.64990234375,2101.580078125,2121.239990234375,3520360000.0,249.42799377441406,252.10800170898438,244.1269989013672,249.0070037841797,30980200.0
2015-06-19,2121.06005859375,2121.639892578125,2109.449951171875,2109.989990234375,4449810000.0,249.04299926757812,250.9770050048828,243.78700256347656,244.6060028076172,23965300.0
2015-06-20,,,,,,244.52999877929688,245.8280029296875,240.6269989013672,245.21200561523438,20608100.0
2015-06-21,,,,,,245.10000610351562,245.2239990234375,241.8820037841797,243.94400024414062,10600900.0
2015-06-22,2112.5,2129.8701171875,2112.5,2122.85009765625,3030020000.0,243.968994140625,247.91700744628906,243.7790069580078,246.99000549316406,17692500.0
2015-06-23,2123.159912109375,2128.030029296875,2119.889892578125,2124.199951171875,3091190000.0,246.927001953125,247.3040008544922,243.13299560546875,244.29600524902344,15108700.0
2015-06-24,2123.64990234375,2125.10009765625,2108.580078125,2108.580078125,3102480000.0,244.28199768066406,244.34100341796875,240.51499938964844,240.51499938964844,17344900.0
2015-06-25,2109.9599609375,2116.0400390625,2101.780029296875,2102.31005859375,3214610000.0,240.36500549316406,243.33200073242188,240.36500549316406,242.7989959716797,16133100.0
2015-06-26,2102.6201171875,2108.919921875,2095.3798828125,2101.489990234375,5025470000.0,242.60400390625,243.74899291992188,241.55299377441406,243.593994140625,13983500.0
2015-06-27,,,,,,243.5489959716797,251.33900451660156,243.11700439453125,250.99000549316406,20488600.0
2015-06-28,,,,,,250.9550018310547,251.1719970703125,247.4340057373047,249.01100158691406,15137600.0
2015-06-29,2098.6298828125,2098.6298828125,2056.639892578125,2057.639892578125,3678960000.0,248.7209930419922,257.1730041503906,248.58099365234375,257.0639953613281,34742900.0
2015-06-30,2061.18994140625,2074.280029296875,2056.320068359375,2063.110107421875,4078540000.0,257.0360107421875,267.86700439453125,255.9459991455078,263.0719909667969,44533800.0
2015-07-01,2067.0,2082.780029296875,2067.0,2077.419921875,3727260000.0,263.3450012207031,265.1719970703125,255.7740020751953,258.6210021972656,27029800.0
2015-07-02,2078.030029296875,2085.06005859375,2071.02001953125,2076.780029296875,2996540000.0,258.552001953125,261.6310119628906,254.11599731445312,255.41200256347656,21551900.0
2015-07-03,,,,,,255.45899963378906,257.0769958496094,253.5050048828125,256.33599853515625,19033800.0
2015-07-04,,,,,,256.4909973144531,261.4570007324219,254.1999969482422,260.885986328125,15620400.0
2015-07-05,,,,,,260.80499267578125,274.5060119628906,258.70098876953125,271.9129943847656,44156100.0
2015-07-06,2073.949951171875,2078.610107421875,2058.39990234375,2068.760009765625,3486360000.0,271.1080017089844,277.4219970703125,267.6000061035156,269.0299987792969,49154800.0
2015-07-07,2069.52001953125,2083.739990234375,2044.02001953125,2081.340087890625,4458660000.0,269.9630126953125,271.34100341796875,264.8320007324219,266.2070007324219,28857600.0
2015-07-08,2077.659912109375,2077.659912109375,2044.6600341796875,2046.6800537109375,3608780000.0,265.98199462890625,272.97100830078125,264.385986328125,270.7850036621094,36980200.0
2015-07-09,2049.72998046875,2074.280029296875,2049.72998046875,2051.31005859375,3446810000.0,270.8269958496094,272.3349914550781,267.08599853515625,269.2279968261719,40301200.0
2015-07-10,2052.739990234375,2081.31005859375,2052.739990234375,2076.6201171875,3065070000.0,269.156005859375,294.59100341796875,268.802001953125,284.8940124511719,100390000.0
2015-07-11,,,,,,284.8800048828125,298.5060119628906,283.5299987792969,293.114990234375,41109900.0
2015-07-12,,,,,,293.1400146484375,314.3940124511719,292.5050048828125,310.86700439453125,56405000.0
2015-07-13,2080.030029296875,2100.669921875,2080.030029296875,2099.60009765625,3096730000.0,310.8269958496094,310.947998046875,281.010986328125,292.0539855957031,62053900.0
2015-07-14,2099.719970703125,2111.97998046875,2098.179931640625,2108.949951171875,3002120000.0,292.03399658203125,296.1470031738281,286.63800048828125,287.4639892578125,28727200.0
2015-07-15,2109.010009765625,2114.139892578125,2102.489990234375,2107.39990234375,3261810000.0,288.0450134277344,293.24798583984375,285.36700439453125,285.8290100097656,27486600.0
2015-07-16,2110.550048828125,2124.419921875,2110.550048828125,2124.2900390625,3227080000.0,286.0419921875,291.1830139160156,275.239990234375,278.0889892578125,49482600.0
2015-07-17,2126.800048828125,2128.909912109375,2119.8798828125,2126.639892578125,3362750000.0,278.09100341796875,280.2799987792969,272.0429992675781,279.47198486328125,27591400.0
2015-07-18,,,,,,279.33099365234375,282.5270080566406,274.07501220703125,274.9010009765625,25187100.0
2015-07-19,,,,,,274.7669982910156,275.6700134277344,272.51300048828125,273.614013671875,15332500.0
2015-07-20,2126.85009765625,2132.820068359375,2123.659912109375,2128.280029296875,3245870000.0,273.4989929199219,278.9809875488281,272.9599914550781,278.9809875488281,22711400.0
2015-07-21,2127.550048828125,2128.489990234375,2115.39990234375,2119.2099609375,3343690000.0,278.8819885253906,280.5469970703125,275.41900634765625,275.8330078125,22930700.0
2015-07-22,2118.2099609375,2118.510009765625,2110.0,2114.14990234375,3694070000.0,275.6570129394531,277.6659851074219,274.3810119628906,277.22198486328125,19389800.0
2015-07-23,2114.159912109375,2116.8701171875,2098.6298828125,2102.14990234375,3772810000.0,277.34100341796875,278.1109924316406,275.71600341796875,276.04901123046875,18531300.0
2015-07-24,2102.239990234375,2106.010009765625,2077.090087890625,2079.64990234375,3870040000.0,276.0050048828125,289.25299072265625,275.2539978027344,288.27801513671875,37199400.0
2015-07-25,,,,,,288.16400146484375,290.7330017089844,286.00201416015625,288.6969909667969,20662200.0
2015-07-26,,,,,,288.6400146484375,293.052001953125,287.70599365234375,292.6860046386719,16032300.0
2015-07-27,2078.18994140625,2078.18994140625,2063.52001953125,2067.639892578125,3836750000.0,292.6390075683594,297.77398681640625,287.45001220703125,293.6239929199219,30592000.0
2015-07-28,2070.75,2095.60009765625,2069.090087890625,2093.25,4117740000.0,293.63299560546875,296.64898681640625,293.4230041503906,294.427001953125,25453600.0
2015-07-29,2094.699951171875,2110.60009765625,2094.080078125,2108.570068359375,4038900000.0,294.4840087890625,294.5360107421875,288.7770080566406,289.5899963378906,24672600.0
2015-07-30,2106.780029296875,2110.47998046875,2094.969970703125,2108.6298828125,3579410000.0,289.1029968261719,290.1260070800781,286.5679931640625,287.72198486328125,21635800.0
2015-07-31,2111.60009765625,2114.239990234375,2102.070068359375,2103.840087890625,3681340000.0,287.6960144042969,288.9590148925781,282.343994140625,284.6499938964844,23629100.0
2015-08-01,,,,,,284.6860046386719,284.9320068359375,278.11199951171875,281.60101318359375,18995000.0
2015-08-02,,,,,,280.4490051269531,283.0320129394531,277.52899169921875,282.614013671875,17722200.0
2015-08-03,2104.489990234375,2105.699951171875,2087.31005859375,2098.0400390625,3476770000.0,282.8059997558594,285.47100830078125,280.2330017089844,281.22698974609375,21474100.0
2015-08-04,2097.679931640625,2102.510009765625,2088.60009765625,2093.320068359375,3546710000.0,281.2250061035156,285.7149963378906,281.2250061035156,285.2179870605469,21908700.0
2015-08-05,2095.27001953125,2112.659912109375,2095.27001953125,2099.840087890625,3968680000.0,284.84698486328125,285.5010070800781,281.4880065917969,281.8819885253906,20128000.0
2015-08-06,2100.75,2103.320068359375,2075.530029296875,2083.56005859375,4246570000.0,281.906005859375,281.906005859375,278.40301513671875,278.5769958496094,18792100.0
2015-08-07,2082.610107421875,2082.610107421875,2067.909912109375,2077.570068359375,3602320000.0,278.7409973144531,280.3919982910156,276.3659973144531,279.5849914550781,42484800.0
2015-08-08,,,,,,279.74200439453125,279.9280090332031,260.7099914550781,260.99700927734375,58533000.0
2015-08-09,,,,,,261.1159973144531,267.00299072265625,260.4679870605469,265.0830078125,23789600.0
2015-08-10,2080.97998046875,2105.35009765625,2080.97998046875,2104.179931640625,3514460000.0,265.4779968261719,267.0320129394531,262.59600830078125,264.4700012207031,20979400.0
2015-08-11,2102.659912109375,2102.659912109375,2076.489990234375,2084.070068359375,3708880000.0,264.3420104980469,270.385986328125,264.093994140625,270.385986328125,25433900.0
2015-08-12,2081.10009765625,2089.06005859375,2052.090087890625,2086.050048828125,4269130000.0,270.5979919433594,270.6730041503906,265.468994140625,266.3760070800781,26815400.0
2015-08-13,2086.18994140625,2092.929931640625,2078.260009765625,2083.389892578125,3221300000.0,266.1830139160156,266.23199462890625,262.84100341796875,264.0799865722656,27685500.0
2015-08-14,2083.14990234375,2092.449951171875,2080.610107421875,2091.5400390625,2795590000.0,264.1319885253906,267.46600341796875,261.4779968261719,265.67999267578125,27091200.0
2015-08-15,,,,,,265.52899169921875,266.6669921875,261.2959899902344,261.5509948730469,19321100.0
2015-08-16,,,,,,261.8659973144531,262.44000244140625,257.0409851074219,258.5069885253906,29717000.0
2015-08-17,2089.699951171875,2102.8701171875,2079.300048828125,2102.43994140625,2867690000.0,258.489990234375,260.5050048828125,257.11700439453125,257.97601318359375,21617900.0
2015-08-18,2101.989990234375,2103.469970703125,2094.139892578125,2096.919921875,2949990000.0,257.9259948730469,257.9930114746094,211.07899475097656,211.07899475097656,42147200.0
2015-08-19,2095.68994140625,2096.169921875,2070.530029296875,2079.610107421875,3512920000.0,225.67100524902344,237.40899658203125,222.76600646972656,226.6840057373047,60869200.0
2015-08-20,2076.610107421875,2076.610107421875,2035.72998046875,2035.72998046875,3922470000.0,226.8990020751953,237.36500549316406,226.8990020751953,235.35000610351562,32275000.0
2015-08-21,2034.0799560546875,2034.0799560546875,1970.8900146484375,1970.8900146484375,5018240000.0,235.35499572753906,236.4320068359375,231.7239990234375,232.56900024414062,23173800.0
2015-08-22,,,,,,232.66200256347656,234.95700073242188,222.70399475097656,230.38999938964844,23205900.0
2015-08-23,,,,,,230.37600708007812,232.7050018310547,225.5800018310547,228.16900634765625,18406600.0
2015-08-24,1965.1500244140625,1965.1500244140625,1867.010009765625,1893.2099609375,6612690000.0,228.11199951171875,228.13900756835938,210.4429931640625,210.4949951171875,59220700.0
2015-08-25,1898.0799560546875,1948.0400390625,1867.0799560546875,1867.6099853515625,5183560000.0,210.0679931640625,226.3209991455078,199.56700134277344,221.60899353027344,61089200.0
2015-08-26,1872.75,1943.0899658203125,1872.75,1940.510009765625,5338250000.0,222.0760040283203,231.18299865722656,220.20399475097656,225.83099365234375,31808000.0
2015-08-27,1942.77001953125,1989.5999755859375,1942.77001953125,1987.6600341796875,5006390000.0,226.0500030517578,228.64300537109375,223.6840057373047,224.7689971923828,21905400.0
2015-08-28,1986.06005859375,1993.47998046875,1975.18994140625,1988.8699951171875,3949080000.0,224.7010040283203,235.218994140625,220.92599487304688,231.39599609375,31336600.0
2015-08-29,,,,,,231.5489959716797,233.2220001220703,227.3300018310547,229.77999877929688,17142500.0
2015-08-30,,,,,,229.89500427246094,232.0679931640625,226.2469940185547,228.76100158691406,19412600.0
2015-08-31,1986.72998046875,1986.72998046875,1965.97998046875,1972.1800537109375,3915100000.0,229.11399841308594,231.95599365234375,225.9149932861328,230.05599975585938,20710700.0
2015-09-01,1970.0899658203125,1970.0899658203125,1903.0699462890625,1913.8499755859375,4371850000.0,230.25599670410156,231.21600341796875,226.86000061035156,228.12100219726562,20575200.0
2015-09-02,1916.52001953125,1948.9100341796875,1916.52001953125,1948.8599853515625,3742620000.0,228.02699279785156,230.57699584960938,226.47500610351562,229.28399658203125,18760400.0
2015-09-03,1950.7900390625,1975.010009765625,1944.719970703125,1951.1300048828125,3520700000.0,229.32400512695312,229.60499572753906,226.66700744628906,227.18299865722656,17482000.0
2015-09-04,1947.760009765625,1947.760009765625,1911.2099609375,1921.219970703125,3167090000.0,227.21499633789062,230.89999389648438,227.05099487304688,230.29800415039062,20962400.0
2015-09-05,,,,,,230.19900512695312,236.14300537109375,229.4429931640625,235.0189971923828,20671400.0
2015-09-06,,,,,,234.8699951171875,242.91200256347656,234.68099975585938,239.83999633789062,25473700.0
2015-09-07,,,,,,239.9340057373047,242.1060028076172,238.7220001220703,239.8470001220703,21192200.0
2015-09-08,1927.300048828125,1970.4200439453125,1927.300048828125,1969.4100341796875,3548650000.0,239.8459930419922,245.781005859375,239.67799377441406,243.60699462890625,26879200.0
2015-09-09,1971.449951171875,1988.6300048828125,1937.8800048828125,1942.0400390625,3652120000.0,243.4149932861328,244.41600036621094,237.8209991455078,238.16799926757812,23635700.0
2015-09-10,1941.5899658203125,1965.2900390625,1937.18994140625,1952.2900390625,3626320000.0,238.33599853515625,241.29299926757812,235.79100036621094,238.4770050048828,21215500.0
2015-09-11,1951.449951171875,1961.050048828125,1939.18994140625,1961.050048828125,3218590000.0,238.32899475097656,241.16900634765625,238.32899475097656,240.10699462890625,19224700.0
2015-09-12,,,,,,239.85499572753906,240.12399291992188,234.75399780273438,235.22900390625,17962600.0
2015-09-13,,,,,,235.24200439453125,235.93499755859375,229.33200073242188,230.51199340820312,18478800.0
2015-09-14,1963.06005859375,1963.06005859375,1948.27001953125,1953.030029296875,3000200000.0,230.60899353027344,232.44000244140625,227.96099853515625,230.6439971923828,20997800.0
2015-09-15,1955.0999755859375,1983.18994140625,1954.300048828125,1978.0899658203125,3239860000.0,230.49200439453125,259.1820068359375,229.82200622558594,230.3040008544922,19177800.0
2015-09-16,1978.02001953125,1997.260009765625,1977.9300537109375,1995.31005859375,3630680000.0,230.25,231.21499633789062,227.40199279785156,229.09100341796875,20144200.0
2015-09-17,1995.3299560546875,2020.8599853515625,1986.72998046875,1990.199951171875,4183790000.0,229.0760040283203,230.28500366210938,228.92599487304688,229.80999755859375,18935400.0
2015-09-18,1989.6600341796875,1989.6600341796875,1953.449951171875,1958.030029296875,6021240000.0,233.52099609375,234.35299682617188,232.18499755859375,232.97500610351562,20242200.0
2015-09-19,,,,,,232.85800170898438,233.2050018310547,231.08900451660156,231.4929962158203,12712600.0
2015-09-20,,,,,,231.3990020751953,232.36500549316406,230.91000366210938,231.21200561523438,14444700.0
2015-09-21,1960.8399658203125,1979.6400146484375,1955.800048828125,1966.969970703125,3269350000.0,231.2169952392578,231.2169952392578,226.52099609375,227.0850067138672,19678800.0
2015-09-22,1961.3900146484375,1961.3900146484375,1929.219970703125,1942.739990234375,3808260000.0,226.968994140625,232.38600158691406,225.11700439453125,230.6179962158203,25009300.0
2015-09-23,1943.239990234375,1949.52001953125,1932.5699462890625,1938.760009765625,3190530000.0,230.93600463867188,231.8350067138672,229.59100341796875,230.2830047607422,17254100.0
2015-09-24,1934.81005859375,1937.1700439453125,1908.9200439453125,1932.239990234375,4091530000.0,230.35800170898438,235.6490020751953,230.2949981689453,234.5290069580078,25097800.0
2015-09-25,1935.9300537109375,1952.8900146484375,1921.5,1931.3399658203125,3721870000.0,234.36199951171875,237.427001953125,233.6840057373047,235.1439971923828,22363600.0
2015-09-26,,,,,,235.0760040283203,235.4029998779297,233.35800170898438,234.33999633789062,13724100.0
2015-09-27,,,,,,234.13900756835938,234.5260009765625,232.4759979248047,232.7570037841797,14179900.0
2015-09-28,1929.1800537109375,1929.1800537109375,1879.2099609375,1881.77001953125,4326660000.0,232.83599853515625,239.33900451660156,232.4669952392578,239.14199829101562,24713000.0
2015-09-29,1881.9000244140625,1899.47998046875,1871.9100341796875,1884.0899658203125,4132390000.0,239.01600646972656,239.802001953125,235.92799377441406,236.68699645996094,22691300.0
2015-09-30,1887.1400146484375,1920.530029296875,1887.1400146484375,1920.030029296875,4525070000.0,236.63999938964844,237.73399353027344,235.62899780273438,236.05999755859375,19743500.0
2015-10-01,1919.6500244140625,1927.2099609375,1900.699951171875,1923.8199462890625,3983600000.0,236.00399780273438,238.44500732421875,235.61599731445312,237.5489959716797,20488800.0
2015-10-02,1921.77001953125,1951.3599853515625,1893.699951171875,1951.3599853515625,4378570000.0,237.26400756835938,238.54100036621094,236.60299682617188,237.29299926757812,19677900.0
2015-10-03,,,,,,237.20199584960938,239.31500244140625,236.94400024414062,238.72999572753906,16482700.0
2015-10-04,,,,,,238.531005859375,238.96800231933594,237.94000244140625,238.25900268554688,12999000.0
2015-10-05,1954.3299560546875,1989.1700439453125,1954.3299560546875,1987.050048828125,4334490000.0,238.14700317382812,240.38299560546875,237.03500366210938,240.38299560546875,23335900.0
2015-10-06,1986.6300048828125,1991.6199951171875,1971.989990234375,1979.9200439453125,4202400000.0,240.36399841308594,246.93499755859375,240.13600158691406,246.06300354003906,27535100.0
2015-10-07,1982.3399658203125,1999.31005859375,1976.43994140625,1995.8299560546875,4666470000.0,246.1699981689453,246.68099975585938,242.5850067138672,242.968994140625,22999200.0
2015-10-08,1994.010009765625,2016.5,1987.530029296875,2013.4300537109375,3939140000.0,243.0749969482422,244.25100708007812,242.1790008544922,242.3040008544922,18515300.0
2015-10-09,2013.72998046875,2020.1300048828125,2007.6099853515625,2014.8900146484375,3706900000.0,242.4980010986328,244.22799682617188,242.1219940185547,243.93099975585938,17353100.0
2015-10-10,,,,,,243.74000549316406,245.31900024414062,243.07400512695312,244.9409942626953,15912700.0
2015-10-11,,,,,,244.74200439453125,247.2429962158203,244.15199279785156,247.0500030517578,16827300.0
2015-10-12,2015.6500244140625,2018.6600341796875,2010.550048828125,2017.4599609375,2893250000.0,246.875,247.45399475097656,245.1790008544922,245.30799865722656,17388300.0
2015-10-13,2015.0,2022.3399658203125,2001.780029296875,2003.68994140625,3401920000.0,245.1999969482422,250.23599243164062,243.7570037841797,249.50799560546875,28198500.0
2015-10-14,2003.6600341796875,2009.56005859375,1990.72998046875,1994.239990234375,3644590000.0,249.4929962158203,254.27499389648438,248.9029998779297,251.98899841308594,27462600.0
2015-10-15,1996.469970703125,2024.1500244140625,1996.469970703125,2023.8599853515625,3746290000.0,252.10699462890625,255.96200561523438,252.04600524902344,254.32000732421875,25223500.0
2015-10-16,2024.3699951171875,2033.5400390625,2020.4599609375,2033.1099853515625,3595430000.0,254.29600524902344,266.135009765625,253.92599487304688,262.8689880371094,35901500.0
2015-10-17,,,,,,262.74700927734375,273.5780029296875,262.36700439453125,270.6400146484375,43199600.0
2015-10-18,,,,,,270.9070129394531,271.6679992675781,260.7770080566406,261.64300537109375,22434300.0
2015-10-19,2031.72998046875,2034.449951171875,2022.31005859375,2033.6600341796875,3287320000.0,261.8609924316406,264.82000732421875,260.95098876953125,263.43701171875,25258800.0
2015-10-20,2033.1300048828125,2039.1199951171875,2026.6099853515625,2030.77001953125,3331500000.0,263.5719909667969,270.8349914550781,263.22698974609375,269.4630126953125,30889800.0
2015-10-21,2033.469970703125,2037.969970703125,2017.219970703125,2018.93994140625,3627790000.0,269.3059997558594,270.7699890136719,263.8389892578125,266.2720031738281,25637300.0
2015-10-22,2021.8800048828125,2055.199951171875,2021.8800048828125,2052.510009765625,4430850000.0,266.4960021972656,276.510009765625,266.135009765625,274.02301025390625,37808600.0
2015-10-23,2058.18994140625,2079.739990234375,2058.18994140625,2075.14990234375,4108460000.0,273.64898681640625,278.6839904785156,273.5429992675781,276.4960021972656,29442500.0
2015-10-24,,,,,,276.5039978027344,281.70599365234375,276.5039978027344,281.65399169921875,25942400.0
2015-10-25,,,,,,281.44500732421875,294.0589904785156,281.44500732421875,283.67999267578125,45717100.0
2015-10-26,2075.080078125,2075.139892578125,2066.530029296875,2071.179931640625,3385800000.0,283.62799072265625,285.29998779296875,280.510009765625,285.29998779296875,32108800.0
2015-10-27,2068.75,2070.3701171875,2058.840087890625,2065.889892578125,4216880000.0,285.1809997558594,296.2120056152344,285.00799560546875,293.7879943847656,46331800.0
2015-10-28,2066.47998046875,2090.35009765625,2063.110107421875,2090.35009765625,4698110000.0,293.7030029296875,306.33099365234375,293.7030029296875,304.6180114746094,50808100.0
2015-10-29,2088.35009765625,2092.52001953125,2082.6298828125,2089.409912109375,4008940000.0,304.3240051269531,318.1700134277344,301.822998046875,313.8550109863281,64495900.0
2015-10-30,2090.0,2094.320068359375,2079.340087890625,2079.360107421875,4256200000.0,313.9429931640625,334.16900634765625,313.94000244140625,328.0150146484375,78305000.0
2015-10-31,,,,,,328.5119934082031,332.7770080566406,309.2510070800781,314.1659851074219,48598100.0
2015-11-01,,,,,,315.0050048828125,327.47198486328125,311.8810119628906,325.4309997558594,37001100.0
2015-11-02,2080.760009765625,2106.199951171875,2080.760009765625,2104.050048828125,3760020000.0,325.9419860839844,365.3599853515625,323.2090148925781,361.1889953613281,101918000.0
2015-11-03,2102.6298828125,2116.47998046875,2097.510009765625,2109.7900390625,4272060000.0,361.87298583984375,417.8999938964844,357.6470031738281,403.4169921875,206162000.0
2015-11-04,2110.60009765625,2114.590087890625,2096.97998046875,2102.31005859375,4078870000.0,403.66400146484375,495.56201171875,380.5480041503906,411.56298828125,263900000.0
2015-11-05,2101.679931640625,2108.780029296875,2090.409912109375,2099.929931640625,4051890000.0,408.0769958496094,447.5610046386719,374.58099365234375,386.35400390625,151824992.0
2015-11-06,2098.60009765625,2101.909912109375,2083.739990234375,2099.199951171875,4369020000.0,388.0469970703125,395.83599853515625,354.0249938964844,374.4700012207031,122687000.0
2015-11-07,,,,,,374.2690124511719,390.58599853515625,372.4330139160156,386.48199462890625,56625100.0
2015-11-08,,,,,,384.27801513671875,389.8949890136719,368.70001220703125,373.3680114746094,51817600.0
2015-11-09,2096.56005859375,2096.56005859375,2068.239990234375,2078.580078125,3882350000.0,374.3240051269531,385.27801513671875,362.8949890136719,380.2569885253906,68224400.0
2015-11-10,2077.18994140625,2083.669921875,2069.909912109375,2081.719970703125,3821440000.0,379.9840087890625,381.3869934082031,329.1080017089844,336.8190002441406,95797904.0
2015-11-11,2083.409912109375,2086.93994140625,2074.85009765625,2075.0,3692410000.0,339.82000732421875,340.5849914550781,300.99700927734375,311.0840148925781,107070000.0
2015-11-12,2072.2900390625,2072.2900390625,2045.6600341796875,2045.969970703125,4016370000.0,314.0790100097656,345.08099365234375,313.3559875488281,338.1520080566406,78477800.0
2015-11-13,2044.6400146484375,2044.6400146484375,2022.02001953125,2023.0400390625,4278750000.0,338.49798583984375,340.91400146484375,326.07501220703125,336.75299072265625,52003000.0
2015-11-14,,,,,,336.6239929199219,338.1809997558594,329.9700012207031,332.906005859375,38612000.0
2015-11-15,,,,,,333.0509948730469,334.6619873046875,317.489990234375,320.1659851074219,44213100.0
2015-11-16,2022.0799560546875,2053.219970703125,2019.3900146484375,2053.18994140625,3741240000.0,319.7349853515625,331.6260070800781,315.9049987792969,330.7510070800781,47980100.0
2015-11-17,2053.669921875,2066.68994140625,2045.9000244140625,2050.43994140625,4427350000.0,330.36199951171875,338.3500061035156,329.614013671875,335.093994140625,51001600.0
2015-11-18,2051.989990234375,2085.31005859375,2051.989990234375,2083.580078125,3926390000.0,334.5929870605469,336.531005859375,330.6400146484375,334.5899963378906,43783800.0
2015-11-19,2083.699951171875,2086.739990234375,2078.760009765625,2081.239990234375,3628110000.0,334.6789855957031,335.3340148925781,325.27301025390625,326.14898681640625,45011100.0
2015-11-20,2082.820068359375,2097.06005859375,2082.820068359375,2089.169921875,3929600000.0,326.4110107421875,326.4729919433594,312.2170104980469,322.0220031738281,53152900.0
2015-11-21,,,,,,322.0920104980469,328.15899658203125,319.5950012207031,326.927001953125,28200500.0
2015-11-22,,,,,,326.9750061035156,327.010009765625,321.2590026855469,324.5360107421875,23439400.0
2015-11-23,2089.409912109375,2095.610107421875,2081.389892578125,2086.590087890625,3587980000.0,324.3500061035156,325.1180114746094,321.2900085449219,323.0459899902344,27478900.0
2015-11-24,2084.419921875,2094.1201171875,2070.2900390625,2089.139892578125,3884930000.0,323.0140075683594,323.0580139160156,318.1180114746094,320.0459899902344,29362600.0
2015-11-25,2089.300048828125,2093.0,2086.300048828125,2088.8701171875,2852940000.0,320.0450134277344,329.1340026855469,316.7699890136719,328.20599365234375,41666900.0
2015-11-26,,,,,,328.3030090332031,366.7569885253906,328.22900390625,352.6839904785156,106105000.0
2015-11-27,2088.820068359375,2093.2900390625,2084.1298828125,2090.110107421875,1466840000.0,351.8609924316406,363.5889892578125,347.8699951171875,358.0419921875,55179100.0
2015-11-28,,,,,,357.1409912109375,359.5360107421875,352.1719970703125,357.3810119628906,36816600.0
2015-11-29,,,,,,357.47198486328125,371.9389953613281,355.6659851074219,371.29400634765625,40409300.0
2015-11-30,2090.949951171875,2093.81005859375,2080.409912109375,2080.409912109375,4275030000.0,371.43701171875,382.3630065917969,370.38299560546875,377.3210144042969,71701600.0
2015-12-01,2082.929931640625,2103.3701171875,2082.929931640625,2102.6298828125,3712120000.0,377.41400146484375,378.9309997558594,356.56298828125,362.4880065917969,60452200.0
2015-12-02,2101.7099609375,2104.27001953125,2077.110107421875,2079.510009765625,3950640000.0,361.8450012207031,362.23199462890625,349.4649963378906,359.18701171875,54160500.0
2015-12-03,2080.7099609375,2085.0,2042.3499755859375,2049.6201171875,4306490000.0,359.33099365234375,370.2749938964844,357.4119873046875,361.0459899902344,50714900.0
2015-12-04,2051.239990234375,2093.840087890625,2051.239990234375,2091.68994140625,4214910000.0,361.2619934082031,363.5159912109375,355.7569885253906,363.1830139160156,35784100.0
2015-12-05,,,,,,363.72100830078125,389.7850036621094,363.22900390625,388.9490051269531,66282200.0
2015-12-06,,,,,,389.55499267578125,402.8089904785156,387.0889892578125,388.7829895019531,77762000.0
2015-12-07,2090.419921875,2090.419921875,2066.780029296875,2077.070068359375,4043820000.0,389.9779968261719,399.968994140625,385.4110107421875,395.5360107421875,63455800.0
2015-12-08,2073.389892578125,2073.85009765625,2052.320068359375,2063.590087890625,4173570000.0,395.7539978027344,415.56298828125,389.95001220703125,415.56298828125,57801400.0
2015-12-09,2061.169921875,2080.330078125,2036.530029296875,2047.6199951171875,4385250000.0,414.4410095214844,423.1199951171875,406.2909851074219,417.56298828125,90917200.0
2015-12-10,2047.9300537109375,2067.64990234375,2045.6700439453125,2052.22998046875,3715150000.0,417.9880065917969,419.5090026855469,411.5480041503906,415.47900390625,52138900.0
2015-12-11,2047.27001953125,2047.27001953125,2008.800048828125,2012.3699951171875,4301060000.0,415.281005859375,451.93798828125,415.281005859375,451.93798828125,110944000.0
2015-12-12,,,,,,452.3349914550781,469.1029968261719,410.7409973144531,434.99700927734375,131969000.0
2015-12-13,,,,,,431.6600036621094,441.67999267578125,426.26800537109375,433.7550048828125,55050600.0
2015-12-14,2013.3699951171875,2022.9200439453125,1993.260009765625,2021.93994140625,4612440000.0,433.2720031738281,447.1419982910156,430.45599365234375,444.1820068359375,130496000.0
2015-12-15,2025.550048828125,2053.8701171875,2025.550048828125,2043.4100341796875,4353540000.0,443.87799072265625,465.3210144042969,443.87799072265625,465.3210144042969,83121104.0
2015-12-16,2046.5,2076.719970703125,2042.4300537109375,2073.070068359375,4635450000.0,465.2080078125,465.2080078125,443.85101318359375,454.9339904785156,107944000.0
2015-12-17,2073.760009765625,2076.3701171875,2041.6600341796875,2041.8900146484375,4327390000.0,454.7770080566406,457.8599853515625,448.8580017089844,456.0780029296875,47978400.0
2015-12-18,2040.81005859375,2040.81005859375,2005.3299560546875,2005.550048828125,6683070000.0,455.84698486328125,465.177001953125,454.94000244140625,463.6159973144531,60220100.0
2015-12-19,,,,,,463.552001953125,465.58099365234375,456.7650146484375,462.3219909667969,47892700.0
2015-12-20,,,,,,462.2340087890625,462.6449890136719,434.3380126953125,442.68499755859375,75409400.0
2015-12-21,2010.27001953125,2022.9000244140625,2005.9300537109375,2021.1500244140625,3760280000.0,442.8380126953125,444.72900390625,427.31201171875,438.6390075683594,77639696.0
2015-12-22,2023.1500244140625,2042.739990234375,2020.489990234375,2038.969970703125,3520860000.0,437.4360046386719,443.68798828125,435.5159912109375,436.5719909667969,50840400.0
2015-12-23,2042.199951171875,2064.72998046875,2042.199951171875,2064.2900390625,3484090000.0,436.7200012207031,444.52899169921875,436.6189880371094,442.4010009765625,47161400.0
2015-12-24,2063.52001953125,2067.360107421875,2058.72998046875,2060.989990234375,1411860000.0,443.09100341796875,458.45599365234375,443.0769958496094,454.9849853515625,57157200.0
2015-12-25,,,,,,454.8550109863281,458.30499267578125,452.07501220703125,455.65301513671875,39078500.0
2015-12-26,,,,,,455.7560119628906,457.489013671875,405.760009765625,417.27398681640625,116166000.0
2015-12-27,,,,,,416.5140075683594,424.0069885253906,408.88299560546875,422.822998046875,53591200.0
2015-12-28,2057.77001953125,2057.77001953125,2044.199951171875,2056.5,2492510000.0,423.3429870605469,429.7690124511719,418.4809875488281,422.27899169921875,49638600.0
2015-12-29,2060.5400390625,2081.56005859375,2060.5400390625,2078.360107421875,2542000000.0,422.0979919433594,432.9830017089844,420.62701416015625,432.9830017089844,51596500.0
2015-12-30,2077.340087890625,2077.340087890625,2061.969970703125,2063.360107421875,2367430000.0,433.29998779296875,434.3869934082031,422.0840148925781,426.6199951171875,46889400.0
2015-12-31,2060.590087890625,2062.5400390625,2043.6199951171875,2043.93994140625,2655330000.0,425.875,432.9209899902344,418.7349853515625,430.5669860839844,45996600.0
2016-01-01,,,,,,430.72100830078125,436.2460021972656,427.5150146484375,434.3340148925781,36278900.0
2016-01-02,,,,,,434.62200927734375,436.06201171875,431.8699951171875,433.43798828125,30096600.0
2016-01-03,,,,,,433.5780029296875,433.7430114746094,424.70599365234375,430.010986328125,39633800.0
2016-01-04,2038.199951171875,2038.199951171875,1989.6800537109375,2012.6600341796875,4304880000.0,430.0610046386719,434.5169982910156,429.0840148925781,433.09100341796875,38477500.0
2016-01-05,2013.780029296875,2021.93994140625,2004.1700439453125,2016.7099609375,3706620000.0,433.0690002441406,434.1820068359375,429.6759948730469,431.9599914550781,34522600.0
2016-01-06,2011.7099609375,2011.7099609375,1979.050048828125,1990.260009765625,4336660000.0,431.8559875488281,431.8559875488281,426.34100341796875,429.1050109863281,34042500.0
2016-01-07,1985.3199462890625,1985.3199462890625,1938.8299560546875,1943.0899658203125,5076590000.0,430.010986328125,458.7659912109375,429.0769958496094,458.0480041503906,87562200.0
2016-01-08,1945.969970703125,1960.4000244140625,1918.4599609375,1922.030029296875,4664940000.0,457.5379943847656,462.9339904785156,447.93798828125,453.2300109863281,56993000.0
2016-01-09,,,,,,453.38299560546875,454.6400146484375,446.8890075683594,447.6109924316406,32278000.0
2016-01-10,,,,,,448.2380065917969,448.3089904785156,440.35101318359375,447.9909973144531,35995900.0
2016-01-11,1926.1199951171875,1935.6500244140625,1901.0999755859375,1923.6700439453125,4607290000.0,448.697998046875,450.6619873046875,443.8550109863281,448.4280090332031,40450000.0
2016-01-12,1927.8299560546875,1947.3800048828125,1914.3499755859375,1938.6800537109375,4887260000.0,448.1820068359375,448.1820068359375,435.69000244140625,435.69000244140625,115607000.0
2016-01-13,1940.3399658203125,1950.3299560546875,1886.4100341796875,1890.280029296875,5087030000.0,434.6650085449219,435.1860046386719,424.4429931640625,432.3710021972656,173888000.0
2016-01-14,1891.6800537109375,1934.469970703125,1878.9300537109375,1921.8399658203125,5241110000.0,432.2879943847656,433.3240051269531,427.8450012207031,430.3059997558594,43945500.0
2016-01-15,1916.6800537109375,1916.6800537109375,1857.8299560546875,1880.3299560546875,5468460000.0,430.2550048828125,430.2550048828125,364.33099365234375,364.33099365234375,153351008.0
2016-01-16,,,,,,365.072998046875,390.5570068359375,354.91400146484375,387.5360107421875,120352000.0
2016-01-17,,,,,,387.1520080566406,390.9649963378906,380.0920104980469,382.29901123046875,45319600.0
2016-01-18,,,,,,381.7330017089844,388.10400390625,376.6650085449219,387.1679992675781,54403900.0
2016-01-19,1888.6600341796875,1901.43994140625,1864.5999755859375,1881.3299560546875,4928350000.0,387.0260009765625,387.7300109863281,378.97198486328125,380.14898681640625,46819800.0
2016-01-20,1876.1800537109375,1876.1800537109375,1812.2900390625,1859.3299560546875,6416070000.0,379.739990234375,425.2669982910156,376.5989990234375,420.2300109863281,121720000.0
2016-01-21,1861.4599609375,1889.8499755859375,1848.97998046875,1868.989990234375,5078810000.0,419.6319885253906,422.87701416015625,406.29998779296875,410.2619934082031,68338000.0
2016-01-22,1877.4000244140625,1908.8499755859375,1877.4000244140625,1906.9000244140625,4901760000.0,409.7510070800781,410.4100036621094,375.2820129394531,382.49200439453125,91546600.0
2016-01-23,,,,,,382.4339904785156,394.5429992675781,381.9809875488281,387.4909973144531,56247400.0
2016-01-24,,,,,,388.10198974609375,405.4849853515625,387.510009765625,402.97100830078125,54824800.0
2016-01-25,1906.280029296875,1906.280029296875,1875.969970703125,1877.0799560546875,4401380000.0,402.3169860839844,402.3169860839844,388.5539855957031,391.72601318359375,59062400.0
2016-01-26,1878.7900390625,1906.72998046875,1878.7900390625,1903.6300048828125,4357940000.0,392.00201416015625,397.7659912109375,390.57501220703125,392.15301513671875,58147000.0
2016-01-27,1902.52001953125,1916.989990234375,1872.699951171875,1882.949951171875,4754040000.0,392.4440002441406,396.8429870605469,391.7820129394531,394.97198486328125,47424400.0
2016-01-28,1885.219970703125,1902.9599609375,1873.6500244140625,1893.3599853515625,4693010000.0,395.14599609375,395.50201416015625,379.7349853515625,380.28900146484375,59247900.0
2016-01-29,1894.0,1940.239990234375,1894.0,1940.239990234375,5497570000.0,380.1080017089844,384.3789978027344,365.4519958496094,379.4739990234375,86125296.0
2016-01-30,,,,,,378.864990234375,380.9169921875,376.4909973144531,378.2550048828125,30284400.0
2016-01-31,,,,,,378.2929992675781,380.34698486328125,367.8349914550781,368.7669982910156,37894300.0
2016-02-01,1936.93994140625,1947.199951171875,1920.300048828125,1939.3800048828125,4322530000.0,369.3500061035156,378.0719909667969,367.9570007324219,373.0559997558594,51656700.0
2016-02-02,1935.260009765625,1935.260009765625,1897.2900390625,1903.030029296875,4463190000.0,372.9200134277344,375.88299560546875,372.9200134277344,374.447998046875,40378700.0
2016-02-03,1907.0699462890625,1918.010009765625,1872.22998046875,1912.530029296875,5172950000.0,374.64599609375,374.95001220703125,368.0450134277344,369.9490051269531,45933400.0
2016-02-04,1911.6700439453125,1927.3499755859375,1900.52001953125,1915.449951171875,5193320000.0,370.17401123046875,391.6080017089844,369.9930114746094,389.593994140625,69285504.0
2016-02-05,1913.0699462890625,1913.0699462890625,1872.6500244140625,1880.050048828125,4929940000.0,388.89801025390625,391.093994140625,385.5719909667969,386.54901123046875,43825000.0
2016-02-06,,,,,,386.5889892578125,386.6310119628906,372.3869934082031,376.5220031738281,49249300.0
2016-02-07,,,,,,376.5140075683594,380.8710021972656,374.90301513671875,376.6199951171875,37076300.0
2016-02-08,1873.25,1873.25,1828.4599609375,1853.43994140625,5636460000.0,376.7569885253906,379.8789978027344,373.3340148925781,373.4469909667969,47671100.0
2016-02-09,1848.4599609375,1868.25,1834.93994140625,1852.2099609375,5183220000.0,373.4230041503906,377.2460021972656,372.89801025390625,376.02899169921875,55318500.0
2016-02-10,1857.0999755859375,1881.5999755859375,1850.3199462890625,1851.8599853515625,4471170000.0,376.14599609375,385.4830017089844,375.7829895019531,381.64898681640625,85130896.0
2016-02-11,1847.0,1847.0,1810.0999755859375,1829.0799560546875,5500800000.0,382.114013671875,383.1300048828125,376.39898681640625,379.65399169921875,74375600.0
2016-02-12,1833.4000244140625,1864.780029296875,1833.4000244140625,1864.780029296875,4696920000.0,379.6860046386719,384.9540100097656,379.6000061035156,384.26300048828125,67042800.0
2016-02-13,,,,,,384.6409912109375,391.8599853515625,384.6409912109375,391.8599853515625,61911700.0
2016-02-14,,,,,,392.9320068359375,407.2300109863281,392.9320068359375,407.2300109863281,74469800.0
2016-02-15,,,,,,407.5679931640625,410.3810119628906,397.7489929199219,400.18499755859375,74070496.0
2016-02-16,1871.43994140625,1895.77001953125,1871.43994140625,1895.5799560546875,4570670000.0,401.4320068359375,408.94500732421875,401.4320068359375,407.4880065917969,73093104.0
2016-02-17,1898.800048828125,1930.6800537109375,1898.800048828125,1926.8199462890625,5011540000.0,407.656005859375,421.1669921875,406.78399658203125,416.3219909667969,83193600.0
2016-02-18,1927.5699462890625,1930.0,1915.0899658203125,1917.8299560546875,4436490000.0,416.5719909667969,425.9960021972656,415.63800048828125,422.37298583984375,76752600.0
2016-02-19,1916.739990234375,1918.780029296875,1902.1700439453125,1917.780029296875,4142850000.0,422.7300109863281,423.10400390625,417.60400390625,420.7850036621094,55711300.0
2016-02-20,,,,,,421.60101318359375,441.9840087890625,421.60101318359375,437.16400146484375,93992096.0
2016-02-21,,,,,,437.77301025390625,448.0459899902344,429.0769958496094,438.7980041503906,89820704.0
2016-02-22,1924.43994140625,1946.699951171875,1924.43994140625,1945.5,4054710000.0,438.989013671875,439.0450134277344,432.9169921875,437.74798583984375,85385200.0
2016-02-23,1942.3800048828125,1942.3800048828125,1919.43994140625,1921.27001953125,3890650000.0,438.2550048828125,439.8580017089844,417.8210144042969,420.7359924316406,85244896.0
2016-02-24,1917.56005859375,1932.0799560546875,1891.0,1929.800048828125,4317250000.0,420.95599365234375,425.54998779296875,413.9070129394531,424.9549865722656,67743696.0
2016-02-25,1931.8699951171875,1951.8299560546875,1925.4100341796875,1951.699951171875,4118210000.0,425.0369873046875,427.718994140625,420.4150085449219,424.54400634765625,70798000.0
2016-02-26,1954.949951171875,1962.9599609375,1945.780029296875,1948.050048828125,4348510000.0,424.6289978027344,432.1520080566406,421.6199951171875,432.1520080566406,61486000.0
2016-02-27,,,,,,432.8389892578125,434.2309875488281,428.1029968261719,432.5190124511719,41893600.0
2016-02-28,,,,,,432.5710144042969,435.6830139160156,423.82000732421875,433.5039978027344,53033400.0
2016-02-29,1947.1300048828125,1958.27001953125,1931.81005859375,1932.22998046875,4588180000.0,433.43798828125,441.5069885253906,431.6929931640625,437.6969909667969,60694700.0
2016-03-01,1937.0899658203125,1978.3499755859375,1937.0899658203125,1978.3499755859375,4819750000.0,437.9169921875,439.65301513671875,432.3190002441406,435.12298583984375,74895800.0
2016-03-02,1976.5999755859375,1986.510009765625,1968.800048828125,1986.449951171875,4666610000.0,435.1310119628906,435.9169921875,423.989013671875,423.989013671875,74955296.0
2016-03-03,1985.5999755859375,1993.68994140625,1977.3699951171875,1993.4000244140625,5081700000.0,423.9119873046875,425.37298583984375,419.4110107421875,421.6510009765625,100484000.0
2016-03-04,1994.010009765625,2009.1300048828125,1986.77001953125,1999.989990234375,6049930000.0,421.83599853515625,425.1780090332031,410.9389953613281,410.9389953613281,90856096.0
2016-03-05,,,,,,410.781005859375,411.2569885253906,394.0350036621094,400.57000732421875,135384992.0
2016-03-06,,,,,,400.5249938964844,411.9070129394531,395.77801513671875,407.7070007324219,91212496.0
2016-03-07,1996.1099853515625,2006.1199951171875,1989.3800048828125,2001.760009765625,4968180000.0,407.7569885253906,415.9169921875,406.3089904785156,414.3210144042969,85762400.0
2016-03-08,1996.8800048828125,1996.8800048828125,1977.4300537109375,1979.260009765625,4641650000.0,414.4649963378906,416.2430114746094,411.093994140625,413.97198486328125,70311696.0
2016-03-09,1981.43994140625,1992.68994140625,1979.8399658203125,1989.260009765625,4038120000.0,413.8940124511719,416.0320129394531,411.6059875488281,414.8599853515625,70012304.0
2016-03-10,1990.969970703125,2005.0799560546875,1969.25,1989.5699462890625,4376790000.0,414.7439880371094,417.5119934082031,413.2510070800781,417.1310119628906,81022896.0
2016-03-11,1994.7099609375,2022.3699951171875,1994.7099609375,2022.18994140625,4078620000.0,417.2380065917969,423.9259948730469,417.01300048828125,421.69000244140625,73969696.0
2016-03-12,,,,,,421.6050109863281,421.7950134277344,410.093994140625,411.6239929199219,92712896.0
2016-03-13,,,,,,411.64801025390625,416.60400390625,411.6419982910156,414.06500244140625,74322800.0
2016-03-14,2019.27001953125,2024.5699462890625,2012.050048828125,2019.6400146484375,3487850000.0,414.20098876953125,416.6839904785156,414.20098876953125,416.43798828125,95259400.0
2016-03-15,2015.27001953125,2015.93994140625,2005.22998046875,2015.9300537109375,3560280000.0,416.38800048828125,418.1310119628906,414.9849853515625,416.8299865722656,66781700.0
2016-03-16,2014.239990234375,2032.02001953125,2010.0400390625,2027.219970703125,4057020000.0,416.88800048828125,417.6860046386719,415.9119873046875,417.010986328125,65185800.0
2016-03-17,2026.9000244140625,2046.239990234375,2022.1600341796875,2040.5899658203125,4530480000.0,417.8890075683594,420.99700927734375,417.8890075683594,420.6210021972656,83528600.0
2016-03-18,2041.1600341796875,2052.360107421875,2041.1600341796875,2049.580078125,6503140000.0,420.5469970703125,420.5469970703125,406.1369934082031,409.5480041503906,104940000.0
2016-03-19,,,,,,409.2650146484375,410.9840087890625,407.2300109863281,410.4440002441406,58423000.0
2016-03-20,,,,,,410.4010009765625,414.625,410.4010009765625,413.7550048828125,45947900.0
2016-03-21,2047.8800048828125,2053.909912109375,2043.1400146484375,2051.60009765625,3376600000.0,413.4179992675781,413.4179992675781,410.3810119628906,413.3070068359375,61655400.0
2016-03-22,2048.639892578125,2056.60009765625,2040.5699462890625,2049.800048828125,3418460000.0,413.1319885253906,418.375,412.531005859375,418.0889892578125,66813300.0
2016-03-23,2048.550048828125,2048.550048828125,2034.8599853515625,2036.7099609375,3639510000.0,418.1610107421875,419.26800537109375,417.364013671875,418.0409851074219,61444200.0
2016-03-24,2032.47998046875,2036.0400390625,2022.489990234375,2035.93994140625,3407720000.0,418.42401123046875,418.67999267578125,415.4859924316406,416.3940124511719,68346704.0
2016-03-25,,,,,,416.50799560546875,418.0799865722656,415.5580139160156,417.177001953125,52560000.0
2016-03-26,,,,,,417.364990234375,418.98699951171875,416.2590026855469,417.94500732421875,44650400.0
2016-03-27,,,,,,418.1400146484375,428.7969970703125,417.71099853515625,426.7650146484375,71229400.0
2016-03-28,2037.8900146484375,2042.6700439453125,2031.9599609375,2037.050048828125,2809090000.0,426.5480041503906,426.85699462890625,423.2929992675781,424.2309875488281,68522800.0
2016-03-29,2035.75,2055.909912109375,2028.31005859375,2055.010009765625,3822330000.0,424.3039855957031,426.2030029296875,412.6809997558594,416.5159912109375,75411504.0
2016-03-30,2058.27001953125,2072.2099609375,2058.27001953125,2063.949951171875,3590310000.0,416.8340148925781,416.8340148925781,412.4960021972656,414.8160095214844,66034100.0
2016-03-31,2063.77001953125,2067.919921875,2057.4599609375,2059.739990234375,3715280000.0,415.2569885253906,418.3689880371094,415.2569885253906,416.72900390625,60215200.0
2016-04-01,2056.6201171875,2075.070068359375,2043.97998046875,2072.780029296875,3749990000.0,416.760009765625,418.1730041503906,415.83099365234375,417.9599914550781,51235700.0
2016-04-02,,,,,,418.4219970703125,422.08099365234375,418.4219970703125,420.87298583984375,45681200.0
2016-04-03,,,,,,421.1730041503906,421.5799865722656,419.6969909667969,420.90399169921875,38053700.0
2016-04-04,2073.18994140625,2074.02001953125,2062.570068359375,2066.1298828125,3485710000.0,421.29901123046875,422.3429870605469,419.60101318359375,421.4440002441406,50634300.0
2016-04-05,2062.5,2062.5,2042.56005859375,2045.1700439453125,4154920000.0,421.0169982910156,424.2569885253906,420.614013671875,424.0299987792969,60718000.0
2016-04-06,2045.56005859375,2067.330078125,2043.0899658203125,2066.659912109375,3750800000.0,424.28399658203125,424.5270080566406,422.72900390625,423.4129943847656,59091000.0
2016-04-07,2063.010009765625,2063.010009765625,2033.800048828125,2041.9100341796875,3801250000.0,423.6199951171875,423.6570129394531,420.51800537109375,422.7449951171875,57858600.0
2016-04-08,2045.5400390625,2060.6298828125,2041.68994140625,2047.5999755859375,3359530000.0,422.9070129394531,425.3609924316406,419.635009765625,420.3489990234375,63454700.0
2016-04-09,,,,,,420.8110046386719,420.8909912109375,416.5150146484375,419.4110107421875,49792700.0
2016-04-10,,,,,,419.5920104980469,422.43499755859375,419.2569885253906,421.5639953613281,73478600.0
2016-04-11,2050.22998046875,2062.929931640625,2041.8800048828125,2041.989990234375,3567840000.0,421.87200927734375,422.739013671875,420.5329895019531,422.4830017089844,50747500.0
2016-04-12,2043.719970703125,2065.050048828125,2039.739990234375,2061.719970703125,4239740000.0,422.8429870605469,427.2770080566406,422.8429870605469,425.19000244140625,70728800.0
2016-04-13,2065.919921875,2083.179931640625,2065.919921875,2082.419921875,4191830000.0,425.6319885253906,426.6579895019531,422.9159851074219,423.7340087890625,69060400.0
2016-04-14,2082.889892578125,2087.840087890625,2078.1298828125,2082.780029296875,3765870000.0,423.93499755859375,425.3710021972656,423.01300048828125,424.2820129394531,45281000.0
2016-04-15,2083.10009765625,2083.219970703125,2076.31005859375,2080.72998046875,3701450000.0,424.427001953125,429.9280090332031,424.427001953125,429.7130126953125,54801500.0
2016-04-16,,,,,,429.57501220703125,432.625,428.9840087890625,430.5719909667969,39392800.0
2016-04-17,,,,,,430.635986328125,431.3710021972656,426.0790100097656,427.39898681640625,52125900.0
2016-04-18,2078.830078125,2094.659912109375,2073.64990234375,2094.340087890625,3316880000.0,427.6109924316406,429.27398681640625,427.08599853515625,428.59100341796875,55670900.0
2016-04-19,2096.050048828125,2104.050048828125,2091.679931640625,2100.800048828125,3896830000.0,428.7030029296875,436.0199890136719,428.10400390625,435.5090026855469,52810500.0
2016-04-20,2101.52001953125,2111.050048828125,2096.320068359375,2102.39990234375,4184880000.0,435.3240051269531,443.0539855957031,434.406005859375,441.3890075683594,72890096.0
2016-04-21,2102.090087890625,2103.780029296875,2088.52001953125,2091.47998046875,4175290000.0,441.4159851074219,450.5480041503906,440.9519958496094,449.42498779296875,68204704.0
2016-04-22,2091.489990234375,2094.320068359375,2081.199951171875,2091.580078125,3790580000.0,449.68798828125,449.80999755859375,444.1499938964844,445.73699951171875,58804400.0
2016-04-23,,,,,,445.8609924316406,450.2820129394531,444.33099365234375,450.2820129394531,50485400.0
2016-04-24,,,,,,450.55999755859375,460.14599609375,448.9280090332031,458.55499267578125,68198400.0
2016-04-25,2089.3701171875,2089.3701171875,2077.52001953125,2087.7900390625,3319740000.0,459.1210021972656,466.6199951171875,453.5920104980469,461.4259948730469,87091800.0
2016-04-26,2089.840087890625,2096.8701171875,2085.800048828125,2091.699951171875,3557190000.0,461.64801025390625,467.9649963378906,461.6210021972656,466.0889892578125,78971904.0
2016-04-27,2092.330078125,2099.889892578125,2082.31005859375,2095.14990234375,4100110000.0,466.2619934082031,467.0790100097656,444.1340026855469,444.68701171875,93564896.0
2016-04-28,2090.929931640625,2099.300048828125,2071.6201171875,2075.81005859375,4309840000.0,445.0379943847656,449.5509948730469,436.6499938964844,449.010986328125,74064704.0
2016-04-29,2071.820068359375,2073.85009765625,2052.280029296875,2065.300048828125,4704720000.0,449.4079895019531,455.3840026855469,446.0169982910156,455.09698486328125,49258500.0
2016-04-30,,,,,,455.1780090332031,455.5870056152344,447.6969909667969,448.3179931640625,69322600.0
2016-05-01,,,,,,448.4840087890625,452.47900390625,447.927001953125,451.875,40660100.0
2016-05-02,2067.169921875,2083.419921875,2066.110107421875,2081.429931640625,3841110000.0,451.9330139160156,452.44500732421875,441.7760009765625,444.66900634765625,92127000.0
2016-05-03,2077.179931640625,2077.179931640625,2054.889892578125,2063.3701171875,4173390000.0,444.72698974609375,451.09698486328125,442.61700439453125,450.3039855957031,59366400.0
2016-05-04,2060.300048828125,2060.300048828125,2045.550048828125,2051.1201171875,4058560000.0,450.1830139160156,450.37799072265625,445.6300048828125,446.72198486328125,50407300.0
2016-05-05,2052.949951171875,2060.22998046875,2045.77001953125,2050.6298828125,4008530000.0,446.71099853515625,448.5060119628906,445.88299560546875,447.97601318359375,50440800.0
2016-05-06,2047.77001953125,2057.719970703125,2039.449951171875,2057.139892578125,3796350000.0,447.9419860839844,461.375,447.0679931640625,459.6029968261719,72796800.0
2016-05-07,,,,,,459.6390075683594,460.67498779296875,457.3240051269531,458.5360107421875,38364500.0
2016-05-08,,,,,,458.4289855957031,459.4169921875,455.9830017089844,458.5480041503906,40315000.0
2016-05-09,2057.550048828125,2064.14990234375,2054.31005859375,2058.68994140625,3788620000.0,458.20599365234375,462.4809875488281,456.531005859375,460.4830017089844,55493100.0
2016-05-10,2062.6298828125,2084.8701171875,2062.6298828125,2084.389892578125,3600200000.0,460.51800537109375,461.9289855957031,448.9540100097656,450.8949890136719,58956100.0
2016-05-11,2083.2900390625,2083.2900390625,2064.4599609375,2064.4599609375,3821980000.0,450.864013671875,454.57598876953125,450.864013671875,452.7279968261719,50605200.0
2016-05-12,2067.169921875,2073.989990234375,2053.1298828125,2064.110107421875,3782390000.0,452.4469909667969,454.9490051269531,449.25,454.7659912109375,59849300.0
2016-05-13,2062.5,2066.7900390625,2043.1300048828125,2046.6099853515625,3579880000.0,454.8500061035156,457.05499267578125,453.4530029296875,455.6700134277344,60845000.0
2016-05-14,,,,,,455.822998046875,456.83599853515625,454.7860107421875,455.6709899902344,37209000.0
2016-05-15,,,,,,455.7590026855469,458.6919860839844,455.4590148925781,457.5679931640625,28514000.0
2016-05-16,2046.530029296875,2071.8798828125,2046.530029296875,2066.659912109375,3501360000.0,457.58599853515625,458.20001220703125,452.94500732421875,454.1629943847656,59171500.0
2016-05-17,2065.0400390625,2065.68994140625,2040.8199462890625,2047.2099609375,4108960000.0,454.0090026855469,455.0719909667969,453.6050109863281,453.7829895019531,64100300.0
2016-05-18,2044.3800048828125,2060.610107421875,2034.489990234375,2047.6300048828125,4101320000.0,453.6910095214844,455.99798583984375,453.29901123046875,454.6189880371094,86850096.0
2016-05-19,2044.2099609375,2044.2099609375,2025.9100341796875,2040.0400390625,3846770000.0,454.52398681640625,454.63299560546875,438.7149963378906,438.7149963378906,96027400.0
2016-05-20,2041.8800048828125,2058.35009765625,2041.8800048828125,2052.320068359375,3507650000.0,437.7929992675781,444.0539855957031,437.3890075683594,442.6759948730469,81987904.0
2016-05-21,,,,,,442.96600341796875,443.77801513671875,441.70599365234375,443.18798828125,42762300.0
2016-05-22,,,,,,443.2179870605469,443.427001953125,439.0350036621094,439.322998046875,39657600.0
2016-05-23,2052.22998046875,2055.580078125,2047.260009765625,2048.0400390625,3055480000.0,439.3479919433594,444.3450012207031,438.822998046875,444.1549987792969,50582500.0
2016-05-24,2052.64990234375,2079.669921875,2052.64990234375,2076.06005859375,3627340000.0,444.2909851074219,447.1000061035156,443.92999267578125,445.9809875488281,65783100.0
2016-05-25,2078.929931640625,2094.72998046875,2078.929931640625,2090.5400390625,3859160000.0,446.06201171875,450.2980041503906,446.06201171875,449.5989990234375,65231000.0
2016-05-26,2091.43994140625,2094.300048828125,2087.080078125,2090.10009765625,3230990000.0,449.6719970703125,453.6440124511719,447.89599609375,453.3840026855469,65203800.0
2016-05-27,2090.06005859375,2099.06005859375,2090.06005859375,2099.06005859375,3079150000.0,453.52099609375,478.14898681640625,453.52099609375,473.4639892578125,164780992.0
2016-05-28,,,,,,473.02899169921875,533.4730224609375,472.6990051269531,530.0399780273438,181199008.0
2016-05-29,,,,,,527.4769897460938,553.9600219726562,512.1790161132812,526.2329711914062,148736992.0
2016-05-30,,,,,,528.4710083007812,544.3489990234375,522.9630126953125,533.864013671875,87958704.0
2016-05-31,2100.1298828125,2103.47998046875,2088.659912109375,2096.949951171875,4514410000.0,534.1909790039062,546.6179809570312,520.6619873046875,531.385986328125,138450000.0
2016-06-01,2093.93994140625,2100.969970703125,2085.10009765625,2099.330078125,3525170000.0,531.1069946289062,543.0800170898438,525.635986328125,536.9199829101562,86061800.0
2016-06-02,2097.7099609375,2105.260009765625,2088.590087890625,2105.260009765625,3632720000.0,536.5150146484375,540.3519897460938,533.0780029296875,537.9719848632812,60378200.0
2016-06-03,2104.070068359375,2104.070068359375,2085.360107421875,2099.1298828125,3627780000.0,537.6820068359375,574.6380004882812,536.9199829101562,569.1939697265625,122020000.0
2016-06-04,,,,,,569.7050170898438,590.1320190429688,564.2379760742188,572.7269897460938,94925296.0
2016-06-05,,,,,,573.3079833984375,582.8079833984375,569.177978515625,574.9769897460938,68874096.0
2016-06-06,2100.830078125,2113.360107421875,2100.830078125,2109.409912109375,3442020000.0,574.6019897460938,586.469970703125,574.6019897460938,585.5369873046875,72138896.0
2016-06-07,2110.179931640625,2119.219970703125,2110.179931640625,2112.1298828125,3534730000.0,585.4450073242188,590.2589721679688,567.5139770507812,576.5969848632812,107770000.0
2016-06-08,2112.7099609375,2120.550048828125,2112.7099609375,2119.1201171875,3562060000.0,577.1669921875,582.8389892578125,573.1300048828125,581.64501953125,80265800.0
2016-06-09,2115.64990234375,2117.639892578125,2107.72998046875,2115.47998046875,3290320000.0,582.2030029296875,582.2030029296875,570.9509887695312,574.6300048828125,71301000.0
2016-06-10,2109.570068359375,2109.570068359375,2089.9599609375,2096.070068359375,3515010000.0,575.8369750976562,579.1270141601562,573.3250122070312,577.469970703125,66991900.0
2016-06-11,,,,,,578.6740112304688,607.1160278320312,578.6740112304688,606.7269897460938,82357000.0
2016-06-12,,,,,,609.6840209960938,684.843994140625,607.0390014648438,672.7839965820312,277084992.0
2016-06-13,2091.75,2098.1201171875,2078.4599609375,2079.06005859375,3392030000.0,671.6539916992188,716.0040283203125,664.4869995117188,704.3759765625,243295008.0
2016-06-14,2076.64990234375,2081.300048828125,2064.10009765625,2075.320068359375,3759770000.0,704.5040283203125,704.5040283203125,662.8040161132812,685.5590209960938,186694000.0
2016-06-15,2077.60009765625,2085.64990234375,2069.800048828125,2071.5,3544720000.0,685.6849975585938,696.302978515625,672.5609741210938,694.468994140625,99223800.0
2016-06-16,2066.360107421875,2079.6201171875,2050.3701171875,2077.989990234375,3628280000.0,696.5230102539062,773.7219848632812,696.5230102539062,766.3079833984375,271633984.0
2016-06-17,2078.199951171875,2078.199951171875,2062.840087890625,2071.219970703125,4952630000.0,768.4869995117188,775.3560180664062,716.5560302734375,748.9089965820312,363320992.0
2016-06-18,,,,,,748.7559814453125,777.989990234375,733.9290161132812,756.2269897460938,252718000.0
2016-06-19,,,,,,756.68798828125,766.6209716796875,745.6279907226562,763.781005859375,136184992.0
2016-06-20,2075.580078125,2100.659912109375,2075.580078125,2083.25,3467440000.0,763.927001953125,764.083984375,732.7269897460938,737.2260131835938,174511008.0
2016-06-21,2085.18994140625,2093.659912109375,2083.02001953125,2088.89990234375,3232880000.0,735.8829956054688,735.8829956054688,639.0700073242188,666.6519775390625,309944000.0
2016-06-22,2089.75,2099.7099609375,2084.360107421875,2085.449951171875,3168160000.0,665.9149780273438,678.6699829101562,587.4829711914062,596.1160278320312,266392992.0
2016-06-23,2092.800048828125,2113.320068359375,2092.800048828125,2113.320068359375,3297940000.0,597.4429931640625,629.3270263671875,558.1389770507812,623.9769897460938,253462000.0
2016-06-24,2103.81005859375,2103.81005859375,2032.5699462890625,2037.4100341796875,7597450000.0,625.5750122070312,681.7269897460938,625.27197265625,665.2990112304688,224316992.0
2016-06-25,,,,,,665.281005859375,691.7310180664062,646.5590209960938,665.1229858398438,126656000.0
2016-06-26,,,,,,665.9310302734375,665.97998046875,616.9340209960938,629.3670043945312,109225000.0
2016-06-27,2031.449951171875,2031.449951171875,1991.6800537109375,2000.5400390625,5431220000.0,629.3489990234375,655.2750244140625,620.5239868164062,655.2750244140625,122134000.0
2016-06-28,2006.6700439453125,2036.0899658203125,2006.6700439453125,2036.0899658203125,4385810000.0,658.1019897460938,659.2479858398438,637.7730102539062,647.0009765625,138384992.0
2016-06-29,2042.68994140625,2073.1298828125,2042.68994140625,2070.77001953125,4241740000.0,644.1220092773438,644.6820068359375,628.2839965820312,639.8900146484375,142456000.0
2016-06-30,2073.169921875,2098.93994140625,2070.0,2098.860107421875,4622820000.0,640.5910034179688,675.4030151367188,636.6079711914062,673.3369750976562,138980000.0
2016-07-01,2099.340087890625,2108.7099609375,2097.89990234375,2102.949951171875,3458890000.0,672.5150146484375,686.1539916992188,669.593994140625,676.2960205078125,134431008.0
2016-07-02,,,,,,676.7340087890625,703.7020263671875,676.3989868164062,703.7020263671875,112354000.0
2016-07-03,,,,,,704.968017578125,704.968017578125,649.0089721679688,658.6640014648438,129512000.0
2016-07-04,,,,,,658.8040161132812,683.6619873046875,650.5079956054688,683.6619873046875,92008400.0
2016-07-05,2095.050048828125,2095.050048828125,2080.860107421875,2088.550048828125,3658380000.0,683.208984375,683.4910278320312,665.0659790039062,670.6270141601562,130476000.0
2016-07-06,2084.429931640625,2100.719970703125,2074.02001953125,2099.72998046875,3909380000.0,670.4180297851562,681.8980102539062,670.4180297851562,677.3309936523438,134960992.0
2016-07-07,2100.419921875,2109.080078125,2089.389892578125,2097.89990234375,3604550000.0,678.0900268554688,682.4320068359375,611.833984375,640.56201171875,258091008.0
2016-07-08,2106.969970703125,2131.7099609375,2106.969970703125,2129.89990234375,3607500000.0,640.68798828125,666.7069702148438,636.4669799804688,666.5230102539062,141970000.0
2016-07-09,,,,,,666.3839721679688,666.3839721679688,633.3989868164062,650.9600219726562,180536000.0
2016-07-10,,,,,,650.5989990234375,652.2940063476562,641.2639770507812,649.3599853515625,102532000.0
2016-07-11,2131.719970703125,2143.159912109375,2131.719970703125,2137.159912109375,3253340000.0,648.4840087890625,659.6290283203125,644.97998046875,647.6589965820312,107910000.0
2016-07-12,2139.5,2155.39990234375,2139.5,2152.139892578125,4097820000.0,648.2830200195312,675.2589721679688,646.7789916992188,664.551025390625,138172992.0
2016-07-13,2153.81005859375,2156.449951171875,2146.2099609375,2152.429931640625,3502320000.0,664.7969970703125,668.7000122070312,654.468017578125,654.468017578125,131449000.0
2016-07-14,2157.8798828125,2168.989990234375,2157.8798828125,2163.75,3465610000.0,652.9229736328125,662.9019775390625,652.9229736328125,658.0780029296875,98511400.0
2016-07-15,2165.1298828125,2169.050048828125,2155.7900390625,2161.739990234375,3122600000.0,659.1710205078125,667.0770263671875,659.0399780273438,663.2550048828125,81673104.0
2016-07-16,,,,,,663.781005859375,666.4600219726562,659.333984375,660.7670288085938,50330200.0
2016-07-17,,,,,,661.9929809570312,682.364990234375,661.9929809570312,679.458984375,74407904.0
2016-07-18,2162.0400390625,2168.35009765625,2159.6298828125,2166.889892578125,3009310000.0,679.8090209960938,681.5549926757812,668.625,673.1060180664062,69465000.0
2016-07-19,2163.7900390625,2164.6298828125,2159.010009765625,2163.780029296875,2968340000.0,672.7379760742188,673.2769775390625,667.6320190429688,672.864013671875,61203300.0
2016-07-20,2166.10009765625,2175.6298828125,2164.889892578125,2173.02001953125,3211860000.0,672.8060302734375,672.9290161132812,663.3599853515625,665.6849975585938,94636400.0
2016-07-21,2172.909912109375,2174.56005859375,2159.75,2165.169921875,3438900000.0,665.22802734375,666.218994140625,660.4149780273438,665.0120239257812,60491800.0
2016-07-22,2166.469970703125,2175.110107421875,2163.239990234375,2175.030029296875,3023280000.0,664.9219970703125,666.5830078125,646.7219848632812,650.6190185546875,134169000.0
2016-07-23,,,,,,650.7260131835938,656.3660278320312,648.5239868164062,655.5560302734375,69532200.0
2016-07-24,,,,,,655.4099731445312,663.1099853515625,652.7930297851562,661.2849731445312,118184000.0
2016-07-25,2173.7099609375,2173.7099609375,2161.949951171875,2168.47998046875,3057240000.0,661.2630004882812,661.8280029296875,653.39501953125,654.0969848632812,78176496.0
2016-07-26,2168.969970703125,2173.5400390625,2160.179931640625,2169.179931640625,3442350000.0,654.2260131835938,656.2249755859375,645.8790283203125,651.7839965820312,225135008.0
2016-07-27,2169.81005859375,2174.97998046875,2159.070068359375,2166.580078125,3995500000.0,651.6270141601562,657.4559936523438,648.447021484375,654.3519897460938,147460992.0
2016-07-28,2166.050048828125,2172.85009765625,2159.739990234375,2170.06005859375,3664240000.0,654.4920043945312,657.594970703125,654.4920043945312,655.0349731445312,86428400.0
2016-07-29,2168.830078125,2177.090087890625,2163.489990234375,2173.60009765625,4038840000.0,655.1110229492188,657.7960205078125,654.7860107421875,656.9920043945312,60703500.0
2016-07-30,,,,,,657.0120239257812,658.2230224609375,654.208984375,655.0469970703125,38456100.0
2016-07-31,,,,,,655.0999755859375,655.2849731445312,624.364990234375,624.6810302734375,110818000.0
2016-08-01,2173.14990234375,2178.2900390625,2166.2099609375,2170.840087890625,3505990000.0,624.6019897460938,626.1190185546875,605.8839721679688,606.27197265625,121887000.0
2016-08-02,2169.93994140625,2170.199951171875,2147.580078125,2157.030029296875,3848750000.0,606.39697265625,612.8480224609375,531.333984375,547.4650268554688,330932992.0
2016-08-03,2156.81005859375,2163.7900390625,2152.56005859375,2163.7900390625,3786530000.0,548.656005859375,573.3599853515625,541.5469970703125,566.35498046875,207982000.0
2016-08-04,2163.510009765625,2168.18994140625,2159.070068359375,2164.25,3709200000.0,566.3289794921875,579.4959716796875,565.7769775390625,578.2890014648438,125292000.0
2016-08-05,2168.7900390625,2182.8701171875,2168.7900390625,2182.8701171875,3663070000.0,578.281005859375,578.281005859375,569.9819946289062,575.0430297851562,66127900.0
2016-08-06,,,,,,575.030029296875,588.39599609375,569.468994140625,587.7780151367188,80797296.0
2016-08-07,,,,,,587.77099609375,597.5130004882812,586.8159790039062,592.6900024414062,82398400.0
2016-08-08,2183.760009765625,2185.43994140625,2177.85009765625,2180.889892578125,3327550000.0,592.7360229492188,592.9940185546875,588.0469970703125,591.0540161132812,61194100.0
2016-08-09,2182.239990234375,2187.659912109375,2178.610107421875,2181.739990234375,3334300000.0,591.0380249023438,591.0910034179688,584.7930297851562,587.801025390625,92228096.0
2016-08-10,2182.81005859375,2183.409912109375,2172.0,2175.489990234375,3254950000.0,587.6480102539062,599.9840087890625,586.3709716796875,592.10302734375,102905000.0
2016-08-11,2177.969970703125,2188.449951171875,2177.969970703125,2185.7900390625,3423160000.0,592.1240234375,597.5419921875,589.1199951171875,589.1199951171875,74514400.0
2016-08-12,2183.739990234375,2186.280029296875,2179.419921875,2184.050048828125,3000660000.0,588.7979736328125,589.9099731445312,583.8109741210938,587.5590209960938,69218000.0
2016-08-13,,,,,,587.3569946289062,589.7739868164062,584.97900390625,585.5880126953125,43563000.0
2016-08-14,,,,,,585.5889892578125,585.666015625,564.781005859375,570.4730224609375,60851100.0
2016-08-15,2186.080078125,2193.81005859375,2186.080078125,2190.14990234375,3078530000.0,570.4940185546875,573.5800170898438,563.239990234375,567.239990234375,57262300.0
2016-08-16,2186.239990234375,2186.239990234375,2178.139892578125,2178.14990234375,3196400000.0,567.2429809570312,581.7379760742188,566.7160034179688,577.4390258789062,58405200.0
2016-08-17,2177.840087890625,2183.080078125,2168.5,2182.219970703125,3388910000.0,577.760986328125,580.8939819335938,571.4299926757812,573.2160034179688,54443000.0
2016-08-18,2181.89990234375,2187.030029296875,2180.4599609375,2187.02001953125,3300570000.0,573.7069702148438,577.7919921875,573.4299926757812,574.3179931640625,59896600.0
2016-08-19,2184.239990234375,2185.0,2175.1298828125,2183.8701171875,3084800000.0,574.3389892578125,578.2379760742188,574.1820068359375,575.6300048828125,50631600.0
2016-08-20,,,,,,576.083984375,582.8179931640625,575.4569702148438,581.697021484375,45301400.0
2016-08-21,,,,,,581.9390258789062,584.1580200195312,580.218017578125,581.3079833984375,38299400.0
2016-08-22,2181.580078125,2185.14990234375,2175.9599609375,2182.639892578125,2777550000.0,581.3109741210938,588.447998046875,580.593994140625,586.7529907226562,72844000.0
2016-08-23,2187.81005859375,2193.419921875,2186.800048828125,2186.89990234375,3041490000.0,586.77099609375,589.4739990234375,581.6339721679688,583.4149780273438,85349200.0
2016-08-24,2185.090087890625,2186.659912109375,2171.25,2175.43994140625,3148280000.0,583.4119873046875,583.5900268554688,579.85498046875,580.1820068359375,56328200.0
2016-08-25,2173.2900390625,2179.0,2169.739990234375,2172.469970703125,2969310000.0,580.1799926757812,580.4509887695312,575.1669921875,577.760986328125,136130000.0
2016-08-26,2175.10009765625,2187.93994140625,2160.389892578125,2169.0400390625,3342340000.0,577.7529907226562,580.6229858398438,576.8579711914062,579.6510009765625,48856800.0
2016-08-27,,,,,,579.4520263671875,579.844970703125,568.6300048828125,569.947021484375,59698300.0
2016-08-28,,,,,,569.8300170898438,574.0380249023438,569.739990234375,573.9119873046875,86301600.0
2016-08-29,2170.18994140625,2183.47998046875,2170.18994140625,2180.3798828125,2654780000.0,574.0709838867188,576.2780151367188,573.4650268554688,574.1069946289062,110398000.0
2016-08-30,2179.449951171875,2182.27001953125,2170.409912109375,2176.1201171875,3006800000.0,574.114013671875,578.3569946289062,574.114013671875,577.5029907226562,70342400.0
2016-08-31,2173.56005859375,2173.7900390625,2161.35009765625,2170.949951171875,3766390000.0,577.5910034179688,577.8610229492188,573.6420288085938,575.4719848632812,75840896.0
2016-09-01,2171.330078125,2173.56005859375,2157.090087890625,2170.860107421875,3392120000.0,575.5460205078125,576.3109741210938,571.8140258789062,572.302978515625,76923400.0
2016-09-02,2177.489990234375,2184.8701171875,2173.590087890625,2179.97998046875,3091120000.0,572.4099731445312,575.6430053710938,570.8109741210938,575.5369873046875,79910800.0
2016-09-03,,,,,,575.5549926757812,599.5,574.0560302734375,598.2119750976562,159014000.0
2016-09-04,,,,,,598.5900268554688,611.8369750976562,596.8480224609375,608.6339721679688,97942896.0
2016-09-05,,,,,,608.989990234375,609.0549926757812,602.2420043945312,606.5900268554688,82446800.0
2016-09-06,2181.610107421875,2186.570068359375,2175.10009765625,2186.47998046875,3447650000.0,606.5059814453125,610.8300170898438,605.0910034179688,610.4359741210938,78529104.0
2016-09-07,2185.169921875,2187.8701171875,2179.070068359375,2186.159912109375,3319420000.0,610.572998046875,614.5449829101562,608.5130004882812,614.5440063476562,75032400.0
2016-09-08,2182.760009765625,2184.93994140625,2177.489990234375,2181.300048828125,3727840000.0,614.635009765625,628.77001953125,613.843994140625,626.3159790039062,86713000.0
2016-09-09,2169.080078125,2169.080078125,2127.81005859375,2127.81005859375,4233960000.0,626.3519897460938,626.8300170898438,620.2630004882812,622.8610229492188,64550200.0
2016-09-10,,,,,,622.927001953125,625.094970703125,622.39501953125,623.5089721679688,45016800.0
2016-09-11,,,,,,623.4240112304688,628.8179931640625,600.5059814453125,606.718994140625,73610800.0
2016-09-12,2120.860107421875,2163.300048828125,2119.1201171875,2159.0400390625,4010480000.0,607.0050048828125,608.458984375,605.4110107421875,608.2429809570312,72812304.0
2016-09-13,2150.469970703125,2150.469970703125,2120.27001953125,2127.02001953125,4141670000.0,608.0250244140625,611.1929931640625,606.9249877929688,609.2410278320312,86920600.0
2016-09-14,2127.860107421875,2141.330078125,2119.89990234375,2125.77001953125,3664100000.0,608.8410034179688,611.9520263671875,608.4099731445312,610.6840209960938,47877700.0
2016-09-15,2125.360107421875,2151.31005859375,2122.360107421875,2147.260009765625,3373720000.0,610.5880126953125,611.0859985351562,607.155029296875,607.155029296875,59464600.0
2016-09-16,2146.47998046875,2146.47998046875,2131.199951171875,2139.159912109375,5014360000.0,607.2459716796875,609.260986328125,606.7349853515625,606.9730224609375,64963400.0
2016-09-17,,,,,,607.218017578125,607.8599853515625,605.1920166015625,605.9840087890625,37140300.0
2016-09-18,,,,,,606.2830200195312,610.1580200195312,605.8560180664062,609.8740234375,48679400.0
2016-09-19,2143.989990234375,2153.610107421875,2135.909912109375,2139.1201171875,3141820000.0,609.8709716796875,610.9320068359375,608.27001953125,609.2269897460938,54796400.0
2016-09-20,2145.93994140625,2150.800048828125,2139.169921875,2139.760009765625,3117380000.0,609.2540283203125,609.5250244140625,607.93798828125,608.31201171875,72710896.0
2016-09-21,2144.580078125,2165.110107421875,2139.570068359375,2163.1201171875,3685450000.0,603.5880126953125,603.5880126953125,595.8829956054688,597.1489868164062,82776200.0
2016-09-22,2170.93994140625,2179.989990234375,2170.93994140625,2177.179931640625,3523860000.0,597.2789916992188,598.4869995117188,596.2130126953125,596.2979736328125,67085300.0
2016-09-23,2173.2900390625,2173.75,2163.969970703125,2164.68994140625,3289860000.0,596.198974609375,603.2050170898438,595.7860107421875,602.8419799804688,51067000.0
2016-09-24,,,,,,602.9609985351562,604.5800170898438,602.0449829101562,602.625,35359500.0
2016-09-25,,,,,,602.7490234375,603.3809814453125,599.7109985351562,600.8259887695312,33977800.0
2016-09-26,2158.5400390625,2158.5400390625,2145.0400390625,2146.10009765625,3199910000.0,600.8070068359375,608.1430053710938,600.3489990234375,608.0430297851562,59153800.0
2016-09-27,2146.0400390625,2161.1298828125,2141.550048828125,2159.929931640625,3414090000.0,608.02197265625,608.2479858398438,604.1099853515625,606.166015625,49422400.0
2016-09-28,2161.85009765625,2172.39990234375,2151.7900390625,2171.3701171875,3860390000.0,606.2429809570312,606.5900268554688,604.6069946289062,604.72802734375,48722600.0
2016-09-29,2168.89990234375,2172.669921875,2145.199951171875,2151.1298828125,4215620000.0,605.0189819335938,606.823974609375,604.8480224609375,605.6929931640625,55658600.0
2016-09-30,2156.510009765625,2175.300048828125,2156.510009765625,2168.27001953125,4158800000.0,605.7150268554688,609.7349853515625,604.1420288085938,609.7349853515625,56122400.0
2016-10-01,,,,,,609.9290161132812,615.2369995117188,609.9290161132812,613.9829711914062,56357000.0
2016-10-02,,,,,,613.947998046875,614.0050048828125,609.6820068359375,610.8920288085938,39249800.0
2016-10-03,2164.330078125,2164.409912109375,2154.77001953125,2161.199951171875,3113850000.0,610.968017578125,612.5679931640625,610.4550170898438,612.1329956054688,46798300.0
2016-10-04,2163.3701171875,2165.4599609375,2144.010009765625,2150.489990234375,3716100000.0,612.052001953125,612.0540161132812,609.47900390625,610.2039794921875,49801600.0
2016-10-05,2155.14990234375,2163.949951171875,2155.14990234375,2159.72998046875,3883710000.0,610.218017578125,613.8140258789062,609.6170043945312,612.510986328125,68077504.0
2016-10-06,2158.219970703125,2162.929931640625,2150.280029296875,2160.77001953125,3438040000.0,612.469970703125,613.8189697265625,611.468994140625,613.02099609375,56812100.0
2016-10-07,2164.18994140625,2165.860107421875,2144.85009765625,2153.739990234375,3578770000.0,612.6079711914062,617.9119873046875,611.8209838867188,617.1209716796875,64071400.0
2016-10-08,,,,,,617.3410034179688,619.8489990234375,617.3410034179688,619.1079711914062,42345900.0
2016-10-09,,,,,,619.1719970703125,619.197998046875,616.6069946289062,616.7520141601562,39243400.0
2016-10-10,2160.389892578125,2169.60009765625,2160.389892578125,2163.659912109375,2881970000.0,616.822021484375,621.3179931640625,616.197021484375,618.9940185546875,67481104.0
2016-10-11,2161.35009765625,2161.56005859375,2128.840087890625,2136.72998046875,3393060000.0,619.2379760742188,642.0800170898438,618.5,641.072021484375,103590000.0
2016-10-12,2137.669921875,2145.360107421875,2132.77001953125,2139.179931640625,2959510000.0,640.8709716796875,641.3369750976562,635.9650268554688,636.1920166015625,92370200.0
2016-10-13,2130.260009765625,2138.18994140625,2114.719970703125,2132.550048828125,3538030000.0,636.030029296875,638.8330078125,635.0289916992188,636.7860107421875,61620700.0
2016-10-14,2139.679931640625,2149.18994140625,2132.97998046875,2132.97998046875,3187910000.0,637.0079956054688,641.2849731445312,637.0079956054688,640.3779907226562,58144600.0
2016-10-15,,,,,,640.3109741210938,642.1019897460938,637.3900146484375,638.64599609375,39035400.0
2016-10-16,,,,,,639.0830078125,642.8980102539062,638.9010009765625,641.6309814453125,40298100.0
2016-10-17,2132.949951171875,2135.610107421875,2124.429931640625,2126.5,2832440000.0,641.8179931640625,642.3280029296875,638.6630249023438,639.1929931640625,58063600.0
2016-10-18,2138.31005859375,2144.3798828125,2135.489990234375,2139.60009765625,3172940000.0,639.4110107421875,640.7360229492188,635.9959716796875,637.9600219726562,65546700.0
2016-10-19,2140.81005859375,2148.43994140625,2138.14990234375,2144.2900390625,3364990000.0,638.1339721679688,638.8740234375,628.0130004882812,630.52001953125,69381696.0
2016-10-20,2142.510009765625,2147.179931640625,2133.43994140625,2141.340087890625,3339320000.0,630.6630249023438,631.9169921875,628.2579956054688,630.8569946289062,56957300.0
2016-10-21,2139.429931640625,2142.6298828125,2130.090087890625,2141.159912109375,3456390000.0,630.8250122070312,634.093994140625,630.6939697265625,632.8280029296875,55951000.0
2016-10-22,,,,,,633.135986328125,658.197021484375,632.8499755859375,657.2940063476562,78556496.0
2016-10-23,,,,,,657.6209716796875,661.1290283203125,653.885986328125,657.0709838867188,54474600.0
2016-10-24,2148.5,2154.7900390625,2146.909912109375,2151.330078125,3359950000.0,657.1610107421875,657.2520141601562,652.594970703125,653.760986328125,62218200.0
2016-10-25,2149.719970703125,2151.43994140625,2141.929931640625,2143.159912109375,3756200000.0,654.0020141601562,664.4240112304688,653.697998046875,657.5880126953125,90378800.0
2016-10-26,2136.969970703125,2145.72998046875,2131.590087890625,2139.429931640625,3778120000.0,657.677978515625,679.72802734375,657.677978515625,678.3040161132812,88877104.0
2016-10-27,2144.06005859375,2147.1298828125,2132.52001953125,2133.0400390625,4209400000.0,678.2139892578125,688.593994140625,678.0399780273438,688.31298828125,96105296.0
2016-10-28,2132.22998046875,2140.719970703125,2119.360107421875,2126.409912109375,4028270000.0,688.0,690.4439697265625,684.1619873046875,689.6510009765625,81145504.0
2016-10-29,,,,,,690.2890014648438,720.4019775390625,690.052001953125,714.47900390625,134760992.0
2016-10-30,,,,,,714.1179809570312,714.1179809570312,696.4749755859375,701.864013671875,100665000.0
2016-10-31,2129.780029296875,2133.25,2125.530029296875,2126.14990234375,3926560000.0,702.6400146484375,709.2890014648438,691.6820068359375,700.9719848632812,97064400.0
2016-11-01,2128.679931640625,2131.449951171875,2097.85009765625,2111.719970703125,4539190000.0,701.3369750976562,736.4520263671875,701.3369750976562,729.7930297851562,130527000.0
2016-11-02,2109.429931640625,2111.760009765625,2094.0,2097.93994140625,4289120000.0,730.0659790039062,740.8289794921875,722.3489990234375,740.8289794921875,84865200.0
2016-11-03,2098.800048828125,2102.56005859375,2085.22998046875,2088.659912109375,3892100000.0,742.3460083007812,745.7730102539062,678.156005859375,688.7000122070312,172808000.0
2016-11-04,2083.7900390625,2099.070068359375,2083.7900390625,2085.179931640625,3841910000.0,689.1240234375,706.9299926757812,685.56298828125,703.2349853515625,99907696.0
2016-11-05,,,,,,703.5250244140625,707.510009765625,697.739013671875,703.4180297851562,53752300.0
2016-11-06,,,,,,703.81201171875,714.2579956054688,699.5599975585938,711.52197265625,59902200.0
2016-11-07,2100.590087890625,2132.0,2100.590087890625,2131.52001953125,3739720000.0,710.7360229492188,710.7360229492188,699.9030151367188,703.1309814453125,65047100.0
2016-11-08,2129.919921875,2146.8701171875,2123.56005859375,2139.56005859375,3921850000.0,703.0889892578125,712.9869995117188,702.3900146484375,709.8480224609375,79660800.0
2016-11-09,2131.56005859375,2170.10009765625,2125.35009765625,2163.260009765625,6267590000.0,709.8250122070312,740.0460205078125,708.6099853515625,723.2730102539062,132429000.0
2016-11-10,2167.489990234375,2182.300048828125,2151.169921875,2167.47998046875,6458450000.0,722.843994140625,723.0180053710938,711.2100219726562,715.5339965820312,68807800.0
2016-11-11,2162.7099609375,2165.919921875,2152.489990234375,2164.449951171875,4993990000.0,715.5549926757812,718.3179931640625,714.4099731445312,716.4110107421875,63119700.0
2016-11-12,,,,,,716.7520141601562,717.1480102539062,704.0349731445312,705.0540161132812,64622500.0
2016-11-13,,,,,,705.1959838867188,705.2570190429688,687.3150024414062,702.031005859375,80318096.0
2016-11-14,2165.639892578125,2171.360107421875,2156.080078125,2164.199951171875,5373670000.0,701.9970092773438,706.2839965820312,699.8079833984375,705.02099609375,62993000.0
2016-11-15,2168.2900390625,2180.840087890625,2166.3798828125,2180.389892578125,4548110000.0,705.7940063476562,715.718017578125,705.260009765625,711.6190185546875,72038496.0
2016-11-16,2177.530029296875,2179.219970703125,2172.199951171875,2176.93994140625,3847900000.0,711.1669921875,747.614990234375,709.0390014648438,744.197998046875,141294000.0
2016-11-17,2178.610107421875,2188.06005859375,2176.64990234375,2187.1201171875,3811730000.0,744.8759765625,755.64501953125,739.510986328125,740.9769897460938,108579000.0
2016-11-18,2186.85009765625,2189.889892578125,2180.3798828125,2181.89990234375,3580900000.0,740.7050170898438,752.8820190429688,736.8900146484375,751.5850219726562,87363104.0
2016-11-19,,,,,,751.8330078125,756.2369995117188,744.4669799804688,751.6160278320312,110608000.0
2016-11-20,,,,,,751.8790283203125,755.47998046875,717.9439697265625,731.0260009765625,154116000.0
2016-11-21,2186.429931640625,2198.699951171875,2186.429931640625,2198.179931640625,3611500000.0,731.2650146484375,741.7219848632812,730.510009765625,739.2479858398438,60802400.0
2016-11-22,2201.56005859375,2204.800048828125,2194.510009765625,2202.93994140625,3960520000.0,739.6430053710938,753.8699951171875,736.5269775390625,751.3469848632812,129906000.0
2016-11-23,2198.550048828125,2204.719970703125,2194.510009765625,2204.719970703125,3419850000.0,751.7410278320312,752.25,738.9240112304688,744.593994140625,76543800.0
2016-11-24,,,,,,744.6199951171875,746.8319702148438,733.489990234375,740.2890014648438,85919296.0
2016-11-25,2206.27001953125,2213.35009765625,2206.27001953125,2213.35009765625,1584590000.0,740.4420166015625,741.6489868164062,734.5910034179688,741.6489868164062,67807600.0
2016-11-26,,,,,,741.510986328125,742.2139892578125,729.625,735.3820190429688,54962700.0
2016-11-27,,,,,,735.43701171875,739.0180053710938,731.0850219726562,732.0349731445312,52601800.0
2016-11-28,2210.2099609375,2211.139892578125,2200.360107421875,2201.719970703125,3515100000.0,732.4840087890625,738.0059814453125,732.4840087890625,735.81298828125,61888600.0
2016-11-29,2200.760009765625,2210.4599609375,2198.14990234375,2204.659912109375,3709190000.0,736.3289794921875,737.4710083007812,734.5590209960938,735.60400390625,68511104.0
2016-11-30,2204.969970703125,2214.10009765625,2198.81005859375,2198.81005859375,5538400000.0,736.2839965820312,747.9290161132812,736.2650146484375,745.6909790039062,84070800.0
2016-12-01,2200.169921875,2202.60009765625,2187.43994140625,2191.080078125,5067470000.0,746.0460205078125,758.2750244140625,746.0460205078125,756.7739868164062,80461904.0
2016-12-02,2191.1201171875,2197.949951171875,2188.3701171875,2191.949951171875,3782370000.0,757.5449829101562,781.2960205078125,757.5449829101562,777.9439697265625,127605000.0
2016-12-03,,,,,,778.2479858398438,778.2479858398438,764.8560180664062,771.155029296875,69547296.0
2016-12-04,,,,,,771.6380004882812,773.8720092773438,768.1610107421875,773.8720092773438,60557900.0
2016-12-05,2200.64990234375,2209.419921875,2199.969970703125,2204.7099609375,3898530000.0,773.3939819335938,773.468017578125,751.7130126953125,758.7000122070312,106363000.0
2016-12-06,2207.260009765625,2212.780029296875,2202.2099609375,2212.22998046875,3857290000.0,758.719970703125,765.6220092773438,758.719970703125,764.2239990234375,116218000.0
2016-12-07,2210.719970703125,2241.6298828125,2208.929931640625,2241.35009765625,4504070000.0,764.2109985351562,771.5430297851562,759.75,768.1320190429688,96426096.0
2016-12-08,2241.1298828125,2251.68994140625,2237.570068359375,2246.18994140625,4203270000.0,768.0759887695312,774.697998046875,765.9459838867188,770.8099975585938,80111904.0
2016-12-09,2249.72998046875,2259.800048828125,2249.22998046875,2259.530029296875,3886460000.0,769.9439697265625,774.5280151367188,769.6489868164062,772.7940063476562,68705296.0
2016-12-10,,,,,,773.0230102539062,777.0919799804688,772.9099731445312,774.6500244140625,53843100.0
2016-12-11,,,,,,774.7520141601562,774.7979736328125,765.4119873046875,769.7310180664062,57313400.0
2016-12-12,2258.830078125,2264.030029296875,2252.3701171875,2256.9599609375,4038850000.0,770.0399780273438,781.9219970703125,770.0399780273438,780.0869750976562,76571000.0
2016-12-13,2263.320068359375,2277.530029296875,2263.320068359375,2271.719970703125,3875630000.0,780.64697265625,788.4600219726562,777.9619750976562,780.5560302734375,81645600.0
2016-12-14,2268.35009765625,2276.199951171875,2248.43994140625,2253.280029296875,4409670000.0,780.0050048828125,782.0339965820312,776.8389892578125,781.4810180664062,75979000.0
2016-12-15,2253.77001953125,2272.1201171875,2253.77001953125,2262.030029296875,4173360000.0,780.0700073242188,781.4349975585938,777.802001953125,778.0880126953125,81580096.0
2016-12-16,2266.81005859375,2268.050048828125,2254.239990234375,2258.070068359375,5928980000.0,778.9630126953125,785.031982421875,778.9630126953125,784.906982421875,83608200.0
2016-12-17,,,,,,785.166015625,792.5089721679688,784.864013671875,790.8289794921875,78989800.0
2016-12-18,,,,,,791.0079956054688,794.7369995117188,788.0260009765625,790.530029296875,60524400.0
2016-12-19,2259.239990234375,2267.469970703125,2258.2099609375,2262.530029296875,3252840000.0,790.6920166015625,793.6110229492188,790.3200073242188,792.7139892578125,74886400.0
2016-12-20,2266.5,2272.56005859375,2266.139892578125,2270.760009765625,3306250000.0,792.2470092773438,801.3369750976562,791.4970092773438,800.8759765625,99629296.0
2016-12-21,2270.5400390625,2271.22998046875,2265.14990234375,2265.179931640625,2854880000.0,800.6439819335938,834.281005859375,799.405029296875,834.281005859375,155576000.0
2016-12-22,2262.929931640625,2263.179931640625,2256.080078125,2260.9599609375,2880670000.0,834.1799926757812,875.781982421875,834.1489868164062,864.5399780273438,200027008.0
2016-12-23,2260.25,2263.7900390625,2258.840087890625,2263.7900390625,2021230000.0,864.8880004882812,925.1170043945312,864.677001953125,921.9840087890625,275564000.0
2016-12-24,,,,,,922.1799926757812,923.47900390625,886.3350219726562,898.822021484375,137727008.0
2016-12-25,,,,,,899.6519775390625,899.6519775390625,862.4240112304688,896.1829833984375,143664992.0
2016-12-26,,,,,,896.905029296875,913.1840209960938,896.8980102539062,907.6099853515625,123771000.0
2016-12-27,2266.22998046875,2273.820068359375,2266.14990234375,2268.8798828125,1989730000.0,908.35400390625,940.0479736328125,904.2550048828125,933.197998046875,167308000.0
2016-12-28,2270.22998046875,2271.31005859375,2249.110107421875,2249.919921875,2402750000.0,934.8309936523438,975.9210205078125,934.8309936523438,975.9210205078125,236630000.0
2016-12-29,2249.5,2254.510009765625,2244.56005859375,2249.260009765625,2338700000.0,975.125,979.39697265625,954.5029907226562,973.4970092773438,199320000.0
2016-12-30,2251.610107421875,2253.580078125,2233.6201171875,2238.830078125,2671550000.0,972.5349731445312,972.5349731445312,934.8330078125,961.2379760742188,187474000.0
2016-12-31,,,,,,960.6270141601562,963.7429809570312,947.2360229492188,963.7429809570312,99135104.0
2017-01-01,,,,,,963.6580200195312,1003.0800170898438,958.698974609375,998.3250122070312,147775008.0
2017-01-02,,,,,,998.6170043945312,1031.3900146484375,996.7020263671875,1021.75,222184992.0
2017-01-03,2251.570068359375,2263.8798828125,2245.1298828125,2257.830078125,3773010000.0,1021.5999755859375,1044.0799560546875,1021.5999755859375,1043.8399658203125,185168000.0
2017-01-04,2261.60009765625,2272.820068359375,2261.60009765625,2270.75,3768890000.0,1044.4000244140625,1159.4200439453125,1044.4000244140625,1154.72998046875,344945984.0
2017-01-05,2268.179931640625,2271.5,2260.449951171875,2269.0,3785080000.0,1156.72998046875,1191.0999755859375,910.4169921875,1013.3800048828125,510199008.0
2017-01-06,2271.139892578125,2282.10009765625,2264.06005859375,2276.97998046875,3342080000.0,1014.239990234375,1046.81005859375,883.9439697265625,902.2009887695312,351876000.0
2017-01-07,,,,,,903.4869995117188,908.5850219726562,823.5560302734375,908.5850219726562,279550016.0
2017-01-08,,,,,,908.1749877929688,942.7239990234375,887.2490234375,911.198974609375,158715008.0
2017-01-09,2273.590087890625,2275.489990234375,2268.89990234375,2268.89990234375,3219730000.0,913.2440185546875,913.6859741210938,879.8070068359375,902.8280029296875,141876992.0
2017-01-10,2269.719970703125,2279.27001953125,2265.27001953125,2268.89990234375,3640560000.0,902.4400024414062,914.8729858398438,901.0599975585938,907.6790161132812,115808000.0
2017-01-11,2268.60009765625,2275.320068359375,2260.830078125,2275.320068359375,3625080000.0,908.114990234375,919.447998046875,762.7650146484375,777.7570190429688,310928992.0
2017-01-12,2271.139892578125,2271.780029296875,2254.25,2270.43994140625,3466220000.0,775.177978515625,826.2459716796875,755.7559814453125,804.833984375,222326000.0
2017-01-13,2272.739990234375,2278.679931640625,2271.510009765625,2274.639892578125,3090680000.0,803.7369995117188,829.0009765625,780.0029907226562,823.9840087890625,168968000.0
2017-01-14,,,,,,825.1420288085938,835.0850219726562,812.4559936523438,818.4119873046875,93063296.0
2017-01-15,,,,,,818.1420288085938,823.3070068359375,812.8709716796875,821.7979736328125,71013600.0
2017-01-16,,,,,,821.7830200195312,834.530029296875,820.27099609375,831.5339965820312,82755200.0
2017-01-17,2269.139892578125,2272.080078125,2262.81005859375,2267.889892578125,3586950000.0,830.9459838867188,910.5609741210938,830.7960205078125,907.93798828125,155095008.0
2017-01-18,2269.139892578125,2272.010009765625,2263.35009765625,2271.889892578125,3317670000.0,909.3729858398438,917.4990234375,858.3040161132812,886.6179809570312,225676992.0
2017-01-19,2271.89990234375,2274.330078125,2258.409912109375,2263.68994140625,3168390000.0,888.3350219726562,904.614013671875,884.3380126953125,899.072998046875,105625000.0
2017-01-20,2269.9599609375,2276.9599609375,2265.010009765625,2271.31005859375,3536850000.0,898.1719970703125,899.3980102539062,887.0079956054688,895.0260009765625,86728400.0
2017-01-21,,,,,,895.5490112304688,927.3670043945312,895.5349731445312,921.7890014648438,111158000.0
2017-01-22,,,,,,922.2050170898438,937.5250244140625,897.5640258789062,924.6729736328125,116573000.0
2017-01-23,2267.780029296875,2271.780029296875,2257.02001953125,2265.199951171875,3155240000.0,925.4990234375,928.2659912109375,916.7379760742188,921.0120239257812,73588600.0
2017-01-24,2267.8798828125,2284.6298828125,2266.679931640625,2280.070068359375,3816950000.0,910.677001953125,924.14501953125,892.2860107421875,892.68701171875,111349000.0
2017-01-25,2288.8798828125,2299.550048828125,2288.8798828125,2298.3701171875,3849340000.0,891.9240112304688,903.2520141601562,891.68701171875,901.5419921875,120831000.0
2017-01-26,2298.6298828125,2300.989990234375,2294.080078125,2296.679931640625,3611510000.0,902.39501953125,919.3259887695312,902.2239990234375,917.5859985351562,131958000.0
2017-01-27,2299.02001953125,2299.02001953125,2291.6201171875,2294.68994140625,3137420000.0,918.3590087890625,923.2230224609375,915.8460083007812,919.75,125594000.0
2017-01-28,,,,,,919.8109741210938,923.9110107421875,919.8109741210938,921.5900268554688,68979600.0
2017-01-29,,,,,,922.0670166015625,923.4180297851562,919.1480102539062,919.4959716796875,60851700.0
2017-01-30,2286.010009765625,2286.010009765625,2268.0400390625,2280.89990234375,3595040000.0,920.1510009765625,923.0479736328125,919.4739990234375,920.3820190429688,78227296.0
2017-01-31,2274.02001953125,2279.090087890625,2267.2099609375,2278.8701171875,4089730000.0,920.958984375,972.0189819335938,920.958984375,970.4030151367188,164582000.0
2017-02-01,2285.590087890625,2289.139892578125,2272.43994140625,2279.550048828125,3919190000.0,970.9409790039062,989.114013671875,970.7420043945312,989.0230102539062,150110000.0
2017-02-02,2276.68994140625,2283.969970703125,2271.64990234375,2280.85009765625,3809760000.0,990.0009765625,1013.52001953125,983.2210083007812,1011.7999877929688,145820992.0
2017-02-03,2288.5400390625,2298.31005859375,2287.8798828125,2297.419921875,3605970000.0,1011.4600219726562,1033.8699951171875,1008.7899780273438,1029.9100341796875,201278000.0
2017-02-04,,,,,,1031.3299560546875,1045.9000244140625,1015.1599731445312,1042.9000244140625,155064000.0
2017-02-05,,,,,,1043.52001953125,1043.6300048828125,1022.3699951171875,1027.3399658203125,114208000.0
2017-02-06,2294.280029296875,2296.179931640625,2288.570068359375,2292.56005859375,3112390000.0,1028.4000244140625,1044.6400146484375,1028.1600341796875,1038.1500244140625,111762000.0
2017-02-07,2295.8701171875,2299.39990234375,2290.159912109375,2293.080078125,3452460000.0,1040.1400146484375,1061.9300537109375,1040.1400146484375,1061.3499755859375,146007008.0
2017-02-08,2289.550048828125,2295.909912109375,2285.3798828125,2294.669921875,3611950000.0,1062.3199462890625,1078.969970703125,1037.489990234375,1063.0699462890625,201855008.0
2017-02-09,2296.699951171875,2311.080078125,2296.610107421875,2307.8701171875,3681600000.0,1064.699951171875,1088.989990234375,953.343994140625,994.3829956054688,407220000.0
2017-02-10,2312.27001953125,2319.22998046875,2311.10009765625,2316.10009765625,3496600000.0,995.6320190429688,998.905029296875,946.6909790039062,988.6740112304688,190452000.0
2017-02-11,,,,,,988.8980102539062,1009.2899780273438,982.8300170898438,1004.4500122070312,102261000.0
2017-02-12,,,,,,1003.52001953125,1004.760009765625,996.9210205078125,999.1810302734375,67530000.0
2017-02-13,2321.719970703125,2331.580078125,2321.419921875,2328.25,3352370000.0,998.885009765625,1002.0999755859375,976.0020141601562,990.6420288085938,100607000.0
2017-02-14,2326.1201171875,2337.580078125,2322.169921875,2337.580078125,3528040000.0,991.7349853515625,1011.510009765625,986.4710083007812,1004.5499877929688,137946000.0
2017-02-15,2335.580078125,2351.300048828125,2334.81005859375,2349.25,3785870000.0,1006.2100219726562,1008.8400268554688,1001.5800170898438,1007.47998046875,89759400.0
2017-02-16,2349.639892578125,2351.31005859375,2338.8701171875,2347.219970703125,3675900000.0,1007.6500244140625,1033.3699951171875,1007.6500244140625,1027.43994140625,122277000.0
2017-02-17,2343.010009765625,2351.159912109375,2339.580078125,2351.159912109375,3516830000.0,1026.1199951171875,1053.1700439453125,1025.6400146484375,1046.2099609375,136474000.0
2017-02-18,,,,,,1049.2099609375,1061.0999755859375,1046.9599609375,1054.4200439453125,99073504.0
2017-02-19,,,,,,1054.760009765625,1056.81005859375,1043.4599609375,1047.8699951171875,77423296.0
2017-02-20,,,,,,1048.68994140625,1080.489990234375,1041.68994140625,1079.97998046875,109478000.0
2017-02-21,2354.909912109375,2366.7099609375,2354.909912109375,2365.3798828125,3587520000.0,1079.280029296875,1117.25,1076.9300537109375,1115.300048828125,186868992.0
2017-02-22,2361.110107421875,2365.1298828125,2358.340087890625,2362.820068359375,3473170000.0,1114.800048828125,1125.3900146484375,1100.550048828125,1117.43994140625,136100000.0
2017-02-23,2367.5,2368.260009765625,2355.090087890625,2363.81005859375,4021770000.0,1117.27001953125,1176.6199951171875,1116.9599609375,1166.719970703125,189454000.0
2017-02-24,2355.72998046875,2367.340087890625,2352.8701171875,2367.340087890625,3832410000.0,1172.7099609375,1200.3900146484375,1131.9599609375,1173.6800537109375,330759008.0
2017-02-25,,,,,,1170.4100341796875,1174.8499755859375,1124.5899658203125,1143.8399658203125,139960992.0
2017-02-26,,,,,,1144.27001953125,1167.469970703125,1130.199951171875,1165.199951171875,116486000.0
2017-02-27,2365.22998046875,2371.5400390625,2361.8701171875,2369.75,3584680000.0,1163.780029296875,1181.97998046875,1163.3800048828125,1179.969970703125,131570000.0
2017-02-28,2366.080078125,2367.7900390625,2358.9599609375,2363.639892578125,4212460000.0,1180.719970703125,1193.25,1171.8199462890625,1179.969970703125,184956000.0
2017-03-01,2380.1298828125,2400.97998046875,2380.1298828125,2395.9599609375,4347630000.0,1180.0400390625,1222.5,1179.68994140625,1222.5,229056992.0
2017-03-02,2394.75,2394.75,2380.169921875,2381.919921875,3824030000.0,1224.6800537109375,1262.1300048828125,1215.6199951171875,1251.010009765625,368275008.0
2017-03-03,2380.919921875,2383.889892578125,2375.389892578125,2383.1201171875,3556670000.0,1250.7099609375,1280.31005859375,1250.7099609375,1274.989990234375,315739008.0
2017-03-04,,,,,,1277.4300537109375,1279.4000244140625,1230.510009765625,1255.1500244140625,183270000.0
2017-03-05,,,,,,1254.2900390625,1267.2900390625,1238.06005859375,1267.1199951171875,134127000.0
2017-03-06,2375.22998046875,2378.800048828125,2367.97998046875,2375.31005859375,3251800000.0,1267.469970703125,1276.0,1264.5999755859375,1272.8299560546875,153656992.0
2017-03-07,2370.739990234375,2375.1201171875,2365.510009765625,2368.389892578125,3526300000.0,1273.2099609375,1275.550048828125,1204.800048828125,1223.5400390625,291256000.0
2017-03-08,2369.81005859375,2373.090087890625,2361.010009765625,2362.97998046875,3814080000.0,1223.22998046875,1232.1600341796875,1148.0799560546875,1150.0,332603008.0
2017-03-09,2363.489990234375,2369.080078125,2354.5400390625,2364.8701171875,3718450000.0,1150.3499755859375,1197.4599609375,1141.22998046875,1188.489990234375,212283008.0
2017-03-10,2372.52001953125,2376.860107421875,2363.0400390625,2372.60009765625,3434400000.0,1189.3599853515625,1270.469970703125,1077.25,1116.719970703125,563795968.0
2017-03-11,,,,,,1116.3199462890625,1193.8299560546875,1116.3199462890625,1175.8299560546875,283320000.0
2017-03-12,,,,,,1176.6199951171875,1226.97998046875,1175.3599853515625,1221.3800048828125,227176000.0
2017-03-13,2371.56005859375,2374.419921875,2368.52001953125,2373.469970703125,3166650000.0,1221.780029296875,1237.3699951171875,1217.030029296875,1231.9200439453125,380276992.0
2017-03-14,2368.550048828125,2368.550048828125,2358.179931640625,2365.449951171875,3173760000.0,1232.1600341796875,1244.81005859375,1220.719970703125,1240.0,245306000.0
2017-03-15,2370.340087890625,2390.010009765625,2368.93994140625,2385.260009765625,3909490000.0,1240.1600341796875,1251.6099853515625,1239.75,1249.6099853515625,297804992.0
2017-03-16,2387.7099609375,2388.10009765625,2377.179931640625,2381.3798828125,3368880000.0,1251.3299560546875,1257.97998046875,1152.43994140625,1187.81005859375,638568000.0
2017-03-17,2383.7099609375,2385.7099609375,2377.639892578125,2378.25,5179820000.0,1180.1600341796875,1180.1600341796875,1099.5699462890625,1100.22998046875,706598976.0
2017-03-18,,,,,,1099.68994140625,1114.0699462890625,957.655029296875,973.8179931640625,621302016.0
2017-03-19,,,,,,976.72998046875,1069.9100341796875,976.72998046875,1036.739990234375,406648000.0
2017-03-20,2378.239990234375,2379.550048828125,2369.659912109375,2373.469970703125,3061560000.0,1037.239990234375,1063.030029296875,1036.6800537109375,1054.22998046875,286529984.0
2017-03-21,2379.320068359375,2381.929931640625,2341.89990234375,2344.02001953125,4278890000.0,1055.3599853515625,1122.4300537109375,1055.3599853515625,1120.5400390625,337391008.0
2017-03-22,2343.0,2351.81005859375,2336.449951171875,2348.449951171875,3575160000.0,1120.6500244140625,1120.6500244140625,1014.2100219726562,1049.1400146484375,380840992.0
2017-03-23,2345.969970703125,2358.919921875,2342.1298828125,2345.9599609375,3262400000.0,1050.050048828125,1058.010009765625,1028.9300537109375,1038.5899658203125,248540000.0
2017-03-24,2350.419921875,2356.219970703125,2335.739990234375,2343.97998046875,2978530000.0,1038.449951171875,1040.469970703125,934.3579711914062,937.52001953125,491038016.0
2017-03-25,,,,,,936.5399780273438,975.760986328125,903.7130126953125,972.7789916992188,435803008.0
2017-03-26,,,,,,974.0150146484375,1007.9600219726562,954.1859741210938,966.7249755859375,303668000.0
2017-03-27,2329.110107421875,2344.89990234375,2322.25,2341.590087890625,3242300000.0,972.0549926757812,1046.4000244140625,971.9840087890625,1045.77001953125,372535008.0
2017-03-28,2339.7900390625,2363.780029296875,2337.6298828125,2358.570068359375,3369120000.0,1044.5799560546875,1064.6500244140625,1027.72998046875,1047.1500244140625,326332000.0
2017-03-29,2356.5400390625,2363.360107421875,2352.93994140625,2361.1298828125,3107670000.0,1046.0799560546875,1055.1300048828125,1015.8800048828125,1039.969970703125,298457984.0
2017-03-30,2361.31005859375,2370.419921875,2358.580078125,2368.06005859375,3159680000.0,1042.2099609375,1049.2900390625,1020.0399780273438,1026.4300537109375,352968992.0
2017-03-31,2364.820068359375,2370.35009765625,2362.60009765625,2362.719970703125,3356740000.0,1026.6400146484375,1074.9200439453125,1026.6400146484375,1071.7900390625,447287008.0
2017-04-01,,,,,,1071.7099609375,1091.719970703125,1061.0899658203125,1080.5,289633984.0
2017-04-02,,,,,,1080.6099853515625,1107.5899658203125,1075.449951171875,1102.1700439453125,514187008.0
2017-04-03,2362.340087890625,2365.8701171875,2344.72998046875,2358.840087890625,3418730000.0,1102.949951171875,1151.739990234375,1102.949951171875,1143.81005859375,580444032.0
2017-04-04,2354.760009765625,2360.530029296875,2350.719970703125,2360.159912109375,3208340000.0,1145.52001953125,1156.43994140625,1120.52001953125,1133.25,436310016.0
2017-04-05,2366.590087890625,2378.360107421875,2350.52001953125,2352.949951171875,3780650000.0,1134.1400146484375,1135.0899658203125,1113.6300048828125,1124.780029296875,414784000.0
2017-04-06,2353.7900390625,2364.159912109375,2348.89990234375,2357.489990234375,3203250000.0,1125.81005859375,1188.3699951171875,1125.81005859375,1182.6800537109375,511222016.0
2017-04-07,2356.590087890625,2363.760009765625,2350.739990234375,2355.5400390625,3054700000.0,1178.93994140625,1186.5799560546875,1163.3900146484375,1176.9000244140625,317022016.0
2017-04-08,,,,,,1172.6500244140625,1184.97998046875,1162.5799560546875,1175.949951171875,209312000.0
2017-04-09,,,,,,1176.5699462890625,1197.2099609375,1171.8599853515625,1187.8699951171875,242343008.0
2017-04-10,2357.159912109375,2366.3701171875,2351.5,2357.159912109375,2792570000.0,1187.300048828125,1190.3399658203125,1179.0400390625,1187.1300048828125,215883008.0
2017-04-11,2353.919921875,2355.219970703125,2337.25,2353.780029296875,3120900000.0,1187.4599609375,1208.0699462890625,1187.4599609375,1205.010009765625,216182000.0
2017-04-12,2352.14990234375,2352.719970703125,2341.179931640625,2344.929931640625,3201300000.0,1204.81005859375,1207.1400146484375,1196.760009765625,1200.3699951171875,288702016.0
2017-04-13,2341.97998046875,2348.260009765625,2328.949951171875,2328.949951171875,3146380000.0,1201.02001953125,1205.8900146484375,1156.43994140625,1169.280029296875,351968992.0
2017-04-14,,,,,,1170.3299560546875,1190.800048828125,1159.7900390625,1167.5400390625,254827008.0
2017-04-15,,,,,,1167.300048828125,1188.0,1164.9599609375,1172.52001953125,203559008.0
2017-04-16,,,,,,1172.6099853515625,1187.219970703125,1172.6099853515625,1182.93994140625,183231008.0
2017-04-17,2332.6201171875,2349.139892578125,2332.510009765625,2349.010009765625,2826890000.0,1183.25,1194.9000244140625,1172.6500244140625,1193.9100341796875,253206000.0
2017-04-18,2342.530029296875,2348.35009765625,2334.5400390625,2342.18994140625,3272210000.0,1193.77001953125,1217.5699462890625,1193.77001953125,1211.6700439453125,270524000.0
2017-04-19,2346.7900390625,2352.6298828125,2335.050048828125,2338.169921875,3521160000.0,1212.1300048828125,1215.510009765625,1205.0799560546875,1210.2900390625,288060992.0
2017-04-20,2342.68994140625,2361.3701171875,2340.909912109375,2355.840087890625,3648990000.0,1211.0799560546875,1240.7900390625,1208.4100341796875,1229.0799560546875,315108000.0
2017-04-21,2354.739990234375,2356.179931640625,2344.510009765625,2348.68994140625,3524160000.0,1229.4200439453125,1235.93994140625,1215.56005859375,1222.050048828125,272167008.0
2017-04-22,,,,,,1222.7099609375,1235.56005859375,1208.469970703125,1231.7099609375,249320000.0
2017-04-23,,,,,,1231.9200439453125,1232.199951171875,1203.93994140625,1207.2099609375,258951008.0
2017-04-24,2370.330078125,2376.97998046875,2369.18994140625,2374.14990234375,3711170000.0,1209.6300048828125,1250.93994140625,1209.6300048828125,1250.1500244140625,235806000.0
2017-04-25,2381.510009765625,2392.47998046875,2381.14990234375,2388.610107421875,4005820000.0,1250.449951171875,1267.5799560546875,1249.969970703125,1265.489990234375,242556000.0
2017-04-26,2388.97998046875,2398.159912109375,2386.780029296875,2387.449951171875,4111350000.0,1265.989990234375,1294.8299560546875,1265.9300537109375,1281.0799560546875,329631008.0
2017-04-27,2389.699951171875,2392.10009765625,2382.679931640625,2388.77001953125,4099940000.0,1281.8800048828125,1319.699951171875,1281.300048828125,1317.72998046875,449196992.0
2017-04-28,2393.679931640625,2393.679931640625,2382.360107421875,2384.199951171875,3721350000.0,1317.739990234375,1331.280029296875,1292.3699951171875,1316.47998046875,527488992.0
2017-04-29,,,,,,1317.8399658203125,1327.199951171875,1315.2099609375,1321.7900390625,422705984.0
2017-04-30,,,,,,1321.8699951171875,1347.9100341796875,1314.9200439453125,1347.8900146484375,413115008.0
2017-05-01,2388.5,2394.489990234375,2384.830078125,2388.330078125,3201500000.0,1348.300048828125,1434.3199462890625,1348.300048828125,1421.5999755859375,713624000.0
2017-05-02,2391.050048828125,2392.929931640625,2385.820068359375,2391.169921875,3861360000.0,1421.030029296875,1473.9000244140625,1415.68994140625,1452.8199462890625,477337984.0
2017-05-03,2386.5,2389.820068359375,2379.75,2388.1298828125,3896760000.0,1453.780029296875,1492.77001953125,1447.489990234375,1490.0899658203125,583795968.0
2017-05-04,2389.7900390625,2391.429931640625,2380.35009765625,2389.52001953125,4367860000.0,1490.719970703125,1608.9100341796875,1490.719970703125,1537.6700439453125,933548992.0
2017-05-05,2392.3701171875,2399.2900390625,2389.3798828125,2399.2900390625,3543240000.0,1540.8699951171875,1618.030029296875,1530.31005859375,1555.449951171875,946035968.0
2017-05-06,,,,,,1556.81005859375,1578.800048828125,1542.5,1578.800048828125,582529984.0
2017-05-07,,,,,,1579.469970703125,1596.719970703125,1559.760009765625,1596.7099609375,1080029952.0
2017-05-08,2399.93994140625,2401.360107421875,2393.919921875,2399.3798828125,3429990000.0,1596.9200439453125,1723.3499755859375,1596.9200439453125,1723.3499755859375,1340320000.0
2017-05-09,2401.580078125,2403.8701171875,2392.43994140625,2396.919921875,3657840000.0,1723.8900146484375,1833.489990234375,1716.300048828125,1755.3599853515625,1167920000.0
2017-05-10,2396.7900390625,2399.739990234375,2392.7900390625,2399.6298828125,3649370000.0,1756.52001953125,1788.43994140625,1719.0999755859375,1787.1300048828125,915723008.0
2017-05-11,2394.840087890625,2395.719970703125,2381.739990234375,2394.43994140625,3727710000.0,1780.3699951171875,1873.9300537109375,1755.3499755859375,1848.5699462890625,799489984.0
2017-05-12,2392.43994140625,2392.43994140625,2387.18994140625,2390.89990234375,3304620000.0,1845.760009765625,1856.1500244140625,1694.010009765625,1724.239990234375,740984000.0
2017-05-13,,,,,,1723.1199951171875,1812.989990234375,1651.0799560546875,1804.9100341796875,579635008.0
2017-05-14,,,,,,1800.8599853515625,1831.4200439453125,1776.6199951171875,1808.9100341796875,437196000.0
2017-05-15,2393.97998046875,2404.050048828125,2393.93994140625,2402.320068359375,3490080000.0,1808.43994140625,1812.800048828125,1708.5400390625,1738.4300537109375,731529024.0
2017-05-16,2404.550048828125,2405.77001953125,2396.050048828125,2400.669921875,3421810000.0,1741.699951171875,1785.93994140625,1686.5400390625,1734.449951171875,959044992.0
2017-05-17,2382.949951171875,2384.8701171875,2356.2099609375,2357.030029296875,4164760000.0,1726.72998046875,1864.050048828125,1661.9100341796875,1839.0899658203125,1064729984.0
2017-05-18,2354.68994140625,2375.739990234375,2352.719970703125,2365.719970703125,4319440000.0,1818.699951171875,1904.47998046875,1807.1199951171875,1888.6500244140625,894321024.0
2017-05-19,2371.3701171875,2389.06005859375,2370.429931640625,2381.72998046875,3831700000.0,1897.3699951171875,2004.52001953125,1890.25,1987.7099609375,1157289984.0
2017-05-20,,,,,,1984.239990234375,2084.72998046875,1974.9200439453125,2084.72998046875,961336000.0
2017-05-21,,,,,,2067.030029296875,2119.080078125,2037.5,2041.199951171875,1147859968.0
2017-05-22,2387.2099609375,2395.4599609375,2386.919921875,2394.02001953125,3176580000.0,2043.18994140625,2303.89990234375,2017.8699951171875,2173.39990234375,1942220032.0
2017-05-23,2397.0400390625,2400.85009765625,2393.8798828125,2398.419921875,3216560000.0,2191.56005859375,2320.820068359375,2178.5,2320.419921875,1378749952.0
2017-05-24,2401.409912109375,2405.580078125,2397.989990234375,2404.389892578125,3389240000.0,2321.3701171875,2523.719970703125,2321.3701171875,2443.639892578125,1725379968.0
2017-05-25,2409.5400390625,2418.7099609375,2408.010009765625,2415.070068359375,3538210000.0,2446.239990234375,2763.7099609375,2285.300048828125,2304.97998046875,2406700032.0
2017-05-26,2414.5,2416.679931640625,2412.199951171875,2415.820068359375,2806930000.0,2320.889892578125,2573.7900390625,2071.989990234375,2202.419921875,1763480064.0
2017-05-27,,,,,,2196.27001953125,2260.199951171875,1855.8299560546875,2038.8699951171875,1700480000.0
2017-05-28,,,,,,2054.080078125,2267.340087890625,2054.080078125,2155.800048828125,1147139968.0
2017-05-29,,,,,,2159.429931640625,2307.050048828125,2107.169921875,2255.610107421875,994625024.0
2017-05-30,2411.669921875,2415.260009765625,2409.429931640625,2412.909912109375,3205860000.0,2255.360107421875,2301.9599609375,2124.570068359375,2175.469970703125,1443970048.0
2017-05-31,2415.6298828125,2415.989990234375,2403.590087890625,2411.800048828125,4518040000.0,2187.18994140625,2311.080078125,2145.570068359375,2286.409912109375,1544829952.0
2017-06-01,2415.64990234375,2430.06005859375,2413.5400390625,2430.06005859375,3860620000.0,2288.330078125,2448.389892578125,2288.330078125,2407.8798828125,1653180032.0
2017-06-02,2431.280029296875,2440.22998046875,2427.7099609375,2439.070068359375,3465500000.0,2404.030029296875,2488.550048828125,2373.320068359375,2488.550048828125,1317030016.0
2017-06-03,,,,,,2493.719970703125,2581.909912109375,2423.570068359375,2515.35009765625,1514950016.0
2017-06-04,,,,,,2547.7900390625,2585.889892578125,2452.5400390625,2511.81005859375,1355120000.0
2017-06-05,2437.830078125,2439.550048828125,2434.320068359375,2436.10009765625,2916720000.0,2512.39990234375,2686.81005859375,2510.219970703125,2686.81005859375,1369309952.0
2017-06-06,2431.919921875,2436.2099609375,2428.1201171875,2429.330078125,3376750000.0,2690.840087890625,2999.909912109375,2690.840087890625,2863.199951171875,2089609984.0
2017-06-07,2432.030029296875,2435.280029296875,2424.75,2433.139892578125,3576220000.0,2869.3798828125,2869.3798828125,2700.56005859375,2732.159912109375,1517709952.0
2017-06-08,2434.27001953125,2439.27001953125,2427.93994140625,2433.7900390625,3735980000.0,2720.489990234375,2815.300048828125,2670.949951171875,2805.6201171875,1281170048.0
2017-06-09,2436.389892578125,2446.199951171875,2415.699951171875,2431.77001953125,4029860000.0,2807.43994140625,2901.7099609375,2795.6201171875,2823.81005859375,1348950016.0
2017-06-10,,,,,,2828.139892578125,2950.989990234375,2746.550048828125,2947.7099609375,2018889984.0
2017-06-11,,,,,,2942.409912109375,2996.60009765625,2840.530029296875,2958.110107421875,1752400000.0
2017-06-12,2425.8798828125,2430.3798828125,2419.969970703125,2429.389892578125,4031840000.0,2953.219970703125,2997.260009765625,2518.56005859375,2659.6298828125,2569530112.0
2017-06-13,2434.14990234375,2441.489990234375,2431.280029296875,2440.35009765625,3278240000.0,2680.909912109375,2789.0400390625,2650.3798828125,2717.02001953125,1781200000.0
2017-06-14,2443.75,2443.75,2428.340087890625,2437.919921875,3558640000.0,2716.8798828125,2786.830078125,2412.93994140625,2506.3701171875,1696560000.0
2017-06-15,2424.139892578125,2433.949951171875,2418.530029296875,2432.4599609375,3371980000.0,2499.580078125,2534.7099609375,2212.9599609375,2464.580078125,2026259968.0
2017-06-16,2431.239990234375,2433.14990234375,2422.8798828125,2433.14990234375,5299380000.0,2469.570068359375,2539.919921875,2385.14990234375,2518.56005859375,1195190016.0
2017-06-17,,,,,,2514.010009765625,2685.18994140625,2484.9599609375,2655.8798828125,1534509952.0
2017-06-18,,,,,,2655.35009765625,2662.10009765625,2516.330078125,2548.2900390625,1178659968.0
2017-06-19,2442.550048828125,2453.820068359375,2441.7900390625,2453.4599609375,3271480000.0,2549.030029296875,2662.85009765625,2549.030029296875,2589.60009765625,1446840064.0
2017-06-20,2450.659912109375,2450.659912109375,2436.60009765625,2437.030029296875,3422700000.0,2591.260009765625,2763.449951171875,2589.820068359375,2721.7900390625,1854189952.0
2017-06-21,2439.31005859375,2442.22998046875,2430.739990234375,2435.610107421875,3599190000.0,2709.429931640625,2772.010009765625,2660.39990234375,2689.10009765625,1626579968.0
2017-06-22,2437.39990234375,2441.6201171875,2433.27001953125,2434.5,3477250000.0,2691.030029296875,2723.739990234375,2642.360107421875,2705.409912109375,1097939968.0
2017-06-23,2434.64990234375,2441.39990234375,2431.110107421875,2438.300048828125,5282460000.0,2707.340087890625,2765.169921875,2706.3701171875,2744.909912109375,961318976.0
2017-06-24,,,,,,2738.52001953125,2757.93994140625,2583.18994140625,2608.719970703125,982750016.0
2017-06-25,,,,,,2607.25,2682.260009765625,2552.1201171875,2589.409912109375,1161100032.0
2017-06-26,2443.320068359375,2450.419921875,2437.030029296875,2439.070068359375,3243660000.0,2590.570068359375,2615.25,2376.2900390625,2478.449951171875,1663280000.0
2017-06-27,2436.340087890625,2440.14990234375,2419.3798828125,2419.3798828125,3564770000.0,2478.449951171875,2552.449951171875,2332.989990234375,2552.449951171875,1489789952.0
2017-06-28,2428.699951171875,2442.969970703125,2428.02001953125,2440.68994140625,3479980000.0,2553.030029296875,2603.97998046875,2484.419921875,2574.7900390625,1183869952.0
2017-06-29,2442.3798828125,2442.72998046875,2405.699951171875,2419.699951171875,3869560000.0,2567.56005859375,2588.830078125,2510.47998046875,2539.320068359375,949979008.0
2017-06-30,2429.199951171875,2432.7099609375,2421.64990234375,2423.409912109375,3366030000.0,2539.239990234375,2559.25,2478.429931640625,2480.840087890625,860273024.0
2017-07-01,,,,,,2492.60009765625,2515.27001953125,2419.22998046875,2434.550048828125,779913984.0
2017-07-02,,,,,,2436.39990234375,2514.280029296875,2394.840087890625,2506.469970703125,803747008.0
2017-07-03,2431.389892578125,2439.169921875,2428.68994140625,2429.010009765625,1901480000.0,2498.56005859375,2595.0,2480.469970703125,2564.06005859375,964112000.0
2017-07-04,,,,,,2561.0,2631.590087890625,2559.35009765625,2601.639892578125,985516032.0
2017-07-05,2430.780029296875,2434.89990234375,2422.050048828125,2432.5400390625,3368150000.0,2602.8701171875,2622.64990234375,2538.550048828125,2601.989990234375,941566016.0
2017-07-06,2423.43994140625,2424.280029296875,2407.699951171875,2409.75,3368710000.0,2608.10009765625,2616.719970703125,2581.68994140625,2608.56005859375,761956992.0
2017-07-07,2413.52001953125,2426.919921875,2413.52001953125,2425.179931640625,2929390000.0,2608.590087890625,2916.139892578125,2498.8701171875,2518.659912109375,917411968.0
2017-07-08,,,,,,2520.27001953125,2571.340087890625,2492.31005859375,2571.340087890625,733329984.0
2017-07-09,,,,,,2572.610107421875,2635.489990234375,2517.590087890625,2518.43994140625,527856000.0
2017-07-10,2424.510009765625,2432.0,2422.27001953125,2427.429931640625,3009880000.0,2525.25,2537.159912109375,2321.1298828125,2372.56005859375,1111200000.0
2017-07-11,2427.35009765625,2429.300048828125,2412.7900390625,2425.530029296875,3108800000.0,2385.889892578125,2413.469970703125,2296.81005859375,2337.7900390625,1329760000.0
2017-07-12,2435.75,2445.760009765625,2435.75,2443.25,3176900000.0,2332.77001953125,2423.7099609375,2275.139892578125,2398.840087890625,1117410048.0
2017-07-13,2444.989990234375,2449.320068359375,2441.68994140625,2447.830078125,3068510000.0,2402.699951171875,2425.219970703125,2340.830078125,2357.89990234375,835769984.0
2017-07-14,2449.159912109375,2463.5400390625,2446.68994140625,2459.27001953125,2738460000.0,2360.590087890625,2363.25,2183.219970703125,2233.340087890625,882502976.0
2017-07-15,,,,,,2230.1201171875,2231.139892578125,1990.4100341796875,1998.8599853515625,993608000.0
2017-07-16,,,,,,1991.97998046875,2058.77001953125,1843.030029296875,1929.8199462890625,1182870016.0
2017-07-17,2459.5,2462.820068359375,2457.159912109375,2459.139892578125,2800580000.0,1932.6199951171875,2230.489990234375,1932.6199951171875,2228.409912109375,1201760000.0
2017-07-18,2455.8798828125,2460.919921875,2450.340087890625,2460.610107421875,2974090000.0,2233.52001953125,2387.610107421875,2164.77001953125,2318.8798828125,1512450048.0
2017-07-19,2463.85009765625,2473.830078125,2463.85009765625,2473.830078125,3063810000.0,2323.080078125,2397.169921875,2260.22998046875,2273.429931640625,1245100032.0
2017-07-20,2475.56005859375,2477.6201171875,2468.429931640625,2473.449951171875,3223820000.0,2269.889892578125,2900.699951171875,2269.889892578125,2817.60009765625,2249260032.0
2017-07-21,2467.39990234375,2472.5400390625,2465.06005859375,2472.5400390625,3066880000.0,2838.409912109375,2838.409912109375,2621.85009765625,2667.760009765625,1489449984.0
2017-07-22,,,,,,2668.6298828125,2862.419921875,2657.7099609375,2810.1201171875,1177129984.0
2017-07-23,,,,,,2808.10009765625,2832.179931640625,2653.93994140625,2730.39990234375,1072840000.0
2017-07-24,2472.0400390625,2473.10009765625,2466.320068359375,2469.909912109375,3019920000.0,2732.699951171875,2777.260009765625,2699.18994140625,2754.860107421875,866473984.0
2017-07-25,2477.8798828125,2481.239990234375,2474.909912109375,2477.1298828125,4116360000.0,2757.5,2768.080078125,2480.9599609375,2576.47998046875,1460089984.0
2017-07-26,2479.969970703125,2481.68994140625,2474.93994140625,2477.830078125,3597830000.0,2577.77001953125,2610.760009765625,2450.800048828125,2529.449951171875,937404032.0
2017-07-27,2482.760009765625,2484.0400390625,2459.929931640625,2475.419921875,4035740000.0,2538.7099609375,2693.320068359375,2529.340087890625,2671.780029296875,789104000.0
2017-07-28,2469.1201171875,2473.530029296875,2464.659912109375,2472.10009765625,3302850000.0,2679.72998046875,2897.449951171875,2679.72998046875,2809.010009765625,1380099968.0
2017-07-29,,,,,,2807.02001953125,2808.760009765625,2692.800048828125,2726.449951171875,803745984.0
2017-07-30,,,,,,2724.389892578125,2758.530029296875,2644.85009765625,2757.179931640625,705942976.0
2017-07-31,2475.93994140625,2477.9599609375,2468.530029296875,2470.300048828125,3475930000.0,2763.239990234375,2889.6201171875,2720.610107421875,2875.340087890625,860574976.0
2017-08-01,2477.10009765625,2478.510009765625,2471.139892578125,2476.35009765625,3470260000.0,2871.300048828125,2921.35009765625,2685.610107421875,2718.260009765625,1324669952.0
2017-08-02,2480.3798828125,2480.3798828125,2466.47998046875,2477.570068359375,3487150000.0,2727.1298828125,2762.530029296875,2668.590087890625,2710.669921875,1094950016.0
2017-08-03,2476.030029296875,2476.030029296875,2468.85009765625,2472.159912109375,3662410000.0,2709.56005859375,2813.31005859375,2685.139892578125,2804.72998046875,804796992.0
2017-08-04,2476.8798828125,2480.0,2472.080078125,2476.830078125,3239980000.0,2806.929931640625,2899.330078125,2743.719970703125,2895.889892578125,1002120000.0
2017-08-05,,,,,,2897.6298828125,3290.010009765625,2874.830078125,3252.909912109375,1945699968.0
2017-08-06,,,,,,3257.610107421875,3293.2900390625,3155.60009765625,3213.93994140625,1105030016.0
2017-08-07,2477.139892578125,2480.949951171875,2475.8798828125,2480.909912109375,2935130000.0,3212.780029296875,3397.679931640625,3180.889892578125,3378.93994140625,1482279936.0
2017-08-08,2478.35009765625,2490.8701171875,2470.320068359375,2474.919921875,3347480000.0,3370.219970703125,3484.85009765625,3345.830078125,3419.93994140625,1752760064.0
2017-08-09,2465.35009765625,2474.409912109375,2462.080078125,2474.02001953125,3310960000.0,3420.39990234375,3422.760009765625,3247.669921875,3342.469970703125,1468960000.0
2017-08-10,2465.3798828125,2465.3798828125,2437.75,2438.2099609375,3635820000.0,3341.840087890625,3453.449951171875,3319.469970703125,3381.280029296875,1515110016.0
2017-08-11,2441.0400390625,2448.090087890625,2437.85009765625,2441.320068359375,3161830000.0,3373.820068359375,3679.719970703125,3372.1201171875,3650.6201171875,2021190016.0
2017-08-12,,,,,,3650.6298828125,3949.919921875,3613.699951171875,3884.7099609375,2219589888.0
2017-08-13,,,,,,3880.0400390625,4208.39013671875,3857.800048828125,4073.260009765625,3159089920.0
2017-08-14,2454.9599609375,2468.219970703125,2454.9599609375,2465.840087890625,2824320000.0,4066.10009765625,4325.1298828125,3989.159912109375,4325.1298828125,2463089920.0
2017-08-15,2468.659912109375,2468.89990234375,2461.610107421875,2464.610107421875,2922430000.0,4326.990234375,4455.97021484375,3906.179931640625,4181.93017578125,3258050048.0
2017-08-16,2468.6298828125,2474.929931640625,2463.860107421875,2468.110107421875,2956570000.0,4200.33984375,4381.22998046875,3994.419921875,4376.6298828125,2272039936.0
2017-08-17,2462.949951171875,2465.02001953125,2430.010009765625,2430.010009765625,3164950000.0,4384.43994140625,4484.7001953125,4243.7099609375,4331.68994140625,2553359872.0
2017-08-18,2427.639892578125,2440.27001953125,2420.68994140625,2425.550048828125,3426970000.0,4324.33984375,4370.1298828125,4015.39990234375,4160.6201171875,2941710080.0
2017-08-19,,,,,,4137.75,4243.259765625,3970.550048828125,4193.7001953125,2975820032.0
2017-08-20,,,,,,4189.31005859375,4196.2900390625,4069.8798828125,4087.659912109375,2109769984.0
2017-08-21,2425.5,2430.580078125,2417.35009765625,2428.3701171875,2803650000.0,4090.47998046875,4109.14013671875,3988.60009765625,4001.739990234375,2800890112.0
2017-08-22,2433.75,2454.77001953125,2433.669921875,2452.510009765625,2780990000.0,3998.35009765625,4128.759765625,3674.580078125,4100.52001953125,3764239872.0
2017-08-23,2444.8798828125,2448.909912109375,2441.419921875,2444.0400390625,2796950000.0,4089.010009765625,4255.77978515625,4078.409912109375,4151.52001953125,2369819904.0
2017-08-24,2447.909912109375,2450.389892578125,2436.18994140625,2438.969970703125,2849680000.0,4137.60009765625,4376.39013671875,4130.259765625,4334.68017578125,2037750016.0
2017-08-25,2444.719970703125,2453.9599609375,2442.219970703125,2443.050048828125,2593350000.0,4332.81982421875,4455.7001953125,4307.35009765625,4371.60009765625,1727970048.0
2017-08-26,,,,,,4372.06005859375,4379.27978515625,4269.52001953125,4352.39990234375,1511609984.0
2017-08-27,,,,,,4345.10009765625,4416.58984375,4317.2900390625,4382.8798828125,1537459968.0
2017-08-28,2447.35009765625,2449.1201171875,2439.030029296875,2444.239990234375,2682920000.0,4384.4501953125,4403.93017578125,4224.64013671875,4382.66015625,1959330048.0
2017-08-29,2431.93994140625,2449.18994140625,2428.199951171875,2446.300048828125,2739460000.0,4389.2099609375,4625.68017578125,4352.1298828125,4579.02001953125,2486080000.0
2017-08-30,2446.06005859375,2460.31005859375,2443.77001953125,2457.590087890625,2637780000.0,4570.35986328125,4626.52001953125,4471.41015625,4565.2998046875,1937849984.0
2017-08-31,2462.64990234375,2475.010009765625,2462.64990234375,2471.64990234375,3353860000.0,4555.58984375,4736.0498046875,4549.39990234375,4703.39013671875,1944930048.0
2017-09-01,2474.419921875,2480.3798828125,2473.85009765625,2476.550048828125,2712780000.0,4701.759765625,4892.009765625,4678.52978515625,4892.009765625,2599079936.0
2017-09-02,,,,,,4901.419921875,4975.0400390625,4469.240234375,4578.77001953125,2722139904.0
2017-09-03,,,,,,4585.27001953125,4714.080078125,4417.58984375,4582.9599609375,1933190016.0
2017-09-04,,,,,,4591.6298828125,4591.6298828125,4108.39990234375,4236.31005859375,2987330048.0
2017-09-05,2470.35009765625,2471.969970703125,2446.550048828125,2457.85009765625,3502190000.0,4228.2900390625,4427.83984375,3998.110107421875,4376.52978515625,2697969920.0
2017-09-06,2463.830078125,2469.639892578125,2459.199951171875,2465.5400390625,3400200000.0,4376.58984375,4617.25,4376.58984375,4597.1201171875,2172100096.0
2017-09-07,2468.06005859375,2468.6201171875,2460.2900390625,2465.10009765625,3365780000.0,4589.14013671875,4655.0400390625,4491.330078125,4599.8798828125,1844620032.0
2017-09-08,2462.25,2467.110107421875,2459.39990234375,2461.429931640625,3308360000.0,4605.16015625,4661.0,4075.179931640625,4228.75,2700890112.0
2017-09-09,,,,,,4229.81005859375,4308.81982421875,4114.10986328125,4226.06005859375,1386230016.0
2017-09-10,,,,,,4229.33984375,4245.43994140625,3951.0400390625,4122.93994140625,1679090048.0
2017-09-11,2474.52001953125,2488.949951171875,2474.52001953125,2488.110107421875,3293460000.0,4122.47021484375,4261.669921875,4099.39990234375,4161.27001953125,1557330048.0
2017-09-12,2491.93994140625,2496.77001953125,2490.3701171875,2496.47998046875,3234280000.0,4168.8798828125,4344.64990234375,4085.219970703125,4130.81005859375,1864530048.0
2017-09-13,2493.889892578125,2498.3701171875,2492.139892578125,2498.3701171875,3371370000.0,4131.97998046875,4131.97998046875,3789.919921875,3882.590087890625,2219409920.0
2017-09-14,2494.56005859375,2498.429931640625,2491.35009765625,2495.6201171875,3422470000.0,3875.3701171875,3920.60009765625,3153.860107421875,3154.949951171875,2716310016.0
2017-09-15,2495.669921875,2500.22998046875,2493.159912109375,2500.22998046875,4862970000.0,3166.300048828125,3733.449951171875,2946.6201171875,3637.52001953125,4148069888.0
2017-09-16,,,,,,3637.75,3808.840087890625,3487.7900390625,3625.0400390625,1818400000.0
2017-09-17,,,,,,3606.280029296875,3664.81005859375,3445.639892578125,3582.8798828125,1239149952.0
2017-09-18,2502.510009765625,2508.320068359375,2499.919921875,2503.8701171875,3204700000.0,3591.090087890625,4079.22998046875,3591.090087890625,4065.199951171875,1943209984.0
2017-09-19,2506.2900390625,2507.840087890625,2503.18994140625,2506.64990234375,3253760000.0,4073.7900390625,4094.070068359375,3868.8701171875,3924.969970703125,1563980032.0
2017-09-20,2506.840087890625,2508.85009765625,2496.669921875,2508.239990234375,3584570000.0,3916.360107421875,4031.389892578125,3857.72998046875,3905.949951171875,1213830016.0
2017-09-21,2507.159912109375,2507.159912109375,2499.0,2500.60009765625,2965590000.0,3901.469970703125,3916.419921875,3613.6298828125,3631.0400390625,1411480064.0
2017-09-22,2497.260009765625,2503.469970703125,2496.5400390625,2502.219970703125,2877980000.0,3628.02001953125,3758.27001953125,3553.530029296875,3630.699951171875,1194829952.0
2017-09-23,,,,,,3629.919921875,3819.2099609375,3594.580078125,3792.39990234375,928113984.0
2017-09-24,,,,,,3796.14990234375,3796.14990234375,3666.89990234375,3682.840087890625,768014976.0
2017-09-25,2499.389892578125,2502.5400390625,2488.030029296875,2496.659912109375,3314530000.0,3681.580078125,3950.25,3681.580078125,3926.070068359375,1374210048.0
2017-09-26,2501.0400390625,2503.510009765625,2495.1201171875,2496.840087890625,3070770000.0,3928.409912109375,3969.889892578125,3869.89990234375,3892.35009765625,1043740032.0
2017-09-27,2503.300048828125,2511.75,2495.909912109375,2507.0400390625,3485070000.0,3892.93994140625,4210.0498046875,3884.820068359375,4200.669921875,1686880000.0
2017-09-28,2503.409912109375,2510.81005859375,2502.929931640625,2510.06005859375,3173030000.0,4197.1298828125,4279.31005859375,4109.7001953125,4174.72998046875,1712320000.0
2017-09-29,2509.9599609375,2519.43994140625,2507.989990234375,2519.360107421875,3220260000.0,4171.6201171875,4214.6298828125,4039.2900390625,4163.06982421875,1367049984.0
2017-09-30,,,,,,4166.10986328125,4358.43017578125,4160.85986328125,4338.7099609375,1207449984.0
2017-10-01,,,,,,4341.0498046875,4403.740234375,4269.81005859375,4403.740234375,1208210048.0
2017-10-02,2521.199951171875,2529.22998046875,2520.39990234375,2529.1201171875,3226370000.0,4395.81005859375,4470.22998046875,4377.4599609375,4409.31982421875,1431730048.0
2017-10-03,2530.340087890625,2535.1298828125,2528.85009765625,2534.580078125,3073480000.0,4408.4599609375,4432.47021484375,4258.89013671875,4317.47998046875,1288019968.0
2017-10-04,2533.47998046875,2540.530029296875,2531.800048828125,2537.739990234375,3020770000.0,4319.3701171875,4352.31005859375,4210.419921875,4229.35986328125,1116770048.0
2017-10-05,2540.860107421875,2552.510009765625,2540.02001953125,2552.070068359375,3059730000.0,4229.8798828125,4362.64013671875,4164.0498046875,4328.41015625,1161769984.0
2017-10-06,2547.43994140625,2549.409912109375,2543.7900390625,2549.330078125,2898270000.0,4324.4599609375,4413.27001953125,4320.52978515625,4370.81005859375,1069939968.0
2017-10-07,,,,,,4369.35009765625,4443.8798828125,4321.0498046875,4426.89013671875,906928000.0
2017-10-08,,,,,,4429.669921875,4624.14013671875,4405.64013671875,4610.47998046875,1313869952.0
2017-10-09,2551.389892578125,2551.820068359375,2541.60009765625,2544.72998046875,2486940000.0,4614.52001953125,4878.7099609375,4564.25,4772.02001953125,1968739968.0
2017-10-10,2549.989990234375,2555.22998046875,2544.860107421875,2550.639892578125,2962610000.0,4776.2099609375,4922.169921875,4765.10009765625,4781.990234375,1597139968.0
2017-10-11,2550.6201171875,2555.239990234375,2547.949951171875,2555.239990234375,2991320000.0,4789.25,4873.72998046875,4751.6298828125,4826.47998046875,1222279936.0
2017-10-12,2552.8798828125,2555.330078125,2548.31005859375,2550.929931640625,3157280000.0,4829.580078125,5446.91015625,4822.0,5446.91015625,2791610112.0
2017-10-13,2555.659912109375,2557.64990234375,2552.090087890625,2553.169921875,3150470000.0,5464.16015625,5840.2998046875,5436.85009765625,5647.2099609375,3615480064.0
2017-10-14,,,,,,5643.52978515625,5837.7001953125,5591.64013671875,5831.7900390625,1669030016.0
2017-10-15,,,,,,5835.9599609375,5852.47998046875,5478.60986328125,5678.18994140625,1976039936.0
2017-10-16,2555.570068359375,2559.469970703125,2552.639892578125,2557.639892578125,2918030000.0,5687.56982421875,5776.22998046875,5544.2099609375,5725.58984375,2008070016.0
2017-10-17,2557.169921875,2559.7099609375,2554.68994140625,2559.360107421875,2901890000.0,5741.580078125,5800.35009765625,5472.72021484375,5605.509765625,1821570048.0
2017-10-18,2562.8701171875,2564.110107421875,2559.669921875,2561.260009765625,2999320000.0,5603.81982421875,5603.81982421875,5151.43994140625,5590.68994140625,2399269888.0
2017-10-19,2553.389892578125,2562.360107421875,2547.919921875,2562.10009765625,3019520000.0,5583.740234375,5744.35009765625,5531.06005859375,5708.52001953125,1780540032.0
2017-10-20,2567.56005859375,2575.43994140625,2567.56005859375,2575.2099609375,3394450000.0,5708.10986328125,6060.10986328125,5627.22998046875,6011.4501953125,2354429952.0
2017-10-21,,,,,,5996.7900390625,6194.8798828125,5965.06982421875,6031.60009765625,2207099904.0
2017-10-22,,,,,,6036.66015625,6076.259765625,5792.33984375,6008.419921875,2034630016.0
2017-10-23,2578.080078125,2578.2900390625,2564.330078125,2564.97998046875,3214470000.0,6006.0,6075.58984375,5732.47021484375,5930.31982421875,2401840128.0
2017-10-24,2568.659912109375,2572.179931640625,2565.580078125,2569.1298828125,3435660000.0,5935.52001953125,5935.52001953125,5504.18017578125,5526.64013671875,2735699968.0
2017-10-25,2566.52001953125,2567.39990234375,2544.0,2557.14990234375,3885470000.0,5524.60009765625,5754.330078125,5397.8798828125,5750.7998046875,1966989952.0
2017-10-26,2560.080078125,2567.070068359375,2559.800048828125,2560.39990234375,3891750000.0,5747.9501953125,5976.7998046875,5721.22021484375,5904.830078125,1905040000.0
2017-10-27,2570.260009765625,2582.97998046875,2565.93994140625,2581.070068359375,3896100000.0,5899.740234375,5988.39013671875,5728.81982421875,5780.89990234375,1710130048.0
2017-10-28,,,,,,5787.81982421875,5876.72021484375,5689.18994140625,5753.08984375,1403920000.0
2017-10-29,,,,,,5754.43994140625,6255.7099609375,5724.580078125,6153.85009765625,2859040000.0
2017-10-30,2577.75,2580.030029296875,2568.25,2572.830078125,3660230000.0,6114.85009765625,6214.990234375,6040.85009765625,6130.52978515625,1772150016.0
2017-10-31,2575.989990234375,2578.2900390625,2572.14990234375,2575.260009765625,3844420000.0,6132.02001953125,6470.43017578125,6103.330078125,6468.39990234375,2311379968.0
2017-11-01,2583.2099609375,2588.39990234375,2574.919921875,2579.360107421875,3841200000.0,6440.97021484375,6767.31005859375,6377.8798828125,6767.31005859375,2870320128.0
2017-11-02,2579.4599609375,2581.110107421875,2566.169921875,2579.85009765625,4050140000.0,6777.77001953125,7367.330078125,6758.72021484375,7078.5,4653770240.0
2017-11-03,2581.929931640625,2588.419921875,2576.77001953125,2587.840087890625,3568710000.0,7087.52978515625,7461.2900390625,7002.93994140625,7207.759765625,3369860096.0
2017-11-04,,,,,,7164.47998046875,7492.85986328125,7031.27978515625,7379.9501953125,2483800064.0
2017-11-05,,,,,,7404.52001953125,7617.47998046875,7333.18994140625,7407.41015625,2380410112.0
2017-11-06,2587.469970703125,2593.3798828125,2585.659912109375,2591.1298828125,3541970000.0,7403.22021484375,7445.77001953125,7007.31005859375,7022.759765625,3111899904.0
2017-11-07,2592.110107421875,2597.02001953125,2584.35009765625,2590.639892578125,3815190000.0,7023.10009765625,7253.31982421875,7023.10009765625,7144.3798828125,2326340096.0
2017-11-08,2588.7099609375,2595.469970703125,2585.02001953125,2594.3798828125,3898450000.0,7141.3798828125,7776.419921875,7114.02001953125,7459.68994140625,4602200064.0
2017-11-09,2584.0,2586.5,2566.330078125,2584.6201171875,3844100000.0,7446.830078125,7446.830078125,7101.52001953125,7143.580078125,3226249984.0
2017-11-10,2580.179931640625,2583.81005859375,2575.570068359375,2582.300048828125,3489740000.0,7173.72998046875,7312.0,6436.8701171875,6618.14013671875,5208249856.0
2017-11-11,,,,,,6618.60986328125,6873.14990234375,6204.22021484375,6357.60009765625,4908680192.0
2017-11-12,,,,,,6295.4501953125,6625.0498046875,5519.009765625,5950.06982421875,8957349888.0
2017-11-13,2576.530029296875,2587.659912109375,2574.47998046875,2584.840087890625,3405200000.0,5938.25,6811.18994140625,5844.2900390625,6559.490234375,6263249920.0
2017-11-14,2577.75,2579.659912109375,2566.56005859375,2578.8701171875,3643580000.0,6561.47998046875,6764.97998046875,6461.75,6635.75,3197110016.0
2017-11-15,2569.449951171875,2572.840087890625,2557.449951171875,2564.6201171875,3586590000.0,6634.759765625,7342.25,6634.759765625,7315.5400390625,4200880128.0
2017-11-16,2572.949951171875,2590.090087890625,2572.949951171875,2585.639892578125,3329730000.0,7323.240234375,7967.3798828125,7176.580078125,7871.68994140625,5123809792.0
2017-11-17,2582.93994140625,2583.9599609375,2577.6201171875,2578.85009765625,3309800000.0,7853.56982421875,8004.58984375,7561.08984375,7708.990234375,4651670016.0
2017-11-18,,,,,,7697.2099609375,7884.990234375,7463.43994140625,7790.14990234375,3667190016.0
2017-11-19,,,,,,7766.02978515625,8101.91015625,7694.10009765625,8036.490234375,3149319936.0
2017-11-20,2579.489990234375,2584.639892578125,2578.239990234375,2582.139892578125,3023940000.0,8039.06982421875,8336.8603515625,7949.35986328125,8200.6396484375,3488450048.0
2017-11-21,2589.169921875,2601.18994140625,2589.169921875,2599.030029296875,3351230000.0,8205.740234375,8348.66015625,7762.7099609375,8071.259765625,4277609984.0
2017-11-22,2600.31005859375,2600.93994140625,2595.22998046875,2597.080078125,2764110000.0,8077.9501953125,8302.259765625,8075.47021484375,8253.5498046875,3633530112.0
2017-11-23,,,,,,8232.3798828125,8267.400390625,8038.77001953125,8038.77001953125,4225179904.0
2017-11-24,2600.419921875,2604.2099609375,2600.419921875,2602.419921875,1385890000.0,8074.02001953125,8374.16015625,7940.93017578125,8253.6904296875,5058610176.0
2017-11-25,,,,,,8241.7099609375,8790.919921875,8191.14990234375,8790.919921875,4342060032.0
2017-11-26,,,,,,8789.0400390625,9522.9296875,8775.58984375,9330.5498046875,5475579904.0
2017-11-27,2602.659912109375,2606.409912109375,2598.8701171875,2601.419921875,3017720000.0,9352.7197265625,9818.349609375,9352.7197265625,9818.349609375,5653320192.0
2017-11-28,2605.93994140625,2627.68994140625,2605.43994140625,2627.0400390625,3493340000.0,9823.4296875,10125.7001953125,9736.2998046875,10058.7998046875,6348819968.0
2017-11-29,2627.820068359375,2634.889892578125,2620.320068359375,2626.070068359375,4090630000.0,10077.400390625,11517.400390625,9601.0302734375,9888.6103515625,11568799744.0
2017-11-30,2633.929931640625,2657.739990234375,2633.929931640625,2647.580078125,4965700000.0,9906.7900390625,10801.0,9202.0498046875,10233.599609375,8310689792.0
2017-12-01,2645.10009765625,2650.6201171875,2605.52001953125,2642.219970703125,3950930000.0,10198.599609375,11046.7001953125,9694.650390625,10975.599609375,6783119872.0
2017-12-02,,,,,,10978.2998046875,11320.2001953125,10905.099609375,11074.599609375,5138500096.0
2017-12-03,,,,,,11082.7001953125,11858.7001953125,10862.0,11323.2001953125,6608309760.0
2017-12-04,2657.18994140625,2665.18994140625,2639.030029296875,2639.43994140625,4025840000.0,11315.400390625,11657.2001953125,11081.7998046875,11657.2001953125,6132409856.0
2017-12-05,2639.780029296875,2648.719970703125,2627.72998046875,2629.570068359375,3547570000.0,11685.7001953125,12032.0,11604.599609375,11916.7001953125,6895260160.0
2017-12-06,2626.239990234375,2634.409912109375,2624.75,2629.27001953125,3253080000.0,11923.400390625,14369.099609375,11923.400390625,14291.5,12656300032.0
2017-12-07,2628.3798828125,2640.989990234375,2626.530029296875,2636.97998046875,3297060000.0,14266.099609375,17899.69921875,14057.2998046875,17899.69921875,17950699520.0
2017-12-08,2646.2099609375,2651.64990234375,2644.10009765625,2651.5,3126750000.0,17802.900390625,18353.400390625,14336.900390625,16569.400390625,21135998976.0
2017-12-09,,,,,,16523.30078125,16783.0,13674.900390625,15178.2001953125,13911300096.0
2017-12-10,,,,,,15168.400390625,15850.599609375,13226.599609375,15455.400390625,13433299968.0
2017-12-11,2652.18994140625,2660.330078125,2651.469970703125,2659.989990234375,3141480000.0,15427.400390625,17513.900390625,15404.7998046875,16936.80078125,12153900032.0
2017-12-12,2661.72998046875,2669.719970703125,2659.780029296875,2664.110107421875,3568910000.0,16919.80078125,17781.80078125,16571.599609375,17415.400390625,14603799552.0
2017-12-13,2667.590087890625,2671.8798828125,2662.85009765625,2662.85009765625,3568360000.0,17500.0,17653.099609375,16039.7001953125,16408.19921875,12976900096.0
2017-12-14,2665.8701171875,2668.090087890625,2652.010009765625,2652.010009765625,3442760000.0,16384.599609375,17085.80078125,16185.900390625,16564.0,13777399808.0
2017-12-15,2660.6298828125,2679.6298828125,2659.139892578125,2675.81005859375,5736910000.0,16601.30078125,18154.099609375,16601.30078125,17706.900390625,14309999616.0
2017-12-16,,,,,,17760.30078125,19716.69921875,17515.30078125,19497.400390625,12740599808.0
2017-12-17,,,,,,19475.80078125,20089.0,18974.099609375,19140.80078125,13314599936.0
2017-12-18,2685.919921875,2694.969970703125,2685.919921875,2690.159912109375,3727770000.0,19106.400390625,19371.0,18355.900390625,19114.19921875,14839499776.0
2017-12-19,2692.7099609375,2694.43994140625,2680.739990234375,2681.469970703125,3407680000.0,19118.30078125,19177.80078125,17275.400390625,17776.69921875,16894499840.0
2017-12-20,2688.179931640625,2691.010009765625,2676.110107421875,2679.25,3246230000.0,17760.30078125,17934.69921875,16077.7001953125,16624.599609375,22149699584.0
2017-12-21,2683.02001953125,2692.639892578125,2682.39990234375,2684.570068359375,3293130000.0,16642.400390625,17567.69921875,15342.7001953125,15802.900390625,16516599808.0
2017-12-22,2684.219970703125,2685.35009765625,2678.1298828125,2683.340087890625,2401030000.0,15898.0,15943.400390625,11833.0,13831.7998046875,22197999616.0
2017-12-23,,,,,,13948.7001953125,15603.2001953125,13828.7998046875,14699.2001953125,13086000128.0
2017-12-24,,,,,,14608.2001953125,14626.0,12747.7001953125,13925.7998046875,11572299776.0
2017-12-25,,,,,,13995.900390625,14593.0,13448.900390625,14026.599609375,10664699904.0
2017-12-26,2679.090087890625,2682.739990234375,2677.9599609375,2680.5,1970660000.0,14036.599609375,16461.19921875,14028.900390625,16099.7998046875,13454300160.0
2017-12-27,2682.10009765625,2685.639892578125,2678.909912109375,2682.6201171875,2202900000.0,16163.5,16930.900390625,15114.2998046875,15838.5,12487600128.0
2017-12-28,2686.10009765625,2687.659912109375,2682.68994140625,2687.5400390625,2174890000.0,15864.099609375,15888.400390625,13937.2998046875,14606.5,12336499712.0
2017-12-29,2689.14990234375,2692.1201171875,2673.610107421875,2673.610107421875,2447760000.0,14695.7998046875,15279.0,14307.0,14656.2001953125,13025500160.0
2017-12-30,,,,,,14681.900390625,14681.900390625,12350.099609375,12952.2001953125,14452599808.0
2017-12-31,,,,,,12897.7001953125,14377.400390625,12755.599609375,14156.400390625,12136299520.0
2018-01-01,,,,,,14112.2001953125,14112.2001953125,13154.7001953125,13657.2001953125,10291200000.0
2018-01-02,2683.72998046875,2695.889892578125,2682.360107421875,2695.81005859375,3397430000.0,13625.0,15444.599609375,13163.599609375,14982.099609375,16846600192.0
2018-01-03,2697.85009765625,2714.3701171875,2697.77001953125,2713.06005859375,3544030000.0,14978.2001953125,15572.7998046875,14844.5,15201.0,16871900160.0
2018-01-04,2719.31005859375,2729.2900390625,2719.070068359375,2723.989990234375,3697340000.0,15270.7001953125,15739.7001953125,14522.2001953125,15599.2001953125,21783199744.0
2018-01-05,2731.330078125,2743.449951171875,2727.919921875,2743.14990234375,3239280000.0,15477.2001953125,17705.19921875,15202.7998046875,17429.5,23840899072.0
2018-01-06,,,,,,17462.099609375,17712.400390625,16764.599609375,17527.0,18314600448.0
2018-01-07,,,,,,17527.30078125,17579.599609375,16087.7001953125,16477.599609375,15866000384.0
2018-01-08,2742.669921875,2748.510009765625,2737.60009765625,2747.7099609375,3246160000.0,16476.19921875,16537.900390625,14208.2001953125,15170.099609375,18413899776.0
2018-01-09,2751.14990234375,2759.139892578125,2747.860107421875,2751.2900390625,3467460000.0,15123.7001953125,15497.5,14424.0,14595.400390625,16659999744.0
2018-01-10,2745.550048828125,2750.800048828125,2736.06005859375,2748.22998046875,3579900000.0,14588.5,14973.2998046875,13691.2001953125,14973.2998046875,18500800512.0
2018-01-11,2752.969970703125,2767.56005859375,2752.780029296875,2767.56005859375,3645690000.0,14968.2001953125,15018.7998046875,13105.900390625,13405.7998046875,16534099968.0
2018-01-12,2770.179931640625,2787.85009765625,2769.639892578125,2786.239990234375,3587220000.0,13453.900390625,14229.900390625,13158.099609375,13980.599609375,12065699840.0
2018-01-13,,,,,,13952.400390625,14659.5,13952.400390625,14360.2001953125,12763599872.0
2018-01-14,,,,,,14370.7998046875,14511.7998046875,13268.0,13772.0,11084099584.0
2018-01-15,,,,,,13767.2998046875,14445.5,13641.7001953125,13819.7998046875,12750799872.0
2018-01-16,2798.9599609375,2807.5400390625,2768.639892578125,2776.419921875,4362880000.0,13836.099609375,13843.099609375,10194.900390625,11490.5,18853799936.0
2018-01-17,2784.989990234375,2807.0400390625,2778.3798828125,2802.56005859375,3790340000.0,11431.099609375,11678.0,9402.2900390625,11188.599609375,18830600192.0
2018-01-18,2802.39990234375,2805.830078125,2792.56005859375,2798.030029296875,3703300000.0,11198.7998046875,12107.2998046875,10942.5,11474.900390625,15020399616.0
2018-01-19,2802.60009765625,2810.330078125,2798.080078125,2810.300048828125,3724230000.0,11429.7998046875,11992.7998046875,11172.099609375,11607.400390625,10740400128.0
2018-01-20,,,,,,11656.2001953125,13103.0,11656.2001953125,12899.2001953125,11801700352.0
2018-01-21,,,,,,12889.2001953125,12895.900390625,11288.2001953125,11600.099609375,9935179776.0
2018-01-22,2809.159912109375,2833.030029296875,2808.1201171875,2832.969970703125,3489480000.0,11633.099609375,11966.400390625,10240.2001953125,10931.400390625,10537400320.0
2018-01-23,2835.050048828125,2842.239990234375,2830.590087890625,2839.1298828125,3541140000.0,10944.5,11377.599609375,10129.7001953125,10868.400390625,9660609536.0
2018-01-24,2845.419921875,2852.969970703125,2824.81005859375,2837.5400390625,4079270000.0,10903.400390625,11501.400390625,10639.7998046875,11359.400390625,9940989952.0
2018-01-25,2846.239990234375,2848.56005859375,2830.93994140625,2839.25,3873100000.0,11421.7001953125,11785.7001953125,11057.400390625,11259.400390625,8873169920.0
2018-01-26,2847.47998046875,2872.8701171875,2846.179931640625,2872.8701171875,3474680000.0,11256.0,11656.7001953125,10470.2998046875,11171.400390625,9746199552.0
2018-01-27,,,,,,11174.900390625,11614.900390625,10989.2001953125,11440.7001953125,7583269888.0
2018-01-28,,,,,,11475.2998046875,12040.2998046875,11475.2998046875,11786.2998046875,8350360064.0
2018-01-29,2867.22998046875,2870.6201171875,2851.47998046875,2853.530029296875,3587420000.0,11755.5,11875.599609375,11179.2001953125,11296.400390625,7107359744.0
2018-01-30,2832.739990234375,2837.75,2818.27001953125,2822.429931640625,4012070000.0,11306.7998046875,11307.2001953125,10036.2001953125,10106.2998046875,8637859840.0
2018-01-31,2832.409912109375,2839.260009765625,2813.0400390625,2823.81005859375,4276270000.0,10108.2001953125,10381.599609375,9777.419921875,10221.099609375,8041160192.0
2018-02-01,2816.449951171875,2835.9599609375,2812.699951171875,2821.97998046875,3977380000.0,10237.2998046875,10288.7998046875,8812.2802734375,9170.5400390625,9959400448.0
2018-02-02,2808.919921875,2808.919921875,2759.969970703125,2762.1298828125,4340220000.0,9142.2802734375,9142.2802734375,7796.490234375,8830.75,12726899712.0
2018-02-03,,,,,,8852.1201171875,9430.75,8251.6298828125,9174.91015625,7263790080.0
2018-02-04,,,,,,9175.7001953125,9334.8701171875,8031.22021484375,8277.009765625,7073549824.0
2018-02-05,2741.06005859375,2763.389892578125,2638.169921875,2648.93994140625,5310840000.0,8270.5400390625,8364.83984375,6756.68017578125,6955.27001953125,9285289984.0
2018-02-06,2614.780029296875,2701.0400390625,2593.070068359375,2695.139892578125,5917350000.0,7051.75,7850.7001953125,6048.259765625,7754.0,13999800320.0
2018-02-07,2690.949951171875,2727.669921875,2681.330078125,2681.659912109375,4646300000.0,7755.490234375,8509.1103515625,7236.7900390625,7621.2998046875,9169280000.0
2018-02-08,2685.010009765625,2685.27001953125,2580.56005859375,2581.0,5333840000.0,7637.85986328125,8558.76953125,7637.85986328125,8265.58984375,9346750464.0
2018-02-09,2601.780029296875,2638.669921875,2532.68994140625,2619.550048828125,5690110000.0,8271.83984375,8736.98046875,7884.7099609375,8736.98046875,6784820224.0
2018-02-10,,,,,,8720.080078125,9122.5498046875,8295.4697265625,8621.900390625,7780960256.0
2018-02-11,,,,,,8616.1298828125,8616.1298828125,7931.10009765625,8129.97021484375,6122189824.0
2018-02-12,2636.75,2672.610107421875,2622.449951171875,2656.0,4069220000.0,8141.43017578125,8985.919921875,8141.43017578125,8926.5703125,6256439808.0
2018-02-13,2646.27001953125,2668.840087890625,2637.080078125,2662.93994140625,3503540000.0,8926.7197265625,8958.4697265625,8455.41015625,8598.3095703125,5696719872.0
2018-02-14,2651.2099609375,2702.10009765625,2648.8701171875,2698.6298828125,4011940000.0,8599.919921875,9518.5400390625,8599.919921875,9494.6298828125,7909819904.0
2018-02-15,2713.4599609375,2731.510009765625,2689.820068359375,2731.199951171875,3696140000.0,9488.3203125,10234.7998046875,9395.580078125,10166.400390625,9062540288.0
2018-02-16,2727.139892578125,2754.419921875,2725.110107421875,2732.219970703125,3646920000.0,10135.7001953125,10324.099609375,9824.8203125,10233.900390625,7296159744.0
2018-02-17,,,,,,10207.5,11139.5,10149.400390625,11112.7001953125,8660880384.0
2018-02-18,,,,,,11123.400390625,11349.7998046875,10326.0,10551.7998046875,8744009728.0
2018-02-19,,,,,,10552.599609375,11273.7998046875,10513.2001953125,11225.2998046875,7652089856.0
2018-02-20,2722.989990234375,2737.60009765625,2706.760009765625,2716.260009765625,3646920000.0,11231.7998046875,11958.5,11231.7998046875,11403.7001953125,9926540288.0
2018-02-21,2720.530029296875,2747.75,2701.2900390625,2701.330078125,3789040000.0,11372.2001953125,11418.5,10479.099609375,10690.400390625,9405339648.0
2018-02-22,2710.419921875,2731.260009765625,2697.77001953125,2703.9599609375,3720620000.0,10660.400390625,11039.099609375,9939.08984375,10005.0,8040079872.0
2018-02-23,2715.800048828125,2747.760009765625,2713.739990234375,2747.300048828125,3200360000.0,9937.0703125,10487.2998046875,9734.5595703125,10301.099609375,7739500032.0
2018-02-24,,,,,,10287.7001953125,10597.2001953125,9546.9697265625,9813.0703125,6917929984.0
2018-02-25,,,,,,9796.419921875,9923.2197265625,9407.0595703125,9664.73046875,5706939904.0
2018-02-26,2757.3701171875,2780.639892578125,2753.780029296875,2779.60009765625,3436590000.0,9669.4296875,10475.0,9501.73046875,10366.7001953125,7287690240.0
2018-02-27,2780.449951171875,2789.14990234375,2744.219970703125,2744.280029296875,3752070000.0,10393.900390625,10878.5,10246.099609375,10725.599609375,6966179840.0
2018-02-28,2753.780029296875,2761.52001953125,2713.5400390625,2713.830078125,4244570000.0,10687.2001953125,11089.7998046875,10393.099609375,10397.900390625,6936189952.0
2018-03-01,2715.219970703125,2730.889892578125,2659.64990234375,2677.669921875,4514490000.0,10385.0,11052.2998046875,10352.7001953125,10951.0,7317279744.0
2018-03-02,2658.889892578125,2696.25,2647.320068359375,2691.25,3891250000.0,10977.400390625,11189.0,10850.099609375,11086.400390625,7620590080.0
2018-03-03,,,,,,11101.900390625,11528.2001953125,11002.400390625,11489.7001953125,6690570240.0
2018-03-04,,,,,,11497.400390625,11512.599609375,11136.099609375,11512.599609375,6084149760.0
2018-03-05,2681.06005859375,2728.090087890625,2675.75,2720.93994140625,3733640000.0,11532.400390625,11704.099609375,11443.900390625,11573.2998046875,6468539904.0
2018-03-06,2730.179931640625,2732.080078125,2711.260009765625,2728.1201171875,3389030000.0,11500.099609375,11500.099609375,10694.2998046875,10779.900390625,6832169984.0
2018-03-07,2710.179931640625,2730.60009765625,2701.739990234375,2726.800048828125,3406690000.0,10803.900390625,10929.5,9692.1201171875,9965.5703125,8797910016.0
2018-03-08,2732.75,2740.449951171875,2722.64990234375,2738.969970703125,3206040000.0,9951.4404296875,10147.400390625,9335.8701171875,9395.009765625,7186089984.0
2018-03-09,2752.909912109375,2786.570068359375,2751.5400390625,2786.570068359375,3376870000.0,9414.6904296875,9466.349609375,8513.0302734375,9337.5498046875,8704190464.0
2018-03-10,,,,,,9350.58984375,9531.3203125,8828.4697265625,8866.0,5386319872.0
2018-03-11,,,,,,8852.7802734375,9711.8896484375,8607.1201171875,9578.6298828125,6296370176.0
2018-03-12,2790.5400390625,2796.97998046875,2779.260009765625,2783.02001953125,3216960000.0,9602.9296875,9937.5,8956.4296875,9205.1201171875,6457399808.0
2018-03-13,2792.31005859375,2801.89990234375,2758.679931640625,2765.31005859375,3324290000.0,9173.0400390625,9470.3798828125,8958.1904296875,9194.849609375,5991139840.0
2018-03-14,2774.06005859375,2777.110107421875,2744.3798828125,2749.47998046875,3394630000.0,9214.650390625,9355.849609375,8068.58984375,8269.8095703125,6438230016.0
2018-03-15,2754.27001953125,2763.030029296875,2741.469970703125,2747.330078125,3543710000.0,8290.759765625,8428.349609375,7783.0498046875,8300.8603515625,6834429952.0
2018-03-16,2750.570068359375,2761.85009765625,2749.969970703125,2752.010009765625,5429140000.0,8322.91015625,8585.150390625,8005.31005859375,8338.349609375,5289379840.0
2018-03-17,,,,,,8321.91015625,8346.5302734375,7812.81982421875,7916.8798828125,4426149888.0
2018-03-18,,,,,,7890.52001953125,8245.509765625,7397.990234375,8223.6796875,6639190016.0
2018-03-19,2741.3798828125,2741.3798828125,2694.590087890625,2712.919921875,3327460000.0,8344.1201171875,8675.8701171875,8182.39990234375,8630.650390625,6729110016.0
2018-03-20,2715.050048828125,2724.219970703125,2710.050048828125,2716.93994140625,3272590000.0,8619.669921875,9051.01953125,8389.8896484375,8913.4697265625,6361789952.0
2018-03-21,2714.989990234375,2739.139892578125,2709.7900390625,2711.929931640625,3434780000.0,8937.48046875,9177.3701171875,8846.330078125,8929.2802734375,6043129856.0
2018-03-22,2691.360107421875,2695.679931640625,2641.590087890625,2643.68994140625,3765460000.0,8939.4404296875,9100.7099609375,8564.900390625,8728.4697265625,5530390016.0
2018-03-23,2646.7099609375,2657.669921875,2585.889892578125,2588.260009765625,3829380000.0,8736.25,8879.6201171875,8360.6201171875,8879.6201171875,5954120192.0
2018-03-24,,,,,,8901.9501953125,8996.1796875,8665.7001953125,8668.1201171875,5664600064.0
2018-03-25,,,,,,8612.8095703125,8682.009765625,8449.099609375,8495.7802734375,4569880064.0
2018-03-26,2619.35009765625,2661.360107421875,2601.81005859375,2658.550048828125,3538080000.0,8498.4697265625,8530.080078125,7921.43017578125,8209.400390625,5921039872.0
2018-03-27,2667.570068359375,2674.780029296875,2596.1201171875,2612.6201171875,3761320000.0,8200.0,8232.7802734375,7797.27978515625,7833.0400390625,5378250240.0
2018-03-28,2611.300048828125,2632.64990234375,2593.06005859375,2605.0,3875720000.0,7836.830078125,8122.89013671875,7809.169921875,7954.47998046875,4935289856.0
2018-03-29,2614.409912109375,2659.070068359375,2609.719970703125,2640.8701171875,3572360000.0,7979.06982421875,7994.330078125,7081.3798828125,7165.7001953125,6361229824.0
2018-03-30,,,,,,7171.4501953125,7276.66015625,6683.93017578125,6890.52001953125,6289509888.0
2018-03-31,,,,,,6892.47998046875,7207.85009765625,6863.52001953125,6973.52978515625,4553269760.0
2018-04-01,,,,,,7003.06005859375,7060.9501953125,6526.8701171875,6844.22998046875,4532100096.0
2018-04-02,2633.449951171875,2638.300048828125,2553.800048828125,2581.8798828125,3635780000.0,6844.85986328125,7135.47021484375,6816.580078125,7083.7998046875,4333440000.0
2018-04-03,2592.169921875,2619.139892578125,2575.489990234375,2614.449951171875,3395840000.0,7102.259765625,7530.93994140625,7072.490234375,7456.10986328125,5499700224.0
2018-04-04,2584.0400390625,2649.860107421875,2573.610107421875,2644.68994140625,3369230000.0,7456.41015625,7469.8798828125,6803.8798828125,6853.83984375,4936000000.0
2018-04-05,2657.360107421875,2672.080078125,2649.580078125,2662.840087890625,3230430000.0,6848.64990234375,6933.81982421875,6644.7998046875,6811.47021484375,5639320064.0
2018-04-06,2645.820068359375,2656.8798828125,2586.27001953125,2604.469970703125,3312390000.0,6815.9599609375,6857.490234375,6575.0,6636.31982421875,3766810112.0
2018-04-07,,,,,,6630.509765625,7050.5400390625,6630.509765625,6911.08984375,3976610048.0
2018-04-08,,,,,,6919.97998046875,7111.56005859375,6919.97998046875,7023.52001953125,3652499968.0
2018-04-09,2617.179931640625,2653.550048828125,2610.7900390625,2613.159912109375,3076140000.0,7044.31982421875,7178.10986328125,6661.990234375,6770.72998046875,4894060032.0
2018-04-10,2638.409912109375,2665.449951171875,2635.780029296875,2656.8701171875,3579130000.0,6795.43994140625,6872.41015625,6704.14990234375,6834.759765625,4272750080.0
2018-04-11,2643.889892578125,2661.429931640625,2639.25,2642.18994140625,3054520000.0,6843.47021484375,6968.31982421875,6817.58984375,6968.31982421875,4641889792.0
2018-04-12,2653.830078125,2674.719970703125,2653.830078125,2663.989990234375,3045330000.0,6955.3798828125,7899.22998046875,6806.509765625,7889.25,8906250240.0
2018-04-13,2676.89990234375,2680.260009765625,2645.050048828125,2656.300048828125,2988540000.0,7901.08984375,8183.9599609375,7758.93017578125,7895.9599609375,7764460032.0
2018-04-14,,,,,,7874.669921875,8140.7099609375,7846.0,7986.240234375,5191430144.0
2018-04-15,,,,,,7999.330078125,8338.419921875,7999.330078125,8329.1103515625,5244480000.0
2018-04-16,2670.10009765625,2686.489990234375,2665.159912109375,2677.840087890625,3020740000.0,8337.5703125,8371.150390625,7925.72998046875,8058.669921875,5631309824.0
2018-04-17,2692.739990234375,2713.340087890625,2692.050048828125,2706.389892578125,3286190000.0,8071.66015625,8285.9599609375,7881.72021484375,7902.08984375,6900879872.0
2018-04-18,2710.110107421875,2717.489990234375,2703.6298828125,2708.639892578125,3412030000.0,7944.43017578125,8197.7998046875,7886.009765625,8163.419921875,6529909760.0
2018-04-19,2701.159912109375,2702.840087890625,2681.89990234375,2693.1298828125,3375120000.0,8159.27001953125,8298.6904296875,8138.77978515625,8294.3095703125,7063209984.0
2018-04-20,2692.56005859375,2693.93994140625,2660.610107421875,2670.139892578125,3428260000.0,8286.8798828125,8880.23046875,8244.5400390625,8845.830078125,8438110208.0
2018-04-21,,,,,,8848.7900390625,8997.5703125,8652.150390625,8895.580078125,7548550144.0
2018-04-22,,,,,,8925.0595703125,9001.6396484375,8779.6103515625,8802.4599609375,6629899776.0
2018-04-23,2675.39990234375,2682.860107421875,2657.989990234375,2670.2900390625,3030390000.0,8794.3896484375,8958.5498046875,8788.8095703125,8930.8798828125,6925190144.0
2018-04-24,2680.800048828125,2683.550048828125,2617.320068359375,2634.56005859375,3716020000.0,8934.33984375,9732.6103515625,8927.830078125,9697.5,10678800384.0
2018-04-25,2634.919921875,2645.300048828125,2612.669921875,2639.39990234375,3563680000.0,9701.0302734375,9745.3203125,8799.83984375,8845.740234375,11083100160.0
2018-04-26,2651.64990234375,2676.47998046875,2647.159912109375,2666.93994140625,3690920000.0,8867.3203125,9281.509765625,8727.08984375,9281.509765625,8970559488.0
2018-04-27,2675.469970703125,2677.35009765625,2659.010009765625,2669.909912109375,3234510000.0,9290.6298828125,9375.4697265625,8987.0498046875,8987.0498046875,7566289920.0
2018-04-28,,,,,,8939.26953125,9412.08984375,8931.990234375,9348.48046875,7805479936.0
2018-04-29,,,,,,9346.41015625,9531.490234375,9193.7099609375,9419.080078125,8853000192.0
2018-04-30,2682.510009765625,2682.8701171875,2648.0400390625,2648.050048828125,3749510000.0,9426.1103515625,9477.1396484375,9166.8095703125,9240.5498046875,8673920000.0
2018-05-01,2642.9599609375,2655.27001953125,2625.409912109375,2654.800048828125,3562820000.0,9251.4697265625,9255.8798828125,8891.0498046875,9119.009765625,7713019904.0
2018-05-02,2654.239990234375,2660.8701171875,2631.699951171875,2635.669921875,4047020000.0,9104.599609375,9256.51953125,9015.1396484375,9235.919921875,7558159872.0
2018-05-03,2628.080078125,2637.139892578125,2594.6201171875,2629.72998046875,3867530000.0,9233.9697265625,9798.330078125,9188.150390625,9743.8603515625,10207299584.0
2018-05-04,2621.449951171875,2670.929931640625,2615.320068359375,2663.419921875,3335260000.0,9695.5,9779.2001953125,9585.9599609375,9700.759765625,8217829888.0
2018-05-05,,,,,,9700.2802734375,9964.5,9695.1201171875,9858.150390625,7651939840.0
2018-05-06,,,,,,9845.3095703125,9940.1396484375,9465.25,9654.7998046875,7222280192.0
2018-05-07,2680.340087890625,2683.35009765625,2664.699951171875,2672.6298828125,3266810000.0,9645.669921875,9665.849609375,9231.5302734375,9373.009765625,7394019840.0
2018-05-08,2670.260009765625,2676.340087890625,2655.199951171875,2671.919921875,3745100000.0,9380.8701171875,9462.75,9127.76953125,9234.8203125,7415869952.0
2018-05-09,2678.1201171875,2701.27001953125,2674.139892578125,2697.7900390625,3913650000.0,9223.73046875,9374.759765625,9031.6201171875,9325.1796875,7226890240.0
2018-05-10,2705.02001953125,2726.110107421875,2704.5400390625,2723.070068359375,3380640000.0,9325.9599609375,9396.0400390625,9040.51953125,9043.9404296875,6906699776.0
2018-05-11,2722.699951171875,2732.860107421875,2717.449951171875,2727.719970703125,2874850000.0,9052.9599609375,9052.9599609375,8394.4599609375,8441.490234375,8488520192.0
2018-05-12,,,,,,8441.4404296875,8664.8603515625,8223.5,8504.8896484375,6821380096.0
2018-05-13,,,,,,8515.490234375,8773.5498046875,8395.1201171875,8723.9404296875,5866379776.0
2018-05-14,2738.469970703125,2742.10009765625,2725.469970703125,2730.1298828125,2994360000.0,8713.099609375,8881.1201171875,8367.9697265625,8716.7900390625,7364149760.0
2018-05-15,2718.590087890625,2718.590087890625,2701.909912109375,2711.449951171875,3291190000.0,8705.1904296875,8836.1904296875,8456.4501953125,8510.3798828125,6705710080.0
2018-05-16,2712.6201171875,2727.760009765625,2712.169921875,2722.4599609375,3248480000.0,8504.41015625,8508.4296875,8175.490234375,8368.830078125,6760220160.0
2018-05-17,2719.7099609375,2731.9599609375,2711.360107421875,2720.1298828125,3478150000.0,8370.0498046875,8445.5400390625,8054.1201171875,8094.31982421875,5862530048.0
2018-05-18,2717.35009765625,2719.5,2709.179931640625,2712.969970703125,3383270000.0,8091.830078125,8274.1201171875,7974.81982421875,8250.9697265625,5764190208.0
2018-05-19,,,,,,8255.73046875,8372.0595703125,8183.35009765625,8247.1796875,4712399872.0
2018-05-20,,,,,,8246.990234375,8562.41015625,8205.240234375,8513.25,5191059968.0
2018-05-21,2735.389892578125,2739.18994140625,2725.699951171875,2733.010009765625,3053480000.0,8522.330078125,8557.51953125,8365.1201171875,8418.990234375,5154990080.0
2018-05-22,2738.340087890625,2742.239990234375,2721.8798828125,2724.43994140625,3384140000.0,8419.8701171875,8423.25,8004.580078125,8041.77978515625,5137010176.0
2018-05-23,2713.97998046875,2733.330078125,2709.5400390625,2733.2900390625,3333160000.0,8037.080078125,8054.66015625,7507.8798828125,7557.81982421875,6491120128.0
2018-05-24,2730.93994140625,2731.969970703125,2707.3798828125,2727.760009765625,3285750000.0,7561.1201171875,7738.60009765625,7331.14013671875,7587.33984375,6049220096.0
2018-05-25,2723.60009765625,2727.360107421875,2714.989990234375,2721.330078125,3015260000.0,7592.2998046875,7659.14013671875,7392.64990234375,7480.14013671875,4867829760.0
2018-05-26,,,,,,7486.47998046875,7595.16015625,7349.1201171875,7355.8798828125,4051539968.0
2018-05-27,,,,,,7362.080078125,7381.740234375,7270.9599609375,7368.22021484375,4056519936.0
2018-05-28,,,,,,7371.31005859375,7419.0498046875,7100.89013671875,7135.990234375,5040600064.0
2018-05-29,2705.110107421875,2710.669921875,2676.81005859375,2689.860107421875,3743310000.0,7129.4599609375,7526.419921875,7090.68017578125,7472.58984375,5662660096.0
2018-05-30,2702.429931640625,2729.340087890625,2702.429931640625,2724.010009765625,3566490000.0,7469.72998046875,7573.77001953125,7313.60009765625,7406.52001953125,4922540032.0
2018-05-31,2720.97998046875,2722.5,2700.679931640625,2705.27001953125,4241100000.0,7406.14990234375,7608.89990234375,7361.1298828125,7494.169921875,5127130112.0
2018-06-01,2718.699951171875,2736.929931640625,2718.699951171875,2734.6201171875,3694310000.0,7500.7001953125,7604.72998046875,7407.33984375,7541.4501953125,4921460224.0
2018-06-02,,,,,,7536.72021484375,7695.830078125,7497.259765625,7643.4501953125,4939299840.0
2018-06-03,,,,,,7632.08984375,7754.89013671875,7613.0400390625,7720.25,4851760128.0
2018-06-04,2741.669921875,2749.159912109375,2740.5400390625,2746.8701171875,3410090000.0,7722.52978515625,7753.81982421875,7474.0400390625,7514.47021484375,4993169920.0
2018-06-05,2748.4599609375,2752.610107421875,2739.510009765625,2748.800048828125,3523550000.0,7500.89990234375,7643.22998046875,7397.0,7633.759765625,4961739776.0
2018-06-06,2753.25,2772.389892578125,2748.4599609375,2772.35009765625,3662780000.0,7625.97021484375,7680.43017578125,7502.009765625,7653.97998046875,4692259840.0
2018-06-07,2774.840087890625,2779.89990234375,2760.159912109375,2770.3701171875,3742080000.0,7650.81982421875,7741.27001953125,7650.81982421875,7678.240234375,4485799936.0
2018-06-08,2765.840087890625,2779.389892578125,2763.590087890625,2779.030029296875,3138850000.0,7685.14013671875,7698.18994140625,7558.39990234375,7624.919921875,4227579904.0
2018-06-09,,,,,,7632.52001953125,7683.580078125,7531.97998046875,7531.97998046875,3845220096.0
2018-06-10,,,,,,7499.5498046875,7499.5498046875,6709.06982421875,6786.02001953125,5804839936.0
2018-06-11,2780.179931640625,2790.2099609375,2780.169921875,2782.0,3262130000.0,6799.2900390625,6910.18017578125,6706.6298828125,6906.919921875,4745269760.0
2018-06-12,2785.60009765625,2789.800048828125,2778.780029296875,2786.85009765625,3435700000.0,6905.81982421875,6907.9599609375,6542.080078125,6582.35986328125,4654380032.0
2018-06-13,2787.93994140625,2791.469970703125,2774.64990234375,2775.6298828125,3820770000.0,6596.8798828125,6631.66015625,6285.6298828125,6349.89990234375,5052349952.0
2018-06-14,2783.2099609375,2789.06005859375,2776.52001953125,2782.489990234375,3540930000.0,6342.75,6707.14013671875,6334.4599609375,6675.35009765625,5138710016.0
2018-06-15,2777.780029296875,2782.81005859375,2761.72998046875,2779.659912109375,5451990000.0,6674.080078125,6681.080078125,6433.8701171875,6456.580078125,3955389952.0
2018-06-16,,,,,,6455.4501953125,6592.490234375,6402.2900390625,6550.16015625,3194170112.0
2018-06-17,,,,,,6545.52978515625,6589.10986328125,6499.27001953125,6499.27001953125,3104019968.0
2018-06-18,2765.7900390625,2774.989990234375,2757.1201171875,2773.75,3316120000.0,6510.06982421875,6781.14013671875,6446.68017578125,6734.81982421875,4039200000.0
2018-06-19,2752.010009765625,2765.050048828125,2743.18994140625,2762.590087890625,3671160000.0,6742.39013671875,6822.5,6709.919921875,6769.93994140625,4057029888.0
2018-06-20,2769.72998046875,2774.860107421875,2763.909912109375,2767.320068359375,3332140000.0,6770.759765625,6821.56005859375,6611.8798828125,6776.5498046875,3888640000.0
2018-06-21,2769.280029296875,2769.280029296875,2744.389892578125,2749.760009765625,3336580000.0,6780.08984375,6810.93994140625,6715.169921875,6729.740234375,3529129984.0
2018-06-22,2760.7900390625,2764.169921875,2752.679931640625,2754.8798828125,5468110000.0,6737.8798828125,6747.080078125,6006.60009765625,6083.68994140625,5079810048.0
2018-06-23,,,,,,6090.10009765625,6224.81982421875,6071.81005859375,6162.47998046875,3431360000.0
2018-06-24,,,,,,6164.27978515625,6223.77978515625,5826.41015625,6173.22998046875,4566909952.0
2018-06-25,2742.93994140625,2742.93994140625,2698.669921875,2717.070068359375,3663280000.0,6171.97021484375,6327.3701171875,6119.68017578125,6249.18017578125,5500810240.0
2018-06-26,2722.1201171875,2732.909912109375,2715.60009765625,2723.06005859375,3568900000.0,6253.5498046875,6290.16015625,6093.669921875,6093.669921875,3279759872.0
2018-06-27,2728.449951171875,2746.090087890625,2699.3798828125,2699.6298828125,3803990000.0,6084.39990234375,6180.0,6052.85009765625,6157.1298828125,3296219904.0
2018-06-28,2698.68994140625,2724.340087890625,2691.989990234375,2716.31005859375,3461100000.0,6153.16015625,6170.41015625,5873.0498046875,5903.43994140625,3467800064.0
2018-06-29,2727.1298828125,2743.260009765625,2718.030029296875,2718.3701171875,3586800000.0,5898.1298828125,6261.66015625,5835.75,6218.2998046875,3966230016.0
2018-06-30,,,,,,6214.22021484375,6465.509765625,6214.22021484375,6404.0,4543860224.0
2018-07-01,,,,,,6411.68017578125,6432.85009765625,6289.2900390625,6385.81982421875,4788259840.0
2018-07-02,2704.949951171875,2727.260009765625,2698.949951171875,2726.7099609375,3095040000.0,6380.3798828125,6683.85986328125,6305.7001953125,6614.18017578125,4396930048.0
2018-07-03,2733.27001953125,2736.580078125,2711.159912109375,2713.219970703125,1911460000.0,6596.66015625,6671.3701171875,6447.75,6529.58984375,4672309760.0
2018-07-04,,,,,,6550.8701171875,6771.919921875,6450.4599609375,6597.5498046875,4176689920.0
2018-07-05,2724.18994140625,2737.830078125,2716.02001953125,2736.610107421875,2980160000.0,6599.7099609375,6749.5400390625,6546.64990234375,6639.14013671875,4999240192.0
2018-07-06,2737.679931640625,2764.409912109375,2733.52001953125,2759.820068359375,2590250000.0,6638.68994140625,6700.93994140625,6533.5498046875,6673.5,4313959936.0
2018-07-07,,,,,,6668.7099609375,6863.990234375,6579.240234375,6856.93017578125,3961080064.0
2018-07-08,,,,,,6857.7998046875,6885.91015625,6747.97998046875,6773.8798828125,3386210048.0
2018-07-09,2775.6201171875,2784.64990234375,2770.72998046875,2784.169921875,3070060000.0,6775.080078125,6838.68017578125,6724.33984375,6741.75,3718129920.0
2018-07-10,2788.56005859375,2795.580078125,2786.239990234375,2793.840087890625,3080140000.0,6739.2099609375,6767.740234375,6320.72021484375,6329.9501953125,4052430080.0
2018-07-11,2779.820068359375,2785.909912109375,2770.77001953125,2774.02001953125,2986180000.0,6330.77001953125,6444.9599609375,6330.47021484375,6394.7099609375,3644859904.0
2018-07-12,2783.139892578125,2799.219970703125,2781.530029296875,2798.2900390625,2834230000.0,6396.77978515625,6397.10009765625,6136.419921875,6228.81005859375,3770170112.0
2018-07-13,2796.929931640625,2804.530029296875,2791.68994140625,2801.31005859375,2619790000.0,6235.02978515625,6310.5498046875,6192.240234375,6238.0498046875,3805400064.0
2018-07-14,,,,,,6247.5,6298.18994140625,6212.22021484375,6276.1201171875,2923670016.0
2018-07-15,,,,,,6272.7001953125,6403.4599609375,6256.509765625,6359.64013671875,3285459968.0
2018-07-16,2797.360107421875,2801.18994140625,2793.389892578125,2798.429931640625,2819860000.0,6357.009765625,6741.75,6357.009765625,6741.75,4725799936.0
2018-07-17,2789.340087890625,2814.18994140625,2789.239990234375,2809.550048828125,3064920000.0,6739.64990234375,7387.240234375,6684.169921875,7321.0400390625,5961950208.0
2018-07-18,2811.35009765625,2816.760009765625,2805.889892578125,2815.6201171875,3111560000.0,7315.31982421875,7534.990234375,7280.47021484375,7370.77978515625,6103410176.0
2018-07-19,2809.3701171875,2812.050048828125,2799.77001953125,2804.489990234375,3278360000.0,7378.2001953125,7494.4599609375,7295.4599609375,7466.85986328125,5111629824.0
2018-07-20,2804.550048828125,2809.699951171875,2800.010009765625,2801.830078125,3243250000.0,7467.39990234375,7594.669921875,7323.259765625,7354.1298828125,4936869888.0
2018-07-21,,,,,,7352.72021484375,7437.64013671875,7262.41015625,7419.2900390625,3726609920.0
2018-07-22,,,,,,7417.7998046875,7537.9501953125,7383.81982421875,7418.490234375,3695460096.0
2018-07-23,2799.169921875,2808.610107421875,2795.139892578125,2806.97998046875,2928490000.0,7414.7099609375,7771.5,7409.10009765625,7711.10986328125,5132480000.0
2018-07-24,2820.679931640625,2829.989990234375,2811.1201171875,2820.39990234375,3430410000.0,7716.509765625,8424.26953125,7705.5,8424.26953125,7277689856.0
2018-07-25,2817.72998046875,2848.030029296875,2817.72998046875,2846.070068359375,3584400000.0,8379.66015625,8416.8701171875,8086.35986328125,8181.39013671875,5845400064.0
2018-07-26,2835.489990234375,2845.570068359375,2835.260009765625,2837.43994140625,3667290000.0,8176.85009765625,8290.330078125,7878.7099609375,7951.580078125,4899089920.0
2018-07-27,2842.35009765625,2843.169921875,2808.340087890625,2818.820068359375,3434370000.0,7950.39990234375,8262.66015625,7839.759765625,8165.009765625,5195879936.0
2018-07-28,,,,,,8169.06005859375,8222.849609375,8110.77001953125,8192.150390625,3988750080.0
2018-07-29,,,,,,8205.8203125,8272.259765625,8141.18017578125,8218.4599609375,4107190016.0
2018-07-30,2819.0,2821.739990234375,2798.110107421875,2802.60009765625,3261190000.0,8221.580078125,8235.5,7917.5,8180.47998046875,5551400000.0
2018-07-31,2809.72998046875,2824.4599609375,2808.06005859375,2816.2900390625,3906890000.0,8181.2001953125,8181.52978515625,7696.93017578125,7780.43994140625,5287530000.0
2018-08-01,2821.169921875,2825.830078125,2805.85009765625,2813.360107421875,3501350000.0,7769.0400390625,7769.0400390625,7504.9501953125,7624.91015625,4797620000.0
2018-08-02,2800.47998046875,2829.909912109375,2796.340087890625,2827.219970703125,3501380000.0,7634.18994140625,7712.77001953125,7523.43994140625,7567.14990234375,4214110000.0
2018-08-03,2829.6201171875,2840.3798828125,2827.3701171875,2840.35009765625,3043690000.0,7562.14013671875,7562.14013671875,7328.64990234375,7434.39013671875,4627150000.0
2018-08-04,,,,,,7438.669921875,7497.490234375,6984.06982421875,7032.85009765625,4268390000.0
2018-08-05,,,,,,7031.080078125,7102.77001953125,6940.7001953125,7068.47998046875,3679110000.0
2018-08-06,2840.2900390625,2853.2900390625,2835.97998046875,2850.39990234375,2879020000.0,7062.93994140625,7166.5498046875,6890.5400390625,6951.7998046875,3925900000.0
2018-08-07,2855.919921875,2863.429931640625,2855.919921875,2858.449951171875,3185440000.0,6958.31982421875,7146.56005859375,6748.240234375,6753.1201171875,4682800000.0
2018-08-08,2856.7900390625,2862.43994140625,2853.090087890625,2857.699951171875,2978070000.0,6746.85009765625,6746.85009765625,6226.22021484375,6305.7998046875,5064430000.0
2018-08-09,2857.18994140625,2862.47998046875,2851.97998046875,2853.580078125,3066180000.0,6305.56005859375,6625.72998046875,6249.06982421875,6568.22998046875,4267040000.0
2018-08-10,2838.89990234375,2842.199951171875,2825.81005859375,2833.280029296875,3265590000.0,6571.419921875,6591.259765625,6124.52001953125,6184.7099609375,4528680000.0
2018-08-11,,,,,,6185.7900390625,6455.740234375,6109.02978515625,6295.72998046875,4047850000.0
2018-08-12,,,,,,6283.64990234375,6409.85009765625,6237.5,6322.68994140625,5665250000.0
2018-08-13,2835.4599609375,2843.39990234375,2819.8798828125,2821.929931640625,3173630000.0,6341.35986328125,6537.0498046875,6225.72021484375,6297.56982421875,4083980000.0
2018-08-14,2827.8798828125,2843.110107421875,2826.580078125,2839.9599609375,2986500000.0,6287.66015625,6287.93994140625,5971.0498046875,6199.7099609375,5301700000.0
2018-08-15,2827.949951171875,2827.949951171875,2802.489990234375,2818.3701171875,3656680000.0,6221.419921875,6588.490234375,6221.419921875,6308.52001953125,4895450000.0
2018-08-16,2831.43994140625,2850.489990234375,2831.43994140625,2840.68994140625,3232000000.0,6294.22998046875,6473.5,6276.41015625,6334.72998046875,4328420000.0
2018-08-17,2838.320068359375,2855.6298828125,2833.72998046875,2850.1298828125,3037640000.0,6340.91015625,6582.5,6324.97021484375,6580.6298828125,4992990000.0
2018-08-18,,,,,,6583.43017578125,6617.35009765625,6353.72998046875,6423.759765625,3984520000.0
2018-08-19,,,,,,6422.56982421875,6537.97998046875,6361.5498046875,6506.06982421875,3311170000.0
2018-08-20,2853.929931640625,2859.760009765625,2850.6201171875,2857.050048828125,2757150000.0,6500.509765625,6536.919921875,6297.93017578125,6308.52978515625,3665100000.0
2018-08-21,2861.510009765625,2873.22998046875,2861.320068359375,2862.9599609375,3174010000.0,6301.06982421875,6500.8701171875,6298.240234375,6488.759765625,3377180000.0
2018-08-22,2860.989990234375,2867.5400390625,2856.050048828125,2861.820068359375,2701250000.0,6486.25,6816.7900390625,6310.10986328125,6376.7099609375,4668110000.0
2018-08-23,2860.2900390625,2868.780029296875,2854.030029296875,2856.97998046875,2724450000.0,6371.33984375,6546.5400390625,6371.33984375,6534.8798828125,3426180000.0
2018-08-24,2862.35009765625,2876.159912109375,2862.35009765625,2874.68994140625,2603010000.0,6551.52001953125,6719.9599609375,6498.64013671875,6719.9599609375,4097820000.0
2018-08-25,,,,,,6719.9501953125,6789.6298828125,6700.9599609375,6763.18994140625,3312600000.0
2018-08-26,,,,,,6754.64013671875,6774.75,6620.75,6707.259765625,3295500000.0
2018-08-27,2884.68994140625,2898.25,2884.68994140625,2896.739990234375,2865070000.0,6710.7998046875,6884.64013671875,6689.7099609375,6884.64013671875,4019000000.0
2018-08-28,2901.449951171875,2903.77001953125,2893.5,2897.52001953125,2687770000.0,6891.080078125,7109.56005859375,6882.33984375,7096.27978515625,4659940000.0
2018-08-29,2900.6201171875,2916.5,2898.39990234375,2914.0400390625,2805520000.0,7091.7099609375,7113.2998046875,6970.81982421875,7047.16015625,4145880000.0
2018-08-30,2908.93994140625,2912.4599609375,2895.219970703125,2901.1298828125,2810450000.0,7043.759765625,7072.68994140625,6834.68994140625,6978.22998046875,4463250000.0
2018-08-31,2898.3701171875,2906.320068359375,2891.72998046875,2901.52001953125,2887220000.0,6973.97021484375,7057.169921875,6920.16015625,7037.580078125,4495650000.0
2018-09-01,,,,,,7044.81005859375,7242.2900390625,7038.0498046875,7193.25,4116050000.0
2018-09-02,,,,,,7189.580078125,7306.31005859375,7132.16015625,7272.72021484375,4329540000.0
2018-09-03,,,,,,7279.02978515625,7317.93994140625,7208.14990234375,7260.06005859375,4087760000.0
2018-09-04,2896.9599609375,2900.179931640625,2885.1298828125,2896.719970703125,3087420000.0,7263.0,7388.259765625,7255.43994140625,7361.66015625,4273640000.0
2018-09-05,2891.590087890625,2894.2099609375,2876.919921875,2888.60009765625,3248780000.0,7361.4599609375,7388.43017578125,6792.830078125,6792.830078125,5800460000.0
2018-09-06,2888.639892578125,2892.050048828125,2867.2900390625,2878.050048828125,3144240000.0,6755.14013671875,6755.14013671875,6404.72021484375,6529.169921875,5523470000.0
2018-09-07,2868.260009765625,2883.81005859375,2864.1201171875,2871.679931640625,2976580000.0,6528.919921875,6555.2900390625,6396.8701171875,6467.06982421875,4264680000.0
2018-09-08,,,,,,6460.169921875,6534.25,6197.52001953125,6225.97998046875,3835060000.0
2018-09-09,,,,,,6223.3798828125,6446.259765625,6201.22021484375,6300.85986328125,3671890000.0
2018-09-10,2881.389892578125,2886.929931640625,2875.93994140625,2877.1298828125,2751100000.0,6301.56982421875,6374.97998046875,6292.759765625,6329.7001953125,3714100000.0
2018-09-11,2871.570068359375,2892.52001953125,2866.780029296875,2887.889892578125,2904500000.0,6331.8798828125,6398.919921875,6260.2099609375,6321.2001953125,3849910000.0
2018-09-12,2888.2900390625,2894.64990234375,2879.199951171875,2888.919921875,3341280000.0,6317.009765625,6363.8701171875,6265.08984375,6351.7998046875,4064230000.0
2018-09-13,2896.85009765625,2906.760009765625,2896.389892578125,2904.179931640625,3274090000.0,6354.240234375,6535.41015625,6354.240234375,6517.31005859375,4210910000.0
2018-09-14,2906.3798828125,2908.300048828125,2895.77001953125,2904.97998046875,3179410000.0,6515.41015625,6596.10009765625,6456.169921875,6512.7099609375,4076220000.0
2018-09-15,,,,,,6509.39990234375,6561.72021484375,6493.5498046875,6543.2001953125,3216300000.0
2018-09-16,,,,,,6536.68017578125,6544.330078125,6460.10009765625,6517.18017578125,3273730000.0
2018-09-17,2903.830078125,2904.64990234375,2886.159912109375,2888.800048828125,2967980000.0,6514.06005859375,6540.2099609375,6257.52001953125,6281.2001953125,3910780000.0
2018-09-18,2890.739990234375,2911.169921875,2890.429931640625,2904.31005859375,3091190000.0,6280.91015625,6384.18017578125,6265.7099609375,6371.2998046875,4180090000.0
2018-09-19,2906.60009765625,2912.360107421875,2903.820068359375,2907.949951171875,3302460000.0,6371.85009765625,6448.4599609375,6208.33984375,6398.5400390625,4431340000.0
2018-09-20,2919.72998046875,2934.800048828125,2919.72998046875,2930.75,3406520000.0,6398.85009765625,6529.259765625,6395.9501953125,6519.669921875,4348110000.0
2018-09-21,2936.760009765625,2940.909912109375,2927.110107421875,2929.669921875,5652470000.0,6513.8701171875,6794.330078125,6496.35986328125,6734.9501953125,6531940000.0
2018-09-22,,,,,,6735.0498046875,6814.56005859375,6616.7998046875,6721.97998046875,4509660000.0
2018-09-23,,,,,,6715.31982421875,6766.14990234375,6679.419921875,6710.6298828125,4197500000.0
2018-09-24,2921.830078125,2923.7900390625,2912.6298828125,2919.3701171875,3392030000.0,6704.77001953125,6713.56005859375,6580.89990234375,6595.41015625,4177310000.0
2018-09-25,2921.75,2923.949951171875,2913.699951171875,2915.56005859375,3330880000.0,6603.64013671875,6603.64013671875,6381.85986328125,6446.47021484375,4726180000.0
2018-09-26,2916.97998046875,2931.14990234375,2903.280029296875,2905.969970703125,3417540000.0,6452.7900390625,6585.91015625,6397.89013671875,6495.0,4437300000.0
2018-09-27,2911.64990234375,2927.219970703125,2909.27001953125,2914.0,3101360000.0,6495.2900390625,6712.10009765625,6464.9501953125,6676.75,4606810000.0
2018-09-28,2910.030029296875,2920.530029296875,2907.5,2913.97998046875,3461680000.0,6678.75,6785.02978515625,6598.31982421875,6644.1298828125,5014430000.0
2018-09-29,,,,,,6643.10009765625,6643.10009765625,6511.64990234375,6601.9599609375,4363690000.0
2018-09-30,,,,,,6604.7099609375,6643.77978515625,6566.5400390625,6625.56005859375,4002280000.0
2018-10-01,2926.2900390625,2937.06005859375,2917.909912109375,2924.590087890625,3375890000.0,6619.85009765625,6653.2998046875,6549.080078125,6589.6201171875,4000970000.0
2018-10-02,2923.800048828125,2931.419921875,2919.3701171875,2923.429931640625,3432620000.0,6593.240234375,6611.83984375,6537.89990234375,6556.10009765625,3979260000.0
2018-10-03,2931.68994140625,2939.860107421875,2921.360107421875,2925.510009765625,3625510000.0,6553.85986328125,6571.4599609375,6454.02978515625,6502.58984375,3887310000.0
2018-10-04,2919.35009765625,2919.780029296875,2883.919921875,2901.610107421875,3510370000.0,6497.91015625,6603.31005859375,6497.91015625,6576.68994140625,3838410000.0
2018-10-05,2902.5400390625,2909.639892578125,2869.2900390625,2885.570068359375,3340820000.0,6574.14990234375,6623.6201171875,6557.41015625,6622.47998046875,3671500000.0
2018-10-06,,,,,,6622.4501953125,6628.5400390625,6577.7998046875,6588.31005859375,3259740000.0
2018-10-07,,,,,,6590.68017578125,6641.490234375,6557.0400390625,6602.9501953125,3306630000.0
2018-10-08,2877.530029296875,2889.449951171875,2862.080078125,2884.429931640625,3381820000.0,6600.18994140625,6675.06005859375,6576.0400390625,6652.22998046875,3979460000.0
2018-10-09,2882.510009765625,2894.830078125,2874.27001953125,2880.340087890625,3531690000.0,6653.080078125,6661.41015625,6606.93994140625,6642.64013671875,3580810000.0
2018-10-10,2873.89990234375,2874.02001953125,2784.860107421875,2785.679931640625,4554260000.0,6640.2900390625,6640.2900390625,6538.9599609375,6585.52978515625,3787650000.0
2018-10-11,2776.8701171875,2795.139892578125,2710.510009765625,2728.3701171875,4914090000.0,6586.740234375,6586.740234375,6243.740234375,6256.240234375,5181640000.0
2018-10-12,2770.5400390625,2775.77001953125,2729.43994140625,2767.1298828125,4024010000.0,6239.25,6328.5,6236.47021484375,6274.580078125,3783500000.0
2018-10-13,,,,,,6278.080078125,6308.509765625,6259.81005859375,6285.990234375,3064030000.0
2018-10-14,,,,,,6288.490234375,6363.2099609375,6280.14990234375,6290.93017578125,3085320000.0
2018-10-15,2763.830078125,2775.989990234375,2749.030029296875,2750.7900390625,3327160000.0,6292.64013671875,6965.06005859375,6258.68017578125,6596.5400390625,7370770000.0
2018-10-16,2767.050048828125,2813.4599609375,2766.909912109375,2809.919921875,3460260000.0,6601.41015625,6673.58984375,6571.3701171875,6596.10986328125,4074800000.0
2018-10-17,2811.669921875,2816.93994140625,2781.81005859375,2809.2099609375,3347090000.0,6590.52001953125,6601.2099609375,6517.4501953125,6544.43017578125,4088420000.0
2018-10-18,2802.0,2806.0400390625,2755.179931640625,2768.780029296875,3639300000.0,6542.330078125,6567.5400390625,6450.0400390625,6476.7099609375,3924080000.0
2018-10-19,2775.659912109375,2797.77001953125,2760.27001953125,2767.780029296875,3593940000.0,6478.06982421875,6493.68017578125,6445.31005859375,6465.41015625,3578870000.0
2018-10-20,,,,,,6460.919921875,6497.72021484375,6449.0,6489.18994140625,3379130000.0
2018-10-21,,,,,,6490.08984375,6556.3798828125,6476.0,6482.35009765625,3253610000.0
2018-10-22,2773.93994140625,2778.93994140625,2749.219970703125,2755.8798828125,3331270000.0,6486.0498046875,6543.7998046875,6462.97998046875,6487.16015625,3672860000.0
2018-10-23,2721.030029296875,2753.590087890625,2691.429931640625,2740.68994140625,4373710000.0,6472.35986328125,6506.009765625,6451.27001953125,6475.740234375,3716150000.0
2018-10-24,2737.8701171875,2742.590087890625,2651.889892578125,2656.10009765625,4738670000.0,6478.89013671875,6521.990234375,6468.85986328125,6495.83984375,3424670000.0
2018-10-25,2674.8798828125,2722.699951171875,2667.840087890625,2705.570068359375,4663930000.0,6484.64990234375,6504.64990234375,6447.02978515625,6476.2900390625,3230550000.0
2018-10-26,2667.860107421875,2692.3798828125,2628.159912109375,2658.68994140625,4804330000.0,6468.43994140625,6498.2900390625,6449.60986328125,6474.75,3306050000.0
2018-10-27,,,,,,6480.83984375,6507.41015625,6453.52978515625,6480.3798828125,3393250000.0
2018-10-28,,,,,,6482.66015625,6502.27978515625,6447.91015625,6486.39013671875,3445190000.0
2018-10-29,2682.64990234375,2706.85009765625,2603.5400390625,2641.25,4701260000.0,6492.35009765625,6503.60009765625,6306.990234375,6332.6298828125,4199910000.0
2018-10-30,2640.679931640625,2685.429931640625,2635.340087890625,2682.6298828125,5125600000.0,6337.0400390625,6364.990234375,6310.14013671875,6334.27001953125,3781100000.0
2018-10-31,2705.60009765625,2736.68994140625,2705.60009765625,2711.739990234375,5133380000.0,6336.990234375,6349.16015625,6316.8798828125,6317.60986328125,4191240000.0
2018-11-01,2717.580078125,2741.669921875,2708.85009765625,2740.3701171875,4730250000.0,6318.14013671875,6547.14013671875,6311.830078125,6377.77978515625,3789400000.0
2018-11-02,2745.449951171875,2756.550048828125,2700.43994140625,2723.06005859375,4261230000.0,6378.919921875,6396.85986328125,6327.3798828125,6388.43994140625,4234870000.0
2018-11-03,,,,,,6387.240234375,6400.06982421875,6342.3701171875,6361.259765625,3658640000.0
2018-11-04,,,,,,6365.47021484375,6388.6298828125,6294.56982421875,6376.1298828125,4390020000.0
2018-11-05,2726.3701171875,2744.27001953125,2717.93994140625,2738.31005859375,3650910000.0,6363.6201171875,6480.58984375,6363.6201171875,6419.66015625,4174800000.0
2018-11-06,2738.39990234375,2756.820068359375,2737.080078125,2755.449951171875,3543800000.0,6433.3798828125,6463.5498046875,6408.16015625,6461.009765625,4700040000.0
2018-11-07,2774.1298828125,2815.14990234375,2774.1298828125,2813.889892578125,3929080000.0,6468.5,6552.16015625,6468.31005859375,6530.14013671875,4941260000.0
2018-11-08,2806.3798828125,2814.75,2794.989990234375,2806.830078125,3673550000.0,6522.27001953125,6536.919921875,6438.52978515625,6453.72021484375,4665260000.0
2018-11-09,2794.10009765625,2794.10009765625,2764.239990234375,2781.010009765625,4029030000.0,6442.60009765625,6456.4599609375,6373.3701171875,6385.6201171875,4346820000.0
2018-11-10,,,,,,6386.1298828125,6437.27978515625,6385.31005859375,6409.22021484375,3705320000.0
2018-11-11,,,,,,6413.6298828125,6423.25,6350.169921875,6411.27001953125,3939060000.0
2018-11-12,2773.929931640625,2775.989990234375,2722.0,2726.219970703125,3701570000.0,6411.759765625,6434.2099609375,6360.47021484375,6371.27001953125,4295770000.0
2018-11-13,2730.050048828125,2754.60009765625,2714.97998046875,2722.179931640625,4112820000.0,6373.18994140625,6395.27001953125,6342.669921875,6359.490234375,4503800000.0
2018-11-14,2737.89990234375,2746.800048828125,2685.75,2701.580078125,4449060000.0,6351.240234375,6371.5498046875,5544.08984375,5738.35009765625,7398940000.0
2018-11-15,2693.52001953125,2735.3798828125,2670.75,2730.199951171875,4204960000.0,5736.14990234375,5774.81982421875,5358.3798828125,5648.02978515625,7032140000.0
2018-11-16,2718.5400390625,2746.75,2712.159912109375,2736.27001953125,3996970000.0,5645.31982421875,5657.02001953125,5498.93994140625,5575.5498046875,5279320000.0
2018-11-17,,,,,,5578.580078125,5578.580078125,5519.56005859375,5554.330078125,4303150000.0
2018-11-18,,,,,,5559.740234375,5653.60986328125,5559.740234375,5623.5400390625,4159680000.0
2018-11-19,2730.739990234375,2733.159912109375,2681.090087890625,2690.72998046875,3806940000.0,5620.77978515625,5620.77978515625,4842.91015625,4871.490234375,7039560000.0
2018-11-20,2654.60009765625,2669.43994140625,2631.52001953125,2641.889892578125,4370820000.0,4863.93017578125,4951.60986328125,4272.10986328125,4451.8701171875,8428290000.0
2018-11-21,2657.739990234375,2670.72998046875,2649.820068359375,2649.929931640625,3237400000.0,4465.5400390625,4675.72998046875,4343.97998046875,4602.169921875,6120120000.0
2018-11-22,,,,,,4611.56982421875,4629.64013671875,4365.64013671875,4365.93994140625,4569370000.0
2018-11-23,2633.360107421875,2647.550048828125,2631.090087890625,2632.56005859375,1651680000.0,4360.7001953125,4396.419921875,4195.68017578125,4347.10986328125,4871490000.0
2018-11-24,,,,,,4347.68994140625,4413.08984375,3795.159912109375,3880.760009765625,4679500000.0
2018-11-25,,,,,,3880.780029296875,4120.8701171875,3585.06005859375,4009.969970703125,6825640000.0
2018-11-26,2649.969970703125,2674.35009765625,2649.969970703125,2673.449951171875,3523520000.0,4015.070068359375,4107.14013671875,3643.919921875,3779.1298828125,6476900000.0
2018-11-27,2663.75,2682.530029296875,2655.889892578125,2682.169921875,3494380000.0,3765.949951171875,3862.9599609375,3661.010009765625,3820.719970703125,5998720000.0
2018-11-28,2691.449951171875,2744.0,2684.3798828125,2743.7900390625,3984540000.0,3822.469970703125,4385.89990234375,3822.469970703125,4257.419921875,7280280000.0
2018-11-29,2736.969970703125,2753.75,2722.93994140625,2737.800048828125,3599200000.0,4269.00439453125,4413.0205078125,4145.76513671875,4278.8466796875,6503347767.0
2018-11-30,2737.760009765625,2760.8798828125,2732.760009765625,2760.169921875,4668310000.0,4289.0888671875,4322.9765625,3942.822021484375,4017.2685546875,6048016717.0
2018-12-01,,,,,,4024.46435546875,4309.37744140625,3969.710693359375,4214.671875,5375314093.0
2018-12-02,,,,,,4200.7333984375,4301.51953125,4110.978515625,4139.8779296875,5262697895.0
2018-12-03,2790.5,2800.179931640625,2773.3798828125,2790.3701171875,4221580000.0,4147.32373046875,4155.9794921875,3840.4462890625,3894.130859375,5089570994.0
2018-12-04,2782.429931640625,2785.929931640625,2697.179931640625,2700.06005859375,4515710000.0,3886.294921875,4075.627685546875,3832.75,3956.893798828125,5028069239.0
2018-12-05,,,,,,3958.894775390625,3969.535888671875,3753.994873046875,3753.994873046875,5302481574.0
2018-12-06,2663.510009765625,2696.14990234375,2621.530029296875,2695.949951171875,5180430000.0,3754.074462890625,3874.966064453125,3521.101806640625,3521.101806640625,5878333109.0
2018-12-07,2691.260009765625,2708.5400390625,2623.139892578125,2633.080078125,4242240000.0,3512.59033203125,3512.59033203125,3280.228759765625,3419.937255859375,6835615448.0
2018-12-08,,,,,,3421.910400390625,3506.04345703125,3350.650634765625,3476.11474609375,5305024497.0
2018-12-09,,,,,,3473.2275390625,3685.3056640625,3469.09423828125,3614.234375,4947372847.0
2018-12-10,2630.860107421875,2647.510009765625,2583.22998046875,2637.719970703125,4162880000.0,3612.04638671875,3647.33251953125,3470.14453125,3502.656005859375,5020968740.0
2018-12-11,2664.43994140625,2674.35009765625,2621.300048828125,2636.780029296875,3963440000.0,3497.5546875,3513.18505859375,3392.25,3424.588134765625,4696765188.0
2018-12-12,2658.22998046875,2685.43994140625,2650.260009765625,2651.070068359375,4029300000.0,3421.458251953125,3534.228515625,3413.4814453125,3486.9501953125,4139364829.0
2018-12-13,2658.699951171875,2670.18994140625,2637.27001953125,2650.5400390625,3978340000.0,3487.87939453125,3489.739501953125,3298.132080078125,3313.67724609375,4343372456.0
2018-12-14,2629.679931640625,2635.070068359375,2593.840087890625,2599.949951171875,4064370000.0,3311.751953125,3329.555908203125,3206.542236328125,3242.48486328125,4372763663.0
2018-12-15,,,,,,3243.99755859375,3275.3779296875,3191.303466796875,3236.76171875,3551763561.0
2018-12-16,,,,,,3236.274658203125,3305.753173828125,3233.81982421875,3252.839111328125,3744248994.0
2018-12-17,2590.75,2601.1298828125,2530.5400390625,2545.93994140625,4661420000.0,3253.123046875,3597.91796875,3253.123046875,3545.86474609375,5409247918.0
2018-12-18,2559.89990234375,2573.989990234375,2528.7099609375,2546.159912109375,4519190000.0,3544.761474609375,3701.349365234375,3487.169189453125,3696.05908203125,5911325473.0
2018-12-19,2547.050048828125,2585.2900390625,2488.9599609375,2506.9599609375,5152830000.0,3706.824951171875,3949.322998046875,3687.22998046875,3745.95068359375,6810689119.0
2018-12-20,2496.77001953125,2509.6298828125,2441.179931640625,2467.419921875,5619780000.0,3742.195068359375,4191.228515625,3728.974609375,4134.44140625,8927129279.0
2018-12-21,2465.3798828125,2504.409912109375,2408.550048828125,2416.6201171875,7657890000.0,4133.70361328125,4198.4296875,3850.9462890625,3896.543701171875,7206015706.0
2018-12-22,,,,,,3898.083740234375,4014.1826171875,3855.739013671875,4014.1826171875,5605823233.0
2018-12-23,,,,,,4020.99462890625,4085.7236328125,3976.40576171875,3998.980224609375,6151275490.0
2018-12-24,2400.56005859375,2410.340087890625,2351.10009765625,2351.10009765625,2613670000.0,4000.331787109375,4271.79248046875,4000.331787109375,4078.59912109375,7240968501.0
2018-12-25,,,,,,4081.030517578125,4089.5615234375,3760.0205078125,3815.49072265625,6158207293.0
2018-12-26,2363.1201171875,2467.760009765625,2346.580078125,2467.699951171875,4249740000.0,3819.666748046875,3893.359619140625,3769.86376953125,3857.297607421875,5326547918.0
2018-12-27,2442.5,2489.10009765625,2397.93994140625,2488.830078125,4139010000.0,3854.6884765625,3874.4169921875,3645.448486328125,3654.83349609375,5130222366.0
2018-12-28,2498.77001953125,2520.27001953125,2472.889892578125,2485.739990234375,3728440000.0,3653.1318359375,3956.135986328125,3642.632080078125,3923.918701171875,5631554348.0
2018-12-29,,,,,,3932.49169921875,3963.7587890625,3820.40869140625,3820.40869140625,4991655917.0
2018-12-30,,,,,,3822.384765625,3901.908935546875,3797.21923828125,3865.95263671875,4770578575.0
2018-12-31,2498.93994140625,2509.239990234375,2482.820068359375,2506.85009765625,3461920000.0,3866.839111328125,3868.742919921875,3725.867431640625,3742.700439453125,4661840806.0
2019-01-01,,,,,,3746.71337890625,3850.913818359375,3707.231201171875,3843.52001953125,4324200990.0
2019-01-02,2476.9599609375,2519.489990234375,2467.469970703125,2510.030029296875,3733160000.0,3849.21630859375,3947.981201171875,3817.409423828125,3943.409423828125,5244856836.0
2019-01-03,2491.919921875,2493.139892578125,2443.9599609375,2447.889892578125,3858830000.0,3931.048583984375,3935.68505859375,3826.222900390625,3836.7412109375,4530215219.0
2019-01-04,2474.330078125,2538.070068359375,2474.330078125,2531.93994140625,4234140000.0,3832.0400390625,3865.9345703125,3783.853759765625,3857.717529296875,4847965467.0
2019-01-05,,,,,,3851.973876953125,3904.903076171875,3836.900146484375,3845.194580078125,5137609824.0
2019-01-06,,,,,,3836.51904296875,4093.29736328125,3826.51318359375,4076.632568359375,5597027440.0
2019-01-07,2535.610107421875,2566.159912109375,2524.56005859375,2549.68994140625,4133120000.0,4078.5849609375,4092.613525390625,4020.89404296875,4025.248291015625,5228625637.0
2019-01-08,2568.110107421875,2579.820068359375,2547.56005859375,2574.409912109375,4120060000.0,4028.47216796875,4109.02099609375,3996.955322265625,4030.847900390625,5306593305.0
2019-01-09,2580.0,2595.320068359375,2568.889892578125,2584.9599609375,4088740000.0,4031.552001953125,4068.403564453125,4022.662841796875,4035.29638671875,5115905225.0
2019-01-10,2573.510009765625,2597.820068359375,2562.02001953125,2596.639892578125,3721300000.0,4034.411376953125,4064.066650390625,3659.174560546875,3678.924560546875,6874143796.0
2019-01-11,2588.110107421875,2596.27001953125,2577.39990234375,2596.260009765625,3447460000.0,3674.015380859375,3713.8818359375,3653.06982421875,3687.365478515625,5538712865.0
2019-01-12,,,,,,3686.97314453125,3698.978271484375,3653.810791015625,3661.301025390625,4778170883.0
2019-01-13,,,,,,3658.8681640625,3674.760009765625,3544.92724609375,3552.953125,4681302466.0
2019-01-14,2580.31005859375,2589.320068359375,2570.409912109375,2582.610107421875,3689370000.0,3557.31103515625,3727.836181640625,3552.28515625,3706.05224609375,5651384490.0
2019-01-15,2585.10009765625,2613.080078125,2585.10009765625,2610.300048828125,3601180000.0,3704.21630859375,3720.1533203125,3619.94921875,3630.67529296875,5537192302.0
2019-01-16,2614.75,2625.760009765625,2612.679931640625,2616.10009765625,3882180000.0,3631.509765625,3685.777099609375,3624.67333984375,3655.0068359375,5394457145.0
2019-01-17,2609.280029296875,2645.06005859375,2606.360107421875,2635.9599609375,3802410000.0,3651.87109375,3680.135986328125,3621.9609375,3678.56396484375,5464420383.0
2019-01-18,2651.27001953125,2675.469970703125,2647.580078125,2670.7099609375,4009010000.0,3677.990478515625,3682.52001953125,3637.080810546875,3657.83935546875,5002961727.0
2019-01-19,,,,,,3652.3779296875,3758.533447265625,3652.3779296875,3728.568359375,5955691380.0
2019-01-20,,,,,,3725.446044921875,3743.387939453125,3583.01953125,3601.013671875,5582489560.0
2019-01-21,,,,,,3600.372802734375,3608.8408203125,3558.537109375,3576.032470703125,5004347059.0
2019-01-22,2657.8798828125,2657.8798828125,2617.27001953125,2632.89990234375,3923950000.0,3575.081298828125,3620.74658203125,3539.721435546875,3604.5771484375,5313623556.0
2019-01-23,2643.47998046875,2653.18994140625,2612.860107421875,2638.699951171875,3358770000.0,3605.55712890625,3623.06787109375,3565.31396484375,3585.123046875,5433755649.0
2019-01-24,2638.840087890625,2647.199951171875,2627.010009765625,2642.330078125,3449230000.0,3584.500244140625,3616.08740234375,3569.0927734375,3600.865478515625,5262869046.0
2019-01-25,2657.43994140625,2672.3798828125,2657.330078125,2664.760009765625,3821000000.0,3607.390380859375,3612.927734375,3575.597412109375,3599.765869140625,5265847539.0
2019-01-26,,,,,,3599.71533203125,3654.93310546875,3593.345947265625,3602.46044921875,5098183235.0
2019-01-27,,,,,,3604.687255859375,3612.67138671875,3567.245849609375,3583.9658203125,5570752966.0
2019-01-28,2644.969970703125,2644.969970703125,2624.06005859375,2643.85009765625,3630820000.0,3584.283203125,3586.7509765625,3439.23291015625,3470.450439453125,6908930483.0
2019-01-29,2644.889892578125,2650.929931640625,2631.050048828125,2640.0,3518070000.0,3468.8701171875,3476.0654296875,3400.81982421875,3448.116943359375,5897159493.0
2019-01-30,2653.6201171875,2690.43994140625,2648.340087890625,2681.050048828125,3883270000.0,3443.89697265625,3495.1748046875,3429.387939453125,3486.181640625,5955112627.0
2019-01-31,2685.489990234375,2708.949951171875,2678.64990234375,2704.10009765625,4953800000.0,3485.4091796875,3504.804931640625,3447.915771484375,3457.792724609375,5831198271.0
2019-02-01,2702.320068359375,2716.659912109375,2696.8798828125,2706.530029296875,3782490000.0,3460.547119140625,3501.9541015625,3431.591552734375,3487.9453125,5422926707.0
2019-02-02,,,,,,3484.6259765625,3523.287353515625,3467.57470703125,3521.060791015625,5071623601.0
2019-02-03,,,,,,3516.1396484375,3521.38818359375,3447.92431640625,3464.013427734375,5043937584.0
2019-02-04,2706.489990234375,2724.989990234375,2698.75,2724.8701171875,3369450000.0,3467.211669921875,3476.223876953125,3442.5869140625,3459.154052734375,5332718886.0
2019-02-05,2728.340087890625,2738.97998046875,2724.030029296875,2737.699951171875,3597620000.0,3454.950927734375,3478.148193359375,3451.93701171875,3466.357421875,5227549545.0
2019-02-06,2735.050048828125,2738.080078125,2724.14990234375,2731.610107421875,3486590000.0,3469.091796875,3469.091796875,3398.5654296875,3413.767822265625,5482196038.0
2019-02-07,2717.530029296875,2719.320068359375,2687.260009765625,2706.050048828125,4114040000.0,3414.929443359375,3427.945556640625,3394.218505859375,3399.4716796875,5004962683.0
2019-02-08,2692.360107421875,2708.070068359375,2681.830078125,2707.8798828125,3649510000.0,3401.37646484375,3695.614013671875,3391.023681640625,3666.7802734375,7735623101.0
2019-02-09,,,,,,3671.5859375,3679.94140625,3646.559326171875,3671.20361328125,6158833645.0
2019-02-10,,,,,,3673.201416015625,3695.0361328125,3640.97998046875,3690.188232421875,6282256903.0
2019-02-11,2712.39990234375,2718.050048828125,2703.7900390625,2709.800048828125,3395330000.0,3695.613037109375,3695.613037109375,3642.287841796875,3648.4306640625,6277056434.0
2019-02-12,2722.610107421875,2748.18994140625,2722.610107421875,2744.72998046875,3843020000.0,3642.751953125,3668.5869140625,3618.556884765625,3653.528564453125,6480384532.0
2019-02-13,2750.300048828125,2761.85009765625,2748.6298828125,2753.030029296875,3684910000.0,3653.60400390625,3669.74658203125,3617.246337890625,3632.070556640625,6438903823.0
2019-02-14,2743.5,2757.89990234375,2731.22998046875,2745.72998046875,3845390000.0,3631.170166015625,3646.256591796875,3607.69775390625,3616.880859375,6271044418.0
2019-02-15,2760.239990234375,2775.659912109375,2760.239990234375,2775.60009765625,3648680000.0,3617.368408203125,3647.795166015625,3608.20654296875,3620.810791015625,6091952231.0
2019-02-16,,,,,,3615.270263671875,3652.84130859375,3615.270263671875,3629.78759765625,5934744052.0
2019-02-17,,,,,,3633.359375,3680.537353515625,3619.18212890625,3673.836181640625,7039512503.0
2019-02-18,,,,,,3671.369873046875,3936.6650390625,3669.982421875,3915.71435546875,9908216640.0
2019-02-19,2769.280029296875,2787.330078125,2767.2900390625,2779.760009765625,3535270000.0,3911.66162109375,4010.87939453125,3908.153076171875,3947.094482421875,9933626655.0
2019-02-20,2779.050048828125,2789.8798828125,2774.06005859375,2784.699951171875,3904830000.0,3946.68505859375,4000.486328125,3926.246826171875,3999.820556640625,8693373948.0
2019-02-21,2780.239990234375,2781.580078125,2764.550048828125,2774.8798828125,3598260000.0,4000.2568359375,4010.009521484375,3940.108154296875,3954.1181640625,7775128102.0
2019-02-22,2780.669921875,2794.199951171875,2779.110107421875,2792.669921875,3429350000.0,3952.406494140625,4006.538330078125,3950.81640625,4005.526611328125,7826525254.0
2019-02-23,,,,,,3998.916259765625,4166.2861328125,3968.726806640625,4142.52685546875,8922258316.0
2019-02-24,,,,,,4145.4580078125,4210.6416015625,3793.708984375,3810.427490234375,10794227451.0
2019-02-25,2804.35009765625,2813.489990234375,2794.989990234375,2796.110107421875,3860260000.0,3807.00244140625,3913.707275390625,3807.00244140625,3882.6962890625,9318796067.0
2019-02-26,2792.360107421875,2803.1201171875,2789.469970703125,2793.89990234375,3676200000.0,3878.697265625,3891.578857421875,3837.986328125,3854.35791015625,7931218996.0
2019-02-27,2787.5,2795.760009765625,2775.1298828125,2792.3798828125,3771790000.0,3857.479736328125,3888.802490234375,3787.058837890625,3851.04736328125,8301309684.0
2019-02-28,2788.110107421875,2793.72998046875,2782.510009765625,2784.489990234375,4445780000.0,3848.261962890625,3906.058349609375,3845.8212890625,3854.785400390625,8399767798.0
2019-03-01,2798.219970703125,2808.02001953125,2787.3798828125,2803.68994140625,3994950000.0,3853.757080078125,3907.79541015625,3851.6923828125,3859.583740234375,7661247975.0
2019-03-02,,,,,,3855.318115234375,3874.607421875,3832.1279296875,3864.4150390625,7578786076.0
2019-03-03,,,,,,3862.26611328125,3875.483642578125,3836.90576171875,3847.17578125,7253558152.0
2019-03-04,2814.3701171875,2816.8798828125,2767.659912109375,2792.81005859375,3949730000.0,3845.091552734375,3867.3818359375,3733.749755859375,3761.55712890625,9029175788.0
2019-03-05,2794.409912109375,2796.43994140625,2782.969970703125,2789.64990234375,3631380000.0,3759.83251953125,3903.916748046875,3745.18310546875,3896.375,10174126415.0
2019-03-06,2790.27001953125,2790.27001953125,2768.68994140625,2771.449951171875,3800180000.0,3897.0810546875,3919.510498046875,3871.460693359375,3903.942626953125,9175291529.0
2019-03-07,2766.530029296875,2767.25,2739.090087890625,2748.929931640625,3932150000.0,3903.384765625,3939.373291015625,3894.113037109375,3911.484375,9584165519.0
2019-03-08,2730.7900390625,2744.1298828125,2722.27001953125,2743.070068359375,3424300000.0,3913.225830078125,3950.43212890625,3875.228515625,3901.131591796875,10638638944.0
2019-03-09,,,,,,3894.552490234375,3987.23779296875,3892.390380859375,3963.313720703125,10796103518.0
2019-03-10,,,,,,3966.17431640625,3966.17431640625,3924.381103515625,3951.599853515625,9713267607.0
2019-03-11,2747.610107421875,2784.0,2747.610107421875,2783.300048828125,3764850000.0,3953.740234375,3966.384765625,3889.239013671875,3905.227294921875,10125901903.0
2019-03-12,2787.340087890625,2798.320068359375,2786.72998046875,2791.52001953125,3432340000.0,3903.75830078125,3926.88916015625,3863.55908203125,3909.15625,9809887079.0
2019-03-13,2799.780029296875,2821.239990234375,2799.780029296875,2810.919921875,3782250000.0,3913.04736328125,3926.59765625,3891.904296875,3906.71728515625,9469184841.0
2019-03-14,2810.3798828125,2815.0,2803.4599609375,2808.47998046875,3505670000.0,3905.576904296875,3946.50439453125,3901.296875,3924.369140625,10480789570.0
2019-03-15,2810.7900390625,2830.72998046875,2810.7900390625,2822.47998046875,5969780000.0,3926.663330078125,3968.54296875,3914.015380859375,3960.9111328125,9394210605.0
2019-03-16,,,,,,3963.900146484375,4077.036376953125,3961.657470703125,4048.725830078125,9856166973.0
2019-03-17,,,,,,4047.719482421875,4054.1220703125,4006.4111328125,4025.22900390625,8221625400.0
2019-03-18,2822.610107421875,2835.409912109375,2821.989990234375,2832.93994140625,3620770000.0,4029.968505859375,4071.556640625,4009.1171875,4032.50732421875,9646954186.0
2019-03-19,2840.760009765625,2852.419921875,2823.27001953125,2832.570068359375,3650740000.0,4032.69189453125,4082.216064453125,4023.8125,4071.190185546875,9344919956.0
2019-03-20,2831.340087890625,2843.5400390625,2812.429931640625,2824.22998046875,3779160000.0,4070.7939453125,4089.4619140625,4031.11083984375,4087.476318359375,10175916388.0
2019-03-21,2819.719970703125,2860.31005859375,2817.3798828125,2854.8798828125,3612620000.0,4083.953857421875,4097.35986328125,4005.1513671875,4029.326904296875,10831212662.0
2019-03-22,2844.52001953125,2846.159912109375,2800.469970703125,2800.7099609375,4253730000.0,4028.5146484375,4053.90673828125,4021.54248046875,4023.96826171875,9252935969.0
2019-03-23,,,,,,4022.71337890625,4049.882568359375,4015.964599609375,4035.826416015625,9578850549.0
2019-03-24,,,,,,4035.16357421875,4040.69970703125,4006.19287109375,4022.168212890625,9144851065.0
2019-03-25,2796.010009765625,2809.7900390625,2785.02001953125,2798.360107421875,3406110000.0,4024.11279296875,4038.8408203125,3934.03125,3963.070556640625,10359818883.0
2019-03-26,2812.659912109375,2829.8701171875,2803.989990234375,2818.4599609375,3288570000.0,3969.228759765625,3985.080810546875,3944.753173828125,3985.080810546875,10707678815.0
2019-03-27,2819.719970703125,2825.56005859375,2787.719970703125,2805.3701171875,3422400000.0,3984.244873046875,4087.066162109375,3977.810546875,4087.066162109375,10897131934.0
2019-03-28,2809.39990234375,2819.7099609375,2798.77001953125,2815.43994140625,3185460000.0,4087.58447265625,4094.902099609375,4040.266357421875,4069.107177734375,9353915899.0
2019-03-29,2828.27001953125,2836.030029296875,2819.22998046875,2834.39990234375,3752520000.0,4068.2998046875,4113.5009765625,4034.09716796875,4098.37451171875,10918665557.0
2019-03-30,,,,,,4092.13623046875,4296.806640625,4053.90966796875,4106.66015625,9732688060.0
2019-03-31,,,,,,4105.4560546875,4113.0234375,4094.100830078125,4105.404296875,9045122443.0
2019-04-01,2848.6298828125,2869.39990234375,2848.6298828125,2867.18994140625,3560090000.0,4105.3623046875,4164.953125,4096.9013671875,4158.18310546875,10157794171.0
2019-04-02,2868.239990234375,2872.89990234375,2858.75,2867.239990234375,3267210000.0,4156.91943359375,4905.95458984375,4155.31689453125,4879.8779296875,21315047816.0
2019-04-03,2876.090087890625,2885.25,2865.169921875,2873.39990234375,3570000000.0,4879.9580078125,5307.00341796875,4876.62109375,4973.02197265625,22899891582.0
2019-04-04,2873.989990234375,2881.280029296875,2867.139892578125,2879.389892578125,3038740000.0,4971.3076171875,5063.15966796875,4836.7939453125,4922.798828125,18251810240.0
2019-04-05,2884.159912109375,2893.239990234375,2882.989990234375,2892.739990234375,3155970000.0,4922.80615234375,5053.509765625,4919.49169921875,5036.68115234375,16837325387.0
2019-04-06,,,,,,5036.79296875,5205.82177734375,4992.22216796875,5059.8173828125,16929795194.0
2019-04-07,,,,,,5062.7939453125,5235.1865234375,5050.412109375,5198.89697265625,16655416140.0
2019-04-08,2888.4599609375,2895.949951171875,2880.780029296875,2895.77001953125,3056460000.0,5199.83544921875,5318.83642578125,5148.2119140625,5289.77099609375,17154113634.0
2019-04-09,2886.580078125,2886.8798828125,2873.330078125,2878.199951171875,3032480000.0,5289.91796875,5289.91796875,5167.4189453125,5204.95849609375,14722104361.0
2019-04-10,2881.3701171875,2889.7099609375,2879.1298828125,2888.2099609375,3092230000.0,5204.10546875,5421.6513671875,5193.38232421875,5324.5517578125,15504590933.0
2019-04-11,2891.919921875,2893.419921875,2881.989990234375,2888.320068359375,2970650000.0,5325.08154296875,5354.2255859375,5017.29638671875,5064.48779296875,16555616019.0
2019-04-12,2900.860107421875,2910.5400390625,2898.3701171875,2907.409912109375,3726050000.0,5061.20068359375,5103.2744140625,4955.8525390625,5089.5390625,13675206312.0
2019-04-13,,,,,,5088.85009765625,5127.1220703125,5061.58935546875,5096.58642578125,10823289598.0
2019-04-14,,,,,,5095.7587890625,5184.01611328125,5053.568359375,5167.72216796875,10391952498.0
2019-04-15,2908.320068359375,2909.60009765625,2896.47998046875,2905.580078125,3114530000.0,5167.32177734375,5196.60693359375,5024.0693359375,5067.1083984375,12290155061.0
2019-04-16,2912.260009765625,2916.06005859375,2900.7099609375,2907.06005859375,3403120000.0,5066.57763671875,5238.9453125,5055.19482421875,5235.5595703125,11618660197.0
2019-04-17,2916.0400390625,2918.0,2895.449951171875,2900.449951171875,3648100000.0,5236.13525390625,5274.275390625,5219.20556640625,5251.93798828125,12438480677.0
2019-04-18,2904.81005859375,2908.39990234375,2891.89990234375,2905.030029296875,3507100000.0,5251.48046875,5319.986328125,5250.5068359375,5298.3857421875,13256489918.0
2019-04-19,,,,,,5298.154296875,5336.68017578125,5233.3349609375,5303.8125,13780238655.0
2019-04-20,,,,,,5304.16064453125,5358.49072265625,5295.8779296875,5337.88623046875,13169647522.0
2019-04-21,,,,,,5335.87890625,5359.9248046875,5257.33935546875,5314.53125,13731844223.0
2019-04-22,2898.780029296875,2909.510009765625,2896.35009765625,2907.969970703125,3010130000.0,5312.49462890625,5422.6875,5280.27685546875,5399.365234375,14601631648.0
2019-04-23,2909.989990234375,2936.31005859375,2908.530029296875,2933.679931640625,3674480000.0,5399.36572265625,5633.80224609375,5389.40869140625,5572.3623046875,15867308108.0
2019-04-24,2934.0,2936.830078125,2926.050048828125,2927.25,3468480000.0,5571.50830078125,5642.04443359375,5418.26318359375,5464.86669921875,17048033399.0
2019-04-25,2928.989990234375,2933.10009765625,2912.840087890625,2926.169921875,3440010000.0,5466.5244140625,5542.23828125,5181.3388671875,5210.515625,15330283408.0
2019-04-26,2925.81005859375,2939.8798828125,2917.56005859375,2939.8798828125,3264390000.0,5210.3046875,5383.63427734375,5177.36865234375,5279.34814453125,16812108040.0
2019-04-27,,,,,,5279.47119140625,5310.75,5233.6357421875,5268.291015625,13111274675.0
2019-04-28,,,,,,5271.74658203125,5326.23193359375,5255.68359375,5285.13916015625,12819992056.0
2019-04-29,2940.580078125,2949.52001953125,2939.35009765625,2943.030029296875,3150390000.0,5284.8583984375,5311.27490234375,5216.48779296875,5247.3525390625,13735490672.0
2019-04-30,2937.139892578125,2948.219970703125,2924.110107421875,2945.830078125,3939760000.0,5247.72607421875,5363.25732421875,5224.18994140625,5350.7265625,13878964574.0
2019-05-01,2952.330078125,2954.1298828125,2923.360107421875,2923.72998046875,3669330000.0,5350.91455078125,5418.00390625,5347.64599609375,5402.697265625,13679528236.0
2019-05-02,2922.159912109375,2931.679931640625,2900.5,2917.52001953125,3802290000.0,5402.4228515625,5522.2626953125,5394.21728515625,5505.28369140625,14644460907.0
2019-05-03,2929.2099609375,2947.85009765625,2929.2099609375,2945.639892578125,3357180000.0,5505.55224609375,5865.8818359375,5490.20166015625,5768.28955078125,18720780006.0
2019-05-04,,,,,,5769.20263671875,5886.8935546875,5645.46923828125,5831.16748046875,17567780766.0
2019-05-05,,,,,,5831.068359375,5833.86279296875,5708.03515625,5795.70849609375,14808830723.0
2019-05-06,2908.889892578125,2937.320068359375,2898.2099609375,2932.469970703125,3203260000.0,5791.693359375,5802.95751953125,5653.6875,5746.80712890625,15737171804.0
2019-05-07,2913.030029296875,2913.030029296875,2862.60009765625,2884.050048828125,3793060000.0,5745.59912109375,5988.17822265625,5741.39599609375,5829.50146484375,18026409033.0
2019-05-08,2879.610107421875,2897.9599609375,2873.280029296875,2879.419921875,3543110000.0,5849.4814453125,5989.98095703125,5794.7158203125,5982.45751953125,15320605300.0
2019-05-09,2859.840087890625,2875.969970703125,2836.39990234375,2870.719970703125,3659050000.0,5982.31640625,6183.0390625,5982.31640625,6174.52880859375,16784645411.0
2019-05-10,2863.10009765625,2891.31005859375,2825.389892578125,2881.39990234375,3566780000.0,6175.82275390625,6434.61767578125,6161.51904296875,6378.84912109375,19419875368.0
2019-05-11,,,,,,6379.6669921875,7333.0029296875,6375.69873046875,7204.771484375,28867562329.0
2019-05-12,,,,,,7203.50732421875,7503.8720703125,6815.77099609375,6972.37158203125,27773333680.0
2019-05-13,2840.18994140625,2840.18994140625,2801.429931640625,2811.8701171875,3900270000.0,6971.17822265625,8047.4130859375,6898.2822265625,7814.9150390625,28677672181.0
2019-05-14,2820.1201171875,2852.5400390625,2820.1201171875,2834.409912109375,3354860000.0,7807.88427734375,8268.712890625,7696.39111328125,7994.416015625,32031452227.0
2019-05-15,2820.3798828125,2858.679931640625,2815.080078125,2850.9599609375,3140900000.0,7989.37451171875,8216.423828125,7899.10693359375,8205.16796875,28344112920.0
2019-05-16,2855.800048828125,2892.14990234375,2855.800048828125,2876.320068359375,3338470000.0,8194.5009765625,8320.82421875,7729.6083984375,7884.9091796875,33167197581.0
2019-05-17,2858.60009765625,2885.47998046875,2854.22998046875,2859.530029296875,3316040000.0,7886.92578125,7929.1455078125,7038.12451171875,7343.8955078125,30066644905.0
2019-05-18,,,,,,7341.66455078125,7447.27197265625,7251.50439453125,7271.2080078125,21354286562.0
2019-05-19,,,,,,7267.962890625,8261.94140625,7267.962890625,8197.689453125,25902422040.0
2019-05-20,2841.93994140625,2853.860107421875,2831.2900390625,2840.22998046875,3293750000.0,8196.923828125,8200.9677734375,7678.78173828125,7978.30908203125,23843404340.0
2019-05-21,2854.02001953125,2868.8798828125,2854.02001953125,2864.360107421875,3223050000.0,7977.96923828125,8062.16796875,7843.33984375,7963.32763671875,25127245056.0
2019-05-22,2856.06005859375,2865.469970703125,2851.110107421875,2856.27001953125,3194000000.0,7956.2919921875,7997.6123046875,7615.9873046875,7680.06640625,24719473175.0
2019-05-23,2836.699951171875,2836.699951171875,2805.489990234375,2822.239990234375,3899320000.0,7677.26904296875,7943.79150390625,7533.19677734375,7881.8466796875,24457107820.0
2019-05-24,2832.409912109375,2841.360107421875,2820.18994140625,2826.06005859375,2889230000.0,7881.6953125,8140.7197265625,7824.44873046875,7987.37158203125,25919126991.0
2019-05-25,,,,,,7991.88525390625,8117.92578125,7965.97607421875,8052.5439453125,22256813107.0
2019-05-26,,,,,,8055.2060546875,8687.5205078125,7924.67041015625,8673.2158203125,26677970091.0
2019-05-27,,,,,,8674.072265625,8907.1748046875,8668.705078125,8805.7783203125,27949839564.0
2019-05-28,2830.030029296875,2840.510009765625,2801.580078125,2802.389892578125,4146980000.0,8802.7578125,8807.0166015625,8634.7216796875,8719.9619140625,24226919267.0
2019-05-29,2790.25,2792.030029296875,2766.06005859375,2783.02001953125,3701110000.0,8718.591796875,8755.8525390625,8482.728515625,8659.4873046875,23473479966.0
2019-05-30,2786.93994140625,2799.0,2776.739990234375,2788.860107421875,3276030000.0,8661.7607421875,9008.314453125,8221.2734375,8319.47265625,29246528551.0
2019-05-31,2766.14990234375,2768.97998046875,2750.52001953125,2752.06005859375,3982670000.0,8320.2861328125,8586.6591796875,8172.55078125,8574.501953125,25365190957.0
2019-06-01,,,,,,8573.83984375,8625.6005859375,8481.578125,8564.0166015625,22488303544.0
2019-06-02,,,,,,8565.4736328125,8809.3037109375,8561.2353515625,8742.9580078125,20266216022.0
2019-06-03,2751.530029296875,2763.070068359375,2728.81005859375,2744.449951171875,3952360000.0,8741.7470703125,8743.5,8204.185546875,8208.9951171875,22004511436.0
2019-06-04,2762.639892578125,2804.489990234375,2762.639892578125,2803.27001953125,3814130000.0,8210.9853515625,8210.9853515625,7564.48876953125,7707.77099609375,24609731549.0
2019-06-05,2818.090087890625,2827.280029296875,2800.919921875,2826.14990234375,3570760000.0,7704.34326171875,7901.84912109375,7668.66845703125,7824.2314453125,21760923463.0
2019-06-06,2828.510009765625,2852.10009765625,2822.449951171875,2843.489990234375,3445140000.0,7819.63330078125,7937.3408203125,7571.47119140625,7822.0234375,19474611077.0
2019-06-07,2852.8701171875,2884.969970703125,2852.8701171875,2873.340087890625,3244380000.0,7826.9013671875,8126.1533203125,7788.37353515625,8043.951171875,19141423231.0
2019-06-08,,,,,,8036.77490234375,8076.89111328125,7837.61083984375,7954.1279296875,16522722810.0
2019-06-09,,,,,,7949.6748046875,7975.97412109375,7583.2197265625,7688.0771484375,16610726547.0
2019-06-10,2885.830078125,2904.77001953125,2885.510009765625,2886.72998046875,3209890000.0,7692.28466796875,8031.90966796875,7586.73095703125,8000.32958984375,18689275117.0
2019-06-11,2903.27001953125,2910.610107421875,2878.530029296875,2885.719970703125,3551000000.0,8004.24365234375,8026.39404296875,7772.8037109375,7927.71435546875,17107279932.0
2019-06-12,2882.72998046875,2888.570068359375,2874.679931640625,2879.840087890625,3039870000.0,7925.43408203125,8196.6484375,7862.35986328125,8145.857421875,19034432883.0
2019-06-13,2886.239990234375,2895.239990234375,2881.989990234375,2891.639892578125,3100640000.0,8145.54541015625,8311.5673828125,8087.06103515625,8230.923828125,18669407147.0
2019-06-14,2886.820068359375,2894.449951171875,2879.6201171875,2886.97998046875,2992810000.0,8230.8984375,8710.63671875,8183.39306640625,8693.8330078125,19831162906.0
2019-06-15,,,,,,8689.74609375,8859.1279296875,8618.3955078125,8838.375,18371033226.0
2019-06-16,,,,,,8841.4404296875,9335.8671875,8814.556640625,8994.48828125,23348550311.0
2019-06-17,2889.75,2897.27001953125,2887.300048828125,2889.669921875,2828400000.0,8988.923828125,9416.4072265625,8988.923828125,9320.3525390625,15562951919.0
2019-06-18,2906.7099609375,2930.7900390625,2905.43994140625,2917.75,3441540000.0,9335.466796875,9348.3740234375,9004.9013671875,9081.7626953125,15848210536.0
2019-06-19,2920.550048828125,2931.739990234375,2911.429931640625,2926.4599609375,3300220000.0,9078.7275390625,9299.62109375,9070.3955078125,9273.521484375,15546809946.0
2019-06-20,2949.60009765625,2958.06005859375,2931.5,2954.179931640625,3943060000.0,9273.060546875,9594.419921875,9232.484375,9527.16015625,17846823784.0
2019-06-21,2952.7099609375,2964.14990234375,2946.8701171875,2950.4599609375,5003540000.0,9525.07421875,10144.556640625,9525.07421875,10144.556640625,20624008643.0
2019-06-22,,,,,,10175.923828125,11157.345703125,10107.03515625,10701.69140625,29995204861.0
2019-06-23,,,,,,10696.69140625,11246.14453125,10556.095703125,10855.37109375,20998326502.0
2019-06-24,2951.419921875,2954.919921875,2944.050048828125,2945.35009765625,3136960000.0,10853.744140625,11065.896484375,10610.427734375,11011.1025390625,19271652365.0
2019-06-25,2945.780029296875,2946.52001953125,2916.010009765625,2917.3798828125,3579430000.0,11007.2021484375,11790.9169921875,11007.2021484375,11790.9169921875,24879684533.0
2019-06-26,2926.070068359375,2932.590087890625,2912.989990234375,2913.780029296875,3511350000.0,11778.5810546875,13796.4892578125,11755.59765625,13016.2314453125,45105733173.0
2019-06-27,2919.659912109375,2929.300048828125,2918.570068359375,2924.919921875,3162500000.0,13017.125,13311.14453125,10491.8525390625,11182.806640625,39977475223.0
2019-06-28,2932.93994140625,2943.97998046875,2929.050048828125,2941.760009765625,5422650000.0,11162.16796875,12445.1748046875,10914.4951171875,12407.33203125,35087757766.0
2019-06-29,,,,,,12400.763671875,12400.91015625,11508.37890625,11959.37109375,29923961128.0
2019-06-30,,,,,,11931.9912109375,12178.3837890625,10799.0087890625,10817.1552734375,27256473494.0
2019-07-01,2971.409912109375,2977.929931640625,2952.219970703125,2964.330078125,3524860000.0,10796.9306640625,11206.439453125,10089.314453125,10583.134765625,29378589324.0
2019-07-02,2964.659912109375,2973.2099609375,2955.919921875,2973.010009765625,3224490000.0,10588.68359375,10912.1884765625,9737.884765625,10801.677734375,31015895223.0
2019-07-03,2978.080078125,2995.840087890625,2977.9599609375,2995.820068359375,1963570000.0,10818.15625,11968.078125,10818.15625,11961.26953125,30796494294.0
2019-07-04,,,,,,11972.71875,12006.0751953125,11166.5693359375,11215.4375,25920294033.0
2019-07-05,2984.25,2994.030029296875,2967.969970703125,2990.409912109375,2434680000.0,11203.1025390625,11395.6611328125,10874.96484375,10978.4599609375,23838480210.0
2019-07-06,,,,,,10982.5439453125,11620.96484375,10982.5439453125,11208.55078125,21092024306.0
2019-07-07,,,,,,11217.6162109375,11541.6201171875,11148.8046875,11450.8466796875,19369044277.0
2019-07-08,2979.77001953125,2980.760009765625,2970.090087890625,2975.949951171875,2922360000.0,11446.5966796875,12345.8330078125,11393.3740234375,12285.9580078125,23482551458.0
2019-07-09,2965.52001953125,2981.89990234375,2963.43994140625,2979.6298828125,3033330000.0,12284.326171875,12779.1318359375,12233.26171875,12573.8125,28167921523.0
2019-07-10,2989.300048828125,3002.97998046875,2984.6201171875,2993.070068359375,3157800000.0,12571.537109375,13129.529296875,11710.978515625,12156.5126953125,33627574244.0
2019-07-11,2999.6201171875,3002.330078125,2988.800048828125,2999.909912109375,3155710000.0,12139.7138671875,12144.623046875,11158.9228515625,11358.662109375,28595327690.0
2019-07-12,3003.360107421875,3013.919921875,3001.8701171875,3013.77001953125,2984140000.0,11354.2998046875,11905.4873046875,11179.14453125,11815.986328125,23534692797.0
2019-07-13,,,,,,11813.126953125,11841.95703125,10908.4794921875,11392.37890625,21042616384.0
2019-07-14,,,,,,11381.0205078125,11451.2041015625,10234.576171875,10256.05859375,22486000001.0
2019-07-15,3017.800048828125,3017.800048828125,3008.77001953125,3014.300048828125,2876100000.0,10257.8388671875,11052.7666015625,9992.0068359375,10895.08984375,25384047207.0
2019-07-16,3012.1298828125,3015.02001953125,3001.14990234375,3004.0400390625,3297030000.0,10896.6533203125,10996.6328125,9448.1064453125,9477.6416015625,24151199070.0
2019-07-17,3005.10009765625,3005.260009765625,2984.25,2984.419921875,3185650000.0,9471.2138671875,9963.134765625,9163.134765625,9693.802734375,24569921549.0
2019-07-18,2978.8701171875,2998.280029296875,2973.090087890625,2995.110107421875,3369820000.0,9698.5029296875,10736.8427734375,9376.798828125,10666.482421875,25187024648.0
2019-07-19,3004.260009765625,3006.02001953125,2975.860107421875,2976.610107421875,3285890000.0,10653.9560546875,10716.98046875,10229.62890625,10530.732421875,20727426310.0
2019-07-20,,,,,,10525.8193359375,11048.662109375,10451.2763671875,10767.1396484375,20206615155.0
2019-07-21,,,,,,10777.529296875,10841.8876953125,10389.599609375,10599.10546875,17130580467.0
2019-07-22,2981.929931640625,2990.7099609375,2976.64990234375,2985.030029296875,3016200000.0,10596.9482421875,10651.791015625,10154.921875,10343.1064453125,16334414913.0
2019-07-23,2994.739990234375,3005.89990234375,2988.56005859375,3005.469970703125,3333810000.0,10346.748046875,10346.748046875,9883.5947265625,9900.767578125,17851916995.0
2019-07-24,2998.77001953125,3019.590087890625,2996.820068359375,3019.56005859375,3433220000.0,9887.73046875,9908.796875,9614.306640625,9811.92578125,17398734322.0
2019-07-25,3016.260009765625,3016.31005859375,2997.239990234375,3003.669921875,3657050000.0,9809.0966796875,10154.25390625,9773.95703125,9911.841796875,15821952090.0
2019-07-26,3013.25,3027.97998046875,3012.590087890625,3025.860107421875,3260170000.0,9913.126953125,9916.517578125,9717.982421875,9870.3037109375,14495714483.0
2019-07-27,,,,,,9871.1650390625,10167.3203125,9411.521484375,9477.677734375,16817809536.0
2019-07-28,,,,,,9491.626953125,9575.544921875,9252.296875,9552.8603515625,13738687093.0
2019-07-29,3024.469970703125,3025.610107421875,3014.300048828125,3020.969970703125,3224490000.0,9548.1787109375,9681.6484375,9472.9482421875,9519.1455078125,13791445323.0
2019-07-30,3007.659912109375,3017.18994140625,3000.93994140625,3013.179931640625,3632770000.0,9522.3291015625,9701.759765625,9437.3359375,9607.423828125,13829811132.0
2019-07-31,3016.219970703125,3017.39990234375,2958.080078125,2980.3798828125,4626330000.0,9604.05078125,10085.6279296875,9598.09765625,10085.6279296875,16631520648.0
2019-08-01,2980.320068359375,3013.590087890625,2945.22998046875,2953.56005859375,4793810000.0,10077.4423828125,10446.919921875,9922.01953125,10399.6689453125,17165337858.0
2019-08-02,2943.89990234375,2945.5,2914.110107421875,2932.050048828125,3882810000.0,10402.04296875,10657.953125,10371.013671875,10518.1748046875,17489094082.0
2019-08-03,,,,,,10519.2783203125,10946.78125,10503.5048828125,10821.7265625,15352685061.0
2019-08-04,,,,,,10821.6328125,11009.20703125,10620.2783203125,10970.1845703125,16530894787.0
2019-08-05,2898.070068359375,2898.070068359375,2822.1201171875,2844.739990234375,4542850000.0,10960.7353515625,11895.091796875,10960.7353515625,11805.6533203125,23875988832.0
2019-08-06,2861.179931640625,2884.39990234375,2847.419921875,2881.77001953125,4156640000.0,11811.544921875,12273.8212890625,11290.7314453125,11478.1689453125,23635107660.0
2019-08-07,2858.64990234375,2892.169921875,2825.7099609375,2883.97998046875,4512720000.0,11476.193359375,12036.990234375,11433.701171875,11941.96875,22194988641.0
2019-08-08,2896.2099609375,2938.719970703125,2894.469970703125,2938.090087890625,4118530000.0,11954.0400390625,11979.419921875,11556.16796875,11966.4072265625,19481591730.0
2019-08-09,2930.510009765625,2935.75,2900.14990234375,2918.64990234375,3356850000.0,11953.4697265625,11970.4580078125,11709.7451171875,11862.9365234375,18339989960.0
2019-08-10,,,,,,11861.556640625,11915.6552734375,11323.8984375,11354.0244140625,18125355447.0
2019-08-11,,,,,,11349.740234375,11523.5791015625,11248.294921875,11523.5791015625,15774371518.0
2019-08-12,2907.070068359375,2907.580078125,2873.139892578125,2882.699951171875,3328570000.0,11528.189453125,11528.189453125,11320.951171875,11382.6162109375,13647198229.0
2019-08-13,2880.719970703125,2943.31005859375,2877.050048828125,2926.320068359375,3857190000.0,11385.052734375,11420.0498046875,10830.3271484375,10895.830078125,16681503537.0
2019-08-14,2894.14990234375,2894.14990234375,2839.639892578125,2840.60009765625,4325150000.0,10889.4873046875,10889.556640625,10028.1357421875,10051.7041015625,19990838300.0
2019-08-15,2846.199951171875,2856.669921875,2825.510009765625,2847.60009765625,4041720000.0,10038.421875,10437.4111328125,9675.31640625,10311.5458984375,22899115082.0
2019-08-16,2864.739990234375,2893.6298828125,2864.739990234375,2888.679931640625,3524080000.0,10319.419921875,10524.349609375,9855.478515625,10374.3388671875,20228207096.0
2019-08-17,,,,,,10358.72265625,10452.625,10086.6982421875,10231.744140625,13778035685.0
2019-08-18,,,,,,10233.005859375,10487.0703125,10119.0947265625,10345.810546875,12999813869.0
2019-08-19,2913.47998046875,2931.0,2913.47998046875,2923.64990234375,3221050000.0,10350.283203125,10916.0537109375,10313.2041015625,10916.0537109375,16038264603.0
2019-08-20,2919.010009765625,2923.6298828125,2899.60009765625,2900.510009765625,3067710000.0,10916.3466796875,10947.0419921875,10618.9609375,10763.232421875,15053082175.0
2019-08-21,2922.0400390625,2928.72998046875,2917.909912109375,2924.429931640625,3016540000.0,10764.572265625,10798.7294921875,9962.7216796875,10138.0498046875,19473084768.0
2019-08-22,2930.93994140625,2939.080078125,2904.510009765625,2922.949951171875,2893660000.0,10142.521484375,10232.99609375,9831.462890625,10131.0556640625,17097508856.0
2019-08-23,2911.070068359375,2927.010009765625,2834.969970703125,2847.110107421875,3942520000.0,10136.3095703125,10442.443359375,10078.1923828125,10407.96484375,15627023886.0
2019-08-24,,,,,,10407.64453125,10418.0205078125,9982.296875,10159.9609375,15451030650.0
2019-08-25,,,,,,10160.7373046875,10304.6220703125,10008.7890625,10138.517578125,14153856610.0
2019-08-26,2866.699951171875,2879.27001953125,2856.0,2878.3798828125,2859790000.0,10126.2998046875,10512.328125,10126.2998046875,10370.8203125,18438654080.0
2019-08-27,2893.139892578125,2898.7900390625,2860.590087890625,2869.159912109375,3537490000.0,10372.826171875,10381.328125,10087.30078125,10185.5,14762609503.0
2019-08-28,2861.280029296875,2890.030029296875,2853.050048828125,2887.93994140625,3102480000.0,10203.4267578125,10279.3662109375,9716.65625,9754.4228515625,17603790323.0
2019-08-29,2910.3701171875,2930.5,2905.669921875,2924.580078125,3177150000.0,9756.7861328125,9756.7861328125,9421.6298828125,9510.2001953125,17045878501.0
2019-08-30,2937.090087890625,2940.429931640625,2913.320068359375,2926.4599609375,3009910000.0,9514.8447265625,9656.1240234375,9428.302734375,9598.173828125,13595263986.0
2019-08-31,,,,,,9597.5390625,9673.220703125,9531.7998046875,9630.6640625,11454806419.0
2019-09-01,,,,,,9630.5927734375,9796.755859375,9582.9443359375,9757.970703125,11445355859.0
2019-09-02,,,,,,9757.4736328125,10396.591796875,9730.650390625,10346.7607421875,17248102294.0
2019-09-03,2909.010009765625,2914.389892578125,2891.85009765625,2906.27001953125,3427830000.0,10345.7255859375,10736.1044921875,10308.5478515625,10623.5400390625,19384917989.0
2019-09-04,2924.669921875,2938.840087890625,2921.860107421875,2937.780029296875,3167900000.0,10621.1806640625,10762.64453125,10434.7099609375,10594.4931640625,16742664769.0
2019-09-05,2960.60009765625,2985.860107421875,2960.60009765625,2976.0,3902600000.0,10588.18359375,10627.26953125,10516.41796875,10575.533203125,14551239508.0
2019-09-06,2980.330078125,2985.030029296875,2972.510009765625,2978.7099609375,3209340000.0,10578.1982421875,10898.76171875,10292.2998046875,10353.302734375,19536574783.0
2019-09-07,,,,,,10353.931640625,10558.673828125,10348.9189453125,10517.2548828125,15307366476.0
2019-09-08,,,,,,10518.1142578125,10595.6376953125,10409.0908203125,10441.2763671875,13670567493.0
2019-09-09,2988.429931640625,2989.429931640625,2969.389892578125,2978.429931640625,4031120000.0,10443.228515625,10450.3115234375,10144.9296875,10334.974609375,17595943368.0
2019-09-10,2971.010009765625,2979.389892578125,2957.010009765625,2979.389892578125,4393040000.0,10336.408203125,10394.353515625,10020.5732421875,10115.9755859375,14906809639.0
2019-09-11,2981.409912109375,3000.929931640625,2975.31005859375,3000.929931640625,3934370000.0,10123.03515625,10215.9482421875,9980.7763671875,10178.3720703125,15428063426.0
2019-09-12,3009.080078125,3020.739990234375,3000.919921875,3009.570068359375,3796990000.0,10176.8193359375,10442.25390625,10099.2421875,10410.126953125,15323563925.0
2019-09-13,3012.2099609375,3017.330078125,3002.89990234375,3007.389892578125,3557010000.0,10415.3623046875,10441.4892578125,10226.5966796875,10360.546875,14109864675.0
2019-09-14,,,,,,10345.4033203125,10422.1337890625,10291.6943359375,10358.048828125,13468713124.0
2019-09-15,,,,,,10356.4658203125,10387.03515625,10313.0927734375,10347.712890625,12043433567.0
2019-09-16,2996.409912109375,3002.18994140625,2990.669921875,2997.9599609375,4285860000.0,10347.22265625,10386.8671875,10189.744140625,10276.7939453125,15160167779.0
2019-09-17,2995.669921875,3006.2099609375,2993.72998046875,3005.699951171875,3673250000.0,10281.513671875,10296.771484375,10199.7392578125,10241.2724609375,15304603363.0
2019-09-18,3001.5,3007.830078125,2978.570068359375,3006.72998046875,3458800000.0,10247.7958984375,10275.9287109375,10191.4697265625,10198.248046875,16169268880.0
2019-09-19,3010.360107421875,3021.989990234375,3003.159912109375,3006.7900390625,3265660000.0,10200.49609375,10295.6689453125,9851.6923828125,10266.4150390625,19937691247.0
2019-09-20,3008.419921875,3016.3701171875,2984.679931640625,2992.070068359375,6103440000.0,10266.318359375,10285.8720703125,10132.1865234375,10181.6416015625,14734189639.0
2019-09-21,,,,,,10183.6484375,10188.09765625,10000.7080078125,10019.716796875,13425266806.0
2019-09-22,,,,,,10024.115234375,10074.4443359375,9922.533203125,10070.392578125,13199651698.0
2019-09-23,2983.5,2999.14990234375,2982.22998046875,2991.780029296875,3187250000.0,10067.962890625,10074.23828125,9727.1435546875,9729.32421875,15144925408.0
2019-09-24,3002.429931640625,3007.97998046875,2957.72998046875,2966.60009765625,3872800000.0,9729.3212890625,9804.3173828125,8370.8017578125,8620.56640625,25002886689.0
2019-09-25,2968.35009765625,2989.820068359375,2952.860107421875,2984.8701171875,3331200000.0,8603.4287109375,8744.828125,8325.396484375,8486.9931640625,21744728353.0
2019-09-26,2985.72998046875,2987.280029296875,2963.7099609375,2977.6201171875,3084910000.0,8487.669921875,8515.685546875,7895.62939453125,8118.9677734375,19258205289.0
2019-09-27,2985.469970703125,2987.31005859375,2945.530029296875,2961.7900390625,3246480000.0,8113.10107421875,8271.5205078125,7965.9228515625,8251.845703125,16408941156.0
2019-09-28,,,,,,8251.2734375,8285.6171875,8125.431640625,8245.9150390625,14141152736.0
2019-09-29,,,,,,8246.037109375,8261.70703125,7990.4970703125,8104.185546875,13034629109.0
2019-09-30,2967.070068359375,2983.85009765625,2967.070068359375,2976.739990234375,3249130000.0,8104.2265625,8314.2314453125,7830.7587890625,8293.8681640625,17115474183.0
2019-10-01,2983.68994140625,2992.530029296875,2938.699951171875,2940.25,3560750000.0,8299.720703125,8497.6923828125,8232.6796875,8343.2763671875,15305343413.0
2019-10-02,2924.780029296875,2924.780029296875,2874.929931640625,2887.610107421875,3914180000.0,8344.212890625,8393.0419921875,8227.6953125,8393.0419921875,13125712443.0
2019-10-03,2885.3798828125,2911.1298828125,2855.93994140625,2910.6298828125,3515130000.0,8390.7744140625,8414.2275390625,8146.43701171875,8259.9921875,13668823409.0
2019-10-04,2918.56005859375,2953.739990234375,2918.56005859375,2952.010009765625,3005600000.0,8259.494140625,8260.0556640625,8151.23681640625,8205.939453125,13139456229.0
2019-10-05,,,,,,8210.1494140625,8215.5263671875,8071.12060546875,8151.50048828125,12200497197.0
2019-10-06,,,,,,8149.876953125,8161.41015625,7958.8505859375,7988.15576171875,13160830305.0
2019-10-07,2944.22998046875,2959.75,2935.679931640625,2938.7900390625,2959050000.0,7989.12060546875,8308.4501953125,7905.76611328125,8245.623046875,18009742607.0
2019-10-08,2920.39990234375,2925.469970703125,2892.659912109375,2893.06005859375,3370700000.0,8246.849609375,8332.71484375,8185.76318359375,8228.783203125,15592264032.0
2019-10-09,2911.10009765625,2929.320068359375,2907.409912109375,2919.39990234375,2735350000.0,8229.8408203125,8627.7060546875,8169.298828125,8595.740234375,19384942333.0
2019-10-10,2918.550048828125,2948.4599609375,2917.1201171875,2938.1298828125,3234400000.0,8585.2802734375,8625.2724609375,8471.93359375,8586.4736328125,17618660671.0
2019-10-11,2963.070068359375,2993.280029296875,2963.070068359375,2970.27001953125,3581320000.0,8585.2626953125,8721.7802734375,8316.181640625,8321.7568359375,19604381101.0
2019-10-12,,,,,,8315.6650390625,8415.2421875,8313.3408203125,8336.5556640625,14532641605.0
2019-10-13,,,,,,8336.90234375,8470.98828125,8276.6123046875,8321.005859375,13808286059.0
2019-10-14,2965.81005859375,2972.840087890625,2962.93994140625,2966.14990234375,2559270000.0,8320.83203125,8390.208984375,8284.130859375,8374.6865234375,15151387859.0
2019-10-15,2973.610107421875,3003.280029296875,2973.610107421875,2995.679931640625,3345090000.0,8373.4580078125,8410.71484375,8182.70654296875,8205.369140625,15220412632.0
2019-10-16,2989.679931640625,2997.5400390625,2985.199951171875,2989.68994140625,3230320000.0,8204.6748046875,8216.8125,7985.08984375,8047.52685546875,16071646996.0
2019-10-17,3000.77001953125,3008.2900390625,2991.7900390625,2997.949951171875,3103470000.0,8047.8125,8134.83154296875,8000.94287109375,8103.9111328125,14313052244.0
2019-10-18,2996.840087890625,3000.0,2976.31005859375,2986.199951171875,3268970000.0,8100.93359375,8138.41357421875,7902.1640625,7973.20751953125,15651592610.0
2019-10-19,,,,,,7973.8037109375,8082.62939453125,7944.77685546875,7988.560546875,13797825640.0
2019-10-20,,,,,,7997.80712890625,8281.818359375,7949.439453125,8222.078125,15504249442.0
2019-10-21,2996.47998046875,3007.330078125,2995.35009765625,3006.719970703125,3271960000.0,8225.115234375,8296.6943359375,8196.416015625,8243.720703125,15868748866.0
2019-10-22,3010.72998046875,3014.570068359375,2995.0400390625,2995.989990234375,3527540000.0,8243.40234375,8296.6513671875,8074.462890625,8078.203125,16803377857.0
2019-10-23,2994.010009765625,3004.780029296875,2991.2099609375,3004.52001953125,3413600000.0,8076.228515625,8092.99951171875,7469.32275390625,7514.671875,21942878958.0
2019-10-24,3014.780029296875,3016.070068359375,3000.419921875,3010.2900390625,3696510000.0,7509.72802734375,7532.86767578125,7446.98876953125,7493.48876953125,16268708849.0
2019-10-25,3003.320068359375,3027.389892578125,3001.93994140625,3022.550048828125,3379060000.0,7490.703125,8691.5400390625,7479.984375,8660.7001953125,28705065488.0
2019-10-26,,,,,,8667.5771484375,10021.744140625,8662.6220703125,9244.97265625,44496255609.0
2019-10-27,,,,,,9241.70703125,9749.529296875,9112.5419921875,9551.71484375,32593129501.0
2019-10-28,3032.1201171875,3044.080078125,3032.1201171875,3039.419921875,3524970000.0,9565.1015625,9805.1181640625,9256.1484375,9256.1484375,30948255332.0
2019-10-29,3035.389892578125,3047.8701171875,3034.81005859375,3036.889892578125,3594430000.0,9248.4404296875,9516.1806640625,9232.6484375,9427.6875,28426779937.0
2019-10-30,3039.739990234375,3050.10009765625,3025.9599609375,3046.77001953125,3779660000.0,9422.462890625,9426.8740234375,9085.3701171875,9205.7265625,27706531577.0
2019-10-31,3046.89990234375,3046.89990234375,3023.18994140625,3037.56005859375,4149310000.0,9202.4580078125,9383.1611328125,9028.7177734375,9199.5849609375,26583653947.0
2019-11-01,3050.719970703125,3066.949951171875,3050.719970703125,3066.909912109375,3956290000.0,9193.9921875,9275.6572265625,9132.0478515625,9261.1044921875,24324691031.0
2019-11-02,,,,,,9259.783203125,9377.486328125,9249.587890625,9324.7177734375,21242676385.0
2019-11-03,,,,,,9324.787109375,9379.806640625,9141.251953125,9235.3544921875,21132220847.0
2019-11-04,3078.9599609375,3085.199951171875,3074.8701171875,3078.27001953125,4178040000.0,9235.607421875,9505.0517578125,9191.4853515625,9412.6123046875,26170255634.0
2019-11-05,3080.800048828125,3083.949951171875,3072.14990234375,3074.6201171875,4490590000.0,9413.0048828125,9457.41796875,9256.931640625,9342.52734375,26198609048.0
2019-11-06,3075.10009765625,3078.340087890625,3065.889892578125,3076.780029296875,4465510000.0,9340.8642578125,9423.2373046875,9305.9091796875,9360.8798828125,23133895765.0
2019-11-07,3087.02001953125,3097.77001953125,3080.22998046875,3085.179931640625,4151990000.0,9352.3935546875,9368.4765625,9202.353515625,9267.5615234375,22700383839.0
2019-11-08,3081.25,3093.090087890625,3073.580078125,3093.080078125,3508160000.0,9265.3681640625,9272.759765625,8775.5341796875,8804.880859375,24333037836.0
2019-11-09,,,,,,8809.46875,8891.818359375,8793.1630859375,8813.58203125,17578630606.0
2019-11-10,,,,,,8812.4892578125,9103.826171875,8806.162109375,9055.5263671875,20587919881.0
2019-11-11,3080.330078125,3088.330078125,3075.820068359375,3087.010009765625,3041120000.0,9056.91796875,9081.279296875,8700.6083984375,8757.7880859375,20265510765.0
2019-11-12,3089.280029296875,3102.610107421875,3084.72998046875,3091.840087890625,3495560000.0,8759.751953125,8853.7685546875,8685.427734375,8815.662109375,20309769107.0
2019-11-13,3084.179931640625,3098.06005859375,3078.800048828125,3094.0400390625,3513720000.0,8812.033203125,8836.841796875,8761.6513671875,8808.2626953125,17545755405.0
2019-11-14,3090.75,3098.199951171875,3083.260009765625,3096.6298828125,3282090000.0,8811.9365234375,8826.943359375,8692.5517578125,8708.0947265625,19084739975.0
2019-11-15,3107.919921875,3120.4599609375,3104.60009765625,3120.4599609375,3359800000.0,8705.7080078125,8730.873046875,8484.84375,8491.9921875,21796856471.0
2019-11-16,,,,,,8491.166015625,8591.9970703125,8473.9736328125,8550.7607421875,16495389808.0
2019-11-17,,,,,,8549.470703125,8727.7890625,8500.9677734375,8577.9755859375,18668638897.0
2019-11-18,3117.909912109375,3124.169921875,3112.06005859375,3122.030029296875,3440140000.0,8573.98046875,8653.2802734375,8273.5732421875,8309.2861328125,21579470673.0
2019-11-19,3127.449951171875,3127.639892578125,3113.469970703125,3120.179931640625,3613670000.0,8305.134765625,8408.5166015625,8099.96337890625,8206.1455078125,21083613816.0
2019-11-20,3114.659912109375,3118.969970703125,3091.409912109375,3108.4599609375,4041010000.0,8203.61328125,8237.240234375,8010.51171875,8027.26806640625,20764300437.0
2019-11-21,3108.489990234375,3110.110107421875,3094.550048828125,3103.5400390625,3744010000.0,8023.64453125,8110.09814453125,7597.3818359375,7642.75,22514243371.0
2019-11-22,3111.409912109375,3112.8701171875,3099.260009765625,3110.2900390625,3235270000.0,7643.5693359375,7697.3828125,6936.70654296875,7296.57763671875,34242315785.0
2019-11-23,,,,,,7296.16455078125,7442.2587890625,7151.41796875,7397.796875,21008924418.0
2019-11-24,,,,,,7398.6337890625,7408.5771484375,7029.2890625,7047.9169921875,30433517289.0
2019-11-25,3117.43994140625,3133.830078125,3117.43994140625,3133.639892578125,3514310000.0,7039.97705078125,7319.85693359375,6617.1669921875,7146.1337890625,42685231262.0
2019-11-26,3134.85009765625,3142.68994140625,3131.0,3140.52001953125,4600450000.0,7145.1591796875,7320.23046875,7098.572265625,7218.37109375,21129505542.0
2019-11-27,3145.489990234375,3154.260009765625,3143.409912109375,3153.6298828125,3035470000.0,7220.880859375,7619.693359375,6974.17431640625,7531.66357421875,23991412764.0
2019-11-28,,,,,,7536.8203125,7730.07275390625,7454.12158203125,7463.10595703125,19050116751.0
2019-11-29,3147.179931640625,3150.300048828125,3139.340087890625,3140.97998046875,1743420000.0,7466.72705078125,7781.1796875,7460.75634765625,7761.24365234375,19709695456.0
2019-11-30,,,,,,7764.05712890625,7836.10205078125,7515.849609375,7569.6298828125,17158194786.0
2019-12-01,,,,,,7571.6162109375,7571.6162109375,7291.341796875,7424.29248046875,18720708479.0
2019-12-02,3143.85009765625,3144.31005859375,3110.780029296875,3113.8701171875,3285750000.0,7424.0361328125,7474.81884765625,7233.3994140625,7321.98828125,17082040706.0
2019-12-03,3087.409912109375,3094.969970703125,3070.330078125,3093.199951171875,3671580000.0,7323.9755859375,7418.85888671875,7229.35693359375,7320.1455078125,14797485769.0
2019-12-04,3103.5,3119.3798828125,3102.530029296875,3112.760009765625,3702980000.0,7320.125,7539.78466796875,7170.9228515625,7252.03466796875,21664240918.0
2019-12-05,3119.2099609375,3119.449951171875,3103.760009765625,3117.429931640625,3360480000.0,7253.24169921875,7743.431640625,7232.6767578125,7448.3076171875,18816085231.0
2019-12-06,3134.6201171875,3150.60009765625,3134.6201171875,3145.909912109375,3483310000.0,7450.5615234375,7546.99658203125,7392.17529296875,7546.99658203125,18104466307.0
2019-12-07,,,,,,7547.265625,7589.95166015625,7525.71142578125,7556.23779296875,15453520564.0
2019-12-08,,,,,,7551.3388671875,7634.6064453125,7476.09130859375,7564.34521484375,15409908086.0
2019-12-09,3141.860107421875,3148.8701171875,3135.4599609375,3135.9599609375,3400470000.0,7561.79541015625,7618.091796875,7365.9853515625,7400.8994140625,17872021272.0
2019-12-10,3135.360107421875,3142.1201171875,3126.090087890625,3132.52001953125,3346310000.0,7397.13427734375,7424.02294921875,7246.0439453125,7278.11962890625,18249031195.0
2019-12-11,3135.75,3143.97998046875,3133.2099609375,3141.6298828125,3257650000.0,7277.19775390625,7324.15625,7195.52734375,7217.42724609375,16350490689.0
2019-12-12,3141.22998046875,3176.280029296875,3138.469970703125,3168.570068359375,4003200000.0,7216.73876953125,7266.6396484375,7164.7412109375,7243.13427734375,18927080224.0
2019-12-13,3166.64990234375,3182.679931640625,3156.510009765625,3168.800048828125,3757650000.0,7244.662109375,7293.560546875,7227.12255859375,7269.6845703125,17125736940.0
2019-12-14,,,,,,7268.90283203125,7308.83642578125,7097.208984375,7124.673828125,17137029730.0
2019-12-15,,,,,,7124.23974609375,7181.07568359375,6924.3759765625,7152.3017578125,16881129804.0
2019-12-16,3183.6298828125,3197.7099609375,3183.6298828125,3191.449951171875,4070200000.0,7153.6630859375,7171.1689453125,6903.6826171875,6932.48046875,20213265950.0
2019-12-17,3195.39990234375,3198.219970703125,3191.030029296875,3192.52001953125,3842940000.0,6931.3154296875,6964.0751953125,6587.97412109375,6640.51513671875,22363804217.0
2019-12-18,3195.2099609375,3198.47998046875,3191.139892578125,3191.139892578125,4029950000.0,6647.6982421875,7324.98486328125,6540.04931640625,7276.802734375,31836522778.0
2019-12-19,3192.320068359375,3205.47998046875,3192.320068359375,3205.3701171875,3784360000.0,7277.5908203125,7346.6025390625,7041.3818359375,7202.84423828125,25904604416.0
2019-12-20,3223.330078125,3225.64990234375,3216.030029296875,3221.219970703125,6457480000.0,7208.63671875,7257.921875,7086.1240234375,7218.81640625,22633815180.0
2019-12-21,,,,,,7220.59375,7223.22607421875,7112.73583984375,7191.15869140625,19312552168.0
2019-12-22,,,,,,7191.1884765625,7518.033203125,7167.17919921875,7511.5888671875,23134537956.0
2019-12-23,3226.050048828125,3227.780029296875,3222.300048828125,3224.010009765625,3064530000.0,7508.90234375,7656.17626953125,7326.1923828125,7355.62841796875,27831788041.0
2019-12-24,3225.449951171875,3226.429931640625,3220.510009765625,3223.3798828125,1296530000.0,7354.39306640625,7535.716796875,7269.52880859375,7322.5322265625,22991622105.0
2019-12-25,,,,,,7325.755859375,7357.02001953125,7220.9912109375,7275.15576171875,21559505149.0
2019-12-26,3227.199951171875,3240.080078125,3227.199951171875,3239.909912109375,2164540000.0,7274.79931640625,7388.302734375,7200.38671875,7238.966796875,22787010034.0
2019-12-27,3247.22998046875,3247.929931640625,3234.3701171875,3240.02001953125,2429150000.0,7238.14111328125,7363.529296875,7189.93408203125,7290.08837890625,22777360996.0
2019-12-28,,,,,,7289.03125,7399.041015625,7286.9052734375,7317.990234375,21365673026.0
2019-12-29,,,,,,7317.6474609375,7513.9482421875,7279.865234375,7422.65283203125,22445257702.0
2019-12-30,3240.090087890625,3240.919921875,3216.570068359375,3221.2900390625,3021720000.0,7420.27294921875,7454.82421875,7276.30810546875,7292.9951171875,22874131672.0
2019-12-31,3215.179931640625,3231.719970703125,3212.030029296875,3230.780029296875,2894760000.0,7294.43896484375,7335.2900390625,7169.77783203125,7193.59912109375,21167946112.0
2020-01-01,,,,,,7194.89208984375,7254.33056640625,7174.9443359375,7200.17431640625,18565664997.0
2020-01-02,3244.669921875,3258.139892578125,3235.530029296875,3257.85009765625,3459930000.0,7202.55126953125,7212.1552734375,6935.27001953125,6985.47021484375,20802083465.0
2020-01-03,3226.360107421875,3246.14990234375,3222.340087890625,3234.85009765625,3484700000.0,6984.4287109375,7413.71533203125,6914.99609375,7344.88427734375,28111481032.0
2020-01-04,,,,,,7345.37548828125,7427.3857421875,7309.51416015625,7410.65673828125,18444271275.0
2020-01-05,,,,,,7410.45166015625,7544.4970703125,7400.53564453125,7411.3173828125,19725074095.0
2020-01-06,3217.550048828125,3246.840087890625,3214.639892578125,3246.280029296875,3702460000.0,7410.4521484375,7781.8671875,7409.29296875,7769.21923828125,23276261598.0
2020-01-07,3241.860107421875,3244.909912109375,3232.429931640625,3237.179931640625,3435910000.0,7768.68212890625,8178.2158203125,7768.2275390625,8163.6923828125,28767291327.0
2020-01-08,3238.590087890625,3267.070068359375,3236.669921875,3253.050048828125,3726840000.0,8161.935546875,8396.73828125,7956.7744140625,8079.86279296875,31672559265.0
2020-01-09,3266.030029296875,3275.580078125,3263.669921875,3274.699951171875,3641230000.0,8082.2958984375,8082.2958984375,7842.40380859375,7879.0712890625,24045990466.0
2020-01-10,3281.81005859375,3282.989990234375,3260.860107421875,3265.35009765625,3214580000.0,7878.3076171875,8166.55419921875,7726.77490234375,8166.55419921875,28714583844.0
2020-01-11,,,,,,8162.19091796875,8218.359375,8029.64208984375,8037.53759765625,25521165085.0
2020-01-12,,,,,,8033.26171875,8200.0634765625,8009.05908203125,8192.494140625,22903438381.0
2020-01-13,3271.1298828125,3288.1298828125,3268.429931640625,3288.1298828125,3459390000.0,8189.77197265625,8197.7880859375,8079.70068359375,8144.1943359375,22482910688.0
2020-01-14,3285.35009765625,3294.25,3277.18994140625,3283.14990234375,3687620000.0,8140.93310546875,8879.51171875,8140.93310546875,8827.7646484375,44841784107.0
2020-01-15,3282.27001953125,3298.659912109375,3280.68994140625,3289.2900390625,3721490000.0,8825.34375,8890.1171875,8657.1875,8807.0107421875,40102834650.0
2020-01-16,3302.969970703125,3317.110107421875,3302.820068359375,3316.81005859375,3540580000.0,8812.4814453125,8846.4609375,8612.095703125,8723.7861328125,31313981931.0
2020-01-17,3323.659912109375,3329.8798828125,3318.860107421875,3329.6201171875,3726220000.0,8725.2099609375,8958.1220703125,8677.31640625,8929.0380859375,36372139320.0
2020-01-18,,,,,,8927.2119140625,9012.1982421875,8827.33203125,8942.80859375,32337772627.0
2020-01-19,,,,,,8941.4453125,9164.3623046875,8620.080078125,8706.2451171875,34217320471.0
2020-01-20,,,,,,8704.6318359375,8745.5908203125,8560.4736328125,8657.642578125,26422375678.0
2020-01-21,3321.030029296875,3329.7900390625,3316.610107421875,3320.7900390625,4104840000.0,8658.9912109375,8755.7060546875,8544.5205078125,8745.89453125,24097418512.0
2020-01-22,3330.02001953125,3337.77001953125,3320.0400390625,3321.75,3623780000.0,8744.2109375,8792.994140625,8636.7470703125,8680.8759765625,22600204051.0
2020-01-23,3315.77001953125,3326.8798828125,3301.8701171875,3325.5400390625,3766710000.0,8680.650390625,8687.7470703125,8333.6376953125,8406.515625,25770680779.0
2020-01-24,3333.10009765625,3333.179931640625,3281.530029296875,3295.469970703125,3708780000.0,8405.5673828125,8514.6669921875,8266.8408203125,8445.4345703125,24397913026.0
2020-01-25,,,,,,8440.119140625,8458.453125,8296.21875,8367.84765625,19647331549.0
2020-01-26,,,,,,8364.41015625,8602.4013671875,8325.498046875,8596.830078125,22177678796.0
2020-01-27,3247.159912109375,3258.85009765625,3234.5,3243.6298828125,3831050000.0,8597.30859375,8977.7265625,8597.30859375,8909.8193359375,28647338393.0
2020-01-28,3255.35009765625,3285.780029296875,3253.219970703125,3276.239990234375,3531570000.0,8912.5244140625,9358.58984375,8908.447265625,9358.58984375,34398744403.0
2020-01-29,3289.4599609375,3293.469970703125,3271.889892578125,3273.39990234375,3600250000.0,9357.470703125,9406.431640625,9269.4677734375,9316.6298828125,30682598115.0
2020-01-30,3256.449951171875,3285.909912109375,3242.800048828125,3283.659912109375,3790350000.0,9316.0166015625,9553.1259765625,9230.8974609375,9508.9931640625,32378792851.0
2020-01-31,3282.330078125,3282.330078125,3214.679931640625,3225.52001953125,4529700000.0,9508.3134765625,9521.7060546875,9230.7763671875,9350.529296875,29432489719.0
2020-02-01,,,,,,9346.357421875,9439.3232421875,9313.2392578125,9392.875,25922656496.0
2020-02-02,,,,,,9389.8203125,9468.7978515625,9217.82421875,9344.365234375,30835736946.0
2020-02-03,3235.659912109375,3268.43994140625,3235.659912109375,3248.919921875,3760460000.0,9344.68359375,9540.3720703125,9248.6337890625,9293.521484375,30934096509.0
2020-02-04,3280.610107421875,3306.919921875,3280.610107421875,3297.590087890625,3996900000.0,9292.841796875,9331.265625,9112.8115234375,9180.962890625,29893183716.0
2020-02-05,3324.909912109375,3337.580078125,3313.75,3334.68994140625,4121480000.0,9183.416015625,9701.2998046875,9163.7041015625,9613.423828125,35222060874.0
2020-02-06,3344.919921875,3347.9599609375,3334.389892578125,3345.780029296875,3887250000.0,9617.8212890625,9824.619140625,9539.818359375,9729.8017578125,37628823716.0
2020-02-07,3335.5400390625,3341.419921875,3322.1201171875,3327.7099609375,3733920000.0,9726.0029296875,9834.716796875,9726.0029296875,9795.943359375,34522718159.0
2020-02-08,,,,,,9793.0703125,9876.7490234375,9678.91015625,9865.119140625,35172043762.0
2020-02-09,,,,,,9863.89453125,10129.435546875,9850.392578125,10116.673828125,35807884663.0
2020-02-10,3318.280029296875,3352.260009765625,3317.77001953125,3352.090087890625,3462730000.0,10115.5595703125,10165.765625,9784.5634765625,9856.611328125,39386548075.0
2020-02-11,3365.8701171875,3375.6298828125,3352.719970703125,3357.75,3762940000.0,9855.8916015625,10210.052734375,9729.3349609375,10208.236328125,37648059389.0
2020-02-12,3370.5,3381.469970703125,3369.719970703125,3379.449951171875,3930910000.0,10202.3876953125,10393.611328125,10202.3876953125,10326.0546875,43444303830.0
2020-02-13,3365.89990234375,3385.090087890625,3360.52001953125,3373.93994140625,3500890000.0,10323.9609375,10457.626953125,10116.1611328125,10214.3798828125,49356071373.0
2020-02-14,3378.080078125,3380.68994140625,3366.14990234375,3380.159912109375,3419700000.0,10211.55078125,10321.99609375,10125.5341796875,10312.1162109375,43338264162.0
2020-02-15,,,,,,10313.8564453125,10341.5556640625,9874.427734375,9889.4248046875,43865054831.0
2020-02-16,,,,,,9889.1796875,10053.96875,9722.38671875,9934.43359375,43374780305.0
2020-02-17,,,,,,9936.560546875,9938.8154296875,9507.6376953125,9690.142578125,45998298413.0
2020-02-18,3369.0400390625,3375.010009765625,3355.610107421875,3370.2900390625,3750400000.0,9691.23046875,10161.935546875,9632.3828125,10141.99609375,47271023953.0
2020-02-19,3380.389892578125,3393.52001953125,3378.830078125,3386.14990234375,3614200000.0,10143.798828125,10191.67578125,9611.2236328125,9633.38671875,46992019710.0
2020-02-20,3380.449951171875,3389.14990234375,3341.02001953125,3373.22998046875,4019180000.0,9629.3251953125,9643.216796875,9507.900390625,9608.4755859375,44925260237.0
2020-02-21,3360.5,3360.760009765625,3328.449951171875,3337.75,3908780000.0,9611.7822265625,9723.0146484375,9589.7431640625,9686.44140625,40930547513.0
2020-02-22,,,,,,9687.70703125,9698.2314453125,9600.728515625,9663.181640625,35838025154.0
2020-02-23,,,,,,9663.318359375,9937.404296875,9657.791015625,9924.515625,41185185761.0
2020-02-24,3257.610107421875,3259.81005859375,3214.64990234375,3225.889892578125,4851160000.0,9921.5830078125,9951.74609375,9537.04296875,9650.1748046875,45080496648.0
2020-02-25,3238.93994140625,3246.989990234375,3118.77001953125,3128.2099609375,5596760000.0,9651.3125,9652.7373046875,9305.021484375,9341.705078125,42515259129.0
2020-02-26,3139.89990234375,3182.510009765625,3108.989990234375,3116.389892578125,5484650000.0,9338.2900390625,9354.7783203125,8704.4267578125,8820.5224609375,50420050762.0
2020-02-27,3062.5400390625,3097.070068359375,2977.389892578125,2978.760009765625,7064710000.0,8825.09375,8932.892578125,8577.19921875,8784.494140625,45470195695.0
2020-02-28,2916.89990234375,2959.719970703125,2855.840087890625,2954.219970703125,8569570000.0,8788.728515625,8890.4560546875,8492.9326171875,8672.455078125,44605450443.0
2020-02-29,,,,,,8671.212890625,8775.6318359375,8599.5087890625,8599.5087890625,35792392544.0
2020-03-01,,,,,,8599.7587890625,8726.796875,8471.212890625,8562.4541015625,35349164300.0
2020-03-02,2974.280029296875,3090.9599609375,2945.18994140625,3090.22998046875,6381330000.0,8563.2646484375,8921.30859375,8532.630859375,8869.669921875,42857674409.0
2020-03-03,3096.4599609375,3136.719970703125,2976.6298828125,3003.3701171875,6376510000.0,8865.3876953125,8901.5986328125,8704.990234375,8787.7861328125,42386715821.0
2020-03-04,3045.75,3130.969970703125,3034.3798828125,3130.1201171875,5073020000.0,8788.5419921875,8843.3662109375,8712.431640625,8755.24609375,34746706368.0
2020-03-05,3075.699951171875,3083.0400390625,2999.830078125,3023.93994140625,5579290000.0,8760.28515625,9142.0546875,8757.25390625,9078.7626953125,39698054597.0
2020-03-06,2954.199951171875,2985.929931640625,2901.5400390625,2972.3701171875,6555240000.0,9078.30859375,9167.6953125,9032.0791015625,9122.5458984375,40826885651.0
2020-03-07,,,,,,9121.6005859375,9163.220703125,8890.744140625,8909.9541015625,36216930370.0
2020-03-08,,,,,,8908.2060546875,8914.34375,8105.2529296875,8108.1162109375,39973102121.0
2020-03-09,2863.889892578125,2863.889892578125,2734.429931640625,2746.56005859375,8441290000.0,8111.146484375,8177.79345703125,7690.09814453125,7923.64453125,46936995808.0
2020-03-10,2813.47998046875,2882.590087890625,2734.0,2882.22998046875,7642040000.0,7922.14697265625,8136.9453125,7814.76318359375,7909.7294921875,42213940994.0
2020-03-11,2825.60009765625,2825.60009765625,2707.219970703125,2741.3798828125,7431200000.0,7910.08984375,7950.814453125,7642.8125,7911.43017578125,38682762605.0
2020-03-12,2630.860107421875,2660.949951171875,2478.860107421875,2480.639892578125,8850810000.0,7913.6162109375,7929.1162109375,4860.35400390625,4970.7880859375,53980357243.0
2020-03-13,2569.989990234375,2711.330078125,2492.3701171875,2711.02001953125,8299070000.0,5017.8310546875,5838.11474609375,4106.98095703125,5563.70703125,74156772075.0
2020-03-14,,,,,,5573.07763671875,5625.2265625,5125.0693359375,5200.3662109375,36154506008.0
2020-03-15,,,,,,5201.06689453125,5836.64501953125,5169.283203125,5392.31494140625,33997889639.0
2020-03-16,2508.590087890625,2562.97998046875,2380.93994140625,2386.1298828125,7805450000.0,5385.2294921875,5385.2294921875,4575.35791015625,5014.47998046875,45368026430.0
2020-03-17,2425.659912109375,2553.929931640625,2367.0400390625,2529.18994140625,8370250000.0,5002.578125,5371.3486328125,4981.9091796875,5225.62939453125,38622642935.0
2020-03-18,2436.5,2453.570068359375,2280.52001953125,2398.10009765625,8799300000.0,5227.11376953125,5331.833984375,5069.3359375,5238.4384765625,37878801016.0
2020-03-19,2393.47998046875,2466.969970703125,2319.780029296875,2409.389892578125,7956100000.0,5245.41650390625,6329.73583984375,5236.96875,6191.19287109375,51000731797.0
2020-03-20,2431.93994140625,2453.010009765625,2295.56005859375,2304.919921875,9053950000.0,6191.65380859375,6844.26171875,5865.78173828125,6198.7783203125,54442976103.0
2020-03-21,,,,,,6206.521484375,6378.13525390625,5932.8232421875,6185.06640625,42494390880.0
2020-03-22,,,,,,6185.55810546875,6359.697265625,5823.7138671875,5830.2548828125,40099664740.0
2020-03-23,2290.7099609375,2300.72998046875,2191.860107421875,2237.39990234375,7411380000.0,5831.37451171875,6443.9345703125,5785.00439453125,6416.31494140625,46491916000.0
2020-03-24,2344.43994140625,2449.7099609375,2344.43994140625,2447.330078125,7563150000.0,6436.642578125,6789.02294921875,6411.06640625,6734.8037109375,48221910672.0
2020-03-25,2457.77001953125,2571.419921875,2407.530029296875,2475.56005859375,8300010000.0,6738.716796875,6892.51123046875,6536.92626953125,6681.06298828125,44590107888.0
2020-03-26,2501.2900390625,2637.010009765625,2500.719970703125,2630.070068359375,7766990000.0,6675.1708984375,6735.4638671875,6590.962890625,6716.4404296875,35319797642.0
2020-03-27,2555.8701171875,2615.909912109375,2520.02001953125,2541.469970703125,6201670000.0,6719.38916015625,6793.83642578125,6466.70166015625,6469.79833984375,34585598367.0
2020-03-28,,,,,,6467.25390625,6467.5009765625,6117.837890625,6242.19384765625,34885225901.0
2020-03-29,,,,,,6245.62451171875,6250.46728515625,5920.0859375,5922.04296875,28373690931.0
2020-03-30,2558.97998046875,2631.800048828125,2545.280029296875,2626.64990234375,5751120000.0,5925.53857421875,6517.19580078125,5903.234375,6429.841796875,37101651525.0
2020-03-31,2614.68994140625,2641.389892578125,2571.14990234375,2584.590087890625,6576210000.0,6430.6064453125,6504.51513671875,6374.162109375,6438.64453125,32786468812.0
2020-04-01,2498.080078125,2522.75,2447.489990234375,2470.5,5964000000.0,6437.3193359375,6612.57373046875,6202.37353515625,6606.7763671875,40346426266.0
2020-04-02,2458.5400390625,2533.219970703125,2455.7900390625,2526.89990234375,6464190000.0,6606.7763671875,7088.24755859375,6595.91845703125,6793.62451171875,47660646124.0
2020-04-03,2514.919921875,2538.179931640625,2459.9599609375,2488.64990234375,6096970000.0,6797.396484375,7003.220703125,6673.3359375,6733.38720703125,38976504903.0
2020-04-04,,,,,,6738.3828125,6878.95361328125,6696.48486328125,6867.52734375,33185988584.0
2020-04-05,,,,,,6862.53759765625,6883.4140625,6715.92919921875,6791.12939453125,29510409856.0
2020-04-06,2578.280029296875,2676.85009765625,2574.570068359375,2663.679931640625,6403840000.0,6788.0498046875,7271.78125,6782.8896484375,7271.78125,46896904615.0
2020-04-07,2738.64990234375,2756.889892578125,2657.669921875,2659.409912109375,7050410000.0,7273.64404296875,7427.939453125,7136.71435546875,7176.41455078125,44243482668.0
2020-04-08,2685.0,2760.75,2663.300048828125,2749.97998046875,5875710000.0,7179.283203125,7356.2236328125,7153.3056640625,7334.0986328125,37563249549.0
2020-04-09,2776.989990234375,2818.570068359375,2762.360107421875,2789.820068359375,7899550000.0,7337.96630859375,7341.4482421875,7179.09423828125,7302.08935546875,34815139178.0
2020-04-10,,,,,,7303.8154296875,7303.8154296875,6802.47509765625,6865.4931640625,43622840992.0
2020-04-11,,,,,,6867.4404296875,6926.06982421875,6789.9208984375,6859.0830078125,31222085946.0
2020-04-12,,,,,,6858.06787109375,7119.947265625,6811.078125,6971.091796875,35759567632.0
2020-04-13,2782.4599609375,2782.4599609375,2721.169921875,2761.6298828125,5319530000.0,6965.61669921875,6965.61669921875,6668.259765625,6845.03759765625,38619308647.0
2020-04-14,2805.10009765625,2851.85009765625,2805.10009765625,2846.06005859375,5615730000.0,6843.28173828125,6958.55712890625,6793.8212890625,6842.427734375,34110434052.0
2020-04-15,2795.639892578125,2801.8798828125,2761.5400390625,2783.360107421875,5208000000.0,6845.5615234375,6928.66455078125,6633.40283203125,6642.10986328125,32288311031.0
2020-04-16,2799.340087890625,2806.510009765625,2764.320068359375,2799.550048828125,5228810000.0,6640.4541015625,7134.45068359375,6555.50439453125,7116.80419921875,46783242377.0
2020-04-17,2842.429931640625,2879.219970703125,2830.8798828125,2874.56005859375,5804810000.0,7116.552734375,7167.18310546875,7050.33203125,7096.1845703125,32513423567.0
2020-04-18,,,,,,7092.29150390625,7269.95654296875,7089.2470703125,7257.6650390625,32447188386.0
2020-04-19,,,,,,7260.92236328125,7280.52197265625,7167.0546875,7189.4248046875,31311210215.0
2020-04-20,2845.6201171875,2868.97998046875,2820.429931640625,2823.159912109375,5228630000.0,7186.87353515625,7240.29052734375,6835.5029296875,6881.95849609375,37747113936.0
2020-04-21,2784.81005859375,2785.5400390625,2727.10009765625,2736.56005859375,5121010000.0,6879.7841796875,6934.5517578125,6834.4423828125,6880.3232421875,32589741511.0
2020-04-22,2787.889892578125,2815.10009765625,2775.949951171875,2799.31005859375,5084920000.0,6879.4404296875,7145.86572265625,6867.78173828125,7117.20751953125,33249153866.0
2020-04-23,2810.419921875,2844.89990234375,2794.260009765625,2797.800048828125,5773530000.0,7121.30615234375,7491.78515625,7081.5947265625,7429.724609375,43500782316.0
2020-04-24,2812.639892578125,2842.7099609375,2791.760009765625,2836.739990234375,5382810000.0,7434.181640625,7574.19580078125,7434.181640625,7550.90087890625,34636526286.0
2020-04-25,,,,,,7550.48291015625,7641.36376953125,7521.67236328125,7569.93603515625,32941541447.0
2020-04-26,,,,,,7570.13916015625,7700.59423828125,7561.40771484375,7679.8671875,33070154491.0
2020-04-27,2854.64990234375,2887.719970703125,2852.889892578125,2878.47998046875,5203930000.0,7679.4189453125,7795.60107421875,7679.4189453125,7795.60107421875,36162144725.0
2020-04-28,2909.9599609375,2921.14990234375,2860.7099609375,2863.389892578125,5691160000.0,7796.97021484375,7814.52734375,7730.806640625,7807.05859375,33187959921.0
2020-04-29,2918.4599609375,2954.860107421875,2912.159912109375,2939.510009765625,6645640000.0,7806.71240234375,8871.75390625,7786.04931640625,8801.0380859375,60201052203.0
2020-04-30,2930.909912109375,2930.909912109375,2892.469970703125,2912.429931640625,6544980000.0,8797.669921875,9440.650390625,8533.255859375,8658.5537109375,66964629541.0
2020-05-01,2869.090087890625,2869.090087890625,2821.610107421875,2830.7099609375,4759810000.0,8672.7822265625,9048.0234375,8667.763671875,8864.7666015625,44068389997.0
2020-05-02,,,,,,8869.0576171875,9007.1875,8811.3662109375,8988.5966796875,40134388683.0
2020-05-03,,,,,,8983.6142578125,9167.78125,8830.9716796875,8897.46875,47101785174.0
2020-05-04,2815.010009765625,2844.239990234375,2797.85009765625,2842.739990234375,4735930000.0,8895.7451171875,8956.90625,8645.0244140625,8912.654296875,45718796276.0
2020-05-05,2868.8798828125,2898.22998046875,2863.550048828125,2868.43994140625,5140290000.0,8912.83203125,9062.4150390625,8856.8271484375,9003.0703125,43148462663.0
2020-05-06,2883.139892578125,2891.110107421875,2847.64990234375,2848.419921875,4892570000.0,9007.44140625,9411.4677734375,8966.7060546875,9268.76171875,49371886931.0
2020-05-07,2878.260009765625,2901.919921875,2876.47998046875,2881.18994140625,5178790000.0,9261.8955078125,9992.6640625,9138.322265625,9951.5185546875,61112700562.0
2020-05-08,2908.830078125,2932.159912109375,2902.8798828125,2929.800048828125,4876030000.0,9936.162109375,9996.7431640625,9767.1728515625,9842.666015625,51780748042.0
2020-05-09,,,,,,9840.90625,9913.86328125,9580.64453125,9593.896484375,46566121841.0
2020-05-10,,,,,,9591.1689453125,9595.5810546875,8395.107421875,8756.4306640625,63325279337.0
2020-05-11,2915.4599609375,2944.25,2903.43994140625,2930.18994140625,4819730000.0,8755.53515625,9033.470703125,8374.3232421875,8601.7958984375,57119858802.0
2020-05-12,2939.5,2945.820068359375,2869.590087890625,2870.1201171875,5119630000.0,8610.3857421875,8949.8984375,8569.6435546875,8804.4775390625,42142717533.0
2020-05-13,2865.860107421875,2874.139892578125,2793.14990234375,2820.0,6151650000.0,8805.3876953125,9317.87890625,8805.3876953125,9269.9873046875,45558144023.0
2020-05-14,2794.5400390625,2852.800048828125,2766.639892578125,2852.5,5651130000.0,9271.3291015625,9793.2685546875,9255.03515625,9733.7216796875,56426907637.0
2020-05-15,2829.949951171875,2865.010009765625,2816.780029296875,2863.699951171875,5507700000.0,9734.291015625,9755.828125,9261.3984375,9328.197265625,48158802327.0
2020-05-16,,,,,,9333.240234375,9564.205078125,9260.6943359375,9377.013671875,36164766408.0
2020-05-17,,,,,,9374.9296875,9823.001953125,9349.5458984375,9670.7392578125,40084250663.0
2020-05-18,2913.860107421875,2968.090087890625,2913.860107421875,2953.909912109375,6373670000.0,9675.6953125,9906.0302734375,9570.359375,9726.5751953125,41827139896.0
2020-05-19,2948.590087890625,2964.2099609375,2922.35009765625,2922.93994140625,4984330000.0,9727.0634765625,9836.0478515625,9539.6240234375,9729.0380859375,39254288955.0
2020-05-20,2953.6298828125,2980.2900390625,2953.6298828125,2971.610107421875,5005380000.0,9725.3291015625,9804.7939453125,9447.201171875,9522.9814453125,36546239703.0
2020-05-21,2969.949951171875,2978.5,2938.570068359375,2948.510009765625,4976620000.0,9522.740234375,9555.2421875,8869.9306640625,9081.76171875,39326160532.0
2020-05-22,2948.050048828125,2956.760009765625,2933.590087890625,2955.449951171875,3970860000.0,9080.3349609375,9232.9365234375,9008.638671875,9182.5771484375,29810773699.0
2020-05-23,,,,,,9185.0625,9302.501953125,9118.1083984375,9209.287109375,27727866812.0
2020-05-24,,,,,,9212.283203125,9288.404296875,8787.2509765625,8790.3681640625,32518803300.0
2020-05-25,,,,,,8786.107421875,8951.005859375,8719.66796875,8906.9345703125,31288157264.0
2020-05-26,3004.080078125,3021.719970703125,2988.169921875,2991.77001953125,5848500000.0,8909.5859375,8991.9677734375,8757.2939453125,8835.052734375,29584186947.0
2020-05-27,3015.64990234375,3036.25,2969.75,3036.1298828125,6398000000.0,8837.380859375,9203.3203125,8834.1572265625,9181.017578125,32740536902.0
2020-05-28,3046.610107421875,3068.669921875,3023.39990234375,3029.72998046875,5447020000.0,9184.9453125,9546.3193359375,9148.45703125,9525.7509765625,34367073114.0
2020-05-29,3025.169921875,3049.169921875,2998.610107421875,3044.31005859375,7297550000.0,9528.35546875,9573.6669921875,9379.3388671875,9439.1240234375,32896642044.0
2020-05-30,,,,,,9438.9140625,9704.0302734375,9366.7294921875,9700.4140625,32722975141.0
2020-05-31,,,,,,9700.10546875,9700.34375,9432.296875,9461.05859375,27773290299.0
2020-06-01,3038.780029296875,3062.179931640625,3031.5400390625,3055.72998046875,4684170000.0,9463.60546875,10199.5654296875,9450.8994140625,10167.2685546875,35198901068.0
2020-06-02,3064.780029296875,3081.070068359375,3051.639892578125,3080.820068359375,5197150000.0,10162.9736328125,10182.3408203125,9460.5712890625,9529.8037109375,39137252109.0
2020-06-03,3098.89990234375,3130.93994140625,3098.89990234375,3122.8701171875,6005560000.0,9533.7607421875,9682.859375,9471.8466796875,9656.7177734375,25007459262.0
2020-06-04,3111.56005859375,3128.909912109375,3090.409912109375,3112.35009765625,6451290000.0,9655.8544921875,9887.6103515625,9525.2470703125,9800.63671875,25921805072.0
2020-06-05,3163.840087890625,3211.719970703125,3163.840087890625,3193.929931640625,8639300000.0,9800.2158203125,9869.2373046875,9663.216796875,9665.533203125,23509628646.0
2020-06-06,,,,,,9664.904296875,9773.431640625,9591.0244140625,9653.6796875,20438419222.0
2020-06-07,,,,,,9653.0029296875,9768.498046875,9458.150390625,9758.8525390625,25015250846.0
2020-06-08,3199.919921875,3233.1298828125,3196.0,3232.389892578125,8498300000.0,9760.0634765625,9782.306640625,9675.8857421875,9771.4892578125,21486346312.0
2020-06-09,3213.320068359375,3222.7099609375,3193.110107421875,3207.179931640625,6410930000.0,9774.3603515625,9836.369140625,9664.7197265625,9795.7001953125,23717842783.0
2020-06-10,3213.419921875,3223.27001953125,3181.489990234375,3190.139892578125,6598870000.0,9794.119140625,9908.896484375,9728.291015625,9870.0947265625,25706567601.0
2020-06-11,3123.530029296875,3123.530029296875,2999.489990234375,3002.10009765625,7037320000.0,9870.078125,9938.2978515625,9263.0693359375,9321.78125,30247143440.0
2020-06-12,3071.0400390625,3088.419921875,2984.469970703125,3041.31005859375,5845330000.0,9320.6904296875,9540.4658203125,9285.8515625,9480.84375,22610564515.0
2020-06-13,,,,,,9480.7353515625,9493.2119140625,9396.009765625,9475.27734375,17564322315.0
2020-06-14,,,,,,9477.5537109375,9482.2705078125,9347.59375,9386.7880859375,18991732746.0
2020-06-15,2993.760009765625,3079.760009765625,2965.659912109375,3066.590087890625,5757480000.0,9386.03515625,9504.8603515625,8990.17578125,9450.7021484375,26699704768.0
2020-06-16,3131.0,3153.449951171875,3076.06005859375,3124.739990234375,5845810000.0,9454.2666015625,9579.4306640625,9400.4453125,9538.0244140625,21565537209.0
2020-06-17,3136.1298828125,3141.159912109375,3108.030029296875,3113.489990234375,4560450000.0,9533.7841796875,9540.4228515625,9327.33984375,9480.2548828125,20177709879.0
2020-06-18,3101.639892578125,3120.0,3093.510009765625,3115.340087890625,4448690000.0,9481.5673828125,9482.7822265625,9328.3955078125,9411.8408203125,17770083003.0
2020-06-19,3140.2900390625,3155.530029296875,3083.110107421875,3097.739990234375,8346650000.0,9410.2939453125,9440.8759765625,9274.2958984375,9288.0185546875,19632223107.0
2020-06-20,,,,,,9290.9599609375,9394.9716796875,9247.3798828125,9332.3408203125,17130541557.0
2020-06-21,,,,,,9330.9267578125,9401.107421875,9300.4306640625,9303.6298828125,15324301169.0
2020-06-22,3094.419921875,3120.919921875,3079.389892578125,3117.860107421875,4686690000.0,9300.9150390625,9655.0732421875,9296.8720703125,9648.7177734375,21104009514.0
2020-06-23,3138.699951171875,3154.89990234375,3127.1201171875,3131.2900390625,4711850000.0,9644.076171875,9670.541015625,9547.2470703125,9629.658203125,17006433272.0
2020-06-24,3114.39990234375,3115.010009765625,3032.1298828125,3050.330078125,5597680000.0,9632.1494140625,9680.3671875,9278.2333984375,9313.6103515625,18961716076.0
2020-06-25,3046.60009765625,3086.25,3024.010009765625,3083.760009765625,4847690000.0,9314.126953125,9340.1611328125,9095.32421875,9264.8134765625,18616048626.0
2020-06-26,3073.199951171875,3073.72998046875,3004.6298828125,3009.050048828125,8107850000.0,9260.9951171875,9310.5166015625,9101.73828125,9162.91796875,18341465837.0
2020-06-27,,,,,,9167.82421875,9207.810546875,8998.216796875,9045.390625,17273093144.0
2020-06-28,,,,,,9048.4609375,9197.546875,8975.525390625,9143.58203125,14560870760.0
2020-06-29,3018.590087890625,3053.889892578125,2999.739990234375,3053.239990234375,4473970000.0,9140.029296875,9237.5732421875,9041.8759765625,9190.8544921875,16460547078.0
2020-06-30,3050.199951171875,3111.510009765625,3047.830078125,3100.2900390625,4705850000.0,9185.5810546875,9217.8359375,9084.837890625,9137.9931640625,15735797744.0
2020-07-01,3105.919921875,3128.43994140625,3101.169921875,3115.860107421875,4449230000.0,9145.9853515625,9309.7548828125,9104.7353515625,9228.3251953125,15971550355.0
2020-07-02,3143.639892578125,3165.81005859375,3124.52001953125,3130.010009765625,4197720000.0,9231.1396484375,9274.962890625,9036.623046875,9123.41015625,16338916796.0
2020-07-03,,,,,,9124.8427734375,9202.3447265625,9058.794921875,9087.3037109375,13078970999.0
2020-07-04,,,,,,9084.2333984375,9183.2958984375,9053.6298828125,9132.48828125,12290528515.0
2020-07-05,,,,,,9126.0908203125,9162.18359375,8977.015625,9073.9423828125,12903406143.0
2020-07-06,3155.2900390625,3182.590087890625,3155.2900390625,3179.719970703125,4759160000.0,9072.849609375,9375.474609375,9058.6640625,9375.474609375,17889263252.0
2020-07-07,3166.43994140625,3184.14990234375,3142.929931640625,3145.320068359375,4571330000.0,9349.1611328125,9360.6171875,9201.8154296875,9252.27734375,13839652595.0
2020-07-08,3153.070068359375,3171.800048828125,3136.530029296875,3169.93994140625,4937310000.0,9253.0205078125,9450.3359375,9249.5,9428.3330078125,19702359883.0
2020-07-09,3176.169921875,3179.780029296875,3115.699951171875,3152.050048828125,4843650000.0,9427.994140625,9431.37890625,9234.9990234375,9277.9677734375,18000702524.0
2020-07-10,3152.469970703125,3186.820068359375,3136.219970703125,3185.0400390625,4524190000.0,9273.357421875,9287.4716796875,9118.001953125,9278.8076171875,16860035605.0
2020-07-11,,,,,,9277.51171875,9293.5322265625,9199.4853515625,9240.3466796875,13249910444.0
2020-07-12,,,,,,9241.0546875,9319.4189453125,9197.4501953125,9276.5,14452361907.0
2020-07-13,3205.080078125,3235.320068359375,3149.429931640625,3155.219970703125,4902440000.0,9277.205078125,9306.4052734375,9224.29296875,9243.6142578125,17519821266.0
2020-07-14,3141.110107421875,3200.949951171875,3127.659912109375,3197.52001953125,4507140000.0,9238.703125,9283.841796875,9171.6611328125,9243.2138671875,18085038362.0
2020-07-15,3225.97998046875,3238.280029296875,3200.760009765625,3226.56005859375,4686830000.0,9241.8974609375,9275.3251953125,9171.93359375,9192.8369140625,15844731575.0
2020-07-16,3208.360107421875,3220.389892578125,3198.590087890625,3215.570068359375,3972860000.0,9191.98046875,9214.3125,9088.947265625,9132.2275390625,15713967523.0
2020-07-17,3224.2099609375,3233.52001953125,3205.64990234375,3224.72998046875,4012850000.0,9131.8125,9182.25390625,9089.2021484375,9151.392578125,13944570749.0
2020-07-18,,,,,,9151.18359375,9230.9833984375,9100.82421875,9159.0400390625,12252601475.0
2020-07-19,,,,,,9158.005859375,9201.3984375,9097.6328125,9185.8173828125,12939002784.0
2020-07-20,3224.2900390625,3258.610107421875,3215.159912109375,3251.840087890625,3979340000.0,9187.220703125,9214.2705078125,9137.509765625,9164.2314453125,13755604146.0
2020-07-21,3268.52001953125,3277.2900390625,3247.77001953125,3257.300048828125,4556610000.0,9162.5146484375,9407.2626953125,9149.3896484375,9374.8876953125,18069581956.0
2020-07-22,3254.860107421875,3279.320068359375,3253.10009765625,3276.02001953125,4267160000.0,9375.080078125,9530.5185546875,9319.6533203125,9525.36328125,16532254884.0
2020-07-23,3271.639892578125,3279.989990234375,3222.659912109375,3235.659912109375,4296760000.0,9527.1416015625,9610.2470703125,9483.00390625,9581.072265625,18146399002.0
2020-07-24,3218.580078125,3227.260009765625,3200.050048828125,3215.6298828125,3689410000.0,9585.5146484375,9623.3369140625,9481.4541015625,9536.892578125,16552768325.0
2020-07-25,,,,,,9539.4853515625,9704.556640625,9530.2119140625,9677.11328125,16610070933.0
2020-07-26,,,,,,9680.234375,10023.8076171875,9652.84765625,9905.1669921875,20507998997.0
2020-07-27,3219.840087890625,3241.429931640625,3214.25,3239.409912109375,3970310000.0,9905.2177734375,11298.2216796875,9903.9697265625,10990.873046875,35359749590.0
2020-07-28,3234.27001953125,3243.719970703125,3216.169921875,3218.43994140625,4053180000.0,11017.4638671875,11204.3271484375,10632.6318359375,10912.8232421875,28766551142.0
2020-07-29,3227.219970703125,3264.739990234375,3227.219970703125,3258.43994140625,4478200000.0,10912.953125,11304.3974609375,10856.1416015625,11100.4677734375,24617249715.0
2020-07-30,3231.760009765625,3250.919921875,3204.1298828125,3246.219970703125,4264920000.0,11099.8330078125,11169.3564453125,10895.455078125,11111.2138671875,22857247901.0
2020-07-31,3270.449951171875,3272.169921875,3220.260009765625,3271.1201171875,5007530000.0,11110.2109375,11415.8642578125,10987.0537109375,11323.466796875,23160469766.0
2020-08-01,,,,,,11322.5703125,11794.775390625,11239.6826171875,11759.5927734375,26075670303.0
2020-08-02,,,,,,11758.7646484375,12034.14453125,11018.1298828125,11053.6142578125,27410067336.0
2020-08-03,3288.260009765625,3302.72998046875,3284.530029296875,3294.610107421875,4438940000.0,11043.7685546875,11453.0791015625,11012.4150390625,11246.3486328125,20271713443.0
2020-08-04,3289.919921875,3306.840087890625,3286.3701171875,3306.510009765625,4414380000.0,11246.203125,11385.3818359375,11094.1455078125,11205.892578125,21250197042.0
2020-08-05,3317.3701171875,3330.77001953125,3317.3701171875,3327.77001953125,4535060000.0,11203.8232421875,11786.6171875,11158.28515625,11747.0224609375,24411254471.0
2020-08-06,3323.169921875,3351.030029296875,3318.139892578125,3349.159912109375,4278930000.0,11749.87109375,11902.3359375,11598.7138671875,11779.7734375,23400740340.0
2020-08-07,3340.050048828125,3352.5400390625,3328.719970703125,3351.280029296875,4110030000.0,11778.89453125,11898.0380859375,11408.59375,11601.47265625,23132312867.0
2020-08-08,,,,,,11604.5537109375,11800.064453125,11558.431640625,11754.0458984375,17572057837.0
2020-08-09,,,,,,11737.3251953125,11806.056640625,11548.7841796875,11675.7392578125,17489608833.0
2020-08-10,3356.0400390625,3363.2900390625,3335.43994140625,3360.469970703125,4327920000.0,11662.2568359375,12045.140625,11662.2568359375,11878.111328125,26114112569.0
2020-08-11,3370.340087890625,3381.010009765625,3326.43994140625,3333.68994140625,4880540000.0,11881.6474609375,11932.7109375,11195.708984375,11410.525390625,27039782640.0
2020-08-12,3355.4599609375,3387.889892578125,3355.4599609375,3380.35009765625,3772250000.0,11404.5966796875,11748.396484375,11249.60546875,11584.9345703125,25064548486.0
2020-08-13,3372.949951171875,3387.239990234375,3363.35009765625,3373.429931640625,3438730000.0,11588.4052734375,11796.396484375,11216.8720703125,11784.1376953125,27522199497.0
2020-08-14,3368.659912109375,3378.510009765625,3361.639892578125,3372.85009765625,3200060000.0,11772.6591796875,12150.994140625,11685.455078125,11768.87109375,24237958589.0
2020-08-15,,,,,,11768.697265625,11963.203125,11768.697265625,11865.6982421875,23354924400.0
2020-08-16,,,,,,11866.685546875,11934.9013671875,11737.1884765625,11892.8037109375,20583375490.0
2020-08-17,3380.860107421875,3387.590087890625,3379.219970703125,3381.989990234375,3460330000.0,11895.658203125,12359.056640625,11806.6962890625,12254.40234375,28227687027.0
2020-08-18,3387.0400390625,3395.06005859375,3370.14990234375,3389.780029296875,3669550000.0,12251.8955078125,12335.70703125,11954.525390625,11991.2333984375,26043227672.0
2020-08-19,3392.510009765625,3399.5400390625,3369.659912109375,3374.85009765625,3679480000.0,11990.884765625,12028.923828125,11687.3330078125,11758.283203125,24502851117.0
2020-08-20,3360.47998046875,3390.800048828125,3354.68994140625,3385.510009765625,3431040000.0,11761.5,11900.4111328125,11710.0634765625,11878.3720703125,20175242945.0
2020-08-21,3386.010009765625,3399.9599609375,3379.31005859375,3397.159912109375,3505010000.0,11878.0263671875,11899.259765625,11564.9794921875,11592.4892578125,23762425999.0
2020-08-22,,,,,,11585.4775390625,11689.4072265625,11448.8056640625,11681.8251953125,20224191306.0
2020-08-23,,,,,,11679.6962890625,11713.4296875,11559.9208984375,11664.84765625,18482062658.0
2020-08-24,3418.090087890625,3432.090087890625,3413.1298828125,3431.280029296875,3743410000.0,11663.689453125,11807.6318359375,11623.25,11774.595703125,20681511755.0
2020-08-25,3435.949951171875,3444.2099609375,3425.840087890625,3443.6201171875,3627650000.0,11773.5888671875,11778.2998046875,11189.8505859375,11366.134765625,26301509932.0
2020-08-26,3449.969970703125,3481.070068359375,3444.14990234375,3478.72998046875,3780530000.0,11366.89453125,11530.052734375,11296.9931640625,11488.36328125,22466660958.0
2020-08-27,3485.139892578125,3501.3798828125,3468.35009765625,3484.550048828125,3955890000.0,11485.6083984375,11570.7861328125,11185.94140625,11323.3974609375,23240415076.0
2020-08-28,3494.68994140625,3509.22998046875,3484.320068359375,3508.010009765625,3868510000.0,11325.2958984375,11545.615234375,11316.4228515625,11542.5,19807127588.0
2020-08-29,,,,,,11541.0546875,11585.640625,11466.29296875,11506.865234375,17485597759.0
2020-08-30,,,,,,11508.7138671875,11715.2646484375,11492.3818359375,11711.505859375,19760127945.0
2020-08-31,3509.72998046875,3514.77001953125,3493.25,3500.31005859375,4348280000.0,11713.306640625,11768.876953125,11598.318359375,11680.8203125,22285928250.0
2020-09-01,3507.43994140625,3528.030029296875,3494.60009765625,3526.64990234375,4101490000.0,11679.31640625,12067.0810546875,11601.12890625,11970.478515625,27311555343.0
2020-09-02,3543.760009765625,3588.110107421875,3535.22998046875,3580.840087890625,4295640000.0,11964.8232421875,11964.8232421875,11290.7939453125,11414.0341796875,28037405299.0
2020-09-03,3564.739990234375,3564.85009765625,3427.409912109375,3455.06005859375,4911830000.0,11407.19140625,11443.0224609375,10182.46484375,10245.296875,31927261555.0
2020-09-04,3453.60009765625,3479.14990234375,3349.6298828125,3426.9599609375,4438720000.0,10230.365234375,10663.919921875,10207.9404296875,10511.8134765625,29965130374.0
2020-09-05,,,,,,10512.5302734375,10581.5712890625,9946.67578125,10169.5673828125,44916565292.0
2020-09-06,,,,,,10167.216796875,10353.927734375,10056.8857421875,10280.3515625,37071460174.0
2020-09-07,,,,,,10280.998046875,10399.1533203125,9916.4931640625,10369.5634765625,33703098409.0
2020-09-08,3371.8798828125,3379.969970703125,3329.27001953125,3331.840087890625,4694330000.0,10369.306640625,10414.775390625,9945.1103515625,10131.5166015625,33430927462.0
2020-09-09,3369.820068359375,3424.77001953125,3366.840087890625,3398.9599609375,3932520000.0,10134.1513671875,10350.54296875,10017.2509765625,10242.34765625,24128292755.0
2020-09-10,3412.56005859375,3425.550048828125,3329.25,3339.18994140625,4208630000.0,10242.330078125,10503.912109375,10238.1357421875,10363.138671875,54406443211.0
2020-09-11,3352.699951171875,3368.949951171875,3310.469970703125,3340.969970703125,3710090000.0,10369.0283203125,10434.9228515625,10140.8369140625,10400.9150390625,45201121775.0
2020-09-12,,,,,,10409.861328125,10578.837890625,10292.38671875,10442.1708984375,36750077324.0
2020-09-13,,,,,,10452.3994140625,10577.21484375,10224.330078125,10323.755859375,36506852789.0
2020-09-14,3363.56005859375,3402.929931640625,3363.56005859375,3383.5400390625,3839580000.0,10328.734375,10800.0107421875,10266.0087890625,10680.837890625,35453581940.0
2020-09-15,3407.72998046875,3419.47998046875,3389.25,3401.199951171875,4057190000.0,10677.7548828125,10938.6318359375,10656.4599609375,10796.951171875,32509451925.0
2020-09-16,3411.22998046875,3428.919921875,3384.449951171875,3385.489990234375,4718900000.0,10797.76171875,11100.1240234375,10704.884765625,10974.9052734375,30769986455.0
2020-09-17,3346.860107421875,3375.169921875,3328.820068359375,3357.010009765625,4379840000.0,10973.251953125,11037.4208984375,10774.6279296875,10948.990234375,38151810523.0
2020-09-18,3357.3798828125,3362.27001953125,3292.39990234375,3319.469970703125,7076400000.0,10951.8203125,11034.908203125,10829.6572265625,10944.5859375,26341903912.0
2020-09-19,,,,,,10933.7529296875,11134.0927734375,10909.6181640625,11094.3466796875,22764204008.0
2020-09-20,,,,,,11095.8701171875,11095.8701171875,10814.4775390625,10938.271484375,24699523788.0
2020-09-21,3285.570068359375,3285.570068359375,3229.10009765625,3281.06005859375,4836070000.0,10934.92578125,10988.3046875,10380.2607421875,10462.259765625,28884999244.0
2020-09-22,3295.75,3320.31005859375,3270.949951171875,3315.570068359375,3974510000.0,10459.6240234375,10568.0771484375,10382.7265625,10538.4599609375,23621787804.0
2020-09-23,3320.110107421875,3323.35009765625,3232.570068359375,3236.919921875,4378650000.0,10535.4921875,10537.828125,10197.865234375,10246.1865234375,23788661867.0
2020-09-24,3226.139892578125,3278.699951171875,3209.449951171875,3246.590087890625,4601920000.0,10248.7861328125,10771.056640625,10231.490234375,10760.06640625,47144380902.0
2020-09-25,3236.659912109375,3306.8798828125,3228.43994140625,3298.4599609375,3803330000.0,10761.109375,10777.6962890625,10578.9140625,10692.716796875,39348590957.0
2020-09-26,,,,,,10695.5751953125,10772.9990234375,10667.28125,10750.7236328125,46852525493.0
2020-09-27,,,,,,10746.892578125,10803.9765625,10622.921875,10775.26953125,53745972818.0
2020-09-28,3333.89990234375,3360.739990234375,3332.909912109375,3351.60009765625,3950910000.0,10776.61328125,10945.34765625,10703.8935546875,10709.65234375,47762394731.0
2020-09-29,3350.919921875,3357.919921875,3327.5400390625,3335.469970703125,3661590000.0,10709.650390625,10860.0009765625,10649.4951171875,10844.640625,46582396602.0
2020-09-30,3341.2099609375,3393.56005859375,3340.469970703125,3363.0,4738640000.0,10843.87109375,10847.2568359375,10669.3212890625,10784.4912109375,44171073700.0
2020-10-01,3385.8701171875,3397.179931640625,3361.389892578125,3380.800048828125,4076340000.0,10795.2548828125,10933.6240234375,10472.3564453125,10619.4521484375,40023134100.0
2020-10-02,3338.93994140625,3369.10009765625,3323.68994140625,3348.419921875,3975180000.0,10619.8212890625,10657.837890625,10416.689453125,10575.974609375,48661453918.0
2020-10-03,,,,,,10575.1005859375,10598.9404296875,10511.1298828125,10549.3291015625,44660271563.0
2020-10-04,,,,,,10550.4404296875,10686.0,10534.3916015625,10669.5830078125,71251776995.0
2020-10-05,3367.27001953125,3409.570068359375,3367.27001953125,3408.60009765625,3692720000.0,10676.529296875,10793.5078125,10634.6005859375,10793.33984375,47537578009.0
2020-10-06,3408.739990234375,3431.56005859375,3354.5400390625,3360.969970703125,4453390000.0,10796.306640625,10797.578125,10528.890625,10604.40625,42623695307.0
2020-10-07,3384.56005859375,3426.260009765625,3384.56005859375,3419.43994140625,3814750000.0,10603.35546875,10680.5078125,10562.5068359375,10668.96875,37799458436.0
2020-10-08,3434.280029296875,3447.280029296875,3428.14990234375,3446.830078125,3867640000.0,10669.37109375,10945.7373046875,10562.6064453125,10915.685546875,63314794397.0
2020-10-09,3459.669921875,3482.340087890625,3458.070068359375,3477.139892578125,3944090000.0,10927.9130859375,11102.671875,10846.8505859375,11064.4580078125,22799117613.0
2020-10-10,,,,,,11059.142578125,11442.2109375,11056.9404296875,11296.361328125,22877978588.0
2020-10-11,,,,,,11296.08203125,11428.8134765625,11288.6279296875,11384.181640625,19968627060.0
2020-10-12,3500.02001953125,3549.85009765625,3499.610107421875,3534.219970703125,3435760000.0,11392.6357421875,11698.4677734375,11240.6865234375,11555.36328125,26163972642.0
2020-10-13,3534.010009765625,3534.010009765625,3500.860107421875,3511.929931640625,3611100000.0,11548.7197265625,11548.984375,11321.224609375,11425.8994140625,24241420251.0
2020-10-14,3515.469970703125,3527.93994140625,3480.550048828125,3488.669921875,3858510000.0,11429.0478515625,11539.9775390625,11307.8310546875,11429.5068359375,24103426719.0
2020-10-15,3453.719970703125,3489.080078125,3440.889892578125,3483.340087890625,3724550000.0,11426.6025390625,11569.9140625,11303.603515625,11495.349609375,24487233058.0
2020-10-16,3493.5,3515.760009765625,3480.449951171875,3483.81005859375,4688030000.0,11502.828125,11540.0615234375,11223.0126953125,11322.123046875,25635480772.0
2020-10-17,,,,,,11322.123046875,11386.26171875,11285.345703125,11358.1015625,19130430174.0
2020-10-18,,,,,,11355.982421875,11483.359375,11347.578125,11483.359375,18283314340.0
2020-10-19,3493.659912109375,3502.419921875,3419.929931640625,3426.919921875,4091080000.0,11495.0380859375,11799.0927734375,11408.2900390625,11742.037109375,23860769928.0
2020-10-20,3439.3798828125,3476.929931640625,3435.64990234375,3443.1201171875,3917850000.0,11745.974609375,11999.91796875,11681.48046875,11916.3349609375,30915821592.0
2020-10-21,3439.909912109375,3464.860107421875,3433.06005859375,3435.56005859375,4103960000.0,11913.0771484375,13184.56640625,11900.9287109375,12823.689453125,43414712626.0
2020-10-22,3438.5,3460.530029296875,3415.340087890625,3453.489990234375,4172060000.0,12801.6357421875,13161.59375,12717.09375,12965.8916015625,34729759598.0
2020-10-23,3464.89990234375,3466.4599609375,3440.449951171875,3465.389892578125,3651600000.0,12971.548828125,13015.9619140625,12752.6474609375,12931.5390625,28974975003.0
2020-10-24,,,,,,12931.57421875,13145.06640625,12885.7470703125,13108.0625,24542317940.0
2020-10-25,,,,,,13108.0634765625,13329.18359375,12910.0615234375,13031.173828125,24406920575.0
2020-10-26,3441.419921875,3441.419921875,3364.860107421875,3400.969970703125,4002210000.0,13031.201171875,13225.2978515625,12822.3828125,13075.248046875,29461458313.0
2020-10-27,3403.14990234375,3409.510009765625,3388.7099609375,3390.679931640625,3962400000.0,13075.2421875,13759.6689453125,13060.837890625,13654.21875,33749878156.0
2020-10-28,3342.47998046875,3342.47998046875,3268.889892578125,3271.030029296875,5139970000.0,13654.21484375,13837.6953125,12932.2509765625,13271.28515625,35867318895.0
2020-10-29,3277.169921875,3341.050048828125,3259.820068359375,3310.110107421875,4911860000.0,13271.298828125,13612.0478515625,12980.0595703125,13437.8828125,56499499598.0
2020-10-30,3293.590087890625,3304.929931640625,3233.93994140625,3269.9599609375,4843930000.0,13437.8740234375,13651.5166015625,13136.1982421875,13546.5224609375,30581485201.0
2020-10-31,,,,,,13546.5322265625,14028.2138671875,13457.5302734375,13780.9951171875,30306464719.0
2020-11-01,,,,,,13780.9951171875,13862.033203125,13628.3779296875,13737.109375,24453857900.0
2020-11-02,3296.199951171875,3330.139892578125,3279.739990234375,3310.239990234375,4314690000.0,13737.0322265625,13808.3232421875,13243.16015625,13550.4892578125,30771455468.0
2020-11-03,3336.25,3389.489990234375,3336.25,3369.159912109375,4241380000.0,13550.451171875,13984.9814453125,13325.44140625,13950.30078125,29869951617.0
2020-11-04,3406.4599609375,3486.25,3405.169921875,3443.43994140625,4790400000.0,13950.48828125,14218.7666015625,13580.4716796875,14133.70703125,35116364962.0
2020-11-05,3485.739990234375,3529.050048828125,3485.739990234375,3510.449951171875,4858150000.0,14133.7333984375,15706.404296875,14102.0888671875,15579.8486328125,40856321439.0
2020-11-06,3508.340087890625,3521.580078125,3484.340087890625,3509.43994140625,4842460000.0,15579.7294921875,15903.4375,15226.83984375,15565.880859375,39837841971.0
2020-11-07,,,,,,15565.880859375,15737.095703125,14423.203125,14833.75390625,35024953706.0
2020-11-08,,,,,,14833.75390625,15637.3203125,14744.1103515625,15479.5673828125,26632075029.0
2020-11-09,3583.0400390625,3645.989990234375,3547.47998046875,3550.5,8570510000.0,15479.595703125,15785.13671875,14865.529296875,15332.3154296875,34149115566.0
2020-11-10,3543.260009765625,3557.219970703125,3511.909912109375,3545.530029296875,6037470000.0,15332.3505859375,15450.3291015625,15124.9599609375,15290.90234375,25574938143.0
2020-11-11,3563.219970703125,3581.159912109375,3557.0,3572.659912109375,4635560000.0,15290.9091796875,15916.2607421875,15290.0068359375,15701.33984375,29772374934.0
2020-11-12,3562.669921875,3569.02001953125,3518.580078125,3537.010009765625,4909660000.0,15701.298828125,16305.00390625,15534.771484375,16276.34375,34175758344.0
2020-11-13,3552.570068359375,3593.659912109375,3552.570068359375,3585.14990234375,4719580000.0,16276.4404296875,16463.177734375,15992.15234375,16317.80859375,31599492172.0
2020-11-14,,,,,,16317.80859375,16317.80859375,15749.193359375,16068.138671875,27481710135.0
2020-11-15,,,,,,16068.1396484375,16123.1103515625,15793.5341796875,15955.587890625,23653867583.0
2020-11-16,3600.159912109375,3628.510009765625,3600.159912109375,3626.909912109375,5295510000.0,15955.5771484375,16816.181640625,15880.7060546875,16716.111328125,31526766675.0
2020-11-17,3610.31005859375,3623.110107421875,3588.679931640625,3609.530029296875,4812180000.0,16685.69140625,17782.919921875,16564.544921875,17645.40625,39006849170.0
2020-11-18,3612.090087890625,3619.090087890625,3567.330078125,3567.7900390625,5284810000.0,17645.19140625,18393.94921875,17352.90625,17804.005859375,49064800278.0
2020-11-19,3559.409912109375,3585.219970703125,3543.840087890625,3581.8701171875,4363370000.0,17803.861328125,18119.546875,17382.5546875,17817.08984375,36985055355.0
2020-11-20,3579.31005859375,3581.22998046875,3556.85009765625,3557.5400390625,4236370000.0,17817.083984375,18773.2265625,17765.794921875,18621.314453125,36992873940.0
2020-11-21,,,,,,18621.31640625,18936.62109375,18444.359375,18642.232421875,39650210707.0
2020-11-22,,,,,,18642.232421875,18688.96875,17671.384765625,18370.001953125,41280434226.0
2020-11-23,3566.820068359375,3589.81005859375,3552.77001953125,3577.590087890625,5057550000.0,18370.017578125,18711.42578125,18000.796875,18364.12109375,42741112308.0
2020-11-24,3594.52001953125,3642.31005859375,3594.52001953125,3635.409912109375,6280290000.0,18365.015625,19348.271484375,18128.65625,19107.46484375,51469565009.0
2020-11-25,3635.5,3635.5,3617.760009765625,3629.64990234375,4910440000.0,19104.41015625,19390.96484375,18581.146484375,18732.12109375,43710357371.0
2020-11-26,,,,,,18729.83984375,18866.28515625,16351.03515625,17150.623046875,61396835737.0
2020-11-27,3638.550048828125,3644.31005859375,3629.330078125,3638.35009765625,2778390000.0,17153.9140625,17445.0234375,16526.423828125,17108.40234375,38886494645.0
2020-11-28,,,,,,17112.93359375,17853.939453125,16910.65234375,17717.4140625,32601040734.0
2020-11-29,,,,,,17719.634765625,18283.62890625,17559.1171875,18177.484375,31133957704.0
2020-11-30,3634.179931640625,3634.179931640625,3594.389892578125,3621.6298828125,6308410000.0,18178.322265625,19749.263671875,18178.322265625,19625.8359375,47728480399.0
2020-12-01,3645.8701171875,3678.449951171875,3645.8701171875,3662.449951171875,5418480000.0,19633.76953125,19845.974609375,18321.921875,18802.998046875,49633658712.0
2020-12-02,3653.780029296875,3670.9599609375,3644.840087890625,3669.010009765625,5041250000.0,18801.744140625,19308.330078125,18347.71875,19201.091796875,37387697139.0
2020-12-03,3668.280029296875,3682.72998046875,3657.169921875,3666.719970703125,5065340000.0,19205.92578125,19566.19140625,18925.78515625,19445.3984375,31930317405.0
2020-12-04,3670.93994140625,3699.199951171875,3670.93994140625,3699.1201171875,5099620000.0,19446.966796875,19511.404296875,18697.193359375,18699.765625,33872388058.0
2020-12-05,,,,,,18698.384765625,19160.44921875,18590.193359375,19154.23046875,27242455064.0
2020-12-06,,,,,,19154.1796875,19390.5,18897.89453125,19345.12109375,25293775714.0
2020-12-07,3694.72998046875,3697.409912109375,3678.8798828125,3691.9599609375,4804500000.0,19343.12890625,19411.828125,18931.142578125,19191.630859375,26896357742.0
2020-12-08,3683.050048828125,3708.449951171875,3678.830078125,3702.25,4584390000.0,19191.529296875,19283.478515625,18269.9453125,18321.14453125,31692288756.0
2020-12-09,3705.97998046875,3712.389892578125,3660.5400390625,3672.820068359375,5232800000.0,18320.884765625,18626.29296875,17935.546875,18553.916015625,34420373071.0
2020-12-10,3659.1298828125,3678.489990234375,3645.179931640625,3668.10009765625,4658480000.0,18553.298828125,18553.298828125,17957.064453125,18264.9921875,25547132265.0
2020-12-11,3656.080078125,3665.909912109375,3633.39990234375,3663.4599609375,4375470000.0,18263.9296875,18268.453125,17619.533203125,18058.904296875,27919640985.0
2020-12-12,,,,,,18051.3203125,18919.55078125,18046.041015625,18803.65625,21752580802.0
2020-12-13,,,,,,18806.765625,19381.53515625,18734.33203125,19142.3828125,25450468637.0
2020-12-14,3675.27001953125,3697.610107421875,3645.840087890625,3647.489990234375,4623850000.0,19144.4921875,19305.099609375,19012.708984375,19246.64453125,22473997681.0
2020-12-15,3666.409912109375,3695.2900390625,3659.6201171875,3694.6201171875,4387080000.0,19246.919921875,19525.0078125,19079.841796875,19417.076171875,26741982541.0
2020-12-16,3696.25,3711.27001953125,3688.570068359375,3701.169921875,4067040000.0,19418.818359375,21458.908203125,19298.31640625,21310.59765625,44409011479.0
2020-12-17,3713.64990234375,3725.1201171875,3710.8701171875,3722.47998046875,4192810000.0,21308.3515625,23642.66015625,21234.67578125,22805.162109375,71378606374.0
2020-12-18,3722.389892578125,3726.699951171875,3685.840087890625,3709.409912109375,7097100000.0,22806.796875,23238.6015625,22399.8125,23137.9609375,40387896275.0
2020-12-19,,,,,,23132.865234375,24085.85546875,22826.47265625,23869.83203125,38487546580.0
2020-12-20,,,,,,23861.765625,24209.66015625,23147.7109375,23477.294921875,37844228422.0
2020-12-21,3684.280029296875,3702.89990234375,3636.47998046875,3694.919921875,4748580000.0,23474.455078125,24059.982421875,22159.3671875,22803.08203125,45852713981.0
2020-12-22,3698.080078125,3698.260009765625,3676.159912109375,3687.260009765625,4053310000.0,22794.0390625,23789.90234375,22430.60546875,23783.029296875,44171632681.0
2020-12-23,3693.419921875,3711.239990234375,3689.280029296875,3690.010009765625,3779160000.0,23781.974609375,24024.490234375,22802.646484375,23241.345703125,51146161904.0
2020-12-24,3694.030029296875,3703.820068359375,3689.320068359375,3703.06005859375,1883780000.0,23240.203125,23768.337890625,22777.59765625,23735.94921875,41080759713.0
2020-12-25,,,,,,23733.5703125,24710.1015625,23463.673828125,24664.791015625,42068395846.0
2020-12-26,,,,,,24677.015625,26718.0703125,24522.689453125,26437.037109375,48332647295.0
2020-12-27,,,,,,26439.373046875,28288.83984375,25922.76953125,26272.294921875,66479895605.0
2020-12-28,3723.030029296875,3740.510009765625,3723.030029296875,3735.360107421875,3535460000.0,26280.822265625,27389.111328125,26207.640625,27084.80859375,49056742893.0
2020-12-29,3750.010009765625,3756.1201171875,3723.31005859375,3727.0400390625,3393290000.0,27081.810546875,27370.720703125,25987.298828125,27362.4375,45265946774.0
2020-12-30,3736.18994140625,3744.6298828125,3730.2099609375,3732.0400390625,3154850000.0,27360.08984375,28937.740234375,27360.08984375,28840.953125,51287442704.0
2020-12-31,3733.27001953125,3760.199951171875,3726.8798828125,3756.070068359375,3179040000.0,28841.57421875,29244.876953125,28201.9921875,29001.720703125,46754964848.0
2021-01-01,,,,,,28994.009765625,29600.626953125,28803.5859375,29374.15234375,40730301359.0
2021-01-02,,,,,,29376.455078125,33155.1171875,29091.181640625,32127.267578125,67865420765.0
2021-01-03,,,,,,32129.408203125,34608.55859375,32052.31640625,32782.0234375,78665235202.0
2021-01-04,3764.610107421875,3769.989990234375,3662.7099609375,3700.64990234375,5015000000.0,32810.94921875,33440.21875,28722.755859375,31971.9140625,81163475344.0
2021-01-05,3698.02001953125,3737.830078125,3695.070068359375,3726.860107421875,4591020000.0,31977.041015625,34437.58984375,30221.1875,33992.4296875,67547324782.0
2021-01-06,3712.199951171875,3783.0400390625,3705.340087890625,3748.139892578125,6064110000.0,34013.61328125,36879.69921875,33514.03515625,36824.36328125,75289433811.0
2021-01-07,3764.7099609375,3811.550048828125,3764.7099609375,3803.7900390625,5099160000.0,36833.875,40180.3671875,36491.19140625,39371.04296875,84762141031.0
2021-01-08,3815.050048828125,3826.68994140625,3783.60009765625,3824.679931640625,4773040000.0,39381.765625,41946.73828125,36838.63671875,40797.609375,88107519480.0
2021-01-09,,,,,,40788.640625,41436.3515625,38980.875,40254.546875,61984162837.0
2021-01-10,,,,,,40254.21875,41420.19140625,35984.62890625,38356.44140625,79980747690.0
2021-01-11,3803.139892578125,3817.860107421875,3789.02001953125,3799.610107421875,4465430000.0,38346.53125,38346.53125,30549.599609375,35566.65625,123320567399.0
2021-01-12,3801.6201171875,3810.780029296875,3776.510009765625,3801.18994140625,4994950000.0,35516.359375,36568.52734375,32697.9765625,33922.9609375,74773277909.0
2021-01-13,3802.22998046875,3820.9599609375,3791.5,3809.840087890625,4602510000.0,33915.12109375,37599.9609375,32584.66796875,37316.359375,69364315979.0
2021-01-14,3814.97998046875,3823.60009765625,3792.860107421875,3795.5400390625,5198480000.0,37325.109375,39966.40625,36868.5625,39187.328125,63615990033.0
2021-01-15,3788.72998046875,3788.72998046875,3749.6201171875,3768.25,5369820000.0,39156.70703125,39577.7109375,34659.58984375,36825.3671875,67760757881.0
2021-01-16,,,,,,36821.6484375,37864.3671875,35633.5546875,36178.140625,57706187875.0
2021-01-17,,,,,,36163.6484375,36722.3515625,34069.3203125,35791.27734375,52359854336.0
2021-01-18,,,,,,35792.23828125,37299.28515625,34883.84375,36630.07421875,49511702429.0
2021-01-19,3781.8798828125,3804.530029296875,3780.3701171875,3798.909912109375,5014440000.0,36642.234375,37755.890625,36069.8046875,36069.8046875,57244195486.0
2021-01-20,3816.219970703125,3859.75,3816.219970703125,3851.85009765625,4566190000.0,36050.11328125,36378.328125,33570.4765625,35547.75,66834573161.0
2021-01-21,3857.4599609375,3861.449951171875,3845.050048828125,3853.070068359375,4501760000.0,35549.3984375,35552.6796875,30250.75,30825.69921875,75643067688.0
2021-01-22,3844.239990234375,3852.31005859375,3830.409912109375,3841.469970703125,5110890000.0,30817.625,33811.8515625,28953.373046875,33005.76171875,77207272511.0
2021-01-23,,,,,,32985.7578125,33360.9765625,31493.16015625,32067.642578125,48354737975.0
2021-01-24,,,,,,32064.376953125,32944.0078125,31106.685546875,32289.37890625,48643830599.0
2021-01-25,3851.679931640625,3859.22998046875,3797.159912109375,3855.360107421875,7000840000.0,32285.798828125,34802.7421875,32087.787109375,32366.392578125,59897054838.0
2021-01-26,3862.9599609375,3870.89990234375,3847.780029296875,3849.6201171875,6137500000.0,32358.61328125,32794.55078125,31030.265625,32569.849609375,60255421470.0
2021-01-27,3836.830078125,3836.830078125,3732.47998046875,3750.77001953125,9976520000.0,32564.029296875,32564.029296875,29367.138671875,30432.546875,62576762015.0
2021-01-28,3755.75,3830.5,3755.75,3787.3798828125,6992770000.0,30441.041015625,33858.3125,30023.20703125,33466.09765625,76517157706.0
2021-01-29,3778.050048828125,3778.050048828125,3694.1201171875,3714.239990234375,6643370000.0,34318.671875,38406.26171875,32064.814453125,34316.38671875,117894572511.0
2021-01-30,,,,,,34295.93359375,34834.70703125,32940.1875,34269.5234375,65141828798.0
2021-01-31,,,,,,34270.87890625,34288.33203125,32270.17578125,33114.359375,52754542671.0
2021-02-01,3731.169921875,3784.320068359375,3725.6201171875,3773.860107421875,5436230000.0,33114.578125,34638.21484375,32384.228515625,33537.17578125,61400400660.0
2021-02-02,3791.840087890625,3843.090087890625,3791.840087890625,3826.31005859375,5514090000.0,33533.19921875,35896.8828125,33489.21875,35510.2890625,63088585433.0
2021-02-03,3840.27001953125,3847.510009765625,3816.679931640625,3830.169921875,4864870000.0,35510.8203125,37480.1875,35443.984375,37472.08984375,61166818159.0
2021-02-04,3836.659912109375,3872.419921875,3836.659912109375,3871.739990234375,4879240000.0,37475.10546875,38592.17578125,36317.5,36926.06640625,68838074392.0
2021-02-05,3878.300048828125,3894.56005859375,3874.929931640625,3886.830078125,4879470000.0,36931.546875,38225.90625,36658.76171875,38144.30859375,58598066402.0
2021-02-06,,,,,,38138.38671875,40846.546875,38138.38671875,39266.01171875,71326033653.0
2021-02-07,,,,,,39250.19140625,39621.8359375,37446.15234375,38903.44140625,65500641143.0
2021-02-08,3892.590087890625,3915.77001953125,3892.590087890625,3915.590087890625,4648360000.0,38886.828125,46203.9296875,38076.32421875,46196.46484375,101467222687.0
2021-02-09,3910.489990234375,3918.35009765625,3902.639892578125,3911.22998046875,4568320000.0,46184.9921875,48003.72265625,45166.9609375,46481.10546875,91809846886.0
2021-02-10,3920.780029296875,3931.5,3884.93994140625,3909.8798828125,4837070000.0,46469.76171875,47145.56640625,43881.15234375,44918.18359375,87301089896.0
2021-02-11,3916.39990234375,3925.989990234375,3890.389892578125,3916.3798828125,4590960000.0,44898.7109375,48463.46875,44187.76171875,47909.33203125,81388911810.0
2021-02-12,3911.64990234375,3937.22998046875,3905.780029296875,3934.830078125,4135060000.0,47877.03515625,48745.734375,46424.9765625,47504.8515625,76555041196.0
2021-02-13,,,,,,47491.203125,48047.74609375,46392.28125,47105.515625,70250456155.0
2021-02-14,,,,,,47114.5078125,49487.640625,47114.5078125,48717.2890625,71248675228.0
2021-02-15,,,,,,48696.53515625,48875.5703125,46347.4765625,47945.05859375,77069903166.0
2021-02-16,3939.610107421875,3950.429931640625,3923.85009765625,3932.590087890625,5058990000.0,47944.45703125,50341.1015625,47201.3046875,49199.87109375,77049582886.0
2021-02-17,3918.5,3933.610107421875,3900.429931640625,3931.330078125,4730650000.0,49207.27734375,52533.9140625,49072.37890625,52149.0078125,80820545404.0
2021-02-18,3915.860107421875,3921.97998046875,3885.030029296875,3913.969970703125,4793650000.0,52140.97265625,52474.10546875,51015.765625,51679.796875,52054723579.0
2021-02-19,3921.159912109375,3930.409912109375,3903.070068359375,3906.7099609375,4845320000.0,51675.98046875,56113.65234375,50937.27734375,55888.1328125,63495496918.0
2021-02-20,,,,,,55887.3359375,57505.2265625,54626.55859375,56099.51953125,68145460026.0
2021-02-21,,,,,,56068.56640625,58330.5703125,55672.609375,57539.9453125,51897585191.0
2021-02-22,3885.550048828125,3902.919921875,3874.7099609375,3876.5,5917100000.0,57532.73828125,57533.390625,48967.56640625,54207.3203125,92052420332.0
2021-02-23,3857.070068359375,3895.97998046875,3805.590087890625,3881.3701171875,6296610000.0,54204.9296875,54204.9296875,45290.58984375,48824.42578125,106102492824.0
2021-02-24,3873.7099609375,3928.64990234375,3859.60009765625,3925.429931640625,6012790000.0,48835.0859375,51290.13671875,47213.5,49705.33203125,63695521388.0
2021-02-25,3915.800048828125,3925.02001953125,3814.0400390625,3829.340087890625,6547470000.0,49709.08203125,51948.96875,47093.8515625,47093.8515625,54506565949.0
2021-02-26,3839.659912109375,3861.080078125,3789.5400390625,3811.14990234375,6526070000.0,47180.46484375,48370.78515625,44454.84375,46339.76171875,350967941479.0
2021-02-27,,,,,,46344.7734375,48253.26953125,45269.02734375,46188.453125,45910946382.0
2021-02-28,,,,,,46194.015625,46716.4296875,43241.6171875,45137.76953125,53443887451.0
2021-03-01,3842.510009765625,3914.5,3842.510009765625,3901.820068359375,5114820000.0,45159.50390625,49784.015625,45115.09375,49631.2421875,53891300112.0
2021-03-02,3903.639892578125,3906.409912109375,3868.570068359375,3870.2900390625,5536010000.0,49612.10546875,50127.51171875,47228.84375,48378.98828125,47530897720.0
2021-03-03,3863.989990234375,3874.469970703125,3818.860107421875,3819.719970703125,6173660000.0,48415.81640625,52535.13671875,48274.3203125,50538.2421875,53220811975.0
2021-03-04,3818.530029296875,3843.669921875,3723.340087890625,3768.469970703125,7195400000.0,50522.3046875,51735.08984375,47656.9296875,48561.16796875,52343816680.0
2021-03-05,3793.580078125,3851.68994140625,3730.18994140625,3841.93994140625,6851070000.0,48527.03125,49396.4296875,46542.515625,48927.3046875,48625928883.0
2021-03-06,,,,,,48899.23046875,49147.21875,47257.52734375,48912.3828125,34363564661.0
2021-03-07,,,,,,48918.6796875,51384.3671875,48918.6796875,51206.69140625,43137459378.0
2021-03-08,3844.389892578125,3881.06005859375,3819.25,3821.35009765625,5871710000.0,51174.1171875,52314.0703125,49506.0546875,52246.5234375,48597428048.0
2021-03-09,3851.929931640625,3903.760009765625,3851.929931640625,3875.43994140625,5513560000.0,52272.96875,54824.1171875,51981.83203125,54824.1171875,50912227385.0
2021-03-10,3891.989990234375,3917.35009765625,3885.72998046875,3898.81005859375,5847380000.0,54824.01171875,57258.25390625,53290.890625,56008.55078125,57295577614.0
2021-03-11,3915.5400390625,3960.27001953125,3915.5400390625,3939.340087890625,5312880000.0,55963.1796875,58091.0625,54484.59375,57805.12109375,56772343595.0
2021-03-12,3924.52001953125,3944.989990234375,3915.2099609375,3943.340087890625,4476280000.0,57821.21875,57996.62109375,55376.6484375,57332.08984375,55689944702.0
2021-03-13,,,,,,57343.37109375,61683.86328125,56217.97265625,61243.0859375,60669829814.0
2021-03-14,,,,,,61221.1328125,61597.91796875,59302.31640625,59302.31640625,43901225564.0
2021-03-15,3942.9599609375,3970.080078125,3923.5400390625,3968.93994140625,4900100000.0,59267.4296875,60540.9921875,55393.1640625,55907.19921875,66419369890.0
2021-03-16,3973.590087890625,3981.0400390625,3953.43994140625,3962.7099609375,4613080000.0,55840.78515625,56833.1796875,53555.02734375,56804.90234375,59749798599.0
2021-03-17,3949.570068359375,3983.8701171875,3935.739990234375,3974.1201171875,4561660000.0,56825.828125,58969.81640625,54528.62890625,58870.89453125,60258313191.0
2021-03-18,3953.5,3969.6201171875,3910.860107421875,3915.4599609375,5118590000.0,58893.078125,60116.25,54253.578125,57858.921875,55746041000.0
2021-03-19,3913.139892578125,3930.1201171875,3886.75,3913.10009765625,7757420000.0,57850.44140625,59498.375,56643.703125,58346.65234375,49063873786.0
2021-03-20,,,,,,58332.26171875,60031.28515625,58213.296875,58313.64453125,50361731222.0
2021-03-21,,,,,,58309.9140625,58767.8984375,56005.6171875,57523.421875,51943414539.0
2021-03-22,3916.47998046875,3955.31005859375,3914.159912109375,3940.590087890625,4316260000.0,57517.890625,58471.48046875,54288.15625,54529.14453125,56521454974.0
2021-03-23,3937.60009765625,3949.1298828125,3901.570068359375,3910.52001953125,4669010000.0,54511.66015625,55985.44140625,53470.6953125,54738.9453125,56435023914.0
2021-03-24,3919.929931640625,3942.080078125,3889.070068359375,3889.139892578125,4783020000.0,54710.48828125,57262.3828125,52514.33203125,52774.265625,70567223787.0
2021-03-25,3879.340087890625,3919.5400390625,3853.5,3909.52001953125,4948340000.0,52726.74609375,53392.38671875,50856.5703125,51704.16015625,67999812841.0
2021-03-26,3917.1201171875,3978.18994140625,3917.1201171875,3974.5400390625,5483160000.0,51683.01171875,55137.3125,51579.85546875,55137.3125,56652197978.0
2021-03-27,,,,,,55137.56640625,56568.21484375,54242.91015625,55973.51171875,47266542233.0
2021-03-28,,,,,,55974.94140625,56610.3125,55071.11328125,55950.74609375,47686580918.0
2021-03-29,3969.31005859375,3981.830078125,3943.25,3971.090087890625,4628180000.0,55947.8984375,58342.09765625,55139.33984375,57750.19921875,57625587027.0
2021-03-30,3963.340087890625,3968.010009765625,3944.35009765625,3958.550048828125,4121510000.0,57750.1328125,59447.22265625,57251.55078125,58917.69140625,54414116432.0
2021-03-31,3967.25,3994.409912109375,3966.97998046875,3972.889892578125,4578050000.0,58930.27734375,59930.02734375,57726.41796875,58918.83203125,65520826225.0
2021-04-01,3992.780029296875,4020.6298828125,3992.780029296875,4019.8701171875,4162130000.0,58926.5625,59586.0703125,58505.27734375,59095.80859375,61669163792.0
2021-04-02,,,,,,59098.87890625,60267.1875,58869.28125,59384.3125,58727860620.0
2021-04-03,,,,,,59397.41015625,60110.26953125,57603.890625,57603.890625,59641344484.0
2021-04-04,,,,,,57604.83984375,58913.74609375,57168.67578125,58758.5546875,50749662970.0
2021-04-05,4034.43994140625,4083.419921875,4034.43994140625,4077.909912109375,4005030000.0,58760.875,59891.296875,57694.82421875,59057.87890625,60706272115.0
2021-04-06,4075.570068359375,4086.22998046875,4068.139892578125,4073.93994140625,4081270000.0,59171.93359375,59479.578125,57646.80859375,58192.359375,66058027988.0
2021-04-07,4074.2900390625,4083.1298828125,4068.31005859375,4079.949951171875,4120810000.0,58186.5078125,58731.14453125,55604.0234375,56048.9375,75645303584.0
2021-04-08,4089.949951171875,4098.18994140625,4082.5400390625,4097.169921875,3907100000.0,56099.9140625,58338.73828125,55879.0859375,58323.953125,53053855641.0
2021-04-09,4096.10986328125,4129.47998046875,4095.510009765625,4128.7998046875,3640390000.0,58326.5625,58937.046875,57807.86328125,58245.00390625,46655208546.0
2021-04-10,,,,,,58253.77734375,61276.6640625,58038.70703125,59793.234375,58238470525.0
2021-04-11,,,,,,59846.23046875,60790.5546875,59289.796875,60204.96484375,46280252580.0
2021-04-12,4124.7099609375,4131.759765625,4114.81982421875,4127.990234375,3588900000.0,60175.9453125,61253.03515625,59589.875,59893.453125,51828688519.0
2021-04-13,4130.10009765625,4148.0,4124.43017578125,4141.58984375,3734720000.0,59890.01953125,63742.28515625,59869.95703125,63503.45703125,69983454362.0
2021-04-14,4141.580078125,4151.68994140625,4120.8701171875,4124.66015625,3985350000.0,63523.75390625,64863.09765625,61554.796875,63109.6953125,77451779687.0
2021-04-15,4139.759765625,4173.490234375,4139.759765625,4170.419921875,4033420000.0,63075.1953125,63821.671875,62208.96484375,63314.01171875,60954381579.0
2021-04-16,4174.14013671875,4191.31005859375,4170.75,4185.47021484375,4163820000.0,63258.50390625,63594.72265625,60222.53125,61572.7890625,84293007468.0
2021-04-17,,,,,,61529.921875,62572.17578125,60361.3515625,60683.8203125,66138759198.0
2021-04-18,,,,,,60701.88671875,61057.45703125,52829.53515625,56216.18359375,97468872758.0
2021-04-19,4179.7998046875,4180.81005859375,4150.47021484375,4163.259765625,3810290000.0,56191.5859375,57520.0546875,54368.59375,55724.265625,65344865159.0
2021-04-20,4159.18017578125,4159.18017578125,4118.3798828125,4134.93994140625,4342650000.0,55681.79296875,57062.1484375,53448.046875,56473.03125,67849323955.0
2021-04-21,4128.419921875,4175.02001953125,4126.35009765625,4173.419921875,3887250000.0,56471.12890625,56757.97265625,53695.46875,53906.08984375,54926612466.0
2021-04-22,4170.4599609375,4179.56982421875,4123.68994140625,4134.97998046875,4245140000.0,53857.10546875,55410.23046875,50583.8125,51762.2734375,74798630778.0
2021-04-23,4138.77978515625,4194.169921875,4138.77978515625,4180.169921875,3569880000.0,51739.80859375,52120.79296875,47714.6640625,51093.65234375,86668667320.0
2021-04-24,,,,,,51143.2265625,51167.5625,48805.28515625,50050.8671875,49014494781.0
2021-04-25,,,,,,50052.83203125,50506.01953125,47159.484375,49004.25390625,46117114240.0
2021-04-26,4185.02978515625,4194.18994140625,4182.35986328125,4187.6201171875,3748320000.0,49077.79296875,54288.00390625,48852.796875,54021.75390625,58284039825.0
2021-04-27,4188.25,4193.35009765625,4176.22021484375,4186.72021484375,3710700000.0,54030.3046875,55416.96484375,53319.1875,55033.1171875,49448222757.0
2021-04-28,4185.14013671875,4201.52978515625,4181.77978515625,4183.18017578125,3787360000.0,55036.63671875,56227.20703125,53887.91796875,54824.703125,48000572955.0
2021-04-29,4206.14013671875,4218.77978515625,4176.81005859375,4211.47021484375,4298680000.0,54858.08984375,55115.84375,52418.02734375,53555.109375,46088929780.0
2021-04-30,4198.10009765625,4198.10009765625,4174.85009765625,4181.169921875,4300880000.0,53568.6640625,57900.71875,53129.6015625,57750.17578125,52395931985.0
2021-05-01,,,,,,57714.6640625,58448.33984375,57052.2734375,57828.05078125,42836427360.0
2021-05-02,,,,,,57825.86328125,57902.59375,56141.90625,56631.078125,38177405335.0
2021-05-03,4191.97998046875,4209.39013671875,4188.02978515625,4192.66015625,4070220000.0,56620.2734375,58973.30859375,56590.87109375,57200.29296875,51713139031.0
2021-05-04,4179.0400390625,4179.0400390625,4128.58984375,4164.66015625,4452460000.0,57214.1796875,57214.1796875,53191.42578125,53333.5390625,68564706967.0
2021-05-05,4177.06005859375,4187.72021484375,4160.93994140625,4167.58984375,4230920000.0,53252.1640625,57911.36328125,52969.0546875,57424.0078125,69241316747.0
2021-05-06,4169.14013671875,4202.7001953125,4147.330078125,4201.6201171875,4511000000.0,57441.30859375,58363.31640625,55382.5078125,56396.515625,69523285106.0
2021-05-07,4210.33984375,4238.0400390625,4201.64013671875,4232.60009765625,4016080000.0,56413.953125,58606.6328125,55321.84765625,57356.40234375,68434023376.0
2021-05-08,,,,,,57352.765625,59464.61328125,56975.2109375,58803.77734375,65382980634.0
2021-05-09,,,,,,58877.390625,59210.8828125,56482.00390625,58232.31640625,65906690347.0
2021-05-10,4228.2900390625,4236.39013671875,4188.1298828125,4188.43017578125,4560700000.0,58250.87109375,59519.35546875,54071.45703125,55859.796875,71776546298.0
2021-05-11,4150.33984375,4162.0400390625,4111.52978515625,4152.10009765625,4870710000.0,55847.2421875,56872.54296875,54608.65234375,56704.57421875,61308396325.0
2021-05-12,4130.5498046875,4134.72998046875,4056.8798828125,4063.0400390625,4733070000.0,56714.53125,57939.36328125,49150.53515625,49150.53515625,75215403907.0
2021-05-13,4074.989990234375,4131.580078125,4074.989990234375,4112.5,4779540000.0,49735.43359375,51330.84375,46980.01953125,49716.19140625,96721152926.0
2021-05-14,4129.580078125,4183.1298828125,4129.580078125,4173.85009765625,4008880000.0,49682.98046875,51438.1171875,48868.578125,49880.53515625,55737497453.0
2021-05-15,,,,,,49855.49609375,50639.6640625,46664.140625,46760.1875,59161047474.0
2021-05-16,,,,,,46716.63671875,49720.04296875,43963.3515625,46456.05859375,64047871555.0
2021-05-17,4169.919921875,4171.919921875,4142.68994140625,4163.2900390625,4125050000.0,46415.8984375,46623.55859375,42207.2890625,43537.51171875,74903638450.0
2021-05-18,4165.93994140625,4169.14990234375,4125.990234375,4127.830078125,4398150000.0,43488.05859375,45812.45703125,42367.83203125,42909.40234375,56187365084.0
2021-05-19,4098.4501953125,4116.93017578125,4061.409912109375,4115.68017578125,4247450000.0,42944.9765625,43546.1171875,30681.49609375,37002.44140625,126358098747.0
2021-05-20,4121.97021484375,4172.7998046875,4121.97021484375,4159.1201171875,3978880000.0,36753.66796875,42462.984375,35050.6171875,40782.73828125,88281943359.0
2021-05-21,4168.60986328125,4188.72021484375,4151.72021484375,4155.85986328125,3995250000.0,40596.94921875,42172.171875,33616.453125,37304.69140625,82051616861.0
2021-05-22,,,,,,37371.03125,38831.0546875,35383.68359375,37536.6328125,57377273240.0
2021-05-23,,,,,,37531.44921875,38289.21875,31227.33984375,34770.58203125,78469274361.0
2021-05-24,4170.16015625,4209.52001953125,4170.16015625,4197.0498046875,3684800000.0,34700.36328125,39835.140625,34551.08203125,38705.98046875,67359584098.0
2021-05-25,4205.93994140625,4213.419921875,4182.52001953125,4188.1298828125,4182250000.0,38795.78125,39776.3515625,36581.4296875,38402.22265625,56211915803.0
2021-05-26,4191.58984375,4202.60986328125,4184.10986328125,4195.990234375,4420890000.0,38392.625,40782.078125,37905.8359375,39294.19921875,51346735160.0
2021-05-27,4201.93994140625,4213.3798828125,4197.77978515625,4200.8798828125,6406310000.0,39316.890625,40379.6171875,37247.90234375,38436.96875,43210968721.0
2021-05-28,4210.77001953125,4218.35986328125,4203.56982421875,4204.10986328125,4649250000.0,38507.08203125,38856.96875,34779.0390625,35697.60546875,55200191952.0
2021-05-29,,,,,,35684.15625,37234.5,33693.9296875,34616.06640625,45231013335.0
2021-05-30,,,,,,34607.40625,36400.66796875,33520.73828125,35678.12890625,31646080921.0
2021-05-31,,,,,,35658.59375,37468.25,34241.9453125,37332.85546875,39009847639.0
2021-06-01,4216.52001953125,4234.1201171875,4197.58984375,4202.0400390625,5074670000.0,37293.79296875,37896.734375,35787.0859375,36684.92578125,34639423297.0
2021-06-02,4206.81982421875,4217.3701171875,4198.27001953125,4208.1201171875,5833670000.0,36699.921875,38231.33984375,35966.30859375,37575.1796875,33070867190.0
2021-06-03,4191.43017578125,4204.39013671875,4167.93017578125,4192.85009765625,5587970000.0,37599.41015625,39478.953125,37243.97265625,39208.765625,35460750427.0
2021-06-04,4206.0498046875,4233.4501953125,4206.0498046875,4229.89013671875,4139790000.0,39242.484375,39242.484375,35717.72265625,36894.40625,41831090187.0
2021-06-05,,,,,,36880.15625,37917.71484375,34900.4140625,35551.95703125,35959473399.0
2021-06-06,,,,,,35538.609375,36436.421875,35304.578125,35862.37890625,28913440585.0
2021-06-07,4229.33984375,4232.33984375,4215.66015625,4226.52001953125,4476920000.0,35835.265625,36790.5703125,33480.640625,33560.70703125,33683936663.0
2021-06-08,4233.81005859375,4236.740234375,4208.41015625,4227.259765625,4659620000.0,33589.51953125,34017.38671875,31114.443359375,33472.6328125,49902050442.0
2021-06-09,4232.990234375,4237.08984375,4218.740234375,4219.5498046875,4713260000.0,33416.9765625,37537.37109375,32475.865234375,37345.12109375,53972919008.0
2021-06-10,4228.56005859375,4249.740234375,4220.33984375,4239.18017578125,4408210000.0,37389.515625,38334.32421875,35847.59375,36702.59765625,43576032854.0
2021-06-11,4242.89990234375,4248.3798828125,4232.25,4247.43994140625,3815010000.0,36697.03125,37608.6953125,36044.44921875,37334.3984375,38699736985.0
2021-06-12,,,,,,37340.14453125,37408.92578125,34728.19140625,35552.515625,37924228550.0
2021-06-13,,,,,,35555.7890625,39322.78125,34864.109375,39097.859375,40669112838.0
2021-06-14,4248.31005859375,4255.58984375,4234.06982421875,4255.14990234375,4151200000.0,39016.96875,40978.36328125,38757.28515625,40218.4765625,43148914673.0
2021-06-15,4255.27978515625,4257.16015625,4238.35009765625,4246.58984375,4048940000.0,40427.16796875,41295.26953125,39609.46875,40406.26953125,46420149185.0
2021-06-16,4248.8701171875,4251.89013671875,4202.4501953125,4223.7001953125,4538350000.0,40168.69140625,40516.77734375,38176.03515625,38347.0625,39211635100.0
2021-06-17,4220.3701171875,4232.2900390625,4196.0498046875,4221.85986328125,5312680000.0,38341.421875,39513.671875,37439.67578125,38053.50390625,37096670047.0
2021-06-18,4204.77978515625,4204.77978515625,4164.39990234375,4166.4501953125,6817010000.0,38099.4765625,38187.26171875,35255.85546875,35787.24609375,36200887275.0
2021-06-19,,,,,,35854.52734375,36457.796875,34933.0625,35615.87109375,31207279719.0
2021-06-20,,,,,,35563.140625,36059.484375,33432.07421875,35698.296875,36664034054.0
2021-06-21,4173.39990234375,4226.240234375,4173.39990234375,4224.7900390625,4128950000.0,35641.14453125,35721.640625,31295.935546875,31676.693359375,52809038594.0
2021-06-22,4224.60986328125,4255.83984375,4217.27001953125,4246.43994140625,3828390000.0,31622.376953125,33292.453125,28893.62109375,32505.66015625,58964353058.0
2021-06-23,4249.27001953125,4256.60009765625,4241.43017578125,4241.83984375,3730350000.0,32515.71484375,34753.41015625,31772.6328125,33723.02734375,46317108925.0
2021-06-24,4256.97021484375,4271.27978515625,4256.97021484375,4266.490234375,3816660000.0,33682.80078125,35228.8515625,32385.21484375,34662.4375,33123368116.0
2021-06-25,4274.4501953125,4286.1201171875,4271.16015625,4280.7001953125,7341450000.0,34659.10546875,35487.24609375,31350.884765625,31637.779296875,40230904226.0
2021-06-26,,,,,,31594.6640625,32637.587890625,30184.501953125,32186.27734375,38585385521.0
2021-06-27,,,,,,32287.5234375,34656.12890625,32071.7578125,34649.64453125,35511640894.0
2021-06-28,4284.89990234375,4292.14013671875,4274.669921875,4290.60986328125,4147890000.0,34679.12109375,35219.890625,33902.07421875,34434.3359375,33892523752.0
2021-06-29,4293.2099609375,4300.52001953125,4287.0400390625,4291.7998046875,3707150000.0,34475.55859375,36542.109375,34252.484375,35867.77734375,37901460044.0
2021-06-30,4290.64990234375,4302.43017578125,4287.9599609375,4297.5,4266040000.0,35908.38671875,36074.7578125,34086.15234375,35040.8359375,34059036099.0
2021-07-01,4300.72998046875,4320.66015625,4300.72998046875,4319.93994140625,3788230000.0,35035.984375,35035.984375,32883.78125,33572.1171875,37838957079.0
2021-07-02,4326.60009765625,4355.43017578125,4326.60009765625,4352.33984375,3225840000.0,33549.6015625,33939.58984375,32770.6796875,33897.046875,38728974942.0
2021-07-03,,,,,,33854.421875,34909.26171875,33402.6953125,34668.546875,24383958643.0
2021-07-04,,,,,,34665.56640625,35937.56640625,34396.4765625,35287.78125,24924307911.0
2021-07-05,,,,,,35284.34375,35284.34375,33213.66015625,33746.00390625,26721554282.0
2021-07-06,4356.4599609375,4356.4599609375,4314.3701171875,4343.5400390625,4309570000.0,33723.5078125,35038.53515625,33599.91796875,34235.1953125,26501259870.0
2021-07-07,4351.009765625,4361.8798828125,4329.7900390625,4358.1298828125,4037380000.0,34225.6796875,34997.6640625,33839.2890625,33855.328125,24796027477.0
2021-07-08,4321.06982421875,4330.8798828125,4289.3701171875,4320.81982421875,4347500000.0,33889.60546875,33907.90625,32133.18359375,32877.37109375,29910396946.0
2021-07-09,4329.3798828125,4371.60009765625,4329.3798828125,4369.5498046875,3531120000.0,32861.671875,34042.29296875,32318.880859375,33798.01171875,27436021028.0
2021-07-10,,,,,,33811.2421875,34209.0703125,33116.01171875,33520.51953125,22971873468.0
2021-07-11,,,,,,33509.078125,34584.703125,33346.73828125,34240.1875,20108729370.0
2021-07-12,4372.41015625,4386.68017578125,4364.02978515625,4384.6298828125,3384460000.0,34254.015625,34592.15625,32697.30859375,33155.84765625,24321499537.0
2021-07-13,4381.06982421875,4392.3701171875,4366.919921875,4369.2099609375,3695430000.0,33125.46875,33327.1015625,32261.419921875,32702.025390625,19120856669.0
2021-07-14,4380.10986328125,4393.68017578125,4362.35986328125,4374.2998046875,4006370000.0,32723.845703125,33061.3984375,31639.125,32822.34765625,21376531210.0
2021-07-15,4369.02001953125,4369.02001953125,4340.7001953125,4360.02978515625,3905230000.0,32827.875,33159.640625,31175.708984375,31780.73046875,21300524237.0
2021-07-16,4367.43017578125,4375.08984375,4322.52978515625,4327.16015625,3985700000.0,31841.55078125,32218.40625,31100.673828125,31421.5390625,23699476918.0
2021-07-17,,,,,,31397.30859375,31935.9453125,31223.990234375,31533.068359375,18895018942.0
2021-07-18,,,,,,31533.884765625,32398.99609375,31215.4921875,31796.810546875,18787986667.0
2021-07-19,4296.39990234375,4296.39990234375,4233.1298828125,4258.490234375,5157660000.0,31800.01171875,31885.859375,30563.734375,30817.83203125,20434789545.0
2021-07-20,4265.10986328125,4336.83984375,4262.0498046875,4323.06005859375,4438270000.0,30838.28515625,31006.1875,29360.955078125,29807.34765625,23148267245.0
2021-07-21,4331.1298828125,4359.7001953125,4331.1298828125,4358.68994140625,3810280000.0,29796.28515625,32752.326171875,29526.18359375,32110.693359375,28203024559.0
2021-07-22,4361.27001953125,4369.8701171875,4350.06005859375,4367.47998046875,3358300000.0,32138.873046875,32576.400390625,31745.298828125,32313.10546875,19555230518.0
2021-07-23,4381.2001953125,4415.18017578125,4381.2001953125,4411.7900390625,4540070000.0,32305.958984375,33581.55078125,32057.892578125,33581.55078125,22552046192.0
2021-07-24,,,,,,33593.73046875,34490.390625,33424.859375,34292.4453125,21664706865.0
2021-07-25,,,,,,34290.29296875,35364.92578125,33881.8359375,35350.1875,20856685287.0
2021-07-26,4409.580078125,4422.72998046875,4405.4501953125,4422.2998046875,4275630000.0,35384.03125,40499.67578125,35287.3125,37337.53515625,51022126212.0
2021-07-27,4416.3798828125,4416.3798828125,4372.509765625,4401.4599609375,4241950000.0,37276.03515625,39406.94140625,36441.7265625,39406.94140625,35097370560.0
2021-07-28,4402.9501953125,4415.47021484375,4387.009765625,4400.64013671875,4215290000.0,39503.1875,40816.0703125,38862.4375,39995.90625,38702404695.0
2021-07-29,4403.58984375,4429.97021484375,4403.58984375,4419.14990234375,4044600000.0,39995.453125,40593.0703125,39352.05859375,40008.421875,27167146027.0
2021-07-30,4395.1201171875,4412.25,4389.64990234375,4395.259765625,3956740000.0,40027.484375,42235.546875,38397.35546875,42235.546875,33072782960.0
2021-07-31,,,,,,42196.3046875,42231.44921875,41110.83203125,41626.1953125,25802845343.0
2021-08-01,,,,,,41460.84375,42541.6796875,39540.94140625,39974.89453125,26688438115.0
2021-08-02,4406.85986328125,4422.18017578125,4384.81005859375,4387.16015625,3724090000.0,39907.26171875,40419.1796875,38746.34765625,39201.9453125,25595265436.0
2021-08-03,4392.740234375,4423.7900390625,4373.0,4423.14990234375,3965190000.0,39178.40234375,39750.03125,37782.05078125,38152.98046875,26189830450.0
2021-08-04,4415.9501953125,4416.169921875,4400.22998046875,4402.66015625,4260760000.0,38213.33203125,39952.296875,37589.1640625,39747.50390625,25372562724.0
2021-08-05,4408.85986328125,4429.759765625,4408.85986328125,4429.10009765625,3769410000.0,39744.515625,41341.93359375,37458.00390625,40869.5546875,35185031017.0
2021-08-06,4429.06982421875,4440.81982421875,4429.06982421875,4436.52001953125,3451870000.0,40865.8671875,43271.66015625,39932.1796875,42816.5,38226483046.0
2021-08-07,,,,,,42832.796875,44689.859375,42618.56640625,44555.80078125,40030862141.0
2021-08-08,,,,,,44574.4375,45282.3515625,43331.91015625,43798.1171875,36302664750.0
2021-08-09,4437.77001953125,4439.39013671875,4424.740234375,4432.35009765625,3449280000.0,43791.92578125,46456.83203125,42848.6875,46365.40234375,38734079049.0
2021-08-10,4435.7900390625,4445.2099609375,4430.02978515625,4436.75,3886610000.0,46280.84765625,46637.98828125,44705.5546875,45585.03125,33546019517.0
2021-08-11,4442.18017578125,4449.43994140625,4436.419921875,4442.41015625,3532560000.0,45599.703125,46735.6328125,45351.7109375,45593.63671875,34319709073.0
2021-08-12,4446.080078125,4461.77001953125,4435.9599609375,4460.830078125,3375310000.0,45576.87890625,46228.91015625,43861.4453125,44428.2890625,33723620826.0
2021-08-13,4464.83984375,4468.3701171875,4460.81982421875,4468.0,3016470000.0,44439.69140625,47831.9765625,44282.41796875,47793.3203125,31744259539.0
2021-08-14,,,,,,47810.6875,48098.68359375,46177.6328125,47096.9453125,31211354442.0
2021-08-15,,,,,,47096.66796875,47357.10546875,45579.58984375,47047.00390625,30988958446.0
2021-08-16,4461.64990234375,4480.259765625,4437.66015625,4479.7099609375,3370640000.0,47019.9609375,47998.09765625,45700.3203125,46004.484375,32776876610.0
2021-08-17,4462.1201171875,4462.1201171875,4417.830078125,4448.080078125,3836960000.0,45936.45703125,47139.5703125,44512.41796875,44695.359375,33451362600.0
2021-08-18,4440.93994140625,4454.31982421875,4397.58984375,4400.27001953125,3755590000.0,44686.75,45952.0625,44364.02734375,44801.1875,32194123075.0
2021-08-19,4382.43994140625,4418.60986328125,4367.72998046875,4405.7998046875,4398410000.0,44741.8828125,46970.76171875,43998.31640625,46717.578125,37204312299.0
2021-08-20,4410.56005859375,4444.35009765625,4406.7998046875,4441.669921875,3652610000.0,46723.12109375,49342.15234375,46650.70703125,49339.17578125,34706867452.0
2021-08-21,,,,,,49327.07421875,49717.01953125,48312.19921875,48905.4921875,40585205312.0
2021-08-22,,,,,,48869.10546875,49471.609375,48199.94140625,49321.65234375,25370975378.0
2021-08-23,4450.2900390625,4489.8798828125,4450.2900390625,4479.52978515625,3576530000.0,49291.67578125,50482.078125,49074.60546875,49546.1484375,34305053719.0
2021-08-24,4484.39990234375,4492.81005859375,4482.27978515625,4486.22998046875,3979220000.0,49562.34765625,49878.76953125,47687.1171875,47706.1171875,35361168834.0
2021-08-25,4490.4501953125,4501.7099609375,4485.66015625,4496.18994140625,3444700000.0,47727.2578125,49202.87890625,47163.61328125,48960.7890625,32646349931.0
2021-08-26,4493.75,4495.89990234375,4468.990234375,4470.0,3263980000.0,49002.640625,49347.58203125,46405.78125,46942.21875,32666549568.0
2021-08-27,4474.10009765625,4513.330078125,4474.10009765625,4509.3701171875,3331200000.0,46894.5546875,49112.78515625,46394.28125,49058.66796875,34511076995.0
2021-08-28,,,,,,49072.5859375,49283.50390625,48499.23828125,48902.40234375,28568103401.0
2021-08-29,,,,,,48911.25,49644.11328125,47925.85546875,48829.83203125,25889650240.0
2021-08-30,4513.759765625,4537.35986328125,4513.759765625,4528.7900390625,3168660000.0,48834.8515625,48925.60546875,46950.2734375,47054.984375,31847007016.0
2021-08-31,4529.75,4531.39013671875,4515.7998046875,4522.68017578125,4290710000.0,47024.33984375,48189.55078125,46750.09375,47166.6875,34730363427.0
2021-09-01,4528.7998046875,4537.10986328125,4522.02001953125,4524.08984375,4057340000.0,47099.7734375,49111.08984375,46562.4375,48847.02734375,39139399125.0
2021-09-02,4534.47998046875,4545.85009765625,4524.66015625,4536.9501953125,3735990000.0,48807.84765625,50343.421875,48652.3203125,49327.72265625,39508070319.0
2021-09-03,4532.419921875,4541.4501953125,4521.2998046875,4535.43017578125,3217530000.0,49288.25,50982.2734375,48386.0859375,50025.375,43206179619.0
2021-09-04,,,,,,50009.32421875,50545.58203125,49548.78125,49944.625,37471327794.0
2021-09-05,,,,,,49937.859375,51868.6796875,49538.59765625,51753.41015625,30322676319.0
2021-09-06,,,,,,51769.00390625,52700.94140625,51053.6796875,52633.53515625,38884105426.0
2021-09-07,4535.3798828125,4535.3798828125,4513.0,4520.02978515625,3822960000.0,52660.48046875,52853.765625,43285.20703125,46811.12890625,65210059683.0
2021-09-08,4518.08984375,4521.7900390625,4493.9501953125,4514.06982421875,3750880000.0,46827.76171875,47334.0546875,44561.39453125,46091.390625,49007762488.0
2021-09-09,4513.02001953125,4529.89990234375,4492.06982421875,4493.27978515625,3735390000.0,45774.7421875,47261.94921875,45669.73828125,46391.421875,38672657013.0
2021-09-10,4506.919921875,4520.47021484375,4457.66015625,4458.580078125,3623180000.0,46396.6640625,47031.7421875,44344.484375,44883.91015625,39154666597.0
2021-09-11,,,,,,44869.83984375,45969.29296875,44818.265625,45201.45703125,34499835245.0
2021-09-12,,,,,,45206.62890625,46364.87890625,44790.4609375,46063.26953125,27881980161.0
2021-09-13,4474.81005859375,4492.990234375,4445.7001953125,4468.72998046875,3914220000.0,46057.21484375,46598.6796875,43591.3203125,44963.07421875,40969943253.0
2021-09-14,4479.330078125,4485.68017578125,4435.4599609375,4443.0498046875,3670460000.0,44960.05078125,47218.125,44752.33203125,47092.4921875,38652152880.0
2021-09-15,4447.490234375,4486.8701171875,4438.3701171875,4480.7001953125,4032020000.0,47098.0,48450.46875,46773.328125,48176.34765625,30484496466.0
2021-09-16,4477.08984375,4485.8701171875,4443.7998046875,4473.75,3984560000.0,48158.90625,48486.828125,47079.55859375,47783.359375,31764293754.0
2021-09-17,4469.740234375,4471.52001953125,4427.759765625,4432.990234375,7289530000.0,47771.00390625,48160.921875,46832.5234375,47267.51953125,28727713711.0
2021-09-18,,,,,,47273.52734375,48791.78125,47087.28515625,48278.36328125,28575630451.0
2021-09-19,,,,,,48268.85546875,48328.3671875,46919.8046875,47260.21875,26967722648.0
2021-09-20,4402.9501953125,4402.9501953125,4305.91015625,4357.72998046875,4898070000.0,47261.40625,47328.19921875,42598.9140625,42843.80078125,43909845642.0
2021-09-21,4374.4501953125,4394.8701171875,4347.9599609375,4354.18994140625,3920920000.0,43012.234375,43607.609375,39787.609375,40693.67578125,48701090088.0
2021-09-22,4367.43017578125,4416.75,4367.43017578125,4395.64013671875,3939170000.0,40677.953125,43978.62109375,40625.6328125,43574.5078125,38139709246.0
2021-09-23,4406.75,4465.39990234375,4406.75,4448.97998046875,3916350000.0,43560.296875,44942.17578125,43109.33984375,44895.09765625,34244064430.0
2021-09-24,4438.0400390625,4463.1201171875,4430.27001953125,4455.47998046875,3384290000.0,44894.30078125,45080.4921875,40936.55859375,42839.75,42839345714.0
2021-09-25,,,,,,42840.890625,42996.2578125,41759.921875,42716.59375,31604717236.0
2021-09-26,,,,,,42721.62890625,43919.30078125,40848.4609375,43208.5390625,30661222077.0
2021-09-27,4442.1201171875,4457.2998046875,4436.18994140625,4443.10986328125,4058650000.0,43234.18359375,44313.24609375,42190.6328125,42235.73046875,30980029059.0
2021-09-28,4419.5400390625,4419.5400390625,4346.330078125,4352.6298828125,4416550000.0,42200.8984375,42775.14453125,40931.6640625,41034.54296875,30214940550.0
2021-09-29,4362.41015625,4385.56982421875,4355.080078125,4359.4599609375,3712660000.0,41064.984375,42545.2578125,40829.66796875,41564.36328125,30602359905.0
2021-09-30,4370.669921875,4382.5498046875,4306.240234375,4307.5400390625,4448140000.0,41551.26953125,44092.6015625,41444.58203125,43790.89453125,31141681925.0
2021-10-01,4317.16015625,4375.18994140625,4288.52001953125,4357.0400390625,4010370000.0,43816.7421875,48436.01171875,43320.0234375,48116.94140625,42850641582.0
2021-10-02,,,,,,48137.46875,48282.0625,47465.49609375,47711.48828125,30614346492.0
2021-10-03,,,,,,47680.02734375,49130.69140625,47157.2890625,48199.953125,26638115879.0
2021-10-04,4348.83984375,4355.509765625,4278.93994140625,4300.4599609375,4307870000.0,48208.90625,49456.77734375,47045.00390625,49112.90234375,33383173002.0
2021-10-05,4309.8701171875,4369.22998046875,4309.8701171875,4345.72021484375,3902890000.0,49174.9609375,51839.984375,49072.83984375,51514.8125,35873904236.0
2021-10-06,4319.56982421875,4365.56982421875,4290.490234375,4363.5498046875,4009630000.0,51486.6640625,55568.46484375,50488.19140625,55361.44921875,49034730168.0
2021-10-07,4383.72998046875,4429.97021484375,4383.72998046875,4399.759765625,3843740000.0,55338.625,55338.625,53525.46875,53805.984375,36807860413.0
2021-10-08,4406.509765625,4412.02001953125,4386.22021484375,4391.33984375,3280160000.0,53802.14453125,55922.98046875,53688.0546875,53967.84765625,34800873924.0
2021-10-09,,,,,,53929.78125,55397.9453125,53735.14453125,54968.22265625,32491211414.0
2021-10-10,,,,,,54952.8203125,56401.3046875,54264.2578125,54771.578125,39527792364.0
2021-10-11,4385.43994140625,4415.8798828125,4360.58984375,4361.18994140625,3281970000.0,54734.125,57793.0390625,54519.765625,57484.7890625,42637331698.0
2021-10-12,4368.31005859375,4374.89013671875,4342.08984375,4350.64990234375,3558450000.0,57526.83203125,57627.87890625,54477.97265625,56041.05859375,41083758949.0
2021-10-13,4358.009765625,4372.8701171875,4329.919921875,4363.7998046875,3620070000.0,56038.2578125,57688.66015625,54370.97265625,57401.09765625,41684252783.0
2021-10-14,4386.75,4439.72998046875,4386.75,4438.259765625,3598280000.0,57372.83203125,58478.734375,56957.07421875,57321.5234375,36615791366.0
2021-10-15,4447.68994140625,4475.81982421875,4447.68994140625,4471.3701171875,3819380000.0,57345.90234375,62757.12890625,56868.14453125,61593.94921875,51780081801.0
2021-10-16,,,,,,61609.52734375,62274.4765625,60206.12109375,60892.1796875,34250964237.0
2021-10-17,,,,,,60887.65234375,61645.5234375,59164.46875,61553.6171875,29032367511.0
2021-10-18,4463.72021484375,4488.75,4447.47021484375,4486.4599609375,3662010000.0,61548.8046875,62614.66015625,60012.7578125,62026.078125,38055562075.0
2021-10-19,4497.33984375,4520.39990234375,4496.41015625,4519.6298828125,3459130000.0,62043.1640625,64434.53515625,61622.93359375,64261.9921875,40471196346.0
2021-10-20,4524.419921875,4540.8701171875,4524.39990234375,4536.18994140625,3670760000.0,64284.5859375,66930.390625,63610.67578125,65992.8359375,40788955582.0
2021-10-21,4532.240234375,4551.43994140625,4526.89013671875,4549.77978515625,3822330000.0,66002.234375,66600.546875,62117.41015625,62210.171875,45908121370.0
2021-10-22,4546.1201171875,4559.669921875,4524.0,4544.89990234375,3758220000.0,62237.890625,63715.0234375,60122.796875,60692.265625,38434082775.0
2021-10-23,,,,,,60694.62890625,61743.87890625,59826.5234375,61393.6171875,26882546034.0
2021-10-24,,,,,,61368.34375,61505.8046875,59643.34375,60930.8359375,27316183882.0
2021-10-25,4553.68994140625,4572.6201171875,4537.35986328125,4566.47998046875,3899400000.0,60893.92578125,63729.32421875,60691.80078125,63039.82421875,31064911614.0
2021-10-26,4578.68994140625,4598.52978515625,4569.169921875,4574.7900390625,3879740000.0,63032.76171875,63229.02734375,59991.16015625,60363.79296875,34878965587.0
2021-10-27,4580.22021484375,4584.56982421875,4551.66015625,4551.68017578125,4226050000.0,60352.0,61435.18359375,58208.1875,58482.38671875,43657076893.0
2021-10-28,4562.83984375,4597.5498046875,4562.83984375,4596.419921875,4132950000.0,58470.73046875,62128.6328125,58206.91796875,60622.13671875,45257083247.0
2021-10-29,4572.8701171875,4608.080078125,4567.58984375,4605.3798828125,4510200000.0,60624.87109375,62927.609375,60329.96484375,62227.96484375,36856881767.0
2021-10-30,,,,,,62239.36328125,62330.14453125,60918.38671875,61888.83203125,32157938616.0
2021-10-31,,,,,,61850.48828125,62406.171875,60074.328125,61318.95703125,32241199927.0
2021-11-01,4610.6201171875,4620.33984375,4595.06005859375,4613.669921875,3971540000.0,61320.44921875,62419.00390625,59695.18359375,61004.40625,36150572843.0
2021-11-02,4613.33984375,4635.14990234375,4613.33984375,4630.64990234375,3975250000.0,60963.25390625,64242.79296875,60673.0546875,63226.40234375,37746665647.0
2021-11-03,4630.64990234375,4663.4599609375,4621.18994140625,4660.56982421875,4319660000.0,63254.3359375,63516.9375,61184.23828125,62970.046875,36124731509.0
2021-11-04,4662.93017578125,4683.0,4662.58984375,4680.06005859375,4462300000.0,62941.8046875,63123.2890625,60799.6640625,61452.23046875,32615846901.0
2021-11-05,4699.259765625,4718.5,4681.31982421875,4697.52978515625,4467180000.0,61460.078125,62541.46875,60844.609375,61125.67578125,30605102446.0
2021-11-06,,,,,,61068.875,61590.68359375,60163.78125,61527.48046875,29094934221.0
2021-11-07,,,,,,61554.921875,63326.98828125,61432.48828125,63326.98828125,24726754302.0
2021-11-08,4701.47998046875,4714.919921875,4694.39013671875,4701.7001953125,4269710000.0,63344.06640625,67673.7421875,63344.06640625,67566.828125,41125608330.0
2021-11-09,4707.25,4708.52978515625,4670.8701171875,4685.25,4117080000.0,67549.734375,68530.3359375,66382.0625,66971.828125,42357991721.0
2021-11-10,4670.259765625,4684.85009765625,4630.85986328125,4646.7099609375,4503720000.0,66953.3359375,68789.625,63208.11328125,64995.23046875,48730828378.0
2021-11-11,4659.39013671875,4664.5498046875,4648.31005859375,4649.27001953125,3926870000.0,64978.890625,65579.015625,64180.48828125,64949.9609375,35880633236.0
2021-11-12,4655.240234375,4688.47021484375,4650.77001953125,4682.85009765625,3728600000.0,64863.98046875,65460.81640625,62333.9140625,64155.94140625,36084893887.0
2021-11-13,,,,,,64158.12109375,64915.67578125,63303.734375,64469.52734375,30474228777.0
2021-11-14,,,,,,64455.37109375,65495.1796875,63647.80859375,65466.83984375,25122092191.0
2021-11-15,4689.2998046875,4697.419921875,4672.85986328125,4682.7998046875,3488410000.0,65521.2890625,66281.5703125,63548.14453125,63557.87109375,30558763548.0
2021-11-16,4679.419921875,4714.9501953125,4679.419921875,4700.89990234375,3972640000.0,63721.1953125,63721.1953125,59016.3359375,60161.24609375,46844335592.0
2021-11-17,4701.5,4701.5,4684.41015625,4688.669921875,3969070000.0,60139.62109375,60823.609375,58515.41015625,60368.01171875,39178392930.0
2021-11-18,4700.72021484375,4708.7998046875,4672.77978515625,4704.5400390625,4226410000.0,60360.13671875,60948.5,56550.79296875,56942.13671875,41388338699.0
2021-11-19,4708.43994140625,4717.75,4694.22021484375,4697.9599609375,4253180000.0,56896.12890625,58351.11328125,55705.1796875,58119.578125,38702407772.0
2021-11-20,,,,,,58115.08203125,59859.87890625,57469.7265625,59697.1953125,30624264863.0
2021-11-21,,,,,,59730.5078125,60004.42578125,58618.9296875,58730.4765625,26123447605.0
2021-11-22,4712.0,4743.830078125,4682.169921875,4682.93994140625,4441100000.0,58706.84765625,59266.359375,55679.83984375,56289.2890625,35036121783.0
2021-11-23,4678.47998046875,4699.39013671875,4652.66015625,4690.7001953125,4277590000.0,56304.5546875,57875.515625,55632.76171875,57569.07421875,37485803899.0
2021-11-24,4675.77978515625,4702.8701171875,4659.89013671875,4701.4599609375,3418430000.0,57565.8515625,57803.06640625,55964.22265625,56280.42578125,36635566789.0
2021-11-25,,,,,,57165.41796875,59367.96875,57146.68359375,57274.6796875,34284016248.0
2021-11-26,4664.6298828125,4664.6298828125,4585.43017578125,4594.6201171875,3517700000.0,58960.28515625,59183.48046875,53569.765625,53569.765625,41810748221.0
2021-11-27,,,,,,53736.4296875,55329.2578125,53668.35546875,54815.078125,30560857714.0
2021-11-28,,,,,,54813.0234375,57393.84375,53576.734375,57248.45703125,28116886357.0
2021-11-29,4628.75,4672.9501953125,4625.259765625,4655.27001953125,4336410000.0,57291.90625,58872.87890625,56792.52734375,57806.56640625,32370840356.0
2021-11-30,4640.25,4646.02001953125,4560.0,4567.0,6625990000.0,57830.11328125,59113.40234375,56057.28125,57005.42578125,36708594618.0
2021-12-01,4602.81982421875,4652.93994140625,4510.27001953125,4513.0400390625,5366730000.0,56907.96484375,59041.68359375,56553.08203125,57229.828125,36858195307.0
2021-12-02,4504.72998046875,4595.4599609375,4504.72998046875,4577.10009765625,5077180000.0,57217.37109375,57349.234375,55895.1328125,56477.81640625,32379968686.0
2021-12-03,4589.490234375,4608.02978515625,4495.1201171875,4538.43017578125,5240070000.0,56509.1640625,57482.16796875,52496.5859375,53598.24609375,39789134215.0
2021-12-04,,,,,,53727.87890625,53904.6796875,42874.6171875,49200.703125,61385677469.0
2021-12-05,,,,,,49201.51953125,49768.1484375,47857.49609375,49368.84765625,37198201161.0
2021-12-06,4548.3701171875,4612.60009765625,4540.509765625,4591.669921875,4770800000.0,49413.48046875,50929.51953125,47281.03515625,50582.625,37707308001.0
2021-12-07,4631.97021484375,4694.0400390625,4631.97021484375,4686.75,4492400000.0,50581.828125,51934.78125,50175.80859375,50700.0859375,33676814852.0
2021-12-08,4690.85986328125,4705.06005859375,4674.52001953125,4701.2099609375,4234600000.0,50667.6484375,51171.375,48765.98828125,50504.796875,28479699446.0
2021-12-09,4691.0,4695.259765625,4665.97998046875,4667.4501953125,3903840000.0,50450.08203125,50797.1640625,47358.3515625,47672.12109375,29603577251.0
2021-12-10,4687.64013671875,4713.56982421875,4670.240234375,4712.02001953125,3870110000.0,47642.14453125,50015.25390625,47023.69921875,47243.3046875,30966005122.0
2021-12-11,,,,,,47264.6328125,49458.2109375,46942.34765625,49362.5078125,25775869261.0
2021-12-12,,,,,,49354.85546875,50724.8671875,48725.8515625,50098.3359375,21939223599.0
2021-12-13,4710.2998046875,4710.2998046875,4667.60009765625,4668.97021484375,4397230000.0,50114.7421875,50205.0,45894.84765625,46737.48046875,32166727776.0
2021-12-14,4642.990234375,4660.47021484375,4606.52001953125,4634.08984375,4485430000.0,46709.82421875,48431.3984375,46424.49609375,46612.6328125,34638619079.0
2021-12-15,4636.4599609375,4712.60009765625,4611.22021484375,4709.85009765625,4910130000.0,48379.75390625,49473.95703125,46671.96484375,48896.72265625,36541828520.0
2021-12-16,4719.1298828125,4731.990234375,4651.89013671875,4668.669921875,4829500000.0,48900.46484375,49425.57421875,47529.87890625,47665.42578125,27268150947.0
2021-12-17,4652.5,4666.7001953125,4600.22021484375,4620.64013671875,7987090000.0,47653.73046875,48004.89453125,45618.21484375,46202.14453125,32902725329.0
2021-12-18,,,,,,46219.25390625,47313.828125,45598.44140625,46848.77734375,26098292690.0
2021-12-19,,,,,,46853.8671875,48089.6640625,46502.953125,46707.015625,25154053861.0
2021-12-20,4587.89990234375,4587.89990234375,4531.10009765625,4568.02001953125,4635700000.0,46707.0625,47401.71875,45579.80859375,46880.27734375,30961902129.0
2021-12-21,4594.9599609375,4651.14013671875,4583.16015625,4649.22998046875,4072430000.0,46886.078125,49300.91796875,46698.7734375,48936.61328125,27055803928.0
2021-12-22,4650.35986328125,4697.669921875,4645.52978515625,4696.56005859375,3319610000.0,48937.09765625,49544.796875,48450.94140625,48628.51171875,24447979559.0
2021-12-23,4703.9599609375,4740.740234375,4703.9599609375,4725.7900390625,2913040000.0,48626.34375,51332.33984375,48065.8359375,50784.5390625,28223878108.0
2021-12-24,,,,,,50806.05078125,51814.02734375,50514.49609375,50822.1953125,24367912228.0
2021-12-25,,,,,,50854.91796875,51176.59765625,50236.70703125,50429.859375,19030650914.0
2021-12-26,,,,,,50428.69140625,51196.37890625,49623.10546875,50809.515625,20964372926.0
2021-12-27,4733.990234375,4791.490234375,4733.990234375,4791.18994140625,2770290000.0,50802.609375,51956.328125,50499.46875,50640.41796875,24324345758.0
2021-12-28,4795.490234375,4807.02001953125,4780.0400390625,4786.35009765625,2707920000.0,50679.859375,50679.859375,47414.2109375,47588.85546875,33430376883.0
2021-12-29,4788.64013671875,4804.06005859375,4778.080078125,4793.06005859375,2963310000.0,47623.87109375,48119.7421875,46201.49609375,46444.7109375,30049226299.0
2021-12-30,4794.22998046875,4808.93017578125,4775.330078125,4778.72998046875,3124950000.0,46490.60546875,47879.96484375,46060.3125,47178.125,26686491018.0
2021-12-31,4775.2099609375,4786.830078125,4765.75,4766.18017578125,2677820000.0,47169.37109375,48472.52734375,45819.953125,46306.4453125,36974172400.0
2022-01-01,,,,,,46311.74609375,47827.3125,46288.484375,47686.8125,24582667004.0
2022-01-02,,,,,,47680.92578125,47881.40625,46856.9375,47345.21875,27951569547.0
2022-01-03,4778.14013671875,4796.64013671875,4758.169921875,4796.56005859375,3831020000.0,47343.54296875,47510.7265625,45835.96484375,46458.1171875,33071628362.0
2022-01-04,4804.509765625,4818.6201171875,4774.27001953125,4793.5400390625,4683170000.0,46458.8515625,47406.546875,45752.46484375,45897.57421875,42494677905.0
2022-01-05,4787.990234375,4797.7001953125,4699.43994140625,4700.580078125,4887960000.0,45899.359375,46929.046875,42798.22265625,43569.00390625,36851084859.0
2022-01-06,4693.39013671875,4725.009765625,4671.259765625,4696.0498046875,4295280000.0,43565.51171875,43748.71875,42645.5390625,43160.9296875,30208048289.0
2022-01-07,4697.66015625,4707.9501953125,4662.740234375,4677.02978515625,4181510000.0,43153.5703125,43153.5703125,41077.4453125,41557.90234375,84196607520.0
2022-01-08,,,,,,41561.46484375,42228.94140625,40672.27734375,41733.94140625,28066355845.0
2022-01-09,,,,,,41734.7265625,42663.94921875,41338.16015625,41911.6015625,21294384372.0
2022-01-10,4655.33984375,4673.02001953125,4582.240234375,4670.2900390625,4511810000.0,41910.23046875,42199.484375,39796.5703125,41821.26171875,32104232331.0
2022-01-11,4669.14013671875,4714.1298828125,4638.27001953125,4713.06982421875,4101590000.0,41819.5078125,43001.15625,41407.75390625,42735.85546875,26327648900.0
2022-01-12,4728.58984375,4748.830078125,4706.7099609375,4726.35009765625,4048220000.0,42742.1796875,44135.3671875,42528.98828125,43949.1015625,33499938689.0
2022-01-13,4733.56005859375,4744.1298828125,4650.2900390625,4659.02978515625,4251730000.0,43946.7421875,44278.421875,42447.04296875,42591.5703125,47691135082.0
2022-01-14,4637.990234375,4665.1298828125,4614.75,4662.85009765625,4338490000.0,42598.87109375,43346.6875,41982.6171875,43099.69921875,23577403399.0
2022-01-15,,,,,,43101.8984375,43724.671875,42669.03515625,43177.3984375,18371348298.0
2022-01-16,,,,,,43172.0390625,43436.80859375,42691.0234375,43113.87890625,17902097845.0
2022-01-17,,,,,,43118.12109375,43179.390625,41680.3203125,42250.55078125,21690904261.0
2022-01-18,4632.240234375,4632.240234375,4568.7001953125,4577.10986328125,4748700000.0,42250.07421875,42534.40234375,41392.21484375,42375.6328125,22417209227.0
2022-01-19,4588.02978515625,4611.5498046875,4530.2001953125,4532.759765625,4465740000.0,42374.0390625,42478.3046875,41242.9140625,41744.328125,23091543258.0
2022-01-20,4547.35009765625,4602.10986328125,4477.9501953125,4482.72998046875,4640870000.0,41744.02734375,43413.0234375,40672.82421875,40680.41796875,20382033940.0
2022-01-21,4471.3798828125,4494.52001953125,4395.33984375,4397.93994140625,5589100000.0,40699.60546875,41060.52734375,35791.42578125,36457.31640625,43011992031.0
2022-01-22,,,,,,36471.58984375,36688.8125,34349.25,35030.25,39714385405.0
2022-01-23,,,,,,35047.359375,36433.3125,34784.96875,36276.8046875,26017975951.0
2022-01-24,4356.31982421875,4417.35009765625,4222.6201171875,4410.1298828125,6928110000.0,36275.734375,37247.51953125,33184.05859375,36654.328125,41856658597.0
2022-01-25,4366.64013671875,4411.009765625,4287.10986328125,4356.4501953125,5145050000.0,36654.8046875,37444.5703125,35779.4296875,36954.00390625,26428189594.0
2022-01-26,4408.43017578125,4453.22998046875,4304.7998046875,4349.93017578125,5570640000.0,36950.515625,38825.41015625,36374.90625,36852.12109375,31324598034.0
2022-01-27,4380.580078125,4428.740234375,4309.5,4326.509765625,5214200000.0,36841.87890625,37148.32421875,35629.28125,37138.234375,25041426629.0
2022-01-28,4336.18994140625,4432.72021484375,4292.4599609375,4431.85009765625,5031090000.0,37128.4453125,37952.87890625,36211.109375,37784.33203125,22238830523.0
2022-01-29,,,,,,37780.71484375,38576.26171875,37406.47265625,38138.1796875,17194183075.0
2022-01-30,,,,,,38151.91796875,38266.33984375,37437.7109375,37917.6015625,14643548444.0
2022-01-31,4431.7900390625,4516.89013671875,4414.02001953125,4515.5498046875,5098610000.0,37920.28125,38647.26171875,36733.57421875,38483.125,20734730465.0
2022-02-01,4519.56982421875,4550.490234375,4483.52978515625,4546.5400390625,4816830000.0,38481.765625,39115.1328125,38113.6640625,38743.2734375,20288500328.0
2022-02-02,4566.39013671875,4595.31005859375,4544.31982421875,4589.3798828125,4481580000.0,38743.71484375,38834.6171875,36832.73046875,36952.984375,19155189416.0
2022-02-03,4535.41015625,4542.8798828125,4470.39013671875,4477.43994140625,4401970000.0,36944.8046875,37154.6015625,36375.5390625,37154.6015625,18591534769.0
2022-02-04,4482.7900390625,4539.66015625,4451.5,4500.52978515625,4706290000.0,37149.265625,41527.78515625,37093.62890625,41500.875,29412210792.0
2022-02-05,,,,,,41501.48046875,41847.1640625,41038.09765625,41441.1640625,19652846215.0
2022-02-06,,,,,,41441.12109375,42500.78515625,41244.90625,42412.43359375,16142097334.0
2022-02-07,4505.75,4521.85986328125,4471.47021484375,4483.8701171875,4228480000.0,42406.78125,44401.86328125,41748.15625,43840.28515625,28641855926.0
2022-02-08,4480.02001953125,4531.31982421875,4465.39990234375,4521.5400390625,4459620000.0,43854.65234375,45293.8671875,42807.8359375,44118.4453125,33079398868.0
2022-02-09,4547.0,4590.02978515625,4547.0,4587.18017578125,4524350000.0,44096.703125,44727.80078125,43232.96875,44338.796875,23245887300.0
2022-02-10,4553.240234375,4588.919921875,4484.31005859375,4504.080078125,5314860000.0,44347.80078125,45661.171875,43402.80859375,43565.11328125,32142048537.0
2022-02-11,4506.27001953125,4526.330078125,4401.41015625,4418.64013671875,5251500000.0,43571.12890625,43810.83203125,42114.5390625,42407.9375,26954925781.0
2022-02-12,,,,,,42412.30078125,42992.55078125,41852.57421875,42244.46875,18152390304.0
2022-02-13,,,,,,42236.56640625,42693.0546875,41950.94140625,42197.515625,14741589015.0
2022-02-14,4412.60986328125,4426.22021484375,4364.83984375,4401.669921875,4600390000.0,42157.3984375,42775.77734375,41681.95703125,42586.91796875,20827783012.0
2022-02-15,4429.27978515625,4472.77001953125,4429.27978515625,4471.06982421875,4430830000.0,42586.46484375,44667.21875,42491.03515625,44575.203125,22721659051.0
2022-02-16,4455.75,4489.5498046875,4429.68017578125,4475.009765625,4283640000.0,44578.27734375,44578.27734375,43456.69140625,43961.859375,19792547657.0
2022-02-17,4456.06005859375,4456.06005859375,4373.81005859375,4380.259765625,4539420000.0,43937.0703125,44132.97265625,40249.37109375,40538.01171875,26246662813.0
2022-02-18,4384.56982421875,4394.60009765625,4327.22021484375,4348.8701171875,4708060000.0,40552.1328125,40929.15234375,39637.6171875,40030.9765625,23310007704.0
2022-02-19,,,,,,40026.0234375,40418.87890625,39713.05859375,40122.15625,13736557863.0
2022-02-20,,,,,,40118.1015625,40119.890625,38112.8125,38431.37890625,18340576452.0
2022-02-21,,,,,,38423.2109375,39394.4375,36950.4765625,37075.28125,29280402798.0
2022-02-22,4332.740234375,4362.1201171875,4267.10986328125,4304.759765625,5121900000.0,37068.76953125,38359.85546875,36488.93359375,38286.02734375,25493150450.0
2022-02-23,4324.93017578125,4341.509765625,4221.509765625,4225.5,4797430000.0,38285.28125,39122.39453125,37201.81640625,37296.5703125,21849073843.0
2022-02-24,4155.77001953125,4294.72998046875,4114.64990234375,4288.7001953125,6752130000.0,37278.56640625,38968.83984375,34459.21875,38332.609375,46383802093.0
2022-02-25,4298.3798828125,4385.33984375,4286.830078125,4384.64990234375,5177060000.0,38333.74609375,39630.32421875,38111.34375,39214.21875,26545599159.0
2022-02-26,,,,,,39213.08203125,40005.34765625,38702.53515625,39105.1484375,17467554129.0
2022-02-27,,,,,,39098.69921875,39778.94140625,37268.9765625,37709.78515625,23450127612.0
2022-02-28,4354.169921875,4388.83984375,4315.1201171875,4373.93994140625,6071370000.0,37706.0,43760.45703125,37518.21484375,43193.234375,35690014104.0
2022-03-01,4363.14013671875,4378.4501953125,4279.5400390625,4306.259765625,5846230000.0,43194.50390625,44793.6015625,42952.5859375,44354.63671875,32479047645.0
2022-03-02,4322.56005859375,4401.47998046875,4322.56005859375,4386.5400390625,5337870000.0,44357.6171875,45077.578125,43432.8515625,43924.1171875,29183112630.0
2022-03-03,4401.31005859375,4416.77978515625,4345.56005859375,4363.490234375,5039890000.0,43925.1953125,44021.578125,41914.75,42451.7890625,24967782593.0
2022-03-04,4342.1201171875,4342.1201171875,4284.97998046875,4328.8701171875,5797380000.0,42458.140625,42479.61328125,38805.84765625,39137.60546875,28516271427.0
2022-03-05,,,,,,39148.44921875,39566.3359375,38777.03515625,39400.5859375,16975917450.0
2022-03-06,,,,,,39404.19921875,39640.17578125,38211.6484375,38419.984375,19745229902.0
2022-03-07,4327.009765625,4327.009765625,4199.85009765625,4201.08984375,6940470000.0,38429.3046875,39430.2265625,37260.203125,38062.0390625,28546143503.0
2022-03-08,4202.66015625,4276.93994140625,4157.8701171875,4170.7001953125,7243120000.0,38059.90234375,39304.44140625,37957.38671875,38737.26953125,25776583476.0
2022-03-09,4223.10009765625,4299.39990234375,4223.10009765625,4277.8798828125,5662670000.0,38742.81640625,42465.671875,38706.09375,41982.92578125,32284121034.0
2022-03-10,4252.5498046875,4268.27978515625,4209.7998046875,4259.52001953125,4980830000.0,41974.0703125,42004.7265625,38832.94140625,39437.4609375,31078064711.0
2022-03-11,4279.5,4291.009765625,4200.490234375,4204.31005859375,4938640000.0,39439.96875,40081.6796875,38347.43359375,38794.97265625,26364890465.0
2022-03-12,,,,,,38794.46484375,39308.59765625,38772.53515625,38904.01171875,14616450657.0
2022-03-13,,,,,,38884.7265625,39209.3515625,37728.14453125,37849.6640625,17300745310.0
2022-03-14,4202.75,4247.56982421875,4161.72021484375,4173.10986328125,5574920000.0,37846.31640625,39742.5,37680.734375,39666.75390625,24322159070.0
2022-03-15,4188.81982421875,4271.0498046875,4187.89990234375,4262.4501953125,5392470000.0,39664.25,39794.62890625,38310.2109375,39338.78515625,23934000868.0
2022-03-16,4288.14013671875,4358.89990234375,4251.990234375,4357.85986328125,6309750000.0,39335.5703125,41465.453125,39022.34765625,41143.9296875,39616916192.0
2022-03-17,4345.10986328125,4412.669921875,4335.64990234375,4411.669921875,4985090000.0,41140.84375,41287.53515625,40662.87109375,40951.37890625,22009601093.0
2022-03-18,4407.33984375,4465.39990234375,4390.56982421875,4463.1201171875,8278430000.0,40944.83984375,42195.74609375,40302.3984375,41801.15625,34421564942.0
2022-03-19,,,,,,41794.6484375,42316.5546875,41602.66796875,42190.65234375,19664853187.0
2022-03-20,,,,,,42191.40625,42241.1640625,41004.7578125,41247.82421875,20127946682.0
2022-03-21,4462.39990234375,4481.75,4424.2998046875,4461.18017578125,4869820000.0,41246.1328125,41454.41015625,40668.04296875,41077.99609375,24615543271.0
2022-03-22,4469.10009765625,4522.0,4469.10009765625,4511.60986328125,4754840000.0,41074.10546875,43124.70703125,40948.28125,42358.80859375,32004652376.0
2022-03-23,4493.10009765625,4501.06982421875,4455.81005859375,4456.240234375,4550670000.0,42364.37890625,42893.5078125,41877.5078125,42892.95703125,25242943069.0
2022-03-24,4469.97998046875,4520.580078125,4465.169921875,4520.16015625,4131390000.0,42886.65234375,44131.85546875,42726.1640625,43960.93359375,31042992291.0
2022-03-25,4522.91015625,4546.02978515625,4501.06982421875,4543.06005859375,4305020000.0,43964.546875,44999.4921875,43706.28515625,44348.73046875,30574413034.0
2022-03-26,,,,,,44349.859375,44735.99609375,44166.2734375,44500.828125,16950455995.0
2022-03-27,,,,,,44505.35546875,46827.546875,44437.29296875,46820.4921875,28160889722.0
2022-03-28,4541.08984375,4575.64990234375,4517.68994140625,4575.52001953125,4312260000.0,46821.8515625,48086.8359375,46690.203125,47128.00390625,36362175703.0
2022-03-29,4602.85986328125,4637.2998046875,4589.66015625,4631.60009765625,5085910000.0,47100.4375,48022.2890625,47100.4375,47465.73046875,31397059069.0
2022-03-30,4624.2001953125,4627.77001953125,4581.31982421875,4602.4501953125,4385570000.0,47456.8984375,47655.1484375,46746.2109375,47062.6640625,29333883962.0
2022-03-31,4599.02001953125,4603.06982421875,4530.41015625,4530.41015625,4823020000.0,47062.1484375,47512.02734375,45390.5390625,45538.67578125,33327427106.0
2022-04-01,4540.31982421875,4548.7001953125,4507.56982421875,4545.85986328125,4562940000.0,45554.1640625,46616.2421875,44403.140625,46281.64453125,38162644287.0
2022-04-02,,,,,,46285.5,47028.28125,45782.51171875,45868.94921875,29336594194.0
2022-04-03,,,,,,45859.12890625,47313.4765625,45634.10546875,46453.56640625,25414397610.0
2022-04-04,4547.97021484375,4583.5,4539.2099609375,4582.64013671875,4547350000.0,46445.2734375,46791.08984375,45235.81640625,46622.67578125,32499785455.0
2022-04-05,4572.4501953125,4593.4501953125,4514.169921875,4525.1201171875,4800620000.0,46624.5078125,47106.140625,45544.80859375,45555.9921875,29640604055.0
2022-04-06,4494.169921875,4503.93994140625,4450.0400390625,4481.14990234375,4986830000.0,45544.35546875,45544.35546875,43193.953125,43206.73828125,39393395788.0
2022-04-07,4474.64990234375,4521.16015625,4450.2998046875,4500.2099609375,4821490000.0,43207.5,43860.69921875,42899.90625,43503.84765625,26101973106.0
2022-04-08,4494.14990234375,4520.41015625,4474.60009765625,4488.27978515625,4083200000.0,43505.13671875,43903.01953125,42183.2890625,42287.6640625,27215995394.0
2022-04-09,,,,,,42282.078125,42786.81640625,42183.25390625,42782.13671875,16050772496.0
2022-04-10,,,,,,42781.08984375,43376.37890625,42021.20703125,42207.671875,17654475582.0
2022-04-11,4462.64013671875,4464.35009765625,4408.3798828125,4412.52978515625,4266290000.0,42201.0390625,42424.58984375,39373.05859375,39521.90234375,33949912166.0
2022-04-12,4437.58984375,4471.0,4381.33984375,4397.4501953125,4152090000.0,39533.71484375,40617.5859375,39388.328125,40127.18359375,30991500854.0
2022-04-13,4394.2998046875,4453.919921875,4392.7001953125,4446.58984375,3828150000.0,40123.5703125,41430.0546875,39712.74609375,41166.73046875,27691105228.0
2022-04-14,4449.1201171875,4460.4599609375,4390.77001953125,4392.58984375,4083090000.0,41160.21875,41451.48046875,39695.74609375,39935.515625,24342001973.0
2022-04-15,,,,,,39939.40234375,40617.72265625,39866.83203125,40553.46484375,21756855753.0
2022-04-16,,,,,,40552.31640625,40633.6796875,40078.42578125,40424.484375,16833150693.0
2022-04-17,,,,,,40417.77734375,40570.7265625,39620.89453125,39716.953125,19087633042.0
2022-04-18,4385.6298828125,4410.31005859375,4370.2998046875,4391.68994140625,3910490000.0,39721.203125,40986.3203125,38696.19140625,40826.21484375,33705182072.0
2022-04-19,4390.6298828125,4471.02978515625,4390.6298828125,4462.2099609375,4108120000.0,40828.17578125,41672.9609375,40618.6328125,41502.75,25303206547.0
2022-04-20,4472.259765625,4488.2900390625,4448.759765625,4459.4501953125,4290450000.0,41501.74609375,42126.30078125,40961.09765625,41374.37890625,27819532341.0
2022-04-21,4489.169921875,4512.93994140625,4384.47021484375,4393.66015625,4636890000.0,41371.515625,42893.58203125,40063.828125,40527.36328125,35372786395.0
2022-04-22,4385.830078125,4385.830078125,4267.6201171875,4271.77978515625,4651940000.0,40525.86328125,40777.7578125,39315.41796875,39740.3203125,28011716745.0
2022-04-23,,,,,,39738.72265625,39935.859375,39352.203125,39486.73046875,16138021249.0
2022-04-24,,,,,,39478.375,39845.92578125,39233.5390625,39469.29296875,17964398167.0
2022-04-25,4255.33984375,4299.02001953125,4200.81982421875,4296.1201171875,5240040000.0,39472.60546875,40491.75390625,38338.37890625,40458.30859375,35445730570.0
2022-04-26,4278.14013671875,4278.14013671875,4175.0400390625,4175.2001953125,4689970000.0,40448.421875,40713.890625,37884.984375,38117.4609375,34569088416.0
2022-04-27,4186.52001953125,4240.7099609375,4162.89990234375,4183.9599609375,4769680000.0,38120.30078125,39397.91796875,37997.3125,39241.12109375,30981015184.0
2022-04-28,4222.580078125,4308.4501953125,4188.6298828125,4287.5,4854180000.0,39241.4296875,40269.46484375,38941.421875,39773.828125,33903704907.0
2022-04-29,4253.75,4269.68017578125,4124.27978515625,4131.93017578125,5084030000.0,39768.6171875,39887.26953125,38235.53515625,38609.82421875,30882994649.0
2022-04-30,,,,,,38605.859375,38771.2109375,37697.94140625,37714.875,23895713731.0
2022-05-01,,,,,,37713.265625,38627.859375,37585.7890625,38469.09375,27002760110.0
2022-05-02,4130.60986328125,4169.81005859375,4062.510009765625,4155.3798828125,5163790000.0,38472.1875,39074.97265625,38156.5625,38529.328125,32922642426.0
2022-05-03,4159.77978515625,4200.10009765625,4147.080078125,4175.47998046875,4582050000.0,38528.109375,38629.99609375,37585.62109375,37750.453125,27326943244.0
2022-05-04,4181.18017578125,4307.66015625,4148.91015625,4300.169921875,5136360000.0,37748.01171875,39902.94921875,37732.05859375,39698.37109375,36754404490.0
2022-05-05,4270.43017578125,4270.43017578125,4106.009765625,4146.8701171875,5077030000.0,39695.74609375,39789.28125,35856.515625,36575.140625,43106256317.0
2022-05-06,4128.169921875,4157.68994140625,4067.909912109375,4123.33984375,5116940000.0,36573.18359375,36624.359375,35482.1328125,36040.921875,37795577489.0
2022-05-07,,,,,,36042.50390625,36129.92578125,34940.82421875,35501.953125,24375896406.0
2022-05-08,,,,,,35502.94140625,35502.94140625,33878.96484375,34059.265625,36763041910.0
2022-05-09,4081.27001953125,4081.27001953125,3975.47998046875,3991.239990234375,5954520000.0,34060.015625,34222.07421875,30296.953125,30296.953125,63355494961.0
2022-05-10,4035.179931640625,4068.820068359375,3958.169921875,4001.050048828125,5885820000.0,30273.654296875,32596.30859375,29944.802734375,31022.90625,59811038817.0
2022-05-11,3990.080078125,4049.090087890625,3928.820068359375,3935.179931640625,5816140000.0,31016.18359375,32013.40234375,28170.4140625,28936.35546875,70388855818.0
2022-05-12,3903.949951171875,3964.800048828125,3858.8701171875,3930.080078125,6286450000.0,28936.734375,30032.439453125,26350.490234375,29047.751953125,66989173272.0
2022-05-13,3963.89990234375,4038.8798828125,3963.89990234375,4023.889892578125,5183340000.0,29030.91015625,30924.802734375,28782.330078125,29283.103515625,42841124537.0
2022-05-14,,,,,,29285.642578125,30192.802734375,28702.91015625,30101.265625,28579868620.0
2022-05-15,,,,,,30098.5859375,31308.19140625,29527.740234375,31305.11328125,25835372065.0
2022-05-16,4013.02001953125,4046.4599609375,3983.989990234375,4008.010009765625,4415030000.0,31304.375,31305.341796875,29251.884765625,29862.91796875,32613897286.0
2022-05-17,4052.0,4090.719970703125,4033.929931640625,4088.85009765625,4841410000.0,29862.408203125,30694.490234375,29570.302734375,30425.857421875,29101473475.0
2022-05-18,4051.97998046875,4051.97998046875,3911.909912109375,3923.679931640625,5103220000.0,30424.478515625,30618.716796875,28720.271484375,28720.271484375,31285268319.0
2022-05-19,3899.0,3945.9599609375,3876.580078125,3900.7900390625,5113550000.0,28720.359375,30430.751953125,28708.955078125,30314.333984375,33773447707.0
2022-05-20,3927.760009765625,3943.419921875,3810.320068359375,3901.360107421875,5130730000.0,30311.119140625,30664.9765625,28793.60546875,29200.740234375,30749382605.0
2022-05-21,,,,,,29199.859375,29588.869140625,29027.39453125,29432.2265625,17274840442.0
2022-05-22,,,,,,29432.47265625,30425.861328125,29275.18359375,30323.72265625,21631532270.0
2022-05-23,3919.419921875,3981.8798828125,3909.0400390625,3973.75,4420030000.0,30309.396484375,30590.5859375,28975.560546875,29098.91015625,31483454557.0
2022-05-24,3942.93994140625,3955.679931640625,3875.1298828125,3941.47998046875,4923190000.0,29101.125,29774.35546875,28786.58984375,29655.5859375,26616506245.0
2022-05-25,3929.590087890625,3999.330078125,3925.030029296875,3978.72998046875,4802560000.0,29653.134765625,30157.78515625,29384.94921875,29562.361328125,27525063551.0
2022-05-26,3984.60009765625,4075.139892578125,3984.60009765625,4057.840087890625,4709970000.0,29564.77734375,29834.16015625,28261.90625,29267.224609375,36774325352.0
2022-05-27,4077.429931640625,4158.490234375,4077.429931640625,4158.240234375,4375620000.0,29251.140625,29346.943359375,28326.61328125,28627.57421875,36582005748.0
2022-05-28,,,,,,28622.625,28814.900390625,28554.56640625,28814.900390625,35519577634.0
2022-05-29,,,,,,29019.8671875,29498.009765625,28841.107421875,29445.95703125,18093886409.0
2022-05-30,,,,,,29443.365234375,31949.630859375,29303.572265625,31726.390625,39277993274.0
2022-05-31,4151.08984375,4168.33984375,4104.8798828125,4132.14990234375,6822640000.0,31723.865234375,32249.86328125,31286.154296875,31792.310546875,33538210634.0
2022-06-01,4149.77978515625,4166.5400390625,4073.85009765625,4101.22998046875,4531800000.0,31792.5546875,31957.28515625,29501.587890625,29799.080078125,41135817341.0
2022-06-02,4095.409912109375,4177.509765625,4074.3701171875,4176.81982421875,4405790000.0,29794.890625,30604.734375,29652.705078125,30467.48828125,29083562061.0
2022-06-03,4137.56982421875,4142.669921875,4098.669921875,4108.5400390625,3711110000.0,30467.806640625,30633.03515625,29375.689453125,29704.390625,26175547452.0
2022-06-04,,,,,,29706.138671875,29930.564453125,29500.005859375,29832.9140625,16588370958.0
2022-06-05,,,,,,29835.1171875,30117.744140625,29574.44921875,29906.662109375,17264085441.0
2022-06-06,4134.72021484375,4168.77978515625,4109.18017578125,4121.43017578125,4332700000.0,29910.283203125,31693.291015625,29894.1875,31370.671875,31947336829.0
2022-06-07,4096.47021484375,4164.85986328125,4080.18994140625,4160.68017578125,4248210000.0,31371.7421875,31489.68359375,29311.68359375,31155.478515625,40770974039.0
2022-06-08,4147.1201171875,4160.14013671875,4107.2001953125,4115.77001953125,4159470000.0,31151.48046875,31253.69140625,29944.404296875,30214.35546875,30242059107.0
2022-06-09,4101.64990234375,4119.10009765625,4017.169921875,4017.820068359375,4134170000.0,30215.279296875,30609.310546875,30020.265625,30111.998046875,21692004719.0
2022-06-10,3974.389892578125,3974.389892578125,3900.159912109375,3900.860107421875,4889640000.0,30110.330078125,30245.80859375,28978.146484375,29083.8046875,29867476527.0
2022-06-11,,,,,,29084.666015625,29401.916015625,28236.212890625,28360.810546875,27246574439.0
2022-06-12,,,,,,28373.513671875,28502.685546875,26762.6484375,26762.6484375,34163220274.0
2022-06-13,3838.14990234375,3838.14990234375,3734.300048828125,3749.6298828125,5636890000.0,26737.578125,26795.58984375,22141.2578125,22487.388671875,68204556440.0
2022-06-14,3763.52001953125,3778.179931640625,3705.679931640625,3735.47998046875,5153890000.0,22487.986328125,23018.951171875,20950.818359375,22206.79296875,50913575242.0
2022-06-15,3764.050048828125,3837.56005859375,3722.300048828125,3789.989990234375,5530480000.0,22196.73046875,22642.671875,20178.376953125,22572.83984375,54912007015.0
2022-06-16,3728.179931640625,3728.179931640625,3639.77001953125,3666.77001953125,5644930000.0,22576.3046875,22868.921875,20265.2265625,20381.650390625,31183975654.0
2022-06-17,3665.89990234375,3707.7099609375,3636.8701171875,3674.840087890625,8520740000.0,20385.71875,21243.3125,20326.51953125,20471.482421875,27132421514.0
2022-06-18,,,,,,20473.42578125,20736.041015625,17708.623046875,19017.642578125,42009436760.0
2022-06-19,,,,,,19010.90234375,20683.822265625,18067.15234375,20553.271484375,35329942625.0
2022-06-20,,,,,,20553.37109375,20913.322265625,19689.169921875,20599.537109375,30818458597.0
2022-06-21,3715.31005859375,3779.64990234375,3715.31005859375,3764.7900390625,5292260000.0,20594.294921875,21620.62890625,20415.0625,20710.59765625,28970212744.0
2022-06-22,3733.889892578125,3801.7900390625,3717.68994140625,3759.889892578125,5058990000.0,20719.4140625,20835.75,19848.078125,19987.029296875,28574793478.0
2022-06-23,3774.7099609375,3802.580078125,3743.52001953125,3795.72998046875,5098640000.0,19986.607421875,21135.76171875,19950.1171875,21085.876953125,26188097173.0
2022-06-24,3821.75,3913.64990234375,3821.75,3911.739990234375,8120260000.0,21084.6484375,21472.91796875,20777.51171875,21231.65625,24957784918.0
2022-06-25,,,,,,21233.609375,21520.9140625,20964.5859375,21502.337890625,18372538715.0
2022-06-26,,,,,,21496.494140625,21783.724609375,21016.26953125,21027.294921875,18027170497.0
2022-06-27,3920.760009765625,3927.719970703125,3889.659912109375,3900.110107421875,4325310000.0,21028.23828125,21478.08984375,20620.19921875,20735.478515625,20965695707.0
2022-06-28,3913.0,3945.860107421875,3820.139892578125,3821.550048828125,4270120000.0,20731.544921875,21164.423828125,20228.8125,20280.634765625,21381535161.0
2022-06-29,3825.090087890625,3836.5,3799.02001953125,3818.830078125,4211240000.0,20281.169921875,20364.15625,19937.791015625,20104.0234375,23552740328.0
2022-06-30,3785.989990234375,3818.989990234375,3738.669921875,3785.3798828125,4840070000.0,20108.3125,20141.16015625,18729.65625,19784.7265625,26267239923.0
2022-07-01,3781.0,3829.820068359375,3752.10009765625,3825.330078125,4046950000.0,19820.470703125,20632.671875,19073.708984375,19269.3671875,30767551159.0
2022-07-02,,,,,,19274.8359375,19371.748046875,19027.08203125,19242.255859375,18100418740.0
2022-07-03,,,,,,19242.095703125,19558.26953125,18966.951171875,19297.076171875,16390821947.0
2022-07-04,,,,,,19297.314453125,20258.748046875,19063.06640625,20231.26171875,21594638208.0
2022-07-05,3792.610107421875,3832.18994140625,3742.06005859375,3831.389892578125,5076590000.0,20225.353515625,20635.466796875,19341.232421875,20190.115234375,26715546990.0
2022-07-06,3831.97998046875,3870.909912109375,3809.3701171875,3845.080078125,4417720000.0,20194.619140625,20595.529296875,19823.51171875,20548.24609375,24598943708.0
2022-07-07,3858.85009765625,3910.6298828125,3858.85009765625,3902.6201171875,4057770000.0,20547.814453125,21771.81640625,20296.103515625,21637.587890625,25814972520.0
2022-07-08,3888.260009765625,3918.5,3869.340087890625,3899.3798828125,3521620000.0,21637.154296875,22314.94140625,21257.453125,21731.1171875,49899834488.0
2022-07-09,,,,,,21716.828125,21877.138671875,21445.95703125,21592.20703125,29641127858.0
2022-07-10,,,,,,21591.080078125,21591.080078125,20727.123046875,20860.44921875,28688807249.0
2022-07-11,3880.93994140625,3880.93994140625,3847.219970703125,3854.429931640625,3423480000.0,20856.353515625,20856.353515625,19924.5390625,19970.556640625,24150249025.0
2022-07-12,3851.949951171875,3873.409912109375,3802.360107421875,3818.800048828125,3817210000.0,19970.474609375,20043.4453125,19308.53125,19323.9140625,25810220018.0
2022-07-13,3779.669921875,3829.43994140625,3759.070068359375,3801.780029296875,4109390000.0,19325.97265625,20223.052734375,18999.953125,20212.07421875,33042430345.0
2022-07-14,3763.989990234375,3796.409912109375,3721.56005859375,3790.3798828125,4199690000.0,20211.466796875,20789.89453125,19689.2578125,20569.919921875,31158743333.0
2022-07-15,3818.0,3863.6201171875,3817.179931640625,3863.159912109375,4143800000.0,20573.15625,21138.244140625,20397.0,20836.328125,25905575359.0
2022-07-16,,,,,,20834.103515625,21514.404296875,20518.8984375,21190.31640625,24302954056.0
2022-07-17,,,,,,21195.041015625,21600.640625,20778.1796875,20779.34375,22927802083.0
2022-07-18,3883.7900390625,3902.43994140625,3818.6298828125,3830.85009765625,4046870000.0,20781.912109375,22633.033203125,20781.912109375,22485.689453125,39974475562.0
2022-07-19,3860.72998046875,3939.81005859375,3860.72998046875,3936.68994140625,4041070000.0,22467.849609375,23666.962890625,21683.40625,23389.43359375,48765202697.0
2022-07-20,3935.320068359375,3974.1298828125,3922.030029296875,3959.89990234375,4185300000.0,23393.19140625,24196.818359375,23009.94921875,23231.732421875,42932549127.0
2022-07-21,3955.469970703125,3999.2900390625,3927.639892578125,3998.949951171875,4132790000.0,23233.201171875,23388.322265625,22431.1484375,23164.62890625,33631012204.0
2022-07-22,3998.429931640625,4012.43994140625,3938.860107421875,3961.6298828125,3979240000.0,23163.751953125,23671.927734375,22603.416015625,22714.978515625,31421555646.0
2022-07-23,,,,,,22706.984375,22977.2109375,22002.91015625,22465.478515625,24021799169.0
2022-07-24,,,,,,22465.509765625,22974.001953125,22306.83984375,22609.1640625,23565495303.0
2022-07-25,3965.719970703125,3975.300048828125,3943.4599609375,3966.840087890625,3568340000.0,22607.15625,22649.12109375,21361.642578125,21361.701171875,35574561406.0
2022-07-26,3953.219970703125,3953.219970703125,3910.739990234375,3921.050048828125,3778950000.0,21361.12109375,21361.12109375,20776.81640625,21239.75390625,28624673855.0
2022-07-27,3951.429931640625,4039.56005859375,3951.429931640625,4023.610107421875,4112180000.0,21244.169921875,22986.529296875,21070.806640625,22930.548828125,31758955233.0
2022-07-28,4026.1298828125,4078.949951171875,3992.969970703125,4072.429931640625,4413000000.0,22933.640625,24110.470703125,22722.265625,23843.88671875,40212386158.0
2022-07-29,4087.330078125,4140.14990234375,4079.219970703125,4130.2900390625,4616360000.0,23845.212890625,24294.787109375,23481.173828125,23804.6328125,35887249746.0
2022-07-30,,,,,,23796.818359375,24572.580078125,23580.5078125,23656.20703125,28148218301.0
2022-07-31,,,,,,23652.0703125,24121.642578125,23275.703125,23336.896484375,23553591896.0
2022-08-01,4112.3798828125,4144.9501953125,4096.02001953125,4118.6298828125,4202810000.0,23336.71875,23464.787109375,22890.796875,23314.19921875,25849159141.0
2022-08-02,4104.2099609375,4140.47021484375,4079.81005859375,4091.18994140625,4727710000.0,23308.43359375,23415.041015625,22710.083984375,22978.1171875,28389250717.0
2022-08-03,4107.9599609375,4167.66015625,4107.9599609375,4155.169921875,4351760000.0,22981.302734375,23578.650390625,22747.8359375,22846.5078125,26288169966.0
2022-08-04,4154.85009765625,4161.2900390625,4135.419921875,4151.93994140625,4283320000.0,22848.21484375,23198.009765625,22485.701171875,22630.95703125,25120229769.0
2022-08-05,4115.8701171875,4151.580078125,4107.31005859375,4145.18994140625,4085940000.0,22626.833984375,23422.828125,22612.177734375,23289.314453125,28881249043.0
2022-08-06,,,,,,23291.423828125,23326.5625,22961.279296875,22961.279296875,15978259885.0
2022-08-07,,,,,,22963.505859375,23359.009765625,22894.556640625,23175.890625,15886817043.0
2022-08-08,4155.93017578125,4186.6201171875,4128.97021484375,4140.06005859375,4221090000.0,23179.52734375,24203.689453125,23176.546875,23809.486328125,28575544847.0
2022-08-09,4133.10986328125,4137.2998046875,4112.08984375,4122.47021484375,3913090000.0,23811.484375,23898.615234375,22982.0,23164.318359375,23555719219.0
2022-08-10,4181.02001953125,4211.02978515625,4177.259765625,4210.240234375,4546010000.0,23162.8984375,24127.4140625,22771.51953125,23947.642578125,32837431722.0
2022-08-11,4227.39990234375,4257.91015625,4201.41015625,4207.27001953125,4630200000.0,23948.345703125,24822.62890625,23900.99609375,23957.529296875,37127036580.0
2022-08-12,4225.02001953125,4280.47021484375,4219.77978515625,4280.14990234375,3788010000.0,23957.203125,24412.56640625,23657.265625,24402.818359375,27265804688.0
2022-08-13,,,,,,24402.1875,24860.05078125,24346.115234375,24424.068359375,22987346289.0
2022-08-14,,,,,,24429.056640625,24974.9140625,24206.259765625,24319.333984375,22994133555.0
2022-08-15,4269.3701171875,4301.7900390625,4256.89990234375,4297.14013671875,3696830000.0,24318.31640625,25135.58984375,23839.775390625,24136.97265625,35123501685.0
2022-08-16,4290.4599609375,4325.27978515625,4277.77001953125,4305.2001953125,4329820000.0,24126.13671875,24228.416015625,23733.5,23883.291015625,27753685646.0
2022-08-17,4280.39990234375,4302.18017578125,4253.080078125,4274.0400390625,3885030000.0,23881.31640625,24407.05859375,23243.353515625,23335.998046875,30931623076.0
2022-08-18,4273.1298828125,4292.52978515625,4261.97998046875,4283.740234375,3340330000.0,23341.0390625,23563.83203125,23177.6015625,23212.73828125,23747613147.0
2022-08-19,4266.31005859375,4266.31005859375,4218.7001953125,4228.47998046875,3761340000.0,23213.3125,23213.3125,20868.84765625,20877.552734375,40509610260.0
2022-08-20,,,,,,20872.841796875,21350.806640625,20856.73046875,21166.060546875,27595671000.0
2022-08-21,,,,,,21160.392578125,21668.845703125,21103.197265625,21534.12109375,23102307723.0
2022-08-22,4195.080078125,4195.080078125,4129.85986328125,4137.990234375,3907430000.0,21531.462890625,21531.462890625,20939.18359375,21398.908203125,31666498758.0
2022-08-23,4133.08984375,4159.77001953125,4124.02978515625,4128.72998046875,3823520000.0,21401.044921875,21646.203125,20955.138671875,21528.087890625,31878280659.0
2022-08-24,4126.5498046875,4156.56005859375,4119.97021484375,4140.77001953125,3583630000.0,21526.455078125,21783.076171875,21195.005859375,21395.01953125,31962253368.0
2022-08-25,4153.259765625,4200.5400390625,4147.58984375,4199.1201171875,3566870000.0,21395.458984375,21789.63671875,21362.44140625,21600.904296875,31028679593.0
2022-08-26,4198.740234375,4203.0400390625,4057.659912109375,4057.659912109375,3832750000.0,21596.0859375,21804.908203125,20199.482421875,20260.01953125,42326789564.0
2022-08-27,,,,,,20262.48046875,20340.775390625,19890.5234375,20041.73828125,30116729776.0
2022-08-28,,,,,,20041.03515625,20139.0546875,19616.814453125,19616.814453125,24366810591.0
2022-08-29,4034.580078125,4062.989990234375,4017.419921875,4030.610107421875,3396510000.0,19615.154296875,20357.462890625,19600.78515625,20297.994140625,32637854078.0
2022-08-30,4041.25,4044.97998046875,3965.2099609375,3986.159912109375,3835860000.0,20298.611328125,20542.64453125,19617.640625,19796.80859375,34483360283.0
2022-08-31,4000.669921875,4015.3701171875,3954.530029296875,3955.0,4542490000.0,19799.58203125,20420.990234375,19799.58203125,20049.763671875,33225232872.0
2022-09-01,3936.72998046875,3970.22998046875,3903.64990234375,3966.85009765625,4152250000.0,20050.498046875,20198.390625,19653.96875,20127.140625,30182031010.0
2022-09-02,3994.659912109375,4018.429931640625,3906.2099609375,3924.260009765625,3665850000.0,20126.072265625,20401.568359375,19814.765625,19969.771484375,29123998928.0
2022-09-03,,,,,,19969.71875,20037.009765625,19698.35546875,19832.087890625,23613051457.0
2022-09-04,,,,,,19832.470703125,19999.689453125,19636.81640625,19986.712890625,25245861652.0
2022-09-05,,,,,,19988.7890625,20031.16015625,19673.046875,19812.37109375,28813460025.0
2022-09-06,3930.889892578125,3942.550048828125,3886.75,3908.18994140625,4127340000.0,19817.724609375,20155.26953125,18800.171875,18837.66796875,43403978910.0
2022-09-07,3909.429931640625,3987.889892578125,3906.030029296875,3979.8701171875,3890320000.0,18837.68359375,19427.171875,18644.466796875,19290.32421875,35239757134.0
2022-09-08,3959.93994140625,4010.5,3944.81005859375,4006.179931640625,3966850000.0,19289.94140625,19417.3515625,19076.71484375,19329.833984375,32194477850.0
2022-09-09,4022.93994140625,4076.81005859375,4022.93994140625,4067.360107421875,3901940000.0,19328.140625,21439.41015625,19310.962890625,21381.15234375,48469528171.0
2022-09-10,,,,,,21376.912109375,21760.275390625,21168.72265625,21680.5390625,36913738894.0
2022-09-11,,,,,,21678.54296875,21770.552734375,21406.9453125,21769.255859375,34493951963.0
2022-09-12,4083.669921875,4119.27978515625,4083.669921875,4110.41015625,3814200000.0,21770.1484375,22439.181640625,21603.896484375,22370.44921875,50212088965.0
2022-09-13,4037.1201171875,4037.1201171875,3921.280029296875,3932.68994140625,4224550000.0,22371.48046875,22673.8203125,20062.669921875,20296.70703125,51091116622.0
2022-09-14,3940.72998046875,3961.93994140625,3912.179931640625,3946.010009765625,4293240000.0,20184.5546875,20467.201171875,19793.396484375,20241.08984375,37872380889.0
2022-09-15,3932.409912109375,3959.139892578125,3888.280029296875,3901.35009765625,4441830000.0,20242.2890625,20318.166015625,19636.734375,19701.2109375,36389011503.0
2022-09-16,3880.949951171875,3880.949951171875,3837.080078125,3873.330078125,7954650000.0,19704.005859375,19870.62890625,19400.076171875,19772.583984375,30123362273.0
2022-09-17,,,,,,19777.033203125,20162.53125,19777.033203125,20127.576171875,24957448100.0
2022-09-18,,,,,,20127.234375,20127.234375,19387.4921875,19419.505859375,31254779144.0
2022-09-19,3849.909912109375,3900.449951171875,3838.5,3899.889892578125,3766850000.0,19418.572265625,19639.48046875,18390.318359375,19544.12890625,40177002624.0
2022-09-20,3875.22998046875,3876.010009765625,3827.5400390625,3855.929931640625,4058050000.0,19545.591796875,19602.45703125,18813.455078125,18890.7890625,36791346508.0
2022-09-21,3871.39990234375,3907.070068359375,3789.489990234375,3789.929931640625,4078330000.0,18891.283203125,19674.630859375,18290.314453125,18547.400390625,46363793975.0
2022-09-22,3782.360107421875,3790.89990234375,3749.449951171875,3757.989990234375,4284600000.0,18534.650390625,19456.91015625,18415.591796875,19413.55078125,41135767926.0
2022-09-23,3727.139892578125,3727.139892578125,3647.469970703125,3693.22998046875,5144270000.0,19412.400390625,19464.671875,18617.552734375,19297.638671875,38896078052.0
2022-09-24,,,,,,19296.990234375,19310.197265625,18861.974609375,18937.01171875,26149643168.0
2022-09-25,,,,,,18936.310546875,19134.732421875,18696.46875,18802.09765625,23359966112.0
2022-09-26,3682.719970703125,3715.669921875,3644.760009765625,3655.0400390625,4886140000.0,18803.900390625,19274.873046875,18721.28515625,19222.671875,44148798321.0
2022-09-27,3686.43994140625,3717.530029296875,3623.2900390625,3647.2900390625,4577740000.0,19221.83984375,20338.455078125,18915.66796875,19110.546875,58571439619.0
2022-09-28,3651.93994140625,3736.739990234375,3640.610107421875,3719.0400390625,4684850000.0,19104.62109375,19688.34375,18553.296875,19426.720703125,53071298734.0
2022-09-29,3687.010009765625,3687.010009765625,3610.39990234375,3640.469970703125,4681810000.0,19427.779296875,19589.265625,18924.353515625,19573.05078125,41037843771.0
2022-09-30,3633.47998046875,3671.43994140625,3584.1298828125,3585.6201171875,5645360000.0,19573.431640625,20109.849609375,19265.662109375,19431.7890625,43975248085.0
2022-10-01,,,,,,19431.10546875,19471.154296875,19231.08203125,19312.095703125,18719537670.0
2022-10-02,,,,,,19311.849609375,19370.30859375,18970.62109375,19044.107421875,20765955327.0
2022-10-03,3609.780029296875,3698.35009765625,3604.929931640625,3678.429931640625,4806680000.0,19044.068359375,19653.54296875,19025.2265625,19623.580078125,30484729489.0
2022-10-04,3726.4599609375,3791.919921875,3726.4599609375,3790.929931640625,5146580000.0,19623.583984375,20380.34375,19523.83984375,20336.84375,35887278685.0
2022-10-05,3753.25,3806.909912109375,3722.659912109375,3783.280029296875,4293180000.0,20335.900390625,20343.748046875,19801.80078125,20160.716796875,33223790572.0
2022-10-06,3771.969970703125,3797.929931640625,3739.219970703125,3744.52001953125,4252100000.0,20161.0390625,20408.392578125,19900.087890625,19955.443359375,34711412966.0
2022-10-07,3706.739990234375,3706.739990234375,3620.72998046875,3639.659912109375,4449660000.0,19957.55859375,20041.0859375,19395.79296875,19546.849609375,29227315390.0
2022-10-08,,,,,,19546.328125,19601.6953125,19299.4140625,19416.568359375,16437423167.0
2022-10-09,,,,,,19417.478515625,19542.5390625,19349.259765625,19446.42578125,16837262532.0
2022-10-10,3647.510009765625,3652.169921875,3588.10009765625,3612.389892578125,3834320000.0,19446.416015625,19515.466796875,19102.978515625,19141.484375,27425022774.0
2022-10-11,3595.860107421875,3640.659912109375,3568.449951171875,3588.840087890625,4759030000.0,19139.0,19241.9609375,18925.603515625,19051.41796875,28711532910.0
2022-10-12,3590.830078125,3608.340087890625,3573.860107421875,3577.030029296875,4006830000.0,19052.646484375,19203.19921875,19029.7578125,19157.4453125,24950173846.0
2022-10-13,3520.3701171875,3685.409912109375,3491.580078125,3669.909912109375,5021680000.0,19156.966796875,19453.328125,18319.822265625,19382.904296875,44219840004.0
2022-10-14,3690.409912109375,3712.0,3579.679931640625,3583.070068359375,4243030000.0,19382.533203125,19889.146484375,19115.408203125,19185.65625,38452356727.0
2022-10-15,,,,,,19185.4375,19212.541015625,19019.25,19067.634765625,16192235532.0
2022-10-16,,,,,,19068.9140625,19389.603515625,19068.9140625,19268.09375,17988916650.0
2022-10-17,3638.64990234375,3689.72998046875,3638.64990234375,3677.949951171875,4352780000.0,19268.5625,19635.802734375,19173.333984375,19550.7578125,27472552998.0
2022-10-18,3746.260009765625,3762.7900390625,3686.530029296875,3719.97998046875,4483740000.0,19550.466796875,19666.994140625,19144.76953125,19334.416015625,30580012344.0
2022-10-19,3703.110107421875,3728.580078125,3666.510009765625,3695.159912109375,4223800000.0,19335.02734375,19348.416015625,19127.6875,19139.53515625,22425387184.0
2022-10-20,3689.050048828125,3736.0,3656.43994140625,3665.780029296875,4496620000.0,19138.0859375,19315.19921875,18971.458984375,19053.740234375,24493974420.0
2022-10-21,3657.10009765625,3757.889892578125,3647.419921875,3752.75,5078020000.0,19053.203125,19237.384765625,18770.970703125,19172.46875,32459287866.0
2022-10-22,,,,,,19172.380859375,19248.068359375,19132.244140625,19208.189453125,16104440957.0
2022-10-23,,,,,,19207.734375,19646.65234375,19124.197265625,19567.0078125,22128794335.0
2022-10-24,3762.010009765625,3810.739990234375,3741.64990234375,3797.340087890625,4747930000.0,19567.76953125,19589.125,19206.32421875,19345.572265625,30202235805.0
2022-10-25,3799.43994140625,3862.85009765625,3799.43994140625,3859.110107421875,4843120000.0,19344.96484375,20348.412109375,19261.447265625,20095.857421875,47761524910.0
2022-10-26,3825.969970703125,3886.14990234375,3824.070068359375,3830.60009765625,4817310000.0,20092.236328125,20938.134765625,20076.1171875,20770.44140625,58895950537.0
2022-10-27,3834.68994140625,3859.949951171875,3803.7900390625,3807.300048828125,4687320000.0,20772.802734375,20854.044921875,20255.373046875,20285.8359375,49625110402.0
2022-10-28,3808.260009765625,3905.419921875,3808.260009765625,3901.06005859375,4459410000.0,20287.95703125,20724.98046875,20086.068359375,20595.3515625,43994715910.0
2022-10-29,,,,,,20595.103515625,20988.39453125,20566.484375,20818.4765625,40369840645.0
2022-10-30,,,,,,20817.982421875,20917.005859375,20547.462890625,20635.603515625,31486345556.0
2022-10-31,3881.85009765625,3893.72998046875,3863.179931640625,3871.97998046875,4820620000.0,20633.6953125,20795.3203125,20287.458984375,20495.7734375,45668466815.0
2022-11-01,3901.7900390625,3911.7900390625,3843.800048828125,3856.10009765625,4481210000.0,20494.8984375,20647.2890625,20359.845703125,20485.2734375,39819303159.0
2022-11-02,3852.89990234375,3894.43994140625,3758.679931640625,3759.68994140625,4899000000.0,20482.958984375,20742.810546875,20087.134765625,20159.50390625,55552169483.0
2022-11-03,3733.25,3750.590087890625,3698.14990234375,3719.889892578125,4625290000.0,20162.689453125,20382.095703125,20086.240234375,20209.98828125,43228750179.0
2022-11-04,3766.97998046875,3796.340087890625,3708.840087890625,3770.550048828125,5400180000.0,20208.76953125,21209.560546875,20188.01953125,21147.23046875,64072727950.0
2022-11-05,,,,,,21144.83203125,21446.88671875,21097.634765625,21282.69140625,37846047609.0
2022-11-06,,,,,,21285.056640625,21345.376953125,20920.19140625,20926.486328125,35082693210.0
2022-11-07,3780.7099609375,3813.949951171875,3764.699951171875,3806.800048828125,4341620000.0,20924.62109375,21053.24609375,20489.97265625,20602.81640625,53510852236.0
2022-11-08,3817.02001953125,3859.39990234375,3786.280029296875,3828.110107421875,4607640000.0,20600.671875,20664.607421875,17603.544921875,18541.271484375,118992465607.0
2022-11-09,3810.93994140625,3818.199951171875,3744.219970703125,3748.570068359375,4645010000.0,18543.76171875,18590.458984375,15682.6923828125,15880.7802734375,102905151606.0
2022-11-10,3859.889892578125,3958.330078125,3859.889892578125,3956.3701171875,5781260000.0,15883.158203125,18054.3125,15834.0185546875,17586.771484375,83202283721.0
2022-11-11,3963.719970703125,4001.47998046875,3944.820068359375,3992.929931640625,5593310000.0,17583.251953125,17650.943359375,16543.482421875,17034.29296875,55871616488.0
2022-11-12,,,,,,17036.875,17066.67578125,16651.775390625,16799.185546875,29717699419.0
2022-11-13,,,,,,16799.72265625,16920.765625,16320.634765625,16353.365234375,27209183682.0
2022-11-14,3977.969970703125,4008.969970703125,3956.39990234375,3957.25,4561930000.0,16352.0283203125,17109.32421875,15872.94140625,16618.19921875,49630243054.0
2022-11-15,4006.409912109375,4028.840087890625,3953.169921875,3991.72998046875,5015310000.0,16617.484375,17051.962890625,16542.55078125,16884.61328125,36599436183.0
2022-11-16,3976.820068359375,3983.090087890625,3954.340087890625,3958.7900390625,4165320000.0,16884.341796875,16960.294921875,16430.111328125,16669.439453125,33925512989.0
2022-11-17,3919.260009765625,3954.330078125,3906.5400390625,3946.56005859375,4051780000.0,16670.42578125,16726.439453125,16460.68359375,16687.517578125,27868914022.0
2022-11-18,3966.389892578125,3979.889892578125,3935.97998046875,3965.340087890625,4037360000.0,16687.912109375,16947.05859375,16564.611328125,16697.77734375,26862218609.0
2022-11-19,,,,,,16696.220703125,16797.876953125,16570.41015625,16711.546875,16106223492.0
2022-11-20,,,,,,16712.919921875,16746.779296875,16248.6923828125,16291.83203125,21313378652.0
2022-11-21,3956.22998046875,3962.0,3933.340087890625,3949.93994140625,3850690000.0,16291.2236328125,16291.2236328125,15599.046875,15787.2841796875,37429485518.0
2022-11-22,3965.510009765625,4005.8798828125,3956.8798828125,4003.580078125,3887990000.0,15782.30078125,16253.0478515625,15656.6064453125,16189.76953125,30726828760.0
2022-11-23,4000.300048828125,4033.780029296875,3998.659912109375,4027.260009765625,3279720000.0,16195.5888671875,16638.193359375,16170.5029296875,16610.70703125,32958875628.0
2022-11-24,,,,,,16611.63671875,16771.474609375,16501.767578125,16604.46484375,26129037414.0
2022-11-25,4023.340087890625,4034.02001953125,4020.760009765625,4026.1201171875,1706460000.0,16602.26953125,16603.31640625,16388.404296875,16521.841796875,18678255976.0
2022-11-26,,,,,,16521.576171875,16666.86328125,16416.228515625,16464.28125,18000008764.0
2022-11-27,,,,,,16463.8828125,16594.40625,16437.025390625,16444.626953125,20443898509.0
2022-11-28,4005.360107421875,4012.27001953125,3955.77001953125,3963.93994140625,3615430000.0,16440.22265625,16482.93359375,16054.5302734375,16217.322265625,27743025156.0
2022-11-29,3964.18994140625,3976.77001953125,3937.64990234375,3957.6298828125,3546040000.0,16217.6396484375,16522.2578125,16139.396484375,16444.982421875,23581685468.0
2022-11-30,3957.179931640625,4080.110107421875,3938.580078125,4080.110107421875,6579360000.0,16445.4765625,17190.9375,16445.4765625,17168.56640625,29523576583.0
2022-12-01,4087.139892578125,4100.509765625,4050.8701171875,4076.570068359375,4527130000.0,17168.001953125,17197.498046875,16888.388671875,16967.1328125,22895392882.0
2022-12-02,4040.169921875,4080.47998046875,4026.6298828125,4071.699951171875,4012620000.0,16968.68359375,17088.66015625,16877.880859375,17088.66015625,19539705127.0
2022-12-03,,,,,,17090.09765625,17116.041015625,16888.140625,16908.236328125,16217776704.0
2022-12-04,,,,,,16908.169921875,17157.767578125,16903.439453125,17130.486328125,16824520830.0
2022-12-05,4052.02001953125,4052.449951171875,3984.489990234375,3998.840087890625,4280820000.0,17128.89453125,17378.15234375,16922.431640625,16974.826171875,22209086834.0
2022-12-06,3996.6298828125,4001.510009765625,3918.389892578125,3941.260009765625,4368380000.0,16975.23828125,17091.86328125,16939.921875,17089.50390625,19889922369.0
2022-12-07,3933.280029296875,3957.570068359375,3922.679931640625,3933.919921875,4118050000.0,17089.505859375,17109.376953125,16750.55859375,16848.126953125,19675404389.0
2022-12-08,3947.7900390625,3974.18994140625,3935.830078125,3963.510009765625,4006900000.0,16847.349609375,17267.916015625,16788.783203125,17233.474609375,20496603770.0
2022-12-09,3954.169921875,3977.02001953125,3933.0400390625,3934.3798828125,3888260000.0,17232.1484375,17280.546875,17100.8359375,17133.15234375,20328426366.0
2022-12-10,,,,,,17134.220703125,17216.826171875,17120.68359375,17128.724609375,12706781969.0
2022-12-11,,,,,,17129.7109375,17245.634765625,17091.8203125,17104.193359375,14122486832.0
2022-12-12,3939.2900390625,3990.7099609375,3935.300048828125,3990.56005859375,3904130000.0,17102.5,17212.564453125,16899.39453125,17206.4375,19617581341.0
2022-12-13,4069.3798828125,4100.9599609375,3993.030029296875,4019.64990234375,5079360000.0,17206.44140625,17930.0859375,17111.763671875,17781.318359375,26634741631.0
2022-12-14,4015.5400390625,4053.760009765625,3965.64990234375,3995.320068359375,4472340000.0,17782.06640625,18318.53125,17739.513671875,17815.650390625,25534481470.0
2022-12-15,3958.3701171875,3958.3701171875,3879.449951171875,3895.75,4493900000.0,17813.64453125,17846.744140625,17322.58984375,17364.865234375,20964448341.0
2022-12-16,3890.909912109375,3890.909912109375,3827.909912109375,3852.360107421875,7493660000.0,17364.546875,17505.525390625,16584.701171875,16647.484375,24031608960.0
2022-12-17,,,,,,16646.982421875,16800.58984375,16614.029296875,16795.091796875,14463581825.0
2022-12-18,,,,,,16795.609375,16815.38671875,16697.8203125,16757.9765625,10924354698.0
2022-12-19,3853.7900390625,3854.860107421875,3800.0400390625,3817.659912109375,3969610000.0,16759.041015625,16807.52734375,16398.13671875,16439.6796875,17221074814.0
2022-12-20,3810.469970703125,3838.239990234375,3795.6201171875,3821.6201171875,3985370000.0,16441.787109375,17012.984375,16427.8671875,16906.3046875,22722096615.0
2022-12-21,3839.489990234375,3889.820068359375,3839.489990234375,3878.43994140625,3775200000.0,16904.52734375,16916.80078125,16755.912109375,16817.53515625,14882945045.0
2022-12-22,3853.260009765625,3853.260009765625,3764.489990234375,3822.389892578125,3956950000.0,16818.380859375,16866.673828125,16592.408203125,16830.341796875,16441573050.0
2022-12-23,3815.110107421875,3845.800048828125,3797.010009765625,3844.820068359375,2819280000.0,16829.64453125,16905.21875,16794.458984375,16796.953125,15329265213.0
2022-12-24,,,,,,16796.9765625,16864.703125,16793.52734375,16847.755859375,9744636213.0
2022-12-25,,,,,,16847.505859375,16860.5546875,16755.25390625,16841.986328125,11656379938.0
2022-12-26,,,,,,16842.25,16920.123046875,16812.369140625,16919.8046875,11886957804.0
2022-12-27,3843.340087890625,3846.64990234375,3813.219970703125,3829.25,3030300000.0,16919.291015625,16959.845703125,16642.072265625,16717.173828125,15748580239.0
2022-12-28,3829.56005859375,3848.320068359375,3780.780029296875,3783.219970703125,3083520000.0,16716.400390625,16768.169921875,16497.556640625,16552.572265625,17005713920.0
2022-12-29,3805.449951171875,3858.18994140625,3805.449951171875,3849.280029296875,3003680000.0,16552.322265625,16651.755859375,16508.68359375,16642.341796875,14472237479.0
2022-12-30,3829.06005859375,3839.85009765625,3800.340087890625,3839.5,2979870000.0,16641.330078125,16643.427734375,16408.474609375,16602.5859375,15929162910.0
2022-12-31,,,,,,16603.673828125,16628.986328125,16517.51953125,16547.49609375,11239186456.0
2023-01-01,,,,,,16547.9140625,16630.439453125,16521.234375,16625.080078125,9244361700.0
2023-01-02,,,,,,16625.509765625,16759.34375,16572.228515625,16688.470703125,12097775227.0
2023-01-03,3853.2900390625,3878.4599609375,3794.330078125,3824.139892578125,3959140000.0,16688.84765625,16760.447265625,16622.37109375,16679.857421875,13903079207.0
2023-01-04,3840.360107421875,3873.159912109375,3815.77001953125,3852.969970703125,4414080000.0,16680.205078125,16964.5859375,16667.763671875,16863.23828125,18421743322.0
2023-01-05,3839.739990234375,3839.739990234375,3802.419921875,3808.10009765625,3893450000.0,16863.47265625,16884.021484375,16790.283203125,16836.736328125,13692758566.0
2023-01-06,3823.3701171875,3906.18994140625,3809.56005859375,3895.080078125,3923560000.0,16836.47265625,16991.994140625,16716.421875,16951.96875,14413662913.0
2023-01-07,,,,,,16952.1171875,16975.017578125,16914.19140625,16955.078125,7714767174.0
2023-01-08,,,,,,16954.146484375,17091.14453125,16924.05078125,17091.14453125,9768827914.0
2023-01-09,3910.820068359375,3950.570068359375,3890.419921875,3892.090087890625,4311770000.0,17093.9921875,17389.95703125,17093.9921875,17196.5546875,18624736866.0
2023-01-10,3888.570068359375,3919.830078125,3877.2900390625,3919.25,3851030000.0,17192.94921875,17484.720703125,17162.990234375,17446.29296875,15808338949.0
2023-01-11,3932.35009765625,3970.070068359375,3928.5400390625,3969.610107421875,4303360000.0,17446.359375,17934.896484375,17337.994140625,17934.896484375,18372283782.0
2023-01-12,3977.570068359375,3997.760009765625,3937.56005859375,3983.169921875,4440260000.0,18117.59375,19030.087890625,17995.203125,18869.587890625,34971338710.0
2023-01-13,3960.60009765625,4003.949951171875,3947.669921875,3999.090087890625,3939700000.0,18868.90625,19964.322265625,18753.1640625,19909.57421875,29225029694.0
2023-01-14,,,,,,19910.537109375,21075.142578125,19907.828125,20976.298828125,38967784639.0
2023-01-15,,,,,,20977.484375,20993.748046875,20606.986328125,20880.798828125,19298407543.0
2023-01-16,,,,,,20882.224609375,21360.875,20715.74609375,21169.6328125,26792494050.0
2023-01-17,3999.280029296875,4015.389892578125,3984.570068359375,3990.969970703125,4235560000.0,21175.833984375,21438.66015625,20978.533203125,21161.51953125,24999983362.0
2023-01-18,4002.25,4014.159912109375,3926.590087890625,3928.860107421875,4298710000.0,21161.05078125,21564.501953125,20541.544921875,20688.78125,30005625418.0
2023-01-19,3911.840087890625,3922.93994140625,3885.5400390625,3898.85009765625,3991500000.0,20686.74609375,21163.01171875,20685.380859375,21086.79296875,21152848261.0
2023-01-20,3909.0400390625,3972.9599609375,3897.860107421875,3972.610107421875,4013360000.0,21085.373046875,22692.357421875,20919.126953125,22676.552734375,28799154319.0
2023-01-21,,,,,,22677.427734375,23282.34765625,22511.833984375,22777.625,32442278429.0
2023-01-22,,,,,,22777.986328125,23056.73046875,22387.900390625,22720.416015625,24746386230.0
2023-01-23,3978.139892578125,4039.31005859375,3971.639892578125,4019.81005859375,3945210000.0,22721.087890625,23126.486328125,22654.3046875,22934.431640625,26518700512.0
2023-01-24,4001.739990234375,4023.919921875,3989.7900390625,4016.949951171875,3320430000.0,22929.626953125,23134.01171875,22549.744140625,22636.46875,26405069715.0
2023-01-25,3982.7099609375,4019.550048828125,3949.06005859375,4016.219970703125,3724020000.0,22639.267578125,23722.099609375,22406.076171875,23117.859375,30685366709.0
2023-01-26,4036.080078125,4061.570068359375,4013.2900390625,4060.429931640625,3809590000.0,23108.955078125,23237.078125,22911.373046875,23032.77734375,26357839322.0
2023-01-27,4053.719970703125,4094.2099609375,4048.699951171875,4070.56005859375,3907760000.0,23030.716796875,23417.720703125,22654.59375,23078.728515625,25383335641.0
2023-01-28,,,,,,23079.96484375,23165.896484375,22908.845703125,23031.08984375,14712928379.0
2023-01-29,,,,,,23031.44921875,23919.890625,22985.0703125,23774.56640625,27423687259.0
2023-01-30,4049.27001953125,4063.85009765625,4015.550048828125,4017.77001953125,3802000000.0,23774.6484375,23789.34765625,22657.58203125,22840.138671875,27205595568.0
2023-01-31,4020.85009765625,4077.159912109375,4020.43994140625,4076.60009765625,4679320000.0,22840.796875,23225.021484375,22765.568359375,23139.283203125,22837828665.0
2023-02-01,4070.070068359375,4148.9501953125,4037.199951171875,4119.2099609375,4856930000.0,23137.8359375,23764.5390625,22877.75,23723.76953125,26683255504.0
2023-02-02,4158.68017578125,4195.43994140625,4141.8798828125,4179.759765625,5624360000.0,23720.82421875,24167.2109375,23468.595703125,23471.87109375,32066936882.0
2023-02-03,4136.68994140625,4182.35986328125,4123.35986328125,4136.47998046875,4694510000.0,23469.412109375,23678.103515625,23279.955078125,23449.322265625,27083066007.0
2023-02-04,,,,,,23446.3203125,23556.94921875,23291.794921875,23331.84765625,15639298538.0
2023-02-05,,,,,,23332.248046875,23423.435546875,22841.759765625,22955.666015625,19564262605.0
2023-02-06,4119.56982421875,4124.6298828125,4093.3798828125,4111.080078125,4114240000.0,22954.021484375,23119.279296875,22692.025390625,22760.109375,23825006542.0
2023-02-07,4105.35009765625,4176.5400390625,4088.389892578125,4164.0,4355860000.0,22757.267578125,23310.974609375,22756.2578125,23264.291015625,27187964471.0
2023-02-08,4153.47021484375,4156.85009765625,4111.669921875,4117.85986328125,4029820000.0,23263.416015625,23367.958984375,22731.09765625,22939.3984375,25371367758.0
2023-02-09,4144.25,4156.22998046875,4069.669921875,4081.5,4270200000.0,22946.56640625,22996.4375,21773.974609375,21819.0390625,32572572185.0
2023-02-10,4068.919921875,4094.360107421875,4060.7900390625,4090.4599609375,3891520000.0,21819.005859375,21941.185546875,21539.392578125,21651.18359375,27078406594.0
2023-02-11,,,,,,21651.841796875,21891.41015625,21618.44921875,21870.875,16356226232.0
2023-02-12,,,,,,21870.90234375,22060.994140625,21682.828125,21788.203125,17821046406.0
2023-02-13,4096.6201171875,4138.89990234375,4092.669921875,4137.2900390625,3448620000.0,21787.0,21898.4140625,21460.087890625,21808.1015625,23918742607.0
2023-02-14,4126.7001953125,4159.77001953125,4095.010009765625,4136.1298828125,3929200000.0,21801.822265625,22293.140625,21632.39453125,22220.8046875,26792596581.0
2023-02-15,4119.5,4148.10986328125,4103.97998046875,4147.60009765625,4075980000.0,22220.5859375,24307.841796875,22082.76953125,24307.841796875,32483312909.0
2023-02-16,4114.75,4136.5400390625,4089.489990234375,4090.409912109375,4143660000.0,24307.349609375,25134.1171875,23602.5234375,23623.474609375,39316664596.0
2023-02-17,4077.389892578125,4081.510009765625,4047.949951171875,4079.090087890625,4045480000.0,23621.283203125,24924.041015625,23460.755859375,24565.6015625,41358451255.0
2023-02-18,,,,,,24565.296875,24798.8359375,24468.373046875,24641.27734375,19625427158.0
2023-02-19,,,,,,24640.02734375,25093.0546875,24327.642578125,24327.642578125,25555105670.0
2023-02-20,,,,,,24336.623046875,25020.458984375,23927.91015625,24829.1484375,28987376573.0
2023-02-21,4052.35009765625,4052.35009765625,3995.18994140625,3997.340087890625,4121590000.0,24833.048828125,25126.8515625,24200.36328125,24436.353515625,31252098714.0
2023-02-22,4001.830078125,4017.3701171875,3976.89990234375,3991.050048828125,4079320000.0,24437.41796875,24472.33984375,23644.318359375,24188.84375,30199996781.0
2023-02-23,4018.60009765625,4028.300048828125,3969.18994140625,4012.320068359375,3952940000.0,24190.71875,24572.08984375,23693.919921875,23947.4921875,30476264066.0
2023-02-24,3973.239990234375,3978.25,3943.080078125,3970.0400390625,3877700000.0,23946.0078125,24103.705078125,23007.072265625,23198.126953125,26811744928.0
2023-02-25,,,,,,23200.125,23210.2109375,22861.55859375,23175.375,16100721565.0
2023-02-26,,,,,,23174.150390625,23654.3671875,23084.220703125,23561.212890625,16644534842.0
2023-02-27,3992.360107421875,4018.050048828125,3973.550048828125,3982.239990234375,3836950000.0,23561.451171875,23857.890625,23205.87890625,23522.87109375,22660763494.0
2023-02-28,3977.18994140625,3997.5,3968.97998046875,3970.14990234375,5043400000.0,23521.837890625,23585.384765625,23077.650390625,23147.353515625,20535363434.0
2023-03-01,3963.340087890625,3971.72998046875,3939.050048828125,3951.389892578125,4249480000.0,23150.9296875,23880.6328125,23088.626953125,23646.55078125,24662841200.0
2023-03-02,3938.679931640625,3990.840087890625,3928.159912109375,3981.35009765625,4244900000.0,23647.01953125,23739.138671875,23245.021484375,23475.466796875,20386398516.0
2023-03-03,3998.02001953125,4048.2900390625,3995.169921875,4045.639892578125,4084730000.0,23476.6328125,23479.34765625,22213.23828125,22362.6796875,26062404610.0
2023-03-04,,,,,,22362.923828125,22405.177734375,22198.98046875,22353.349609375,11166012913.0
2023-03-05,,,,,,22354.14453125,22613.685546875,22307.142578125,22435.513671875,13317001733.0
2023-03-06,4055.14990234375,4078.489990234375,4044.610107421875,4048.419921875,4000870000.0,22436.81640625,22584.29296875,22331.314453125,22429.7578125,17353192895.0
2023-03-07,4048.260009765625,4050.0,3980.31005859375,3986.3701171875,3922500000.0,22428.322265625,22527.41796875,22011.26171875,22219.76953125,22765452204.0
2023-03-08,3987.550048828125,4000.409912109375,3969.760009765625,3992.010009765625,3535570000.0,22216.44140625,22268.896484375,21708.05078125,21718.080078125,22536575684.0
2023-03-09,3998.659912109375,4017.81005859375,3908.699951171875,3918.320068359375,4445260000.0,21720.080078125,21802.716796875,20210.306640625,20363.021484375,30364664171.0
2023-03-10,3912.77001953125,3934.050048828125,3846.320068359375,3861.590087890625,5518190000.0,20367.001953125,20370.595703125,19628.25390625,20187.244140625,39578257695.0
2023-03-11,,,,,,20187.876953125,20792.525390625,20068.66015625,20632.41015625,30180288176.0
2023-03-12,,,,,,20628.029296875,22185.03125,20448.806640625,22163.94921875,29279035521.0
2023-03-13,3835.1201171875,3905.050048828125,3808.860107421875,3855.760009765625,6558020000.0,22156.40625,24550.837890625,21918.19921875,24197.533203125,49466362688.0
2023-03-14,3894.010009765625,3937.2900390625,3873.6298828125,3919.2900390625,5665870000.0,24201.765625,26514.716796875,24081.18359375,24746.07421875,54622230164.0
2023-03-15,3876.739990234375,3894.260009765625,3838.239990234375,3891.929931640625,6594010000.0,24770.92578125,25240.615234375,23964.91015625,24375.9609375,43655701450.0
2023-03-16,3878.929931640625,3964.4599609375,3864.110107421875,3960.280029296875,5695790000.0,24373.45703125,25190.326171875,24225.111328125,25052.7890625,33866061747.0
2023-03-17,3958.68994140625,3958.909912109375,3901.27001953125,3916.639892578125,9354280000.0,25055.123046875,27787.8125,24955.169921875,27423.9296875,50730261335.0
2023-03-18,,,,,,27448.1171875,27725.953125,26636.26171875,26965.87890625,35723036817.0
2023-03-19,,,,,,26969.50390625,28440.560546875,26907.716796875,28038.67578125,37769448859.0
2023-03-20,3917.469970703125,3956.6201171875,3916.889892578125,3951.570068359375,5347140000.0,28041.6015625,28527.724609375,27242.880859375,27767.236328125,44774027664.0
2023-03-21,3975.889892578125,4009.080078125,3971.18994140625,4002.8701171875,4920240000.0,27768.392578125,28439.5625,27439.646484375,28175.81640625,36102192830.0
2023-03-22,4002.0400390625,4039.489990234375,3936.169921875,3936.969970703125,4533010000.0,28158.720703125,28803.3359375,26759.99609375,27307.4375,33382021890.0
2023-03-23,3959.2099609375,4007.659912109375,3919.050048828125,3948.719970703125,4991600000.0,27301.95703125,28729.84375,27183.36328125,28333.97265625,24220433689.0
2023-03-24,3939.2099609375,3972.739990234375,3909.159912109375,3970.989990234375,4583970000.0,28324.111328125,28388.4375,27039.265625,27493.28515625,25980310960.0
2023-03-25,,,,,,27487.337890625,27791.826171875,27196.234375,27494.70703125,13383005987.0
2023-03-26,,,,,,27495.5234375,28178.14453125,27445.046875,27994.330078125,13878363192.0
2023-03-27,3982.929931640625,4003.830078125,3970.489990234375,3977.530029296875,4233540000.0,27994.068359375,28037.92578125,26606.689453125,27139.888671875,18188895178.0
2023-03-28,3974.1298828125,3979.199951171875,3951.530029296875,3971.27001953125,4014600000.0,27132.888671875,27460.71875,26677.818359375,27268.130859375,17783600385.0
2023-03-29,3999.530029296875,4030.590087890625,3999.530029296875,4027.81005859375,4145250000.0,27267.03125,28619.54296875,27259.662109375,28348.44140625,20684945906.0
2023-03-30,4046.739990234375,4057.85009765625,4032.10009765625,4050.830078125,3930860000.0,28350.140625,29159.90234375,27720.16015625,28033.5625,22435349951.0
2023-03-31,4056.179931640625,4110.75,4056.179931640625,4109.31005859375,4525120000.0,28032.26171875,28639.896484375,27583.71484375,28478.484375,19001327598.0
2023-04-01,,,,,,28473.33203125,28802.45703125,28297.171875,28411.03515625,10876469901.0
2023-04-02,,,,,,28462.845703125,28518.958984375,27884.087890625,28199.30859375,12284641999.0
2023-04-03,4102.2001953125,4127.66015625,4098.7900390625,4124.509765625,4234700000.0,28183.080078125,28475.623046875,27276.720703125,27790.220703125,19556501327.0
2023-04-04,4128.02978515625,4133.1298828125,4086.8701171875,4100.60009765625,4227800000.0,27795.2734375,28433.7421875,27681.3046875,28168.08984375,15284538859.0
2023-04-05,4094.5,4099.68994140625,4072.56005859375,4090.3798828125,3968020000.0,28169.7265625,28739.23828125,27843.763671875,28177.984375,17052315986.0
2023-04-06,4081.14990234375,4107.31982421875,4069.840087890625,4105.02001953125,3486690000.0,28175.2265625,28178.384765625,27738.759765625,28044.140625,13837809380.0
2023-04-07,,,,,,28038.966796875,28111.59375,27794.03125,27925.859375,10861680497.0
2023-04-08,,,,,,27920.513671875,28159.86328125,27883.38671875,27947.794921875,9373255556.0
2023-04-09,,,,,,27952.3671875,28532.830078125,27828.48046875,28333.05078125,12175322951.0
2023-04-10,4085.199951171875,4109.5,4072.550048828125,4109.10986328125,3423650000.0,28336.02734375,29771.46484375,28189.271484375,29652.98046875,19282400094.0
2023-04-11,4110.2900390625,4124.259765625,4102.60986328125,4108.93994140625,3665830000.0,29653.6796875,30509.083984375,29609.30078125,30235.05859375,20121259843.0
2023-04-12,4121.72021484375,4134.3701171875,4086.93994140625,4091.949951171875,3633120000.0,30231.58203125,30462.48046875,29725.57421875,30139.052734375,18651929926.0
2023-04-13,4100.0400390625,4150.259765625,4099.39990234375,4146.22021484375,3596590000.0,29892.740234375,30539.845703125,29878.623046875,30399.06640625,17487721001.0
2023-04-14,4140.10986328125,4163.18994140625,4113.2001953125,4137.64013671875,3575690000.0,30409.5625,31005.607421875,30044.498046875,30485.69921875,22659995079.0
2023-04-15,,,,,,30490.75,30601.740234375,30245.8828125,30318.49609375,11940685378.0
2023-04-16,,,,,,30315.9765625,30555.537109375,30157.83203125,30315.35546875,12854816417.0
2023-04-17,4137.169921875,4151.72021484375,4123.18017578125,4151.31982421875,3611180000.0,30317.146484375,30319.197265625,29275.37109375,29445.044921875,17872186762.0
2023-04-18,4164.259765625,4169.47998046875,4140.35986328125,4154.8701171875,3536640000.0,29449.091796875,30470.302734375,29154.849609375,30397.552734375,19480529496.0
2023-04-19,4139.330078125,4162.56982421875,4134.490234375,4154.52001953125,3572560000.0,30394.1875,30411.0546875,28669.8984375,28822.6796875,24571565421.0
2023-04-20,4130.47998046875,4148.56982421875,4114.56982421875,4129.7900390625,3772080000.0,28823.68359375,29076.400390625,28037.2578125,28245.98828125,21340360360.0
2023-04-21,4132.14013671875,4138.02001953125,4113.85986328125,4133.52001953125,3611750000.0,28249.23046875,28349.96875,27177.365234375,27276.91015625,20759504330.0
2023-04-22,,,,,,27265.89453125,27872.142578125,27169.5703125,27817.5,13125734602.0
2023-04-23,,,,,,27816.14453125,27820.244140625,27400.314453125,27591.384765625,12785446832.0
2023-04-24,4132.06982421875,4142.41015625,4117.77001953125,4137.0400390625,3290940000.0,27591.73046875,27979.982421875,27070.849609375,27525.33984375,17703288330.0
2023-04-25,4126.43017578125,4126.43017578125,4071.3798828125,4071.6298828125,3978640000.0,27514.873046875,28371.078125,27207.931640625,28307.59765625,17733373139.0
2023-04-26,4087.780029296875,4089.669921875,4049.35009765625,4055.989990234375,3837030000.0,28300.05859375,29995.837890625,27324.548828125,28422.701171875,31854242019.0
2023-04-27,4075.2900390625,4138.240234375,4075.2900390625,4135.35009765625,3750550000.0,28428.46484375,29871.546875,28402.88671875,29473.787109375,27153445027.0
2023-04-28,4129.6298828125,4170.06005859375,4127.18017578125,4169.47998046875,4087800000.0,29481.013671875,29572.791015625,28929.609375,29340.26171875,17544464887.0
2023-04-29,,,,,,29336.56640625,29452.455078125,29088.04296875,29248.48828125,10662634333.0
2023-04-30,,,,,,29245.515625,29952.029296875,29114.021484375,29268.806640625,14652199272.0
2023-05-01,4166.7900390625,4186.919921875,4164.1201171875,4167.8701171875,3321370000.0,29227.103515625,29329.935546875,27680.79296875,28091.568359375,18655599976.0
2023-05-02,4164.10009765625,4164.10009765625,4089.719970703125,4119.580078125,4486130000.0,28087.17578125,28881.298828125,27924.123046875,28680.537109375,16432924527.0
2023-05-03,4122.25,4148.2998046875,4088.860107421875,4090.75,4246510000.0,28680.494140625,29259.533203125,28178.388671875,29006.30859375,19122972518.0
2023-05-04,4082.550048828125,4082.610107421875,4048.280029296875,4061.219970703125,4920090000.0,29031.3046875,29353.185546875,28694.0390625,28847.7109375,15548678514.0
2023-05-05,4084.72998046875,4147.02001953125,4084.72998046875,4136.25,4186270000.0,28851.48046875,29668.908203125,28845.509765625,29534.384765625,17936566518.0
2023-05-06,,,,,,29538.859375,29820.126953125,28468.966796875,28904.623046875,15913866714.0
2023-05-07,,,,,,28901.623046875,29157.517578125,28441.3671875,28454.978515625,11301355486.0
2023-05-08,4136.97998046875,4142.2998046875,4123.81005859375,4138.1201171875,3641640000.0,28450.45703125,28663.271484375,27310.134765625,27694.2734375,19122903752.0
2023-05-09,4124.25,4130.35009765625,4116.64990234375,4119.169921875,3810140000.0,27695.068359375,27821.400390625,27375.6015625,27658.775390625,14128593256.0
2023-05-10,4143.740234375,4154.27978515625,4098.919921875,4137.64013671875,4057160000.0,27654.63671875,28322.6875,26883.669921875,27621.755859375,20656025026.0
2023-05-11,4132.240234375,4132.7998046875,4109.2900390625,4130.6201171875,3752900000.0,27621.0859375,27621.94140625,26781.826171875,27000.7890625,16724343943.0
2023-05-12,4138.5400390625,4143.740234375,4099.1201171875,4124.080078125,3533740000.0,26987.662109375,27055.646484375,25878.4296875,26804.990234375,19313599897.0
2023-05-13,,,,,,26807.76953125,27030.482421875,26710.873046875,26784.078125,9999171605.0
2023-05-14,,,,,,26788.974609375,27150.9765625,26661.35546875,26930.638671875,10014858959.0
2023-05-15,4126.64990234375,4141.25,4110.27001953125,4136.27978515625,3562170000.0,26931.384765625,27646.34765625,26766.09765625,27192.693359375,14413231792.0
2023-05-16,4127.9501953125,4135.5400390625,4109.85986328125,4109.89990234375,3654200000.0,27171.513671875,27299.3046875,26878.947265625,27036.650390625,12732238816.0
2023-05-17,4122.85009765625,4164.669921875,4113.6201171875,4158.77001953125,4039080000.0,27035.470703125,27465.927734375,26600.14453125,27398.802734375,15140006925.0
2023-05-18,4157.68017578125,4202.2001953125,4153.5,4198.0498046875,3980500000.0,27401.650390625,27466.52734375,26415.1015625,26832.208984375,15222938600.0
2023-05-19,4204.14990234375,4212.91015625,4180.2001953125,4191.97998046875,4041900000.0,26826.75390625,27128.619140625,26700.2109375,26890.12890625,11258983301.0
2023-05-20,,,,,,26888.841796875,27155.158203125,26843.27734375,27129.5859375,7044911360.0
2023-05-21,,,,,,27118.423828125,27265.91796875,26706.921875,26753.826171875,8647416921.0
2023-05-22,4190.77978515625,4209.22021484375,4179.68017578125,4192.6298828125,3728520000.0,26749.892578125,27045.734375,26549.734375,26851.27734375,11056770492.0
2023-05-23,4176.7998046875,4185.68017578125,4142.5400390625,4145.580078125,4155320000.0,26855.9609375,27434.68359375,26816.1796875,27225.7265625,13697203143.0
2023-05-24,4132.9599609375,4132.9599609375,4103.97998046875,4115.240234375,0.0,27224.603515625,27224.603515625,26106.576171875,26334.818359375,16299104428.0
2023-05-25,4155.7099609375,4165.740234375,4129.72998046875,4151.27978515625,4147760000.0,26329.4609375,26591.51953125,25890.59375,26476.20703125,13851122697.0
2023-05-26,4156.16015625,4212.8701171875,4156.16015625,4205.4501953125,3715460000.0,26474.181640625,26916.669921875,26343.94921875,26719.291015625,12711619225.0
2023-05-27,,,,,,26720.181640625,26888.8828125,26621.140625,26868.353515625,7892015141.0
2023-05-28,,,,,,26871.158203125,28193.44921875,26802.751953125,28085.646484375,14545229578.0
2023-05-29,,,,,,28075.591796875,28432.0390625,27563.876953125,27745.884765625,15181308984.0
2023-05-30,4226.7099609375,4231.10009765625,4192.18017578125,4205.52001953125,4228510000.0,27745.123046875,28044.759765625,27588.501953125,27702.349609375,13251081851.0
2023-05-31,4190.740234375,4195.43994140625,4166.14990234375,4179.830078125,5980670000.0,27700.529296875,27831.677734375,26866.453125,27219.658203125,15656371534.0
2023-06-01,4183.02978515625,4232.43017578125,4171.64013671875,4221.02001953125,4391860000.0,27218.412109375,27346.10546875,26671.720703125,26819.97265625,14678970415.0
2023-06-02,4241.009765625,4290.669921875,4241.009765625,4282.3701171875,4454200000.0,26824.556640625,27303.861328125,26574.64453125,27249.58984375,14837415000.0
2023-06-03,,,,,,27252.32421875,27317.052734375,26958.00390625,27075.12890625,8385597470.0
2023-06-04,,,,,,27075.123046875,27407.01953125,26968.224609375,27119.06640625,9360912318.0
2023-06-05,4282.990234375,4299.27978515625,4266.81982421875,4273.7900390625,3813290000.0,27123.109375,27129.982421875,25445.16796875,25760.09765625,21513292646.0
2023-06-06,4271.33984375,4288.330078125,4263.08984375,4283.85009765625,3996560000.0,25732.109375,27313.8203125,25434.8671875,27238.783203125,21929670693.0
2023-06-07,4285.47021484375,4299.18994140625,4263.9599609375,4267.52001953125,4537800000.0,27235.650390625,27332.181640625,26146.98828125,26345.998046875,19530045082.0
2023-06-08,4268.68994140625,4298.009765625,4261.06982421875,4293.93017578125,3826740000.0,26347.654296875,26797.513671875,26246.6640625,26508.216796875,11904824295.0
2023-06-09,4304.8798828125,4322.6201171875,4291.7001953125,4298.85986328125,3786510000.0,26505.923828125,26770.2890625,26339.314453125,26480.375,11015551640.0
2023-06-10,,,,,,26481.76171875,26531.044921875,25501.8359375,25851.240234375,19872933189.0
2023-06-11,,,,,,25854.03125,26203.439453125,25668.986328125,25940.16796875,10732609603.0
2023-06-12,4308.31982421875,4340.1298828125,4304.3701171875,4338.93017578125,3945670000.0,25934.28515625,26087.919921875,25675.197265625,25902.5,11677889997.0
2023-06-13,4352.60986328125,4375.3701171875,4349.31005859375,4369.009765625,4275400000.0,25902.94140625,26376.3515625,25728.365234375,25918.728515625,14143474486.0
2023-06-14,4366.2900390625,4391.81982421875,4337.85009765625,4372.58984375,4252110000.0,25920.2578125,26041.80078125,24902.15234375,25124.67578125,14265717766.0
2023-06-15,4365.330078125,4439.2001953125,4362.60009765625,4425.83984375,4176690000.0,25121.673828125,25735.30859375,24797.16796875,25576.39453125,15837384409.0
2023-06-16,4440.9501953125,4448.47021484375,4407.43994140625,4409.58984375,6848600000.0,25575.283203125,26463.173828125,25245.357421875,26327.462890625,16324646965.0
2023-06-17,,,,,,26328.6796875,26769.39453125,26174.4921875,26510.67578125,11090276850.0
2023-06-18,,,,,,26510.45703125,26675.92578125,26325.890625,26336.212890625,9565695129.0
2023-06-19,,,,,,26335.44140625,26984.611328125,26312.83203125,26851.029296875,12826986222.0
2023-06-20,4396.10986328125,4400.14990234375,4367.18994140625,4388.7099609375,4055790000.0,26841.6640625,28388.96875,26668.791015625,28327.48828125,22211859147.0
2023-06-21,4380.009765625,4386.22021484375,4360.14013671875,4365.68994140625,3709330000.0,28311.310546875,30737.330078125,28283.41015625,30027.296875,33346760979.0
2023-06-22,4355.39990234375,4382.25,4351.81982421875,4381.89013671875,3511000000.0,29995.935546875,30495.998046875,29679.158203125,29912.28125,20653160491.0
2023-06-23,4354.169921875,4366.5498046875,4341.33984375,4348.330078125,6053620000.0,29896.3828125,31389.5390625,29845.21484375,30695.46875,24115570085.0
2023-06-24,,,,,,30708.73828125,30804.1484375,30290.146484375,30548.6953125,12147822496.0
2023-06-25,,,,,,30545.150390625,31041.271484375,30327.943359375,30480.26171875,12703464114.0
2023-06-26,4344.83984375,4362.06005859375,4328.080078125,4328.81982421875,3415030000.0,30480.5234375,30636.029296875,29955.744140625,30271.130859375,16493186997.0
2023-06-27,4337.35986328125,4384.419921875,4335.0,4378.41015625,3573500000.0,30274.3203125,31006.787109375,30236.650390625,30688.1640625,16428827944.0
2023-06-28,4367.47998046875,4390.35009765625,4360.22021484375,4376.85986328125,3739330000.0,30696.560546875,30703.279296875,29921.822265625,30086.24609375,14571500779.0
2023-06-29,4374.93994140625,4398.39013671875,4371.97021484375,4396.43994140625,3696660000.0,30086.1875,30796.25,30057.203125,30445.3515625,13180860821.0
2023-06-30,4422.43994140625,4458.47998046875,4422.43994140625,4450.3798828125,3923450000.0,30441.353515625,31256.86328125,29600.275390625,30477.251953125,26387306197.0
2023-07-01,,,,,,30471.84765625,30641.2890625,30328.865234375,30590.078125,9086606733.0
2023-07-02,,,,,,30587.26953125,30766.140625,30264.01953125,30620.76953125,10533418042.0
2023-07-03,4450.47998046875,4456.4599609375,4442.2900390625,4455.58984375,2034280000.0,30624.515625,31375.61328125,30586.513671875,31156.439453125,15271884873.0
2023-07-04,,,,,,31156.865234375,31325.197265625,30659.35546875,30777.58203125,12810828427.0
2023-07-05,4442.0400390625,4454.06005859375,4436.60986328125,4446.81982421875,3482620000.0,30778.724609375,30877.330078125,30225.61328125,30514.166015625,12481622280.0
2023-07-06,4422.6201171875,4422.6201171875,4385.0498046875,4411.58984375,3682020000.0,30507.150390625,31460.052734375,29892.2265625,29909.337890625,21129219509.0
2023-07-07,4404.5400390625,4440.39013671875,4397.39990234375,4398.9501953125,3630480000.0,29907.998046875,30434.64453125,29777.28515625,30342.265625,13384770155.0
2023-07-08,,,,,,30346.921875,30374.4375,30080.16015625,30292.541015625,7509378699.0
2023-07-09,,,,,,30291.611328125,30427.58984375,30085.591796875,30171.234375,7903327692.0
2023-07-10,4394.22998046875,4412.60009765625,4389.919921875,4409.52978515625,3429600000.0,30172.423828125,31026.083984375,29985.39453125,30414.470703125,14828209155.0
2023-07-11,4415.5498046875,4443.64013671875,4408.4599609375,4439.259765625,3624220000.0,30417.6328125,30788.314453125,30358.09765625,30620.951171875,12151839152.0
2023-07-12,4467.68994140625,4488.33984375,4463.22998046875,4472.16015625,3920290000.0,30622.24609375,30959.96484375,30228.8359375,30391.646484375,14805659717.0
2023-07-13,4491.5,4517.3798828125,4489.35986328125,4510.0400390625,3839530000.0,30387.48828125,31814.515625,30268.3515625,31476.048828125,23686079548.0
2023-07-14,4514.60986328125,4527.759765625,4499.56005859375,4505.419921875,3647450000.0,31474.720703125,31582.25390625,29966.38671875,30334.068359375,20917902660.0
2023-07-15,,,,,,30331.783203125,30407.78125,30263.462890625,30295.806640625,8011667756.0
2023-07-16,,,,,,30297.47265625,30437.560546875,30089.669921875,30249.1328125,8516564470.0
2023-07-17,4508.85986328125,4532.85009765625,4504.89990234375,4522.7900390625,3538240000.0,30249.626953125,30336.400390625,29685.783203125,30145.888671875,13240156074.0
2023-07-18,4521.77978515625,4562.2998046875,4514.58984375,4554.97998046875,4090010000.0,30147.0703125,30233.65625,29556.427734375,29856.5625,13138897269.0
2023-07-19,4563.8701171875,4578.43017578125,4557.47998046875,4565.72021484375,4115670000.0,29862.046875,30184.181640625,29794.26953125,29913.923828125,12128602812.0
2023-07-20,4554.3798828125,4564.740234375,4527.56005859375,4534.8701171875,3761770000.0,29915.25,30195.53125,29638.095703125,29792.015625,14655207121.0
2023-07-21,4550.16015625,4555.0,4535.7900390625,4536.33984375,3570190000.0,29805.111328125,30045.998046875,29733.8515625,29908.744140625,10972789818.0
2023-07-22,,,,,,29908.697265625,29991.615234375,29664.12109375,29771.802734375,7873300598.0
2023-07-23,,,,,,29790.111328125,30330.640625,29741.52734375,30084.5390625,9220145050.0
2023-07-24,4543.39013671875,4563.41015625,4541.2900390625,4554.64013671875,3856250000.0,30081.662109375,30093.39453125,28934.294921875,29176.916015625,15395817395.0
2023-07-25,4555.18994140625,4580.6201171875,4552.419921875,4567.4599609375,3812470000.0,29178.970703125,29353.16015625,29062.43359375,29227.390625,10266772793.0
2023-07-26,4558.9599609375,4582.47021484375,4547.580078125,4566.75,3990290000.0,29225.759765625,29675.552734375,29113.912109375,29354.97265625,13497554655.0
2023-07-27,4598.259765625,4607.06982421875,4528.56005859375,4537.41015625,4553210000.0,29353.798828125,29560.966796875,29099.3515625,29210.689453125,10770779217.0
2023-07-28,4565.75,4590.16015625,4564.009765625,4582.22998046875,3981010000.0,29212.1640625,29521.513671875,29125.845703125,29319.24609375,11218474952.0
2023-07-29,,,,,,29319.4453125,29396.84375,29264.166015625,29356.91796875,6481775959.0
2023-07-30,,,,,,29357.09375,29443.169921875,29059.501953125,29275.30859375,8678454527.0
2023-07-31,4584.81982421875,4594.22021484375,4573.14013671875,4588.9599609375,4503600000.0,29278.314453125,29489.873046875,29131.578125,29230.111328125,11656781982.0
2023-08-01,4578.830078125,4584.6201171875,4567.52978515625,4576.72998046875,4042370000.0,29230.873046875,29675.732421875,28657.0234375,29675.732421875,18272392391.0
2023-08-02,4550.93017578125,4550.93017578125,4505.75,4513.39013671875,4270710000.0,29704.146484375,29987.998046875,28946.509765625,29151.958984375,19212655598.0
2023-08-03,4494.27001953125,4519.490234375,4485.5400390625,4501.89013671875,4149120000.0,29161.8125,29375.70703125,28959.48828125,29178.6796875,12780357746.0
2023-08-04,4513.9599609375,4540.33984375,4474.5498046875,4478.02978515625,4143310000.0,29174.3828125,29302.078125,28885.3359375,29074.091796875,12036639988.0
2023-08-05,,,,,,29075.388671875,29102.46484375,28957.796875,29042.126953125,6598366353.0
2023-08-06,,,,,,29043.701171875,29160.822265625,28963.833984375,29041.85546875,7269806994.0
2023-08-07,4491.580078125,4519.83984375,4491.14990234375,4518.43994140625,3493920000.0,29038.513671875,29244.28125,28724.140625,29180.578125,13618163710.0
2023-08-08,4498.02978515625,4503.31005859375,4464.39013671875,4499.3798828125,3884910000.0,29180.01953125,30176.796875,29113.814453125,29765.4921875,17570561357.0
2023-08-09,4501.56982421875,4502.43994140625,4461.330078125,4467.7099609375,3803100000.0,29766.6953125,30093.435546875,29376.80078125,29561.494140625,18379521213.0
2023-08-10,4487.16015625,4527.3701171875,4457.919921875,4468.830078125,4504370000.0,29563.97265625,29688.564453125,29354.447265625,29429.591796875,11865344789.0
2023-08-11,4450.68994140625,4476.22998046875,4443.97998046875,4464.0498046875,3753290000.0,29424.90234375,29517.7734375,29253.517578125,29397.71484375,10195168197.0
2023-08-12,,,,,,29399.787109375,29465.11328125,29357.587890625,29415.96484375,6194358008.0
2023-08-13,,,,,,29416.59375,29441.43359375,29265.806640625,29282.9140625,7329897180.0
2023-08-14,4458.1298828125,4490.330078125,4453.43994140625,4489.72021484375,3896410000.0,29283.263671875,29660.25390625,29124.10546875,29408.443359375,14013695304.0
2023-08-15,4478.8701171875,4478.8701171875,4432.18994140625,4437.85986328125,3832250000.0,29408.048828125,29439.12109375,29088.853515625,29170.34765625,12640195779.0
2023-08-16,4433.7900390625,4449.9501953125,4403.5498046875,4404.330078125,3753910000.0,29169.07421875,29221.9765625,28701.779296875,28701.779296875,14949271904.0
2023-08-17,4416.31982421875,4421.169921875,4364.830078125,4370.35986328125,3943700000.0,28699.802734375,28745.947265625,25409.111328125,26664.55078125,31120851211.0
2023-08-18,4344.8798828125,4381.81982421875,4335.31005859375,4369.7099609375,3940400000.0,26636.078125,26808.1953125,25668.921875,26049.556640625,24026236529.0
2023-08-19,,,,,,26047.83203125,26249.44921875,25802.408203125,26096.205078125,10631443812.0
2023-08-20,,,,,,26096.861328125,26260.681640625,26004.314453125,26189.583984375,9036580420.0
2023-08-21,4380.27978515625,4407.5498046875,4360.2998046875,4399.77001953125,3726850000.0,26188.69140625,26220.201171875,25846.087890625,26124.140625,13371557893.0
2023-08-22,4415.330078125,4418.58984375,4382.77001953125,4387.5498046875,3522760000.0,26130.748046875,26135.5078125,25520.728515625,26031.65625,14503820706.0
2023-08-23,4396.43994140625,4443.18017578125,4396.43994140625,4436.009765625,3837270000.0,26040.474609375,26786.8984375,25804.998046875,26431.640625,16985265785.0
2023-08-24,4455.16015625,4458.2998046875,4375.5498046875,4376.31005859375,3723470000.0,26431.51953125,26554.91015625,25914.92578125,26162.373046875,12871532023.0
2023-08-25,4389.3798828125,4418.4599609375,4356.2900390625,4405.7099609375,3296180000.0,26163.6796875,26248.103515625,25786.8125,26047.66796875,12406045118.0
2023-08-26,,,,,,26047.234375,26107.384765625,25983.87890625,26008.462890625,6034817316.0
2023-08-27,,,,,,26008.2421875,26165.373046875,25965.09765625,26089.693359375,6913768611.0
2023-08-28,4426.02978515625,4439.56005859375,4414.97998046875,4433.31005859375,2957230000.0,26089.615234375,26198.578125,25880.599609375,26106.150390625,11002805166.0
2023-08-29,4432.75,4500.14013671875,4431.68017578125,4497.6298828125,3354820000.0,26102.486328125,28089.337890625,25912.62890625,27727.392578125,29368391712.0
2023-08-30,4500.33984375,4521.64990234375,4493.58984375,4514.8701171875,3064110000.0,27726.083984375,27760.16015625,27069.20703125,27297.265625,16343655235.0
2023-08-31,4517.009765625,4532.259765625,4507.39013671875,4507.66015625,3946360000.0,27301.9296875,27456.078125,25752.9296875,25931.47265625,20181001451.0
2023-09-01,4530.60009765625,4541.25,4501.35009765625,4515.77001953125,3246260000.0,25934.021484375,26125.869140625,25362.609375,25800.724609375,17202862221.0
2023-09-02,,,,,,25800.91015625,25970.28515625,25753.09375,25868.798828125,10100387473.0
2023-09-03,,,,,,25869.47265625,26087.1484375,25817.03125,25969.56640625,8962524523.0
2023-09-04,,,,,,25968.169921875,26081.525390625,25657.025390625,25812.416015625,10680635106.0
2023-09-05,4510.06005859375,4514.2900390625,4496.009765625,4496.830078125,3526250000.0,25814.95703125,25858.375,25589.98828125,25779.982421875,11094740040.0
2023-09-06,4490.35009765625,4490.35009765625,4442.3798828125,4465.47998046875,3418850000.0,25783.931640625,25953.015625,25404.359375,25753.236328125,12752705327.0
2023-09-07,4434.5498046875,4457.81005859375,4430.4599609375,4451.14013671875,3763760000.0,25748.3125,26409.302734375,25608.201171875,26240.1953125,11088307100.0
2023-09-08,4451.2998046875,4473.52978515625,4448.3798828125,4457.490234375,3259290000.0,26245.208984375,26414.005859375,25677.48046875,25905.654296875,10817356400.0
2023-09-09,,,,,,25905.42578125,25921.9765625,25810.494140625,25895.677734375,5481314132.0
2023-09-10,,,,,,25895.2109375,25978.130859375,25640.26171875,25832.2265625,7899553047.0
2023-09-11,4480.97998046875,4490.77001953125,4467.89013671875,4487.4599609375,3369920000.0,25831.71484375,25883.947265625,24930.296875,25162.654296875,14600006467.0
2023-09-12,4473.27001953125,4487.10986328125,4456.830078125,4461.89990234375,3435740000.0,25160.658203125,26451.939453125,25133.078125,25833.34375,18657279324.0
2023-09-13,4462.64990234375,4479.39013671875,4453.52001953125,4467.43994140625,3529430000.0,25837.5546875,26376.11328125,25781.123046875,26228.32421875,13072077070.0
2023-09-14,4487.77978515625,4511.990234375,4478.68994140625,4505.10009765625,3648720000.0,26228.27734375,26774.623046875,26171.451171875,26539.673828125,13811359124.0
2023-09-15,4497.97998046875,4497.97998046875,4447.2099609375,4450.31982421875,6932230000.0,26533.818359375,26840.498046875,26240.701171875,26608.693359375,11479735788.0
2023-09-16,,,,,,26606.19921875,26754.76953125,26473.890625,26568.28125,7402031417.0
2023-09-17,,,,,,26567.927734375,26617.998046875,26445.07421875,26534.1875,6774210670.0
2023-09-18,4445.1298828125,4466.35986328125,4442.10986328125,4453.52978515625,3161230000.0,26532.994140625,27414.734375,26415.515625,26754.28125,15615339655.0
2023-09-19,4445.41015625,4449.85009765625,4416.60986328125,4443.9501953125,3614880000.0,26760.8515625,27488.763671875,26681.60546875,27211.1171875,13807690550.0
2023-09-20,4452.81005859375,4461.02978515625,4401.3798828125,4402.2001953125,3308450000.0,27210.228515625,27379.505859375,26864.08203125,27132.0078125,13281116604.0
2023-09-21,4374.35986328125,4375.7001953125,4329.169921875,4330.0,3662340000.0,27129.83984375,27152.939453125,26389.30078125,26567.6328125,13371443708.0
2023-09-22,4341.740234375,4357.39990234375,4316.490234375,4320.06005859375,3349570000.0,26564.056640625,26726.078125,26495.533203125,26579.568359375,10578746709.0
2023-09-23,,,,,,26578.556640625,26634.185546875,26520.51953125,26579.390625,7404700301.0
2023-09-24,,,,,,26579.373046875,26716.05859375,26221.05078125,26256.826171875,8192867686.0
2023-09-25,4310.6201171875,4338.509765625,4302.7001953125,4337.43994140625,3195650000.0,26253.775390625,26421.5078125,26011.46875,26298.48046875,11997833257.0
2023-09-26,4312.8798828125,4313.009765625,4265.97998046875,4273.52978515625,3472340000.0,26294.7578125,26389.884765625,26090.712890625,26217.25,9985498161.0
2023-09-27,4282.6298828125,4292.06982421875,4238.6298828125,4274.509765625,3875880000.0,26209.498046875,26817.841796875,26111.46484375,26352.716796875,11718380997.0
2023-09-28,4269.64990234375,4317.27001953125,4264.3798828125,4299.7001953125,3846230000.0,26355.8125,27259.5,26327.322265625,27021.546875,14079002707.0
2023-09-29,4328.18017578125,4333.14990234375,4274.85986328125,4288.0498046875,3865960000.0,27024.841796875,27225.9375,26721.763671875,26911.720703125,10396435377.0
2023-09-30,,,,,,26911.689453125,27091.794921875,26888.96875,26967.916015625,5331172801.0
2023-10-01,,,,,,26967.396484375,28047.23828125,26965.09375,27983.75,9503917434.0
2023-10-02,4284.52001953125,4300.580078125,4260.2099609375,4288.39013671875,3938660000.0,27976.798828125,28494.458984375,27347.787109375,27530.78515625,19793041322.0
2023-10-03,4269.75,4281.14990234375,4216.4501953125,4229.4501953125,3953830000.0,27508.251953125,27667.19140625,27216.001953125,27429.978515625,11407814187.0
2023-10-04,4233.830078125,4268.5,4220.47998046875,4263.75,3777600000.0,27429.07421875,27826.658203125,27248.10546875,27799.39453125,11143355314.0
2023-10-05,4259.31005859375,4267.1298828125,4225.91015625,4258.18994140625,3581470000.0,27798.646484375,28091.861328125,27375.6015625,27415.912109375,11877253670.0
2023-10-06,4234.7900390625,4324.10009765625,4219.5498046875,4308.5,3902030000.0,27412.123046875,28252.537109375,27215.552734375,27946.59765625,13492391599.0
2023-10-07,,,,,,27946.78125,28028.091796875,27870.423828125,27968.83984375,6553044316.0
2023-10-08,,,,,,27971.677734375,28102.169921875,27740.662109375,27935.08984375,7916875290.0
2023-10-09,4289.02001953125,4341.72998046875,4283.7900390625,4335.66015625,3174630000.0,27934.47265625,27989.470703125,27302.5625,27583.677734375,12007668568.0
2023-10-10,4339.75,4385.4599609375,4339.64013671875,4358.240234375,3520240000.0,27589.201171875,27715.84765625,27301.654296875,27391.01953125,9973350678.0
2023-10-11,4366.58984375,4378.64013671875,4345.33984375,4376.9501953125,3601660000.0,27392.076171875,27474.115234375,26561.099609375,26873.3203125,13648094333.0
2023-10-12,4380.93994140625,4385.85009765625,4325.43017578125,4349.60986328125,3713140000.0,26873.29296875,26921.439453125,26558.3203125,26756.798828125,9392909295.0
2023-10-13,4360.490234375,4377.10009765625,4311.97021484375,4327.77978515625,3566560000.0,26752.87890625,27092.697265625,26686.322265625,26862.375,15165312851.0
2023-10-14,,,,,,26866.203125,26969.0,26814.5859375,26861.70703125,5388116782.0
2023-10-15,,,,,,26858.01171875,27289.169921875,26817.89453125,27159.65234375,7098201980.0
2023-10-16,4342.3701171875,4383.330078125,4342.3701171875,4373.6298828125,3409960000.0,27162.62890625,29448.138671875,27130.47265625,28519.466796875,27833876539.0
2023-10-17,4345.22998046875,4393.56982421875,4337.5400390625,4373.2001953125,3794850000.0,28522.09765625,28618.751953125,28110.185546875,28415.748046875,14872527508.0
2023-10-18,4357.35009765625,4364.2001953125,4303.83984375,4314.60009765625,3686030000.0,28413.53125,28889.009765625,28174.251953125,28328.341796875,12724128586.0
2023-10-19,4321.35986328125,4339.5400390625,4269.68994140625,4278.0,3969730000.0,28332.416015625,28892.474609375,28177.98828125,28719.806640625,14448058195.0
2023-10-20,4273.85009765625,4276.56005859375,4223.02978515625,4224.16015625,4004030000.0,28732.8125,30104.0859375,28601.669921875,29682.94921875,21536125230.0
2023-10-21,,,,,,29683.380859375,30287.482421875,29481.751953125,29918.412109375,11541146996.0
2023-10-22,,,,,,29918.654296875,30199.43359375,29720.3125,29993.896484375,10446520040.0
2023-10-23,4210.39990234375,4255.83984375,4189.22021484375,4217.0400390625,3776100000.0,30140.685546875,34370.4375,30097.828125,33086.234375,38363572311.0
2023-10-24,4235.7900390625,4259.3798828125,4219.43017578125,4247.68017578125,3821820000.0,33077.3046875,35150.43359375,32880.76171875,33901.52734375,44934999645.0
2023-10-25,4232.419921875,4232.419921875,4181.419921875,4186.77001953125,3869370000.0,33916.04296875,35133.7578125,33709.109375,34502.8203125,25254318008.0
2023-10-26,4175.990234375,4183.60009765625,4127.89990234375,4137.22998046875,4277640000.0,34504.2890625,34832.91015625,33762.32421875,34156.6484375,19427195376.0
2023-10-27,4152.93017578125,4156.7001953125,4103.77978515625,4117.3701171875,4019500000.0,34156.5,34238.2109375,33416.88671875,33909.80078125,16418032871.0
2023-10-28,,,,,,33907.72265625,34399.390625,33874.8046875,34089.57421875,10160330825.0
2023-10-29,,,,,,34089.37109375,34743.26171875,33947.56640625,34538.48046875,11160323986.0
2023-10-30,4139.39013671875,4177.47021484375,4132.93994140625,4166.81982421875,3911140000.0,34531.7421875,34843.93359375,34110.97265625,34502.36328125,17184860315.0
2023-10-31,4171.330078125,4195.5498046875,4153.1201171875,4193.7998046875,4249470000.0,34500.078125,34719.25390625,34083.30859375,34667.78125,15758270810.0
2023-11-01,4201.27001953125,4245.64013671875,4197.740234375,4237.85986328125,4224900000.0,34657.2734375,35527.9296875,34170.69140625,35437.25390625,22446272005.0
2023-11-02,4268.259765625,4319.72021484375,4268.259765625,4317.77978515625,4669780000.0,35441.578125,35919.84375,34401.57421875,34938.2421875,20998158544.0
2023-11-03,4334.22998046875,4373.6201171875,4334.22998046875,4358.33984375,4570960000.0,34942.47265625,34942.47265625,34133.44140625,34732.32421875,17158456701.0
2023-11-04,,,,,,34736.32421875,35256.03125,34616.69140625,35082.1953125,9561294264.0
2023-11-05,,,,,,35090.01171875,35340.33984375,34594.2421875,35049.35546875,12412743996.0
2023-11-06,4364.27001953125,4372.2099609375,4347.52978515625,4365.97998046875,3656340000.0,35044.7890625,35286.02734375,34765.36328125,35037.37109375,12693436420.0
2023-11-07,4366.2099609375,4386.259765625,4355.41015625,4378.3798828125,3791230000.0,35047.79296875,35892.41796875,34545.81640625,35443.5625,18834737789.0
2023-11-08,4384.3701171875,4391.2001953125,4359.759765625,4382.77978515625,3729510000.0,35419.4765625,35994.41796875,35147.80078125,35655.27734375,17295394918.0
2023-11-09,4391.41015625,4393.39990234375,4343.93994140625,4347.35009765625,3900780000.0,35633.6328125,37926.2578125,35592.1015625,36693.125,37762672382.0
2023-11-10,4364.14990234375,4418.02978515625,4353.33984375,4415.240234375,3665080000.0,36702.25,37493.80078125,36362.75390625,37313.96875,22711265155.0
2023-11-11,,,,,,37310.0703125,37407.09375,36773.66796875,37138.05078125,13924272142.0
2023-11-12,,,,,,37133.9921875,37227.69140625,36779.1171875,37054.51953125,11545715999.0
2023-11-13,4406.66015625,4421.759765625,4393.81982421875,4411.5498046875,3326240000.0,37070.3046875,37405.1171875,36399.60546875,36502.35546875,19057712790.0
2023-11-14,4458.97021484375,4508.669921875,4458.97021484375,4495.7001953125,4700350000.0,36491.7890625,36753.3515625,34948.5,35537.640625,23857403554.0
2023-11-15,4505.2998046875,4521.169921875,4495.31005859375,4502.8798828125,4347170000.0,35548.11328125,37964.89453125,35383.78125,37880.58203125,27365821679.0
2023-11-16,4497.080078125,4511.990234375,4487.830078125,4508.240234375,3964520000.0,37879.98046875,37934.625,35545.47265625,36154.76953125,26007385366.0
2023-11-17,4509.5498046875,4520.1201171875,4499.66015625,4514.02001953125,3777240000.0,36164.82421875,36704.484375,35901.234375,36596.68359375,22445028430.0
2023-11-18,,,,,,36625.37109375,36839.28125,36233.3125,36585.703125,11886022717.0
2023-11-19,,,,,,36585.765625,37509.35546875,36414.59765625,37386.546875,12915986553.0
2023-11-20,4511.7001953125,4557.10986328125,4510.35986328125,4547.3798828125,3644790000.0,37374.07421875,37756.8203125,36882.53125,37476.95703125,20888209068.0
2023-11-21,4538.77001953125,4542.14013671875,4525.509765625,4538.18994140625,3511080000.0,37469.16015625,37631.140625,35813.8125,35813.8125,25172163756.0
2023-11-22,4553.0400390625,4568.43017578125,4545.0498046875,4556.6201171875,3042810000.0,35756.5546875,37856.98046875,35670.97265625,37432.33984375,24397247860.0
2023-11-23,,,,,,37420.43359375,37643.91796875,36923.86328125,37289.62109375,14214948217.0
2023-11-24,4555.83984375,4560.31005859375,4552.7998046875,4559.33984375,1639500000.0,37296.31640625,38415.33984375,37261.60546875,37720.28125,22922957823.0
2023-11-25,,,,,,37721.4140625,37892.4296875,37617.41796875,37796.79296875,9099571165.0
2023-11-26,,,,,,37796.828125,37820.30078125,37162.75,37479.12109375,13744796068.0
2023-11-27,4554.85986328125,4560.52001953125,4546.31982421875,4550.43017578125,3403990000.0,37454.19140625,37559.35546875,36750.12890625,37254.16796875,19002925720.0
2023-11-28,4545.5498046875,4568.14013671875,4540.509765625,4554.89013671875,3586240000.0,37247.9921875,38368.48046875,36891.08984375,37831.0859375,21696137014.0
2023-11-29,4571.83984375,4587.64013671875,4547.14990234375,4550.580078125,4418760000.0,37826.10546875,38366.11328125,37612.6328125,37858.4921875,20728546658.0
2023-11-30,4554.8701171875,4569.89013671875,4537.240234375,4567.7998046875,5399300000.0,37861.1171875,38141.75390625,37531.140625,37712.74609375,18115982627.0
2023-12-01,4559.43017578125,4599.39013671875,4554.7099609375,4594.6298828125,4397120000.0,37718.0078125,38954.109375,37629.359375,38688.75,23512784002.0
2023-12-02,,,,,,38689.27734375,39678.9375,38652.59375,39476.33203125,15534035612.0
2023-12-03,,,,,,39472.20703125,40135.60546875,39298.1640625,39978.390625,15769696322.0
2023-12-04,4564.3701171875,4572.3701171875,4546.72021484375,4569.77978515625,4369910000.0,39978.62890625,42371.75,39978.62890625,41980.09765625,39856129827.0
2023-12-05,4557.25,4578.56005859375,4551.68017578125,4567.18017578125,3909950000.0,41986.265625,44408.6640625,41421.1484375,44080.6484375,36312154535.0
2023-12-06,4586.22998046875,4590.740234375,4546.5,4549.33984375,4245680000.0,44080.0234375,44265.76953125,43478.08203125,43746.4453125,29909761586.0
2023-12-07,4568.83984375,4590.919921875,4565.22021484375,4585.58984375,3818880000.0,43769.1328125,44042.58984375,42880.6484375,43292.6640625,27635760671.0
2023-12-08,4576.2001953125,4609.22998046875,4574.06005859375,4604.3701171875,3707010000.0,43293.13671875,44705.515625,43125.296875,44166.6015625,24421116687.0
2023-12-09,,,,,,44180.01953125,44361.2578125,43627.59765625,43725.984375,17368210171.0
2023-12-10,,,,,,43728.3828125,44034.625,43593.28515625,43779.69921875,13000481418.0
2023-12-11,4593.39013671875,4623.7099609375,4593.39013671875,4622.43994140625,3823210000.0,43792.01953125,43808.375,40234.578125,41243.83203125,40632672038.0
2023-12-12,4618.2998046875,4643.93017578125,4608.08984375,4643.7001953125,3808380000.0,41238.734375,42048.3046875,40667.5625,41450.22265625,24779520132.0
2023-12-13,4646.2001953125,4709.68994140625,4643.22998046875,4707.08984375,5063650000.0,41468.46484375,43429.78125,40676.8671875,42890.7421875,26797884674.0
2023-12-14,4721.0400390625,4738.56982421875,4694.33984375,4719.5498046875,6314040000.0,42884.26171875,43390.859375,41767.08984375,43023.97265625,25578530178.0
2023-12-15,4714.22998046875,4725.52978515625,4704.68994140625,4719.18994140625,8218980000.0,43028.25,43087.82421875,41692.96875,41929.7578125,19639442462.0
2023-12-16,,,,,,41937.7421875,42664.9453125,41723.11328125,42240.1171875,14386729590.0
2023-12-17,,,,,,42236.109375,42359.49609375,41274.54296875,41364.6640625,16678702876.0
2023-12-18,4725.580078125,4749.52001953125,4725.580078125,4740.56005859375,4060340000.0,41348.203125,42720.296875,40530.2578125,42623.5390625,25224642008.0
2023-12-19,4743.72021484375,4768.68994140625,4743.72021484375,4768.3701171875,4026970000.0,42641.51171875,43354.296875,41826.3359375,42270.52734375,23171001281.0
2023-12-20,4764.72998046875,4778.009765625,4697.81982421875,4698.35009765625,4201320000.0,42261.30078125,44275.5859375,42223.81640625,43652.25,27868908174.0
2023-12-21,4724.2900390625,4748.7099609375,4708.35009765625,4746.75,3431180000.0,43648.125,44240.66796875,43330.05078125,43869.15234375,22452766169.0
2023-12-22,4753.919921875,4772.93994140625,4736.77001953125,4754.6298828125,3046770000.0,43868.98828125,44367.95703125,43441.96875,43997.90234375,21028503216.0
2023-12-23,,,,,,44012.19921875,44015.69921875,43351.35546875,43739.54296875,13507796558.0
2023-12-24,,,,,,43728.3671875,43945.5234375,42786.91796875,43016.1171875,18830554085.0
2023-12-25,,,,,,43010.57421875,43765.09375,42765.76953125,43613.140625,21115795370.0
2023-12-26,4758.85986328125,4784.72021484375,4758.4501953125,4774.75,2513910000.0,43599.84765625,43603.17578125,41676.48828125,42520.40234375,30026850982.0
2023-12-27,4773.4501953125,4785.39013671875,4768.89990234375,4781.580078125,2748450000.0,42518.46875,43683.16015625,42167.58203125,43442.85546875,25260941032.0
2023-12-28,4786.43994140625,4793.2998046875,4780.97998046875,4783.35009765625,2698860000.0,43468.19921875,43804.78125,42318.55078125,42627.85546875,22992093014.0
2023-12-29,4782.8798828125,4788.43017578125,4751.990234375,4769.830078125,3126060000.0,42614.64453125,43124.32421875,41424.0625,42099.40234375,26000021055.0
2023-12-30,,,,,,42091.75390625,42584.125,41556.2265625,42156.90234375,16013925945.0
2023-12-31,,,,,,42152.09765625,42860.9375,41998.25390625,42265.1875,16397498810.0
2024-01-01,,,,,,42280.234375,44175.4375,42214.9765625,44167.33203125,18426978443.0
2024-01-02,4745.2001953125,4754.330078125,4722.669921875,4742.830078125,3743050000.0,44187.140625,45899.70703125,44176.94921875,44957.96875,39335274536.0
2024-01-03,4725.06982421875,4729.2900390625,4699.7099609375,4704.81005859375,3950760000.0,44961.6015625,45503.2421875,40813.53515625,42848.17578125,46342323118.0
2024-01-04,4697.419921875,4726.77978515625,4687.52978515625,4688.68017578125,3715480000.0,42855.81640625,44770.0234375,42675.17578125,44179.921875,30448091210.0
2024-01-05,4690.56982421875,4721.490234375,4682.10986328125,4697.240234375,3844370000.0,44192.98046875,44353.28515625,42784.71875,44162.69140625,32336029347.0
2024-01-06,,,,,,44178.953125,44227.6328125,43475.15625,43989.1953125,16092503468.0
2024-01-07,,,,,,43998.46484375,44495.5703125,43662.23046875,43943.09765625,19330573863.0
2024-01-08,4703.7001953125,4764.5400390625,4699.81982421875,4763.5400390625,3742320000.0,43948.70703125,47218.0,43244.08203125,46970.50390625,42746192015.0
2024-01-09,4741.93017578125,4765.47021484375,4730.35009765625,4756.5,3529960000.0,46987.640625,47893.69921875,45244.71484375,46139.73046875,39821290992.0
2024-01-10,4759.93994140625,4790.7998046875,4756.2001953125,4783.4501953125,3498680000.0,46121.5390625,47647.22265625,44483.15234375,46627.77734375,50114613298.0
2024-01-11,4792.1298828125,4798.5,4739.580078125,4780.240234375,3759890000.0,46656.07421875,48969.37109375,45678.64453125,46368.5859375,45833734549.0
2024-01-12,4791.18017578125,4802.39990234375,4768.97998046875,4783.830078125,3486340000.0,46354.79296875,46498.13671875,41903.76953125,42853.16796875,43332698900.0
2024-01-13,,,,,,42799.4453125,43234.66015625,42464.14453125,42842.3828125,20601860469.0
2024-01-14,,,,,,42842.26171875,43065.59765625,41724.61328125,41796.26953125,17521429522.0
2024-01-15,,,,,,41715.06640625,43319.72265625,41705.41796875,42511.96875,22320220558.0
2024-01-16,4772.35009765625,4782.33984375,4747.1201171875,4765.97998046875,4260550000.0,42499.3359375,43566.2734375,42085.99609375,43154.9453125,24062872740.0
2024-01-17,4739.1298828125,4744.22998046875,4714.81982421875,4739.2099609375,3928600000.0,43132.1015625,43189.890625,42189.30859375,42742.65234375,20851232595.0
2024-01-18,4760.10009765625,4785.7900390625,4740.56982421875,4780.93994140625,4019000000.0,42742.3125,42876.34765625,40631.171875,41262.05859375,25218357242.0
2024-01-19,4796.27978515625,4842.06982421875,4785.8701171875,4839.81005859375,4287200000.0,41278.4609375,42134.16015625,40297.45703125,41618.40625,25752407154.0
2024-01-20,,,,,,41624.58984375,41877.89453125,41446.82421875,41665.5859375,11586690904.0
2024-01-21,,,,,,41671.48828125,41855.3671875,41497.0078125,41545.78515625,9344043642.0
2024-01-22,4853.419921875,4868.41015625,4844.0498046875,4850.43017578125,4297610000.0,41553.65234375,41651.20703125,39450.1171875,39507.3671875,31338708143.0
2024-01-23,4856.7998046875,4866.47998046875,4844.3701171875,4864.60009765625,3912800000.0,39518.71484375,40127.3515625,38521.89453125,39845.55078125,29244553045.0
2024-01-24,4888.56005859375,4903.68017578125,4865.93994140625,4868.5498046875,4330030000.0,39877.59375,40483.78515625,39508.796875,40077.07421875,22359526178.0
2024-01-25,4886.66015625,4898.14990234375,4869.33984375,4894.16015625,4020430000.0,40075.55078125,40254.48046875,39545.6640625,39933.80859375,18491782013.0
2024-01-26,4888.91015625,4906.68994140625,4881.47021484375,4890.97021484375,3353400000.0,39936.81640625,42209.38671875,39825.69140625,41816.87109375,25598119893.0
2024-01-27,,,,,,41815.625,42195.6328125,41431.28125,42120.0546875,11422941934.0
2024-01-28,,,,,,42126.125,42797.17578125,41696.91015625,42035.59375,16858971687.0
2024-01-29,4892.9501953125,4929.31005859375,4887.39990234375,4927.93017578125,3525160000.0,42030.9140625,43305.8671875,41818.33203125,43288.24609375,20668476578.0
2024-01-30,4925.89013671875,4931.08984375,4916.27001953125,4924.97021484375,3836130000.0,43300.2265625,43838.9453125,42711.37109375,42952.609375,23842814518.0
2024-01-31,4899.18994140625,4906.75,4845.14990234375,4845.64990234375,4696120000.0,42946.25,43717.40625,42298.9453125,42582.60546875,24673628793.0
2024-02-01,4861.10986328125,4906.97021484375,4853.52001953125,4906.18994140625,4386090000.0,42569.76171875,43243.16796875,41879.19140625,43075.7734375,21423953779.0
2024-02-02,4916.06005859375,4975.2900390625,4907.990234375,4958.60986328125,3974350000.0,43077.640625,43422.48828125,42584.3359375,43185.859375,18603843039.0
2024-02-03,,,,,,43184.96484375,43359.94140625,42890.80859375,42992.25,11169245236.0
2024-02-04,,,,,,42994.94140625,43097.64453125,42374.83203125,42583.58203125,14802225490.0
2024-02-05,4957.18994140625,4957.18994140625,4918.08984375,4942.81005859375,4023640000.0,42577.62109375,43494.25,42264.81640625,42658.66796875,18715487317.0
2024-02-06,4950.16015625,4957.77001953125,4934.8798828125,4954.22998046875,4440880000.0,42657.390625,43344.1484375,42529.01953125,43084.671875,16798476726.0
2024-02-07,4973.0498046875,4999.89013671875,4969.0498046875,4995.06005859375,4895590000.0,43090.01953125,44341.94921875,42775.95703125,44318.22265625,21126587775.0
2024-02-08,4995.16015625,5000.39990234375,4987.08984375,4997.91015625,4341860000.0,44332.125,45575.83984375,44332.125,45301.56640625,26154524080.0
2024-02-09,5004.169921875,5030.06005859375,5000.33984375,5026.60986328125,3912990000.0,45297.3828125,48152.49609375,45260.82421875,47147.19921875,39316770844.0
2024-02-10,,,,,,47153.52734375,48146.171875,46905.3203125,47771.27734375,16398681570.0
2024-02-11,,,,,,47768.96875,48535.9375,47617.40625,48293.91796875,19315867136.0
2024-02-12,5026.830078125,5048.39013671875,5016.830078125,5021.83984375,3805740000.0,48296.38671875,50280.4765625,47745.76171875,49958.22265625,34511985805.0
2024-02-13,4967.93994140625,4971.2998046875,4920.31005859375,4953.169921875,4302190000.0,49941.359375,50358.390625,48406.49609375,49742.44140625,35593051468.0
2024-02-14,4976.43994140625,5002.52001953125,4956.4501953125,5000.6201171875,3845600000.0,49733.4453125,52021.37109375,49296.83203125,51826.6953125,39105608050.0
2024-02-15,5003.14013671875,5032.72021484375,4999.43994140625,5029.72998046875,4137970000.0,51836.78515625,52820.06640625,51371.62890625,51938.5546875,38564360533.0
2024-02-16,5031.1298828125,5038.7001953125,4999.52001953125,5005.56982421875,3833270000.0,51937.7265625,52537.96875,51641.3671875,52160.203125,28180567298.0
2024-02-17,,,,,,52161.67578125,52191.9140625,50669.66796875,51662.99609375,20009091006.0
2024-02-18,,,,,,51661.96875,52356.96484375,51233.70703125,52122.546875,17595377311.0
2024-02-19,,,,,,52134.8125,52483.32421875,51711.8203125,51779.14453125,21362184346.0
2024-02-20,4989.31982421875,4993.7099609375,4955.02001953125,4975.509765625,4034880000.0,51777.7265625,52945.05078125,50792.3125,52284.875,33353758256.0
2024-02-21,4963.02978515625,4983.2099609375,4946.0,4981.7998046875,3788390000.0,52273.53515625,52368.81640625,50671.7578125,51839.1796875,28624907020.0
2024-02-22,5038.830078125,5094.39013671875,5038.830078125,5087.02978515625,4051710000.0,51854.64453125,52009.61328125,50926.29296875,51304.97265625,25413900611.0
2024-02-23,5100.919921875,5111.06005859375,5081.4599609375,5088.7998046875,3672790000.0,51283.90625,51497.93359375,50561.77734375,50731.94921875,21427078270.0
2024-02-24,,,,,,50736.37109375,51684.1953125,50585.4453125,51571.1015625,15174077879.0
2024-02-25,,,,,,51565.21484375,51950.02734375,51306.171875,51733.23828125,15413239245.0
2024-02-26,5093.0,5097.66015625,5068.91015625,5069.52978515625,3683930000.0,51730.5390625,54938.17578125,50931.03125,54522.40234375,34074411896.0
2024-02-27,5074.60009765625,5080.68994140625,5057.2900390625,5078.18017578125,3925950000.0,54519.36328125,57537.83984375,54484.19921875,57085.37109375,49756832031.0
2024-02-28,5067.2001953125,5077.3701171875,5058.35009765625,5069.759765625,3789370000.0,57071.09765625,63913.1328125,56738.42578125,62504.7890625,83239156760.0
2024-02-29,5085.35986328125,5104.990234375,5061.89013671875,5096.27001953125,5219740000.0,62499.18359375,63585.64453125,60498.73046875,61198.3828125,65496611844.0
2024-03-01,5098.509765625,5140.330078125,5094.16015625,5137.080078125,4748110000.0,61168.0625,63155.1015625,60802.52734375,62440.6328125,40186368423.0
2024-03-02,,,,,,62431.65234375,62458.69921875,61657.2890625,62029.84765625,23888473685.0
2024-03-03,,,,,,62031.578125,63230.2109375,61435.0234375,63167.37109375,26253811450.0
2024-03-04,5130.990234375,5149.669921875,5127.18017578125,5130.9501953125,4758440000.0,63137.00390625,68537.03125,62386.51953125,68330.4140625,70670471105.0
2024-03-05,5110.52001953125,5114.5400390625,5056.81982421875,5078.64990234375,4418410000.0,68341.0546875,69170.625,59323.91015625,63801.19921875,102802940877.0
2024-03-06,5108.02978515625,5127.97021484375,5092.22021484375,5104.759765625,4559050000.0,63776.05078125,67637.9296875,62848.671875,66106.8046875,68750229073.0
2024-03-07,5132.3798828125,5165.6201171875,5128.2099609375,5157.35986328125,4137980000.0,66099.7421875,68029.921875,65655.53125,66925.484375,46989543159.0
2024-03-08,5164.4599609375,5189.259765625,5117.5,5123.68994140625,4208870000.0,66938.09375,70083.0546875,66230.453125,68300.09375,59202881172.0
2024-03-09,,,,,,68299.2578125,68673.0546875,68053.125,68498.8828125,21609650379.0
2024-03-10,,,,,,68500.2578125,70005.203125,68239.9765625,69019.7890625,35683977532.0
2024-03-11,5111.9599609375,5124.66015625,5091.14013671875,5117.93994140625,3896430000.0,69020.546875,72850.7109375,67194.8828125,72123.90625,65716656765.0
2024-03-12,5134.2998046875,5179.8701171875,5114.47998046875,5175.27001953125,4080510000.0,72125.125,72825.65625,68728.8515625,71481.2890625,62554434520.0
2024-03-13,5173.490234375,5179.14013671875,5151.8798828125,5165.31005859375,4282890000.0,71482.1171875,73637.4765625,71334.09375,73083.5,48212536929.0
2024-03-14,5175.14013671875,5176.85009765625,5123.2998046875,5150.47998046875,4687970000.0,73079.375,73750.0703125,68563.0234375,71396.59375,59594605698.0
2024-03-15,5123.31005859375,5136.85986328125,5104.35009765625,5117.08984375,7753670000.0,71387.875,72357.1328125,65630.6953125,69403.7734375,78320453976.0
2024-03-16,,,,,,69392.484375,70046.2734375,64801.39453125,65315.1171875,46842198371.0
2024-03-17,,,,,,65316.34375,68845.71875,64545.31640625,68390.625,44716864318.0
2024-03-18,5154.77001953125,5175.60009765625,5145.47021484375,5149.419921875,4036220000.0,68371.3046875,68897.1328125,66594.2265625,67548.59375,49261579492.0
2024-03-19,5139.08984375,5180.31005859375,5131.58984375,5178.509765625,4031760000.0,67556.1328125,68106.9296875,61536.1796875,61912.7734375,74215844794.0
2024-03-20,5181.68994140625,5226.18994140625,5171.5498046875,5224.6201171875,4064850000.0,61930.15625,68115.2578125,60807.78515625,67913.671875,66792634382.0
2024-03-21,5253.43017578125,5261.10009765625,5240.66015625,5241.52978515625,4207730000.0,67911.5859375,68199.9921875,64580.91796875,65491.390625,44480350565.0
2024-03-22,5242.47998046875,5246.08984375,5229.8701171875,5234.18017578125,3374700000.0,65489.9296875,66623.75,62355.37109375,63778.76171875,41401116964.0
2024-03-23,,,,,,63802.72265625,65976.3984375,63038.4921875,64062.203125,24738964812.0
2024-03-24,,,,,,64070.75390625,67622.7578125,63825.8515625,67234.171875,27206630673.0
2024-03-25,5219.52001953125,5229.08984375,5216.08984375,5218.18994140625,3331360000.0,67234.09375,71162.59375,66414.8359375,69958.8125,42700139523.0
2024-03-26,5228.85009765625,5235.16015625,5203.419921875,5203.580078125,3871790000.0,69931.328125,71535.7421875,69335.609375,69987.8359375,36010437368.0
2024-03-27,5226.31005859375,5249.259765625,5213.919921875,5248.490234375,3850500000.0,69991.8984375,71727.6875,68381.9296875,69455.34375,40827113309.0
2024-03-28,5248.02978515625,5264.85009765625,5245.81982421875,5254.35009765625,3998270000.0,69452.7734375,71546.0234375,68895.5078125,70744.953125,34374900617.0
2024-03-29,,,,,,70744.796875,70913.09375,69076.65625,69892.828125,25230851763.0
2024-03-30,,,,,,69893.4453125,70355.4921875,69601.0625,69645.3046875,17130241883.0
2024-03-31,,,,,,69647.78125,71377.78125,69624.8671875,71333.6484375,20050941373.0
2024-04-01,5257.97021484375,5263.9501953125,5229.2001953125,5243.77001953125,3325930000.0,71333.484375,71342.09375,68110.6953125,69702.1484375,34873527352.0
2024-04-02,5204.2900390625,5208.33984375,5184.0498046875,5205.81005859375,3886590000.0,69705.0234375,69708.3828125,64586.59375,65446.97265625,50705240709.0
2024-04-03,5194.3701171875,5228.75,5194.3701171875,5211.490234375,3703250000.0,65446.671875,66914.3203125,64559.8984375,65980.8125,34488018367.0
2024-04-04,5244.0498046875,5256.58984375,5146.06005859375,5147.2099609375,4075680000.0,65975.6953125,69291.2578125,65113.796875,68508.84375,34439527442.0
2024-04-05,5158.9501953125,5222.18017578125,5157.2099609375,5204.33984375,3386780000.0,68515.7578125,68725.7578125,66011.4765625,67837.640625,33748230056.0
2024-04-06,,,,,,67840.5703125,69629.6015625,67491.71875,68896.109375,19967785809.0
2024-04-07,,,,,,68897.109375,70284.4296875,68851.6328125,69362.5546875,21204930369.0
2024-04-08,5211.3701171875,5219.56982421875,5197.35009765625,5202.39013671875,3278180000.0,69362.5546875,72715.359375,69064.2421875,71631.359375,37261432669.0
2024-04-09,5217.02978515625,5224.81005859375,5160.77978515625,5209.91015625,3400680000.0,71632.5,71742.5078125,68212.921875,69139.015625,36426900409.0
2024-04-10,5167.8798828125,5178.43017578125,5138.7001953125,5160.64013671875,3845930000.0,69140.2421875,71093.4296875,67503.5625,70587.8828125,38318601774.0
2024-04-11,5172.9501953125,5211.77978515625,5138.77001953125,5199.06005859375,3509380000.0,70575.734375,71256.234375,69571.8125,70060.609375,30153382941.0
2024-04-12,5171.509765625,5175.02978515625,5107.93994140625,5123.41015625,3963220000.0,70061.3828125,71222.7421875,65254.8359375,67195.8671875,44129299406.0
2024-04-13,,,,,,67188.375,67931.4296875,60919.10546875,63821.47265625,52869738185.0
2024-04-14,,,,,,63836.23046875,65824.4296875,62205.8515625,65738.7265625,49084320047.0
2024-04-15,5149.669921875,5168.43017578125,5052.47021484375,5061.81982421875,3950210000.0,65739.6484375,66878.6484375,62332.0703125,63426.2109375,43595917654.0
2024-04-16,5064.58984375,5079.83984375,5039.830078125,5051.41015625,4006200000.0,63419.296875,64355.66796875,61716.40234375,63811.86328125,42847528078.0
2024-04-17,5068.97021484375,5077.9599609375,5007.25,5022.2099609375,3596130000.0,63831.84765625,64486.36328125,59768.5859375,61276.69140625,41915247049.0
2024-04-18,5031.52001953125,5056.66015625,5001.89013671875,5011.1201171875,3619760000.0,61275.31640625,64125.6875,60833.48046875,63512.75390625,36006307335.0
2024-04-19,5005.43994140625,5019.02001953125,4953.56005859375,4967.22998046875,3878750000.0,63510.75,65481.59765625,59651.390625,63843.5703125,49920425401.0
2024-04-20,,,,,,63851.1015625,65442.45703125,63172.40234375,64994.44140625,23097485495.0
2024-04-21,,,,,,64992.81640625,65723.2421875,64277.72265625,64926.64453125,20506644853.0
2024-04-22,4987.330078125,5038.83984375,4969.39990234375,5010.60009765625,3820250000.0,64935.6328125,67233.9609375,64548.1796875,66837.6796875,28282686673.0
2024-04-23,5028.85009765625,5076.1201171875,5027.9599609375,5070.5498046875,3751400000.0,66839.890625,67199.2421875,65864.8671875,66407.2734375,24310975583.0
2024-04-24,5084.85986328125,5089.47998046875,5047.02001953125,5071.6298828125,3656740000.0,66408.71875,67075.3671875,63589.87109375,64276.8984375,30276655120.0
2024-04-25,5019.8798828125,5057.75,4990.580078125,5048.419921875,3958050000.0,64275.01953125,65275.20703125,62783.6328125,64481.70703125,32155786816.0
2024-04-26,5084.64990234375,5114.6201171875,5073.14013671875,5099.9599609375,3604140000.0,64485.37109375,64789.65625,63322.3984375,63755.3203125,24139372950.0
2024-04-27,,,,,,63750.98828125,63898.36328125,62424.71875,63419.140625,19530783039.0
2024-04-28,,,,,,63423.515625,64321.484375,62793.59765625,63113.23046875,17334827993.0
2024-04-29,5114.1298828125,5123.490234375,5088.64990234375,5116.169921875,3447450000.0,63106.36328125,64174.87890625,61795.45703125,63841.12109375,26635912073.0
2024-04-30,5103.77978515625,5110.830078125,5035.31005859375,5035.68994140625,4082470000.0,63839.41796875,64703.33203125,59120.06640625,60636.85546875,37840840057.0
2024-05-01,5029.02978515625,5096.1201171875,5013.4501953125,5018.39013671875,4544170000.0,60609.49609375,60780.5,56555.29296875,58254.01171875,48439780271.0
2024-05-02,5049.31982421875,5073.2099609375,5011.0498046875,5064.2001953125,4381660000.0,58253.703125,59602.296875,56937.203125,59123.43359375,32711813559.0
2024-05-03,5122.77978515625,5139.1201171875,5101.22021484375,5127.7900390625,3924990000.0,59122.30078125,63320.50390625,58848.3125,62889.8359375,33172023048.0
2024-05-04,,,,,,62891.03125,64494.95703125,62599.3515625,63891.47265625,20620477992.0
2024-05-05,,,,,,63892.453125,64610.890625,62955.3046875,64031.1328125,18296164805.0
2024-05-06,5142.419921875,5181.0,5142.419921875,5180.740234375,3683250000.0,64038.3125,65494.90234375,62746.23828125,63161.94921875,28697928697.0
2024-05-07,5187.2001953125,5200.22998046875,5178.9599609375,5187.7001953125,3987890000.0,63162.76171875,64390.45703125,62285.98046875,62334.81640625,25930730982.0
2024-05-08,5168.97998046875,5191.9501953125,5165.85986328125,5187.669921875,3842100000.0,62332.640625,62986.0859375,60877.12890625,61187.94140625,26088172222.0
2024-05-09,5189.02978515625,5215.2998046875,5180.41015625,5214.080078125,3727370000.0,61191.19921875,63404.9140625,60648.07421875,63049.9609375,25453338161.0
2024-05-10,5225.490234375,5239.66015625,5209.68017578125,5222.68017578125,3617900000.0,63055.19140625,63446.7421875,60208.78125,60792.77734375,27804954694.0
2024-05-11,,,,,,60793.35546875,61451.15234375,60492.625,60793.7109375,13842272968.0
2024-05-12,,,,,,60793.50390625,61818.15625,60632.6015625,61448.39453125,13800459405.0
2024-05-13,5233.080078125,5237.259765625,5211.16015625,5221.419921875,4255710000.0,61451.21875,63422.66015625,60769.83984375,62901.44921875,27889181179.0
2024-05-14,5221.10009765625,5250.3701171875,5217.97998046875,5246.68017578125,4763580000.0,62900.7734375,63092.125,61123.765625,61552.7890625,28186271527.0
2024-05-15,5263.259765625,5311.759765625,5263.259765625,5308.14990234375,4360810000.0,61553.98828125,66454.453125,61330.41015625,66267.4921875,39815167074.0
2024-05-16,5310.06982421875,5325.490234375,5296.18994140625,5297.10009765625,3817470000.0,66256.109375,66712.4296875,64613.0546875,65231.58203125,31573077994.0
2024-05-17,5303.10009765625,5305.4501953125,5283.58984375,5303.27001953125,3578120000.0,65231.296875,67459.4609375,65119.31640625,67051.875,28031279310.0
2024-05-18,,,,,,67066.2109375,67387.328125,66663.5,66940.8046875,16712277406.0
2024-05-19,,,,,,66937.9296875,67694.296875,65937.1796875,66278.3671875,19249094538.0
2024-05-20,5305.35009765625,5325.31982421875,5302.39990234375,5308.1298828125,3420100000.0,66278.7421875,71483.5625,66086.171875,71448.1953125,43850655717.0
2024-05-21,5298.68994140625,5324.31982421875,5297.8701171875,5321.41015625,3662240000.0,71443.0625,71946.4609375,69191.125,70136.53125,46932005990.0
2024-05-22,5319.27978515625,5323.18017578125,5286.009765625,5307.009765625,3847130000.0,70135.3203125,70623.6953125,68977.6953125,69122.3359375,32802561717.0
2024-05-23,5340.259765625,5341.8798828125,5256.93017578125,5267.83984375,3869520000.0,69121.3046875,70041.2734375,66356.953125,67929.5625,41895680979.0
2024-05-24,5281.4501953125,5311.64990234375,5278.39013671875,5304.72021484375,3005510000.0,67928.1328125,69220.296875,66622.671875,68526.1015625,29197308153.0
2024-05-25,,,,,,68526.921875,69579.3203125,68515.8203125,69265.9453125,15473071741.0
2024-05-26,,,,,,69264.2890625,69506.2265625,68183.890625,68518.09375,15628433737.0
2024-05-27,,,,,,68512.1796875,70597.8828125,68232.5,69394.5546875,25870990717.0
2024-05-28,5315.91015625,5315.91015625,5280.89013671875,5306.0400390625,3751540000.0,69392.1953125,69514.640625,67227.15625,68296.21875,32722265965.0
2024-05-29,5278.72998046875,5282.27001953125,5262.7001953125,5266.9501953125,3552750000.0,68296.3515625,68852.4609375,67101.4921875,67578.09375,26707072906.0
2024-05-30,5259.77001953125,5260.2099609375,5222.10009765625,5235.47998046875,3818750000.0,67576.0859375,69500.5390625,67118.078125,68364.9921875,29509712534.0
2024-05-31,5243.2099609375,5280.330078125,5191.68017578125,5277.509765625,5437160000.0,68362.515625,68999.5625,66633.421875,67491.4140625,27387283769.0
2024-06-01,,,,,,67489.609375,67839.765625,67386.1953125,67706.9375,11641495604.0
2024-06-02,,,,,,67710.2734375,68409.1640625,67315.5234375,67751.6015625,17110588415.0
2024-06-03,5297.14990234375,5302.10986328125,5234.31982421875,5283.39990234375,4046920000.0,67753.8984375,70230.8203125,67589.8359375,68804.78125,32401285324.0
2024-06-04,5278.240234375,5298.7998046875,5257.6298828125,5291.33984375,3707900000.0,68804.5703125,71047.40625,68564.640625,70567.765625,33149696545.0
2024-06-05,5314.47998046875,5354.16015625,5297.64013671875,5354.02978515625,3591460000.0,70568.3515625,71735.4140625,70390.7109375,71082.8203125,32810771409.0
2024-06-06,5357.7998046875,5362.35009765625,5335.35986328125,5352.9599609375,3609990000.0,71082.84375,71625.734375,70119.125,70757.1640625,25223152007.0
2024-06-07,5343.81005859375,5375.080078125,5331.330078125,5346.990234375,3692760000.0,70759.1875,71907.8515625,68507.2578125,69342.5859375,36188381096.0
2024-06-08,,,,,,69324.1796875,69533.3203125,69210.7421875,69305.7734375,14262185861.0
2024-06-09,,,,,,69297.4921875,69817.5234375,69160.84375,69647.9921875,13534028500.0
2024-06-10,5341.22021484375,5365.7900390625,5331.52001953125,5360.7900390625,3622280000.0,69644.3125,70146.0703125,69232.421875,69512.28125,20597699541.0
2024-06-11,5353.0,5375.9501953125,5327.25,5375.31982421875,3568030000.0,69508.078125,69549.4140625,66123.6015625,67332.03125,37116136345.0
2024-06-12,5409.1298828125,5447.25,5409.1298828125,5421.02978515625,3962840000.0,67321.375,69977.890625,66902.453125,68241.1875,34497940694.0
2024-06-13,5441.93017578125,5441.93017578125,5402.509765625,5433.740234375,3530380000.0,68243.1015625,68365.78125,66304.5625,66756.3984375,28955204146.0
2024-06-14,5424.080078125,5432.39013671875,5403.75,5431.60009765625,3438650000.0,66747.5703125,67294.6484375,65056.89453125,66011.09375,27403884779.0
2024-06-15,,,,,,66006.7421875,66402.1875,65871.7734375,66191.0,14121265576.0
2024-06-16,,,,,,66189.359375,66894.84375,66018.25,66639.046875,13281140541.0
2024-06-17,5431.10986328125,5488.5,5420.39990234375,5473.22998046875,3447840000.0,66636.515625,67188.3203125,65094.96484375,66490.296875,30006354476.0
2024-06-18,5476.14990234375,5490.3798828125,5471.31982421875,5487.02978515625,3544330000.0,66490.9765625,66556.703125,64066.95703125,65140.74609375,39481285950.0
2024-06-19,,,,,,65146.66015625,65695.3515625,64693.30078125,64960.296875,21103423504.0
2024-06-20,5499.990234375,5505.52978515625,5455.56005859375,5473.169921875,3847060000.0,64960.296875,66438.9609375,64547.84765625,64828.65625,25641109124.0
2024-06-21,5466.77001953125,5478.31005859375,5452.02978515625,5464.6201171875,6773800000.0,64837.98828125,65007.546875,63378.89453125,64096.19921875,26188171739.0
2024-06-22,,,,,,64113.86328125,64475.46875,63929.7578125,64252.578125,9858198793.0
2024-06-23,,,,,,64248.96484375,64491.703125,63180.796875,63180.796875,11170471802.0
2024-06-24,5459.580078125,5490.66015625,5447.58984375,5447.8701171875,3696750000.0,63173.3515625,63292.52734375,58601.69921875,60277.4140625,43152133651.0
2024-06-25,5460.72998046875,5472.8798828125,5446.56005859375,5469.2998046875,3591960000.0,60266.28125,62258.26171875,60239.75,61804.640625,29201215431.0
2024-06-26,5460.7099609375,5483.14013671875,5451.8701171875,5477.89990234375,3563920000.0,61789.67578125,62434.13671875,60695.1875,60811.27734375,22506003064.0
2024-06-27,5473.58984375,5490.81005859375,5467.5400390625,5482.8701171875,3589530000.0,60811.2265625,62293.86328125,60585.33203125,61604.80078125,21231745045.0
2024-06-28,5488.47998046875,5523.64013671875,5451.1201171875,5460.47998046875,7199220000.0,61612.8046875,62126.09765625,59985.40234375,60320.13671875,24952866877.0
2024-06-29,,,,,,60319.875,61097.62109375,60300.96484375,60887.37890625,12652903396.0
2024-06-30,,,,,,60888.4453125,62892.828125,60632.94921875,62678.29296875,17333226409.0
2024-07-01,5471.080078125,5479.5498046875,5446.52978515625,5475.08984375,3488760000.0,62673.60546875,63777.2265625,62495.51171875,62851.98046875,25468379421.0
2024-07-02,5461.83984375,5509.68994140625,5458.43017578125,5509.009765625,3329950000.0,62844.41015625,63203.359375,61752.74609375,62029.015625,20151616992.0
2024-07-03,5507.43994140625,5539.27001953125,5507.419921875,5537.02001953125,2179470000.0,62034.33203125,62187.703125,59419.38671875,60173.921875,29756701685.0
2024-07-04,,,,,,60147.13671875,60399.67578125,56777.8046875,56977.703125,41149609230.0
2024-07-05,5537.91015625,5570.330078125,5531.6298828125,5567.18994140625,3253080000.0,57022.80859375,57497.15234375,53717.375,56662.375,55417544033.0
2024-07-06,,,,,,56659.07421875,58472.546875,56038.9609375,58303.5390625,20610320577.0
2024-07-07,,,,,,58239.4296875,58371.12109375,55793.32421875,55849.109375,20553359505.0
2024-07-08,5572.75,5583.10986328125,5562.509765625,5572.85009765625,3185670000.0,55849.57421875,58131.3359375,54321.01953125,56705.09765625,39766159899.0
2024-07-09,5584.240234375,5590.75,5574.56982421875,5576.97998046875,3232920000.0,56704.59765625,58239.1953125,56316.875,58009.2265625,27849512607.0
2024-07-10,5591.259765625,5635.39013671875,5586.43994140625,5633.91015625,3336100000.0,58033.8828125,59359.43359375,57178.4140625,57742.49609375,26175260526.0
2024-07-11,5635.2099609375,5642.4501953125,5576.52978515625,5584.5400390625,4020950000.0,57729.890625,59299.43359375,57120.37890625,57344.9140625,28707803842.0
2024-07-12,5590.759765625,5655.56005859375,5590.43994140625,5615.35009765625,3700280000.0,57341.1953125,58532.5546875,56590.17578125,57899.46484375,25604805221.0
2024-07-13,,,,,,57908.73828125,59787.078125,57796.44140625,59231.953125,17080061806.0
2024-07-14,,,,,,59225.25,61329.52734375,59225.25,60787.79296875,22223416061.0
2024-07-15,5638.16015625,5666.93994140625,5614.75,5631.22021484375,3620470000.0,60815.45703125,64870.15234375,60704.9296875,64870.15234375,38094526099.0
2024-07-16,5644.08984375,5669.669921875,5639.02001953125,5667.2001953125,4041760000.0,64784.41796875,65354.33984375,62487.96875,65097.1484375,41617346768.0
2024-07-17,5610.06982421875,5622.490234375,5584.81005859375,5588.27001953125,4246450000.0,65091.83203125,66066.734375,63896.0859375,64118.79296875,32525071311.0
2024-07-18,5608.56005859375,5614.0498046875,5522.81005859375,5544.58984375,4007510000.0,64104.73828125,65104.66015625,63246.1640625,63974.06640625,27239305337.0
2024-07-19,5543.3701171875,5557.5,5497.0400390625,5505.0,3760570000.0,63972.32421875,67442.640625,63329.34375,66710.15625,37003855410.0
2024-07-20,,,,,,66709.921875,67610.734375,66299.6171875,67163.6484375,19029581250.0
2024-07-21,,,,,,67164.9140625,68372.90625,65842.296875,68154.5234375,26652190004.0
2024-07-22,5544.5400390625,5570.35986328125,5529.0400390625,5564.41015625,3375180000.0,68152.9765625,68480.0625,66611.296875,67585.25,42649109453.0
2024-07-23,5565.2998046875,5585.33984375,5550.89990234375,5555.740234375,3500210000.0,67584.8046875,67779.015625,65484.4609375,65927.671875,35605668666.0
2024-07-24,5505.83984375,5508.0400390625,5419.97998046875,5427.1298828125,3945550000.0,65927.859375,67113.984375,65146.99609375,65372.1328125,27470942309.0
2024-07-25,5428.7001953125,5491.58984375,5390.9501953125,5399.22021484375,4592120000.0,65375.875,66112.421875,63473.47265625,65777.2265625,38315761670.0
2024-07-26,5433.669921875,5488.31982421875,5430.7001953125,5459.10009765625,3638770000.0,65771.8125,68207.6015625,65743.765625,67912.0625,30488630457.0
2024-07-27,,,,,,67911.8125,69398.5078125,66705.21875,67813.3359375,34691905492.0
2024-07-28,,,,,,67808.65625,68301.8515625,67085.828125,68255.8671875,18043166945.0
2024-07-29,5476.5498046875,5487.740234375,5444.43994140625,5463.5400390625,3379970000.0,68259.0546875,69987.5390625,66532.59375,66819.9140625,40780682628.0
2024-07-30,5478.72998046875,5489.4599609375,5401.7001953125,5436.43994140625,3777740000.0,66819.0546875,66987.671875,65323.19140625,66201.015625,31380492109.0
2024-07-31,5505.58984375,5551.509765625,5493.75,5522.2998046875,4546910000.0,66201.2734375,66810.2109375,64532.046875,64619.25,31292785994.0
2024-08-01,5537.83984375,5566.16015625,5410.419921875,5446.68017578125,4703620000.0,64625.83984375,65593.2421875,62248.94140625,65357.5,40975554494.0
2024-08-02,5376.6298828125,5383.89013671875,5302.02978515625,5346.56005859375,5156450000.0,65353.5,65523.22265625,61184.89453125,61415.06640625,43060875727.0
2024-08-03,,,,,,61414.80859375,62148.37109375,59836.52734375,60680.09375,31753030589.0
2024-08-04,,,,,,60676.09375,61062.98828125,57210.8046875,58116.9765625,31758917219.0
2024-08-05,5151.14013671875,5250.89013671875,5119.259765625,5186.330078125,5333250000.0,58110.296875,58268.828125,49121.23828125,53991.45703125,108991085584.0
2024-08-06,5206.419921875,5312.33984375,5193.56005859375,5240.02978515625,4690190000.0,53991.34765625,57059.91796875,53973.2734375,56034.31640625,49300484106.0
2024-08-07,5293.1298828125,5330.64013671875,5195.5400390625,5199.5,4558260000.0,56040.6328125,57726.8828125,54620.5078125,55027.4609375,41637562185.0
2024-08-08,5252.56982421875,5328.02978515625,5233.85009765625,5319.31005859375,4016830000.0,55030.02734375,62673.765625,54766.7265625,61710.13671875,45298472567.0
2024-08-09,5314.66015625,5358.669921875,5300.83984375,5344.16015625,3516400000.0,61728.20703125,61751.86328125,59587.859375,60880.11328125,33425553115.0
2024-08-10,,,,,,60881.23046875,61464.51171875,60287.56640625,60945.8125,15745822278.0
2024-08-11,,,,,,60944.890625,61778.66015625,58348.82421875,58719.484375,22759754812.0
2024-08-12,5351.8798828125,5371.2001953125,5324.3701171875,5344.39013671875,3360160000.0,58719.39453125,60680.33203125,57688.8984375,59354.515625,37078637820.0
2024-08-13,5376.97998046875,5436.5,5376.97998046875,5434.43017578125,3648980000.0,59356.20703125,61572.3984375,58506.25390625,60609.56640625,30327698167.0
2024-08-14,5442.35986328125,5463.22021484375,5415.91015625,5455.2099609375,3380050000.0,60611.05078125,61687.7578125,58472.875,58737.26953125,29961696180.0
2024-08-15,5501.1298828125,5546.22998046875,5501.1298828125,5543.22021484375,3723310000.0,58733.26171875,59838.6484375,56161.59375,57560.09765625,35682112440.0
2024-08-16,5530.5,5561.97998046875,5525.169921875,5554.25,3357690000.0,57560.2734375,59847.359375,57110.01953125,58894.10546875,29350938673.0
2024-08-17,,,,,,58893.53125,59694.66796875,58814.83203125,59478.97265625,13589684021.0
2024-08-18,,,,,,59468.1328125,60262.71875,58445.40234375,58483.96484375,17740625837.0
2024-08-19,5557.22998046875,5608.2998046875,5550.740234375,5608.25,3222050000.0,58480.7109375,59612.66015625,57864.7109375,59493.453125,25911207712.0
2024-08-20,5602.8798828125,5620.509765625,5585.5,5597.1201171875,2994420000.0,59493.453125,61396.328125,58610.8828125,59012.79296875,31613400008.0
2024-08-21,5603.08984375,5632.68017578125,5591.56982421875,5620.85009765625,3119670000.0,59014.98828125,61834.3515625,58823.4453125,61175.19140625,32731154072.0
2024-08-22,5637.77001953125,5643.22021484375,5560.9501953125,5570.64013671875,2981530000.0,61168.31640625,61408.109375,59815.25390625,60381.9140625,27625734377.0
2024-08-23,5602.490234375,5641.81982421875,5585.16015625,5634.60986328125,3291940000.0,60380.953125,64947.0625,60372.05078125,64094.35546875,42530509233.0
2024-08-24,,,,,,64103.87109375,64513.7890625,63619.91796875,64178.9921875,21430585163.0
2024-08-25,,,,,,64176.3671875,64996.421875,63833.51953125,64333.54296875,18827683555.0
2024-08-26,5639.66015625,5651.6201171875,5602.33984375,5616.83984375,2938570000.0,64342.2265625,64489.70703125,62849.55859375,62880.66015625,27682040631.0
2024-08-27,5602.89013671875,5631.18017578125,5593.47998046875,5625.7998046875,2798990000.0,62879.70703125,63210.796875,58116.75,59504.1328125,39103882198.0
2024-08-28,5624.509765625,5627.02978515625,5560.9501953125,5592.18017578125,3053450000.0,59507.92578125,60236.44921875,57890.67578125,59027.625,40289564698.0
2024-08-29,5607.2998046875,5646.9501953125,5583.7099609375,5591.9599609375,3065640000.0,59027.46875,61184.08203125,58786.2265625,59388.1796875,32224990582.0
2024-08-30,5612.740234375,5651.3701171875,5581.7900390625,5648.39990234375,4185850000.0,59388.6015625,59896.88671875,57768.53125,59119.4765625,32292756405.0
2024-08-31,,,,,,59117.48046875,59432.59375,58768.78515625,58969.8984375,12403470760.0
2024-09-01,,,,,,58969.80078125,59062.0703125,57217.82421875,57325.48828125,24592449997.0
2024-09-02,,,,,,57326.96875,59403.0703125,57136.02734375,59112.48046875,27036454524.0
2024-09-03,5623.89013671875,5623.89013671875,5504.330078125,5528.93017578125,3866350000.0,59106.19140625,59815.05859375,57425.16796875,57431.0234375,26666961053.0
2024-09-04,5506.68017578125,5552.990234375,5503.66015625,5520.06982421875,3478140000.0,57430.34765625,58511.5703125,55673.1640625,57971.5390625,35627680312.0
2024-09-05,5520.080078125,5546.2998046875,5480.5400390625,5503.41015625,3521650000.0,57971.703125,58300.58203125,55712.453125,56160.48828125,31030280656.0
2024-09-06,5507.330078125,5522.47021484375,5402.6201171875,5408.419921875,3822800000.0,56160.19140625,56976.109375,52598.69921875,53948.75390625,49361693566.0
2024-09-07,,,,,,53949.0859375,54838.14453125,53740.0703125,54139.6875,19061486526.0
2024-09-08,,,,,,54147.93359375,55300.859375,53653.7578125,54841.56640625,18268287531.0
2024-09-09,5442.06982421875,5484.2001953125,5434.490234375,5471.0498046875,3825940000.0,54851.88671875,58041.125,54598.43359375,57019.53515625,34618096173.0
2024-09-10,5490.509765625,5497.91015625,5441.72021484375,5495.52001953125,3848180000.0,57020.09765625,58029.9765625,56419.4140625,57648.7109375,28857630507.0
2024-09-11,5496.419921875,5560.41015625,5406.9599609375,5554.1298828125,3839450000.0,57650.2890625,57991.3203125,55567.33984375,57343.171875,37049062672.0
2024-09-12,5557.47998046875,5600.7099609375,5535.5,5595.759765625,3655070000.0,57343.171875,58534.359375,57330.1015625,58127.01171875,33835707949.0
2024-09-13,5603.33984375,5636.27001953125,5601.64990234375,5626.02001953125,3500790000.0,58130.32421875,60648.0234375,57650.11328125,60571.30078125,32490528356.0
2024-09-14,,,,,,60569.1171875,60656.72265625,59517.8828125,60005.12109375,16428405496.0
2024-09-15,,,,,,60000.7265625,60381.91796875,58696.30859375,59182.8359375,18120960867.0
2024-09-16,5615.2099609375,5636.0498046875,5604.52978515625,5633.08984375,3437070000.0,59185.2265625,59205.51171875,57501.33984375,58192.5078125,32032822113.0
2024-09-17,5655.509765625,5670.81005859375,5614.0498046875,5634.580078125,3443600000.0,58192.5078125,61316.08984375,57628.0703125,60308.5390625,38075570118.0
2024-09-18,5641.68017578125,5689.75,5615.080078125,5618.259765625,3691390000.0,60309.0,61664.06640625,59218.25390625,61649.6796875,40990702891.0
2024-09-19,5702.6298828125,5733.56982421875,5686.419921875,5713.64013671875,4024530000.0,61651.15625,63872.44140625,61609.8671875,62940.45703125,42710252573.0
2024-09-20,5709.64013671875,5715.14013671875,5674.490234375,5702.5498046875,7867260000.0,62941.42578125,64119.53125,62364.60546875,63192.9765625,35177164222.0
2024-09-21,,,,,,63184.33984375,63543.359375,62783.10546875,63394.83984375,14408616220.0
2024-09-22,,,,,,63396.8046875,63993.421875,62440.7265625,63648.7109375,20183348802.0
2024-09-23,5711.89990234375,5725.35986328125,5704.22021484375,5718.56982421875,3529550000.0,63643.1015625,64733.55859375,62628.078125,63329.80078125,31400285425.0
2024-09-24,5727.66015625,5735.31982421875,5698.990234375,5732.93017578125,3872710000.0,63326.83984375,64695.21484375,62737.41796875,64301.96875,29938335243.0
2024-09-25,5733.64990234375,5741.02978515625,5712.06005859375,5722.259765625,3624910000.0,64302.58984375,64804.50390625,62945.375,63143.14453125,25078377700.0
2024-09-26,5762.22021484375,5767.3701171875,5721.009765625,5745.3701171875,4391180000.0,63138.546875,65790.796875,62669.26953125,65181.01953125,36873129847.0
2024-09-27,5755.35986328125,5763.77978515625,5727.33984375,5738.169921875,3898530000.0,65180.6640625,66480.6953125,64852.9921875,65790.6640625,32058813449.0
2024-09-28,,,,,,65792.1796875,66255.53125,65458.03515625,65887.6484375,15243637984.0
2024-09-29,,,,,,65888.8984375,66069.34375,65450.015625,65635.3046875,14788214575.0
2024-09-30,5726.52001953125,5765.14013671875,5703.52978515625,5762.47998046875,4425730000.0,65634.65625,65635.0546875,62873.6171875,63329.5,37112957475.0
2024-10-01,5757.72998046875,5757.72998046875,5681.27978515625,5708.75,4025180000.0,63335.60546875,64110.98046875,60189.27734375,60837.0078125,50220923500.0
2024-10-02,5698.14013671875,5719.6298828125,5674.0,5709.5400390625,3829050000.0,60836.32421875,62357.6875,59996.94921875,60632.78515625,40762722398.0
2024-10-03,5698.18994140625,5718.77978515625,5677.3701171875,5699.93994140625,3597450000.0,60632.484375,61469.0390625,59878.8046875,60759.40234375,36106447279.0
2024-10-04,5737.47998046875,5753.2099609375,5702.830078125,5751.06982421875,3479400000.0,60754.625,62465.9921875,60459.94140625,62067.4765625,29585472513.0
2024-10-05,,,,,,62067.609375,62371.0234375,61689.58203125,62089.94921875,13305410749.0
2024-10-06,,,,,,62084.98828125,62959.5703125,61833.1484375,62818.953125,14776233667.0
2024-10-07,5737.7998046875,5739.33984375,5686.85009765625,5695.93994140625,3637790000.0,62819.109375,64443.70703125,62152.55078125,62236.66015625,34253562610.0
2024-10-08,5719.14013671875,5757.60009765625,5714.56005859375,5751.1298828125,3393400000.0,62221.64453125,63174.3046875,61843.5625,62131.96875,28134475157.0
2024-10-09,5751.7998046875,5796.7998046875,5745.02001953125,5792.0400390625,3650340000.0,62131.7265625,62508.8359375,60314.61328125,60582.1015625,27670982363.0
2024-10-10,5778.35986328125,5795.02978515625,5764.759765625,5780.0498046875,3208790000.0,60581.9296875,61236.72265625,58895.20703125,60274.5,30452813570.0
2024-10-11,5775.08984375,5822.1298828125,5775.08984375,5815.02978515625,3208720000.0,60275.4609375,63400.87109375,60046.125,62445.08984375,30327141594.0
2024-10-12,,,,,,62444.6171875,63448.78515625,62443.26953125,63193.0234375,16744110886.0
2024-10-13,,,,,,63192.9453125,63272.65234375,62035.63671875,62851.375,18177529690.0
2024-10-14,5829.81005859375,5871.41015625,5829.56982421875,5859.85009765625,3005250000.0,62848.3984375,66482.4921875,62442.15234375,66046.125,43706958056.0
2024-10-15,5866.740234375,5870.35986328125,5804.47998046875,5815.259765625,3882120000.0,66050.3671875,67881.6796875,64809.1953125,67041.109375,48863870879.0
2024-10-16,5816.580078125,5846.52001953125,5808.33984375,5842.47021484375,3467230000.0,67042.4609375,68375.2890625,66758.7265625,67612.71875,38195189534.0
2024-10-17,5875.6201171875,5878.4599609375,5840.25,5841.47021484375,3480010000.0,67617.078125,67912.2109375,66647.390625,67399.8359375,32790898511.0
2024-10-18,5859.43017578125,5872.169921875,5846.10986328125,5864.669921875,3374490000.0,67419.109375,68969.75,67177.8203125,68418.7890625,36857165014.0
2024-10-19,,,,,,68418.9765625,68668.0078125,68024.640625,68362.734375,14443497908.0
2024-10-20,,,,,,68364.1796875,69359.0078125,68105.71875,69001.703125,18975847518.0
2024-10-21,5857.81982421875,5866.919921875,5824.7900390625,5853.97998046875,3407010000.0,69002.0,69462.734375,66829.8515625,67367.8515625,37498611780.0
2024-10-22,5832.7001953125,5863.0400390625,5821.169921875,5851.2001953125,3342080000.0,67360.703125,67801.578125,66581.3671875,67361.40625,31808472566.0
2024-10-23,5834.5,5834.85009765625,5762.41015625,5797.419921875,3532650000.0,67362.375,67402.7421875,65188.03515625,66432.1953125,32263980353.0
2024-10-24,5817.7998046875,5817.7998046875,5784.919921875,5809.85986328125,3543030000.0,66653.703125,68798.9609375,66454.1015625,68161.0546875,31414428647.0
2024-10-25,5826.75,5862.81982421875,5799.97998046875,5808.1201171875,3501280000.0,68165.296875,68722.15625,65521.79296875,66642.4140625,41469984306.0
2024-10-26,,,,,,66628.734375,67317.921875,66360.59375,67014.6953125,19588098156.0
2024-10-27,,,,,,67023.4765625,68221.3125,66847.2265625,67929.296875,16721307878.0
2024-10-28,5833.93017578125,5842.919921875,5823.080078125,5823.52001953125,3691280000.0,67922.671875,70212.265625,67535.1328125,69907.7578125,38799856657.0
2024-10-29,5819.68017578125,5847.18994140625,5802.169921875,5832.919921875,3879100000.0,69910.046875,73577.2109375,69729.9140625,72720.4921875,58541874402.0
2024-10-30,5832.64990234375,5850.93994140625,5811.27978515625,5813.669921875,3851120000.0,72715.3671875,72905.296875,71411.734375,72339.5390625,40646637831.0
2024-10-31,5775.33984375,5775.33984375,5702.85986328125,5705.4501953125,4425660000.0,72335.046875,72662.3125,69590.5,70215.1875,40627912076.0
2024-11-01,5723.22021484375,5772.52001953125,5723.22021484375,5728.7998046875,3796450000.0,70216.8984375,71559.015625,68779.703125,69482.46875,49989795365.0
2024-11-02,,,,,,69486.0234375,69867.3515625,69033.71875,69289.2734375,18184612091.0
2024-11-03,,,,,,69296.3828125,69361.65625,67482.5234375,68741.1171875,34868307655.0
2024-11-04,5725.14990234375,5741.43017578125,5696.509765625,5712.68994140625,3602060000.0,68742.1328125,69433.1796875,66803.6484375,67811.5078125,41184819348.0
2024-11-05,5722.43017578125,5783.43994140625,5722.10009765625,5782.759765625,3768310000.0,67811.171875,70522.7890625,67458.8671875,69359.5625,46046889204.0
2024-11-06,5864.89013671875,5936.14013671875,5864.89013671875,5929.0400390625,6329530000.0,69358.5,76460.15625,69322.03125,75639.078125,118592653963.0
2024-11-07,5947.2099609375,5983.83984375,5947.2099609375,5973.10009765625,4925740000.0,75637.0859375,76943.1171875,74480.421875,75904.859375,63467654989.0
2024-11-08,5976.759765625,6012.4501953125,5976.759765625,5995.5400390625,4666740000.0,75902.8359375,77252.75,75648.7421875,76545.4765625,55176858003.0
2024-11-09,,,,,,76556.1875,76932.765625,75773.7890625,76778.8671875,29009480361.0
2024-11-10,,,,,,76775.546875,81474.421875,76565.4296875,80474.1875,82570594495.0
2024-11-11,6008.85986328125,6017.31005859375,5986.68994140625,6001.35009765625,4333000000.0,80471.4140625,89604.5,80283.25,88701.484375,117966845037.0
2024-11-12,6003.60009765625,6009.919921875,5960.080078125,5983.990234375,4243400000.0,88705.5625,89956.8828125,85155.109375,87955.8125,133673285375.0
2024-11-13,5985.75,6008.18994140625,5965.91015625,5985.3798828125,4220180000.0,87929.96875,93434.3515625,86256.9296875,90584.1640625,123559027869.0
2024-11-14,5989.68017578125,5993.8798828125,5942.27978515625,5949.169921875,4184570000.0,90574.8828125,91765.21875,86682.8125,87250.4296875,87616705248.0
2024-11-15,5912.7900390625,5915.31982421875,5853.009765625,5870.6201171875,4590960000.0,87284.1796875,91868.7421875,87124.8984375,91066.0078125,78243109518.0
2024-11-16,,,,,,91064.3671875,91763.9453125,90094.2265625,90558.4765625,44333192814.0
2024-11-17,,,,,,90558.4609375,91433.0390625,88741.6640625,89845.8515625,46350159305.0
2024-11-18,5874.169921875,5908.1201171875,5865.9501953125,5893.6201171875,3983860000.0,89843.71875,92596.7890625,89393.59375,90542.640625,75535775084.0
2024-11-19,5870.0498046875,5923.509765625,5855.2900390625,5916.97998046875,4036940000.0,90536.8125,94002.8671875,90426.984375,92343.7890625,74521048295.0
2024-11-20,5914.33984375,5920.669921875,5860.56005859375,5917.10986328125,3772620000.0,92341.890625,94902.0234375,91619.5,94339.4921875,71730956426.0
2024-11-21,5940.580078125,5963.31982421875,5887.259765625,5948.7099609375,4230120000.0,94334.640625,99014.21875,94132.6015625,98504.7265625,106024505582.0
2024-11-22,5944.35986328125,5972.89990234375,5944.35986328125,5969.33984375,4141420000.0,98496.4296875,99655.5,97222.6640625,98997.6640625,78473580551.0
2024-11-23,,,,,,99006.7421875,99014.6796875,97232.890625,97777.28125,44414644677.0
2024-11-24,,,,,,97778.09375,98647.1796875,95788.078125,98013.8203125,51712020623.0
2024-11-25,5992.27978515625,6020.75,5963.91015625,5987.3701171875,5633150000.0,98033.4453125,98935.03125,92642.9140625,93102.296875,80909462490.0
2024-11-26,6000.02978515625,6025.419921875,5992.27001953125,6021.6298828125,3835170000.0,93087.28125,94991.75,90770.8125,91985.3203125,91656519855.0
2024-11-27,6014.10986328125,6020.16015625,5984.8701171875,5998.740234375,3363340000.0,91978.140625,97361.1796875,91778.6640625,95962.53125,71133452438.0
2024-11-28,,,,,,95954.9453125,96650.203125,94677.3515625,95652.46875,52260008261.0
2024-11-29,6003.97998046875,6044.169921875,6003.97998046875,6032.3798828125,2444420000.0,95653.953125,98693.171875,95407.8828125,97461.5234375,54968682476.0
2024-11-30,,,,,,97468.8125,97499.34375,96144.21875,96449.0546875,31634227866.0
2024-12-01,,,,,,96461.3359375,97888.125,95770.1875,97279.7890625,36590695296.0
2024-12-02,6040.10986328125,6053.580078125,6035.330078125,6047.14990234375,4412470000.0,97276.0078125,98152.6015625,94482.8671875,95865.3046875,72680784305.0
2024-12-03,6042.97021484375,6052.06982421875,6033.39013671875,6049.8798828125,4095000000.0,95854.59375,96297.203125,93629.5625,96002.1640625,67067810961.0
2024-12-04,6069.39013671875,6089.83984375,6061.06005859375,6086.490234375,4003390000.0,95988.53125,99207.328125,94660.5234375,98768.53125,77199817112.0
2024-12-05,6089.02978515625,6094.5498046875,6072.89990234375,6075.10986328125,4212020000.0,98741.5390625,103900.46875,91998.78125,96593.5703125,149218945580.0
2024-12-06,6081.3798828125,6099.97021484375,6079.97998046875,6090.27001953125,3924830000.0,97074.2265625,102039.8828125,96514.875,99920.7109375,94534772658.0
2024-12-07,,,,,,99916.7109375,100563.3828125,99030.8828125,99923.3359375,44177510897.0
2024-12-08,,,,,,99921.9140625,101399.9921875,98771.515625,101236.015625,44125751925.0
2024-12-09,6083.009765625,6088.509765625,6048.6298828125,6052.85009765625,4556460000.0,101237.0625,101272.5078125,94355.9140625,97432.71875,110676473908.0
2024-12-10,6057.58984375,6065.39990234375,6029.89013671875,6034.91015625,4048410000.0,97441.234375,98270.15625,94321.2578125,96675.4296875,104823780634.0
2024-12-11,6060.14990234375,6092.58984375,6060.14990234375,6084.18994140625,4269950000.0,96656.0625,101913.359375,95747.2265625,101173.03125,85391409936.0
2024-12-12,6074.2900390625,6079.68017578125,6051.25,6051.25,3678010000.0,101167.8046875,102524.9140625,99339.953125,100043.0,72073983533.0
2024-12-13,6068.169921875,6078.580078125,6035.77001953125,6051.08984375,3584960000.0,100046.6484375,101888.8046875,99233.28125,101459.2578125,56894751583.0
2024-12-14,,,,,,101451.4375,102618.8828125,100634.0546875,101372.96875,40422968793.0
2024-12-15,,,,,,101373.53125,105047.5390625,101227.03125,104298.6953125,51145914137.0
2024-12-16,6063.7900390625,6085.18994140625,6059.14013671875,6074.080078125,4391100000.0,104293.578125,107780.578125,103322.984375,106029.71875,91020417816.0
2024-12-17,6052.5498046875,6057.68017578125,6035.18994140625,6050.60986328125,4544500000.0,106030.6875,108268.4453125,105291.734375,106140.6015625,68589364868.0
2024-12-18,6047.64990234375,6070.669921875,5867.7900390625,5872.16015625,5246960000.0,106147.296875,106470.609375,100041.5390625,100041.5390625,93865656139.0
2024-12-19,5912.7099609375,5935.52001953125,5866.06982421875,5867.080078125,4896880000.0,100070.6875,102748.1484375,95587.6796875,97490.953125,97221662392.0
2024-12-20,5842.0,5982.06005859375,5832.2998046875,5930.85009765625,8223220000.0,97484.6953125,98098.9140625,92175.1796875,97755.9296875,105634083408.0
2024-12-21,,,,,,97756.1953125,99507.1015625,96426.5234375,97224.7265625,51765334294.0
2024-12-22,,,,,,97218.3203125,97360.265625,94202.1875,95104.9375,43147981314.0
2024-12-23,5940.25,5978.25,5902.56982421875,5974.06982421875,3593280000.0,95099.390625,96416.2109375,92403.1328125,94686.2421875,65239002919.0
2024-12-24,5984.6298828125,6040.10009765625,5981.43994140625,6040.0400390625,1757720000.0,94684.34375,99404.0625,93448.015625,98676.09375,47114953674.0
2024-12-25,,,,,,98675.9140625,99478.75,97593.46875,99299.1953125,33700394629.0
2024-12-26,6024.97021484375,6049.75,6007.3701171875,6037.58984375,2904530000.0,99297.6953125,99884.5703125,95137.8828125,95795.515625,47054980873.0
2024-12-27,6006.169921875,6006.169921875,5932.9501953125,5970.83984375,3159610000.0,95704.9765625,97294.84375,93310.7421875,94164.859375,52419934565.0
2024-12-28,,,,,,94160.1875,95525.8984375,94014.2890625,95163.9296875,24107436185.0
2024-12-29,,,,,,95174.0546875,95174.875,92881.7890625,93530.2265625,29635885267.0
2024-12-30,5920.669921875,5940.7900390625,5869.16015625,5906.93994140625,3433250000.0,93527.1953125,94903.3203125,91317.1328125,92643.2109375,56188003691.0
2024-12-31,5919.740234375,5929.740234375,5868.85986328125,5881.6298828125,3128350000.0,92643.25,96090.6015625,91914.03125,93429.203125,43625106843.0
2025-01-01,,,,,,93425.1015625,94929.8671875,92788.125,94419.7578125,24519888919.0
2025-01-02,5903.259765625,5935.08984375,5829.52978515625,5868.5498046875,3621680000.0,94416.2890625,97739.8203125,94201.5703125,96886.875,46009564411.0
2025-01-03,5891.06982421875,5949.33984375,5888.66015625,5942.47021484375,3667340000.0,96881.7265625,98956.9140625,96034.6171875,98107.4296875,35611391163.0
2025-01-04,,,,,,98106.9921875,98734.4296875,97562.9765625,98236.2265625,22342608078.0
2025-01-05,,,,,,98233.90625,98813.3046875,97291.765625,98314.9609375,20525254825.0
2025-01-06,5982.81005859375,6021.0400390625,5960.009765625,5975.3798828125,4940120000.0,98314.953125,102482.875,97926.1484375,102078.0859375,51823432705.0
2025-01-07,5993.259765625,6000.68017578125,5890.68017578125,5909.02978515625,4517330000.0,102248.8515625,102712.484375,96132.875,96922.703125,58685738547.0
2025-01-08,5910.66015625,5927.89013671875,5874.77978515625,5918.25,4441740000.0,96924.1640625,97258.3203125,92525.84375,95043.5234375,63875859171.0
2025-01-09,,,,,,95043.484375,95349.71875,91220.84375,92484.0390625,62777261693.0
2025-01-10,5890.35009765625,5890.35009765625,5807.77978515625,5827.0400390625,4751930000.0,92494.4921875,95770.609375,92250.09375,94701.453125,62058693684.0
2025-01-11,,,,,,94700.8359375,94977.6875,93840.046875,94566.59375,18860894100.0
2025-01-12,,,,,,94565.7265625,95367.5390625,93712.5078125,94488.4375,20885130965.0
2025-01-13,5782.02001953125,5838.60986328125,5773.31005859375,5836.22021484375,4421200000.0,94488.890625,95837.0,89260.1015625,94516.5234375,72978998252.0
2025-01-14,5859.27001953125,5871.919921875,5805.419921875,5842.91015625,4142280000.0,94519.0078125,97352.6640625,94322.15625,96534.046875,53769675818.0
2025-01-15,5905.2099609375,5960.60986328125,5905.2099609375,5949.91015625,4544570000.0,96534.046875,100697.234375,96501.640625,100504.4921875,57805923627.0
2025-01-16,5963.60986328125,5964.68994140625,5930.72021484375,5937.33984375,4285810000.0,100505.296875,100781.5859375,97364.4453125,99756.90625,54103781805.0
2025-01-17,5995.39990234375,6014.9599609375,5978.43994140625,5996.66015625,4366830000.0,100025.765625,105884.2265625,99948.90625,104462.0390625,71888972663.0
2025-01-18,,,,,,104124.953125,104913.203125,102226.6171875,104408.0703125,50445655726.0
2025-01-19,,,,,,104411.2890625,106299.796875,99570.53125,101089.609375,76789928525.0
2025-01-20,,,,,,101083.75,109114.8828125,99471.359375,102016.6640625,126279678351.0
2025-01-21,6014.1201171875,6051.509765625,6006.8798828125,6049.240234375,4702920000.0,102052.578125,107180.921875,100103.953125,106146.265625,88733878242.0
2025-01-22,6081.39013671875,6100.81005859375,6076.1298828125,6086.3701171875,4323040000.0,106136.3828125,106294.34375,103360.265625,103653.0703125,53878181052.0
2025-01-23,6076.31982421875,6118.72998046875,6074.669921875,6118.7099609375,4432250000.0,103657.671875,106820.328125,101257.8046875,103960.171875,104104515428.0
2025-01-24,6121.43017578125,6128.18017578125,6088.740234375,6101.240234375,4214250000.0,103965.671875,107098.546875,102772.125,104819.484375,52388229265.0
2025-01-25,,,,,,104824.03125,105243.7890625,104120.375,104714.6484375,23888996502.0
2025-01-26,,,,,,104713.2109375,105438.6484375,102507.7109375,102682.5,22543395879.0
2025-01-27,5969.0400390625,6017.169921875,5962.919921875,6012.27978515625,5198750000.0,102680.3046875,103214.109375,97795.9375,102087.6875,89006608428.0
2025-01-28,6026.97021484375,6074.5400390625,5994.6298828125,6067.7001953125,4473640000.0,102095.4140625,103730.8203125,100238.1875,101332.4765625,47180685494.0
2025-01-29,6057.7001953125,6062.830078125,6012.9599609375,6039.31005859375,4115310000.0,101317.5234375,104750.8046875,101283.8203125,103703.2109375,47432049818.0
2025-01-30,6050.75,6086.64013671875,6027.4599609375,6071.169921875,4634620000.0,103709.3359375,106418.765625,103321.6484375,104735.3046875,41915744521.0
2025-01-31,6096.7900390625,6120.91015625,6030.93017578125,6040.52978515625,4843770000.0,104737.5625,106026.3515625,101543.8828125,102405.0234375,45732764360.0
2025-02-01,,,,,,102402.796875,102755.7265625,100297.7109375,100655.90625,27757944848.0
2025-02-02,,,,,,100661.5390625,101430.6640625,96216.078125,97688.9765625,63091816853.0
2025-02-03,5969.64990234375,6022.1298828125,5923.93017578125,5994.56982421875,4797210000.0,97681.1015625,102514.171875,91242.890625,101405.421875,115400897748.0
2025-02-04,5998.14013671875,6042.47998046875,5990.8701171875,6037.8798828125,4410160000.0,101398.71875,101745.6171875,96208.109375,97871.8203125,73002130211.0
2025-02-05,6020.4501953125,6062.85986328125,6007.06005859375,6061.47998046875,4756250000.0,97878.0078125,99113.2109375,96174.828125,96615.4453125,49125911241.0
2025-02-06,6072.22021484375,6084.02978515625,6046.830078125,6083.56982421875,4847120000.0,96610.640625,99168.609375,95707.3515625,96593.296875,45302471947.0
2025-02-07,6083.1298828125,6101.27978515625,6019.9599609375,6025.990234375,4766900000.0,96581.3203125,100154.140625,95653.8828125,96529.0859375,55741290456.0
2025-02-08,,,,,,96533.2578125,96877.8046875,95702.4921875,96482.453125,22447526395.0
2025-02-09,,,,,,96481.3125,97325.28125,94745.2578125,96500.09375,27732901800.0
2025-02-10,6046.39990234375,6073.3798828125,6044.83984375,6066.43994140625,4458760000.0,96499.4609375,98333.21875,95320.84375,97437.5546875,40078962391.0
2025-02-11,6049.31982421875,6076.27978515625,6042.33984375,6068.5,4324880000.0,97438.1328125,98492.8984375,94875.0390625,95747.4296875,37488783272.0
2025-02-12,6025.080078125,6063.0,6003.0,6051.97021484375,4627960000.0,95745.6953125,98151.0234375,94101.203125,97885.859375,49340445530.0
2025-02-13,6060.58984375,6116.91015625,6050.9501953125,6115.06982421875,4763800000.0,97888.75,98111.0859375,95269.7109375,96623.8671875,37147280860.0
2025-02-14,6115.52001953125,6127.47021484375,6107.6201171875,6114.6298828125,4335190000.0,96623.3671875,98819.46875,96342.8046875,97508.96875,32697987277.0
2025-02-15,,,,,,97508.3828125,97975.0390625,97240.1953125,97580.3515625,17047266288.0
2025-02-16,,,,,,97580.4921875,97725.59375,96060.9765625,96175.03125,16536755396.0
2025-02-17,,,,,,96179.0078125,97032.234375,95243.546875,95773.3828125,27336550690.0
2025-02-18,6121.60009765625,6129.6298828125,6099.509765625,6129.580078125,4684980000.0,95773.8125,96695.375,93388.8359375,95539.546875,37325720482.0
2025-02-19,6117.759765625,6147.43017578125,6111.14990234375,6144.14990234375,4562330000.0,95532.53125,96855.59375,95011.96875,96635.609375,28990872862.0
2025-02-20,6134.5,6134.5,6084.58984375,6117.52001953125,4813690000.0,96632.6796875,98767.1953125,96442.671875,98333.9375,31668022771.0
2025-02-21,6114.10009765625,6114.81982421875,6008.56005859375,6013.1298828125,5434560000.0,98340.671875,99497.96875,94852.9609375,96125.546875,49608706470.0
2025-02-22,,,,,,96134.203125,96950.15625,95765.34375,96577.7578125,18353824477.0
2025-02-23,,,,,,96577.8046875,96671.875,95270.453125,96273.921875,16999478976.0
2025-02-24,6026.68994140625,6043.64990234375,5977.830078125,5983.25,4990120000.0,96277.9609375,96503.453125,91371.7421875,91418.171875,44046480529.0
2025-02-25,5982.72998046875,5992.64990234375,5908.490234375,5955.25,5374690000.0,91437.1171875,92511.078125,86008.234375,88736.171875,92139104128.0
2025-02-26,5970.8701171875,6009.81982421875,5932.68994140625,5956.06005859375,4869580000.0,88638.890625,89286.25,82131.8984375,84347.0234375,64597492134.0
2025-02-27,5981.8798828125,5993.68994140625,5858.77978515625,5861.56982421875,5057680000.0,84076.859375,87000.78125,83144.9609375,84704.2265625,52659591954.0
2025-02-28,5856.740234375,5959.39990234375,5837.66015625,5954.5,6441140000.0,84705.625,85036.3203125,78248.9140625,84373.0078125,83610570576.0
2025-03-01,,,,,,84373.8671875,86522.3046875,83794.234375,86031.9140625,29190628396.0
2025-03-02,,,,,,86036.2578125,95043.4375,85040.2109375,94248.3515625,58398341092.0
2025-03-03,5968.330078125,5986.08984375,5810.91015625,5849.72021484375,5613850000.0,94248.421875,94429.75,85081.3046875,86065.671875,70072228536.0
2025-03-04,5811.97998046875,5865.080078125,5732.58984375,5778.14990234375,6138110000.0,86064.0703125,88911.2734375,81529.2421875,87222.1953125,68095241474.0
2025-03-05,5781.35986328125,5860.58984375,5742.35009765625,5842.6298828125,5285970000.0,87222.953125,90998.2421875,86379.7734375,90623.5625,50498988027.0
2025-03-06,5785.8701171875,5812.080078125,5711.64013671875,5738.52001953125,5165080000.0,90622.359375,92804.9375,87852.140625,89961.7265625,47749810486.0
2025-03-07,5726.009765625,5783.009765625,5666.2900390625,5770.2001953125,5705140000.0,89963.28125,91191.046875,84717.6796875,86742.671875,65945677657.0
2025-03-08,,,,,,86742.65625,86847.265625,85247.484375,86154.59375,18206118081.0
2025-03-09,,,,,,86154.3046875,86471.1328125,80052.484375,80601.0390625,30899345977.0
2025-03-10,5705.3701171875,5705.3701171875,5564.02001953125,5614.56005859375,6409370000.0,80597.1484375,83955.9296875,77420.59375,78532.0,54061099422.0
2025-03-11,5603.64990234375,5636.2998046875,5528.41015625,5572.06982421875,6221240000.0,78523.875,83577.7578125,76624.25,82862.2109375,54702837196.0
2025-03-12,5624.83984375,5642.18994140625,5546.08984375,5599.2998046875,5219830000.0,82857.375,84358.578125,80635.25,83722.359375,40353484454.0
2025-03-13,5594.4501953125,5597.77978515625,5504.64990234375,5521.52001953125,5018980000.0,83724.921875,84301.6953125,79931.8515625,81066.703125,31412940153.0
2025-03-14,5563.85009765625,5645.27001953125,5563.85009765625,5638.93994140625,4863180000.0,81066.9921875,85263.2890625,80797.5625,83969.1015625,29588112414.0
2025-03-15,,,,,,83968.40625,84672.671875,83639.59375,84343.109375,13650491277.0
2025-03-16,,,,,,84333.3203125,85051.6015625,82017.90625,82579.6875,21330270174.0
2025-03-17,5635.60009765625,5703.52001953125,5631.1201171875,5675.1201171875,5031770000.0,82576.3359375,84725.328125,82492.15625,84075.6875,25092785558.0
2025-03-18,5654.52978515625,5654.52978515625,5597.759765625,5614.66015625,4666270000.0,84075.71875,84075.71875,81179.9921875,82718.5,24095774594.0
2025-03-19,5632.3701171875,5715.330078125,5622.2001953125,5675.2900390625,4660090000.0,82718.8046875,87021.1875,82569.7265625,86854.2265625,34931960257.0
2025-03-20,5646.919921875,5711.14990234375,5632.330078125,5662.89013671875,4678420000.0,86872.953125,87443.265625,83647.1953125,84167.1953125,29028988961.0
2025-03-21,5630.72998046875,5670.83984375,5603.10009765625,5667.56005859375,9367460000.0,84164.5390625,84782.2734375,83171.0703125,84043.2421875,19030452299.0
2025-03-22,,,,,,84046.2578125,84513.875,83674.78125,83832.484375,9863214091.0
2025-03-23,,,,,,83831.8984375,86094.78125,83794.9140625,86054.375,12594615537.0
2025-03-24,5718.080078125,5775.14013671875,5718.080078125,5767.56982421875,4517990000.0,86070.9296875,88758.7265625,85541.1953125,87498.9140625,34582604933.0
2025-03-25,5775.9599609375,5786.9501953125,5760.419921875,5776.64990234375,4467340000.0,87512.8203125,88542.3984375,86346.078125,87471.703125,30005840049.0
2025-03-26,5771.66015625,5783.6201171875,5694.41015625,5712.2001953125,4183140000.0,87460.234375,88292.15625,85861.453125,86900.8828125,26704046038.0
2025-03-27,5695.64013671875,5732.27978515625,5670.93994140625,5693.31005859375,4403460000.0,86896.2578125,87786.7265625,85837.9375,87177.1015625,24413471941.0
2025-03-28,5679.2001953125,5685.89013671875,5572.419921875,5580.93994140625,4513330000.0,87185.234375,87489.859375,83557.640625,84353.1484375,34198619509.0
2025-03-29,,,,,,84352.0703125,84567.3359375,81634.140625,82597.5859375,16969396135.0
2025-03-30,,,,,,82596.984375,83505.0,81573.25,82334.5234375,14763760943.0
2025-03-31,5527.91015625,5627.56005859375,5488.72998046875,5611.85009765625,5257250000.0,82336.0625,83870.125,81293.890625,82548.9140625,29004228247.0
2025-04-01,5597.52978515625,5650.56982421875,5558.52001953125,5633.06982421875,4434500000.0,82551.921875,85487.3671875,82429.359375,85169.171875,28175650319.0
2025-04-02,5580.759765625,5695.31005859375,5571.47998046875,5670.97021484375,4243830000.0,85180.609375,88466.953125,82343.5390625,82485.7109375,47584398470.0
2025-04-03,5492.740234375,5499.52978515625,5390.830078125,5396.52001953125,7210470000.0,82487.4765625,83909.296875,81282.1015625,83102.828125,36852112080.0
2025-04-04,5292.14013671875,5292.14013671875,5069.89990234375,5074.080078125,8853500000.0,83100.25,84696.1484375,81670.75,83843.8046875,45157640207.0
2025-04-05,,,,,,83844.703125,84207.015625,82377.734375,83504.796875,14380803631.0
2025-04-06,,,,,,83504.5078125,83704.71875,77097.7421875,78214.484375,36294853736.0
2025-04-07,4953.7900390625,5246.56982421875,4835.0400390625,5062.25,8691980000.0,78221.3359375,81119.0625,74436.6796875,79235.3359375,91262424987.0
2025-04-08,5193.56982421875,5267.47021484375,4910.419921875,4982.77001953125,7408140000.0,79218.4765625,80823.890625,76198.0234375,76271.953125,48314590749.0
2025-04-09,4965.27978515625,5481.33984375,4948.43017578125,5456.89990234375,9489600000.0,76273.5625,83541.0,74589.671875,82573.953125,84213627038.0
2025-04-10,5353.14990234375,5353.14990234375,5115.27001953125,5268.0498046875,6677140000.0,82565.9765625,82700.9296875,78456.1328125,79626.140625,44718000633.0
2025-04-11,5255.56005859375,5381.4599609375,5220.77001953125,5363.35986328125,5602550000.0,79625.046875,84247.4765625,78936.3203125,83404.8359375,41656778779.0
2025-04-12,,,,,,83404.515625,85856.1875,82769.375,85287.109375,24258059104.0
2025-04-13,,,,,,85279.46875,86015.1875,83027.0078125,83684.9765625,28796984817.0
2025-04-14,5441.9599609375,5459.4599609375,5358.02001953125,5405.97021484375,5031440000.0,83694.5234375,85785.0,83690.640625,84542.390625,34090769777.0
2025-04-15,5411.990234375,5450.41015625,5386.43994140625,5396.6298828125,4317110000.0,84539.6953125,86429.3515625,83598.8203125,83668.9921875,28040322885.0
2025-04-16,5335.75,5367.240234375,5220.7900390625,5275.7001953125,4607750000.0,83674.5078125,85428.28125,83100.6171875,84033.8671875,29617804112.0
2025-04-17,5305.4501953125,5328.31005859375,5255.580078125,5282.7001953125,4714880000.0,84030.671875,85449.0703125,83749.75,84895.75,21276866029.0
2025-04-18,,,,,,84900.1875,85095.046875,84298.8828125,84450.8046875,12728372364.0
2025-04-19,,,,,,84450.8671875,85597.703125,84353.4609375,85063.4140625,15259300427.0
2025-04-20,,,,,,85066.0703125,85306.3828125,83976.84375,85174.3046875,14664050812.0
2025-04-21,5232.93994140625,5232.93994140625,5101.6298828125,5158.2001953125,4226340000.0,85171.5390625,88460.09375,85143.8359375,87518.90625,41396190190.0
2025-04-22,5207.669921875,5309.60986328125,5207.669921875,5287.759765625,4666950000.0,87521.875,93817.3828125,87084.53125,93441.890625,55899038456.0
2025-04-23,5395.919921875,5469.68994140625,5356.169921875,5375.85986328125,5371390000.0,93427.5859375,94535.734375,91962.9609375,93699.109375,41719568821.0
2025-04-24,5381.3798828125,5489.39990234375,5371.9599609375,5484.77001953125,4697710000.0,93692.3984375,94016.1953125,91696.7109375,93943.796875,31483175315.0
2025-04-25,5489.72998046875,5528.10986328125,5455.85986328125,5525.2099609375,4236580000.0,93954.25,95768.390625,92898.59375,94720.5,40915232364.0
2025-04-26,,,,,,94714.6484375,95251.359375,93927.25,94646.9296875,17612825123.0
2025-04-27,,,,,,94660.90625,95301.203125,93665.3984375,93754.84375,18090367764.0
2025-04-28,5529.22021484375,5553.66015625,5468.64013671875,5528.75,4257880000.0,93755.3046875,95598.4921875,92860.8046875,94978.75,32363449569.0
2025-04-29,5508.8701171875,5571.9501953125,5505.7001953125,5560.830078125,4747150000.0,94981.859375,95485.4140625,93796.6328125,94284.7890625,25806129921.0
2025-04-30,5499.43994140625,5581.83984375,5433.240234375,5569.06005859375,5449490000.0,94286.46875,95249.3203125,92979.640625,94207.3125,28344679831.0
2025-05-01,5625.14013671875,5658.91015625,5597.35009765625,5604.14013671875,4935270000.0,94212.859375,97437.9609375,94153.6328125,96492.3359375,32875889623.0
2025-05-02,5645.8798828125,5700.7001953125,5642.27978515625,5686.669921875,4854380000.0,96494.96875,97905.8984375,96375.9453125,96910.0703125,26421924677.0
2025-05-03,,,,,,96904.6328125,96943.8828125,95821.2890625,95891.796875,15775154889.0
2025-05-04,,,,,,95877.1875,96318.921875,94173.4296875,94315.9765625,18198688416.0
2025-05-05,5655.31982421875,5683.3798828125,5634.47998046875,5650.3798828125,4358260000.0,94319.5625,95193.1875,93566.265625,94748.0546875,25816260327.0
2025-05-06,5605.8701171875,5649.580078125,5586.0400390625,5606.91015625,4717260000.0,94748.3828125,96889.1796875,93399.859375,96802.4765625,26551275827.0
2025-05-07,5614.18017578125,5654.72998046875,5578.64013671875,5631.27978515625,4987440000.0,96800.1953125,97625.8046875,95829.3359375,97032.3203125,76983822462.0
2025-05-08,5663.60009765625,5720.10009765625,5635.3798828125,5663.93994140625,5627400000.0,97034.25,103969.5390625,96913.875,103241.4609375,69895404397.0
2025-05-09,5679.64990234375,5691.68994140625,5644.14990234375,5659.91015625,4645090000.0,103239.125,104297.4921875,102343.09375,102970.8515625,58198593958.0
2025-05-10,,,,,,102973.7109375,104961.765625,102830.484375,104696.328125,42276713994.0
2025-05-11,,,,,,104701.0703125,104937.9921875,103364.7421875,104106.359375,46285517406.0
2025-05-12,5807.2001953125,5845.3701171875,5786.080078125,5844.18994140625,6014580000.0,104106.9609375,105747.453125,100814.40625,102812.953125,63250475404.0
2025-05-13,5854.14990234375,5906.64013671875,5845.02001953125,5886.5498046875,5516290000.0,102812.4921875,104997.421875,101515.09375,104169.8125,52608876410.0
2025-05-14,5896.740234375,5906.5498046875,5872.10986328125,5892.580078125,5233450000.0,104167.328125,104303.5625,102618.296875,103539.4140625,45956071155.0
2025-05-15,5869.81982421875,5924.2099609375,5865.16015625,5916.93017578125,4991290000.0,103538.828125,104153.6171875,101440.8125,103744.640625,50408241840.0
2025-05-16,5929.08984375,5958.6201171875,5907.35986328125,5958.3798828125,4850850000.0,103735.65625,104533.484375,103137.4765625,103489.2890625,44386499364.0
2025-05-17,,,,,,103489.2890625,103716.9453125,102659.1796875,103191.0859375,37898552742.0
2025-05-18,,,,,,103186.953125,106597.171875,103142.6015625,106446.0078125,49887082058.0
2025-05-19,5902.8798828125,5968.60986328125,5895.68994140625,5963.60009765625,4144010000.0,106430.53125,107068.71875,102112.6875,105606.1796875,61761126647.0
2025-05-20,5944.66015625,5953.06005859375,5909.259765625,5940.4599609375,4416850000.0,105605.40625,107307.1171875,104206.515625,106791.0859375,36515726122.0
2025-05-21,5910.18017578125,5938.3701171875,5830.91015625,5844.60986328125,5254250000.0,106791.3125,110724.4609375,106127.234375,109678.078125,78086364051.0
2025-05-22,5841.259765625,5878.080078125,5825.81982421875,5842.009765625,5157050000.0,109673.4921875,111970.171875,109285.0703125,111673.28125,70157575642.0
2025-05-23,5781.89013671875,5829.509765625,5767.41015625,5802.81982421875,4662820000.0,111679.359375,111798.90625,106841.3046875,107287.796875,67548133399.0
2025-05-24,,,,,,107278.5078125,109454.5234375,106895.2890625,107791.15625,45903627163.0
2025-05-25,,,,,,107802.2734375,109313.3046875,106683.375,109035.390625,47518041841.0
2025-05-26,,,,,,109023.78125,110376.8828125,108735.640625,109440.3671875,45950461571.0
2025-05-27,5854.06982421875,5924.330078125,5854.06982421875,5921.5400390625,5366380000.0,109440.40625,110744.2109375,107609.5546875,108994.640625,57450176272.0
2025-05-28,5925.5400390625,5939.919921875,5881.8798828125,5888.5498046875,4665050000.0,108992.171875,109298.2890625,106812.9296875,107802.328125,49155377493.0
2025-05-29,5939.9599609375,5943.1298828125,5873.7998046875,5912.169921875,4569750000.0,107795.5703125,108910.046875,105374.3984375,105641.7578125,56022752042.0
2025-05-30,5903.669921875,5922.14013671875,5843.66015625,5911.68994140625,6378540000.0,105646.2109375,106308.9453125,103685.7890625,103998.5703125,57655287183.0
2025-05-31,,,,,,103994.71875,104927.1015625,103136.1171875,104638.09375,38997843858.0
2025-06-01,,,,,,104637.296875,105884.546875,103826.953125,105652.1015625,37397056873.0
2025-06-02,5896.68017578125,5937.39990234375,5861.43017578125,5935.93994140625,4832240000.0,105649.8125,105958.3125,103727.546875,105881.53125,45819706290.0
2025-06-03,5938.56005859375,5981.35009765625,5929.0,5970.3701171875,5026680000.0,105888.4765625,106813.578125,104920.84375,105432.46875,46196508367.0
2025-06-04,5978.93994140625,5990.47998046875,5966.10986328125,5970.81005859375,4767050000.0,105434.3671875,105997.6953125,104232.703125,104731.984375,44544857105.0
2025-06-05,5985.669921875,5999.7001953125,5921.2001953125,5939.2998046875,5091850000.0,104750.78125,105936.6875,100436.8828125,101575.953125,57479298400.0
2025-06-06,5987.06005859375,6016.8701171875,5978.6298828125,6000.35986328125,4355710000.0,101574.3671875,105376.7734375,101169.5703125,104390.34375,48856653697.0
2025-06-07,,,,,,104390.6484375,105972.7578125,103987.3125,105615.625,38365033776.0
2025-06-08,,,,,,105617.5078125,106497.0625,105075.328125,105793.6484375,36626232328.0
2025-06-09,6004.6298828125,6021.31005859375,5994.18017578125,6005.8798828125,4642360000.0,105793.0234375,110561.421875,105400.234375,110294.1015625,55903193732.0
2025-06-10,6009.91015625,6043.009765625,6000.27978515625,6038.81005859375,4882880000.0,110295.6875,110380.125,108367.7109375,110257.234375,54700101509.0
2025-06-11,6049.3798828125,6059.39990234375,6002.31982421875,6022.240234375,5111550000.0,110261.796875,110384.21875,108086.328125,108686.625,50842662052.0
2025-06-12,6009.89990234375,6045.43017578125,6003.8798828125,6045.259765625,4669500000.0,108685.9140625,108780.6953125,105785.6875,105929.0546875,54843867968.0
2025-06-13,6000.56005859375,6026.16015625,5963.2099609375,5976.97021484375,5258910000.0,105924.59375,106182.546875,102822.0234375,106090.96875,69550440846.0
2025-06-14,,,,,,106108.0859375,106203.7578125,104379.3671875,105472.40625,38007870453.0
2025-06-15,,,,,,105464.84375,106157.1015625,104519.8828125,105552.0234375,36744307742.0
2025-06-16,6004.0,6050.830078125,6004.0,6033.10986328125,5111710000.0,105555.59375,108915.375,104997.625,106796.7578125,50366626945.0
2025-06-17,6012.14990234375,6023.25,5974.7998046875,5982.72021484375,4955700000.0,106794.1171875,107750.1953125,103396.53125,104601.1171875,55964092176.0
2025-06-18,5987.93017578125,6018.25,5971.89013671875,5980.8701171875,5106470000.0,104602.0703125,105581.8515625,103602.265625,104883.328125,47318089133.0
2025-06-19,,,,,,104886.7734375,105250.890625,103940.7734375,104684.2890625,37333806920.0
2025-06-20,5999.669921875,6018.2001953125,5952.56005859375,5967.83984375,7451500000.0,104681.03125,106539.3828125,102372.2109375,103309.6015625,50951862476.0
2025-06-21,,,,,,103315.078125,104015.78125,100973.0625,102257.40625,38360555118.0
2025-06-22,,,,,,102212.03125,103351.6328125,98286.203125,100987.140625,65536997201.0
2025-06-23,5969.669921875,6028.77001953125,5943.22998046875,6025.169921875,5597000000.0,100987.4765625,106116.859375,99705.75,105577.7734375,65237759656.0
2025-06-24,6061.2099609375,6101.759765625,6059.25,6092.18017578125,5443690000.0,105571.515625,106316.828125,104740.2421875,106045.6328125,48822986421.0
2025-06-25,6104.22998046875,6108.509765625,6080.08984375,6092.16015625,5171110000.0,106047.40625,108168.3984375,105881.390625,107361.2578125,51624120283.0
2025-06-26,6112.08984375,6146.52001953125,6107.27001953125,6141.02001953125,5308140000.0,107375.0703125,108305.546875,106666.3515625,106960.0,43891990613.0
2025-06-27,6150.7001953125,6187.68017578125,6132.35009765625,6173.06982421875,7889350000.0,106954.921875,107772.46875,106449.9921875,107088.4296875,45353692675.0
2025-06-28,,,,,,107090.546875,107567.8828125,106883.9765625,107327.703125,30037708335.0
2025-06-29,,,,,,107327.8203125,108526.3046875,107230.109375,108385.5703125,35534874438.0
2025-06-30,6193.35986328125,6215.080078125,6174.97021484375,6204.9501953125,5782900000.0,108383.4375,108798.7890625,106759.6484375,107135.3359375,42064804590.0
2025-07-01,6187.25,6210.77978515625,6177.97021484375,6198.009765625,6275310000.0,107144.3828125,107550.6796875,105270.2265625,105698.28125,44110692247.0
2025-07-02,6193.8798828125,6227.60009765625,6188.2900390625,6227.419921875,5645710000.0,105703.1015625,109763.65625,105157.3984375,108859.3203125,56248657737.0
2025-07-03,6246.4599609375,6284.64990234375,6246.4599609375,6279.35009765625,3378110000.0,108845.015625,110541.4609375,108605.796875,109647.9765625,50494742270.0
2025-07-04,,,,,,109635.65625,109751.984375,107296.3828125,108034.3359375,42616442656.0
2025-07-05,,,,,,108015.8359375,108381.34375,107842.2734375,108231.1796875,30615537520.0
2025-07-06,,,,,,108231.1875,109731.625,107847.015625,109232.0703125,36746020463.0
2025-07-07,6259.0400390625,6262.06982421875,6201.0,6229.97998046875,5236740000.0,109235.328125,109710.25,107527.0546875,108299.8515625,45415696597.0
2025-07-08,6234.02978515625,6242.7001953125,6217.75,6225.52001953125,5739030000.0,108298.2265625,109198.96875,107499.5546875,108950.2734375,44282204127.0
2025-07-09,6243.330078125,6269.16015625,6231.43017578125,6263.259765625,4813340000.0,108950.2734375,111925.375,108357.6796875,111326.5546875,57927418065.0
2025-07-10,6266.7998046875,6290.22021484375,6251.43994140625,6280.4599609375,5367350000.0,111329.1953125,116608.78125,110660.75,115987.203125,95911605728.0
2025-07-11,6255.68017578125,6269.43994140625,6237.60009765625,6259.75,4656210000.0,115986.234375,118856.4765625,115245.6875,117516.9921875,86928361085.0
2025-07-12,,,,,,117530.7109375,118219.8984375,116977.0234375,117435.2265625,45524560304.0
2025-07-13,,,,,,117432.203125,119449.5703125,117265.4375,119116.1171875,49021091807.0
2025-07-14,6255.14990234375,6273.31005859375,6239.22021484375,6268.56005859375,4722250000.0,119115.7890625,123091.609375,118959.1953125,119849.703125,181746419401.0
2025-07-15,6295.2900390625,6302.0400390625,6241.68017578125,6243.759765625,5133670000.0,119853.8515625,119935.5625,115765.6875,117777.1875,98321661181.0
2025-07-16,6254.5,6268.1201171875,6201.58984375,6263.7001953125,5177460000.0,117777.1875,120065.515625,117064.8203125,118738.5078125,72162029070.0
2025-07-17,6263.39990234375,6304.68994140625,6262.27001953125,6297.35986328125,5512290000.0,118738.5078125,120999.609375,117508.21875,119289.84375,72363841798.0
2025-07-18,6312.9501953125,6315.60986328125,6285.27001953125,6296.7900390625,5184700000.0,119284.109375,120851.9140625,116925.984375,118003.2265625,77945799785.0
2025-07-19,,,,,,117998.125,118541.3984375,117388.4140625,117939.9765625,47564562765.0
2025-07-20,,,,,,117944.109375,118865.03125,116550.1328125,117300.7890625,57515447231.0
2025-07-21,6304.740234375,6336.080078125,6303.7900390625,6305.60009765625,5010840000.0,117306.46875,119671.5625,116584.3984375,117439.5390625,69820091744.0
2025-07-22,6306.60009765625,6316.1201171875,6281.7099609375,6309.6201171875,5662040000.0,117426.5,120269.96875,116233.2265625,119995.4140625,79217583118.0
2025-07-23,6326.89990234375,6360.64013671875,6317.490234375,6358.91015625,5642510000.0,119997.4453125,120113.3515625,117391.390625,118754.9609375,66608604537.0
2025-07-24,6368.60009765625,6381.31005859375,6360.56982421875,6363.35009765625,5282720000.0,118770.984375,119535.453125,117247.96875,118368.0,72627318560.0
2025-07-25,6370.009765625,6395.81982421875,6368.52978515625,6388.64013671875,4470720000.0,118368.0,118486.9765625,114759.8203125,117635.8828125,104857024569.0
2025-07-26,,,,,,117644.84375,118335.6875,117181.2265625,117947.3671875,48508954046.0
2025-07-27,,,,,,117944.7265625,119815.59375,117859.6875,119448.4921875,54683390892.0
2025-07-28,6397.68994140625,6401.06982421875,6375.7900390625,6389.77001953125,4565620000.0,119457.5234375,119819.7890625,117441.4375,117924.4765625,64822943193.0
2025-07-29,6405.6201171875,6409.259765625,6363.919921875,6370.85986328125,5076120000.0,117938.5859375,119273.8671875,116987.3671875,117922.1484375,68463107433.0
2025-07-30,6381.22998046875,6396.5400390625,6336.3798828125,6362.89990234375,5375070000.0,117921.9921875,118780.7265625,115800.828125,117831.1875,68896148592.0
2025-07-31,6427.02001953125,6427.02001953125,6327.64013671875,6339.39013671875,6077080000.0,117833.6328125,118919.984375,115505.21875,115758.203125,69370346018.0
2025-08-01,6287.27978515625,6287.27978515625,6212.68994140625,6238.009765625,5827150000.0,115738.953125,116060.7734375,112724.4453125,113320.0859375,91294530181.0
2025-08-02,,,,,,113320.390625,114021.6015625,112005.765625,112526.9140625,56870866000.0
2025-08-03,,,,,,112525.8046875,114747.421875,111943.8046875,114217.671875,48099615826.0
2025-08-04,6271.7099609375,6330.68994140625,6271.7099609375,6329.93994140625,4842580000.0,114223.921875,115729.46875,114130.40625,115071.8828125,35783028986.0
2025-08-05,6336.6298828125,6346.0,6289.3701171875,6299.18994140625,5517410000.0,115072.1875,115117.4375,112701.109375,114141.4453125,61039182286.0
2025-08-06,6309.2998046875,6352.830078125,6301.10986328125,6345.06005859375,5408560000.0,114140.9140625,115737.8359375,113372.25,115028.0,56379133510.0
2025-08-07,6374.31982421875,6389.7099609375,6310.31982421875,6340.0,5306090000.0,115030.0546875,117676.90625,114279.7109375,117496.8984375,64051649681.0
2025-08-08,6355.22021484375,6395.16015625,6355.22021484375,6389.4501953125,4769910000.0,117505.5,117689.203125,115917.4609375,116688.7265625,59713005166.0
2025-08-09,,,,,,116678.2734375,117906.609375,116363.8359375,116500.359375,54004312429.0
2025-08-10,,,,,,116497.71875,119320.7109375,116485.1640625,119306.7578125,64755458694.0
2025-08-11,6389.669921875,6407.25,6364.06005859375,6373.4501953125,4652400000.0,119306.8125,122321.09375,118159.03125,118731.4453125,90528784177.0
2025-08-12,6395.169921875,6446.5498046875,6385.759765625,6445.759765625,5135300000.0,118717.6640625,120302.46875,118228.71875,120172.90625,72803657984.0
2025-08-13,6462.669921875,6480.27978515625,6445.02001953125,6466.580078125,5195950000.0,120168.9765625,123682.453125,118939.6328125,123344.0625,90904808795.0
2025-08-14,6453.4599609375,6473.919921875,6441.06982421875,6468.5400390625,4462050000.0,123339.3984375,124457.1171875,117254.8828125,118359.578125,104055627395.0
2025-08-15,6477.3798828125,6481.33984375,6441.85009765625,6449.7998046875,4575060000.0,118365.78125,119332.3125,116864.5703125,117398.3515625,68665353159.0
2025-08-16,,,,,,117398.421875,117996.0625,117271.953125,117491.3515625,48036922378.0
2025-08-17,,,,,,117492.7890625,118595.7734375,117279.5234375,117453.0625,45852169525.0
2025-08-18,6445.02001953125,6455.35009765625,6437.7001953125,6449.14990234375,4162290000.0,117453.90625,117614.171875,114723.6796875,116252.3125,72787808090.0
2025-08-19,6446.240234375,6456.47998046875,6400.22021484375,6411.3701171875,4377440000.0,116241.859375,116764.5,112730.3984375,112831.1796875,71657600353.0
2025-08-20,6406.6201171875,6408.39990234375,6343.85986328125,6395.77978515625,4470390000.0,112828.0234375,114625.796875,112387.9609375,114274.7421875,67993811526.0
2025-08-21,6380.830078125,6393.64990234375,6352.7099609375,6370.169921875,4013560000.0,114275.6875,114802.6484375,111986.234375,112419.03125,57817883700.0
2025-08-22,6384.58984375,6478.89013671875,6384.58984375,6466.91015625,5046860000.0,112433.734375,117377.3984375,111678.9453125,116874.0859375,82528088240.0
2025-08-23,,,,,,116866.3671875,116996.25,114536.109375,115374.328125,55377142586.0
2025-08-24,,,,,,115387.390625,115615.0859375,111060.546875,113458.4296875,73961489632.0
2025-08-25,6457.669921875,6466.89013671875,6438.06005859375,6439.31982421875,4059070000.0,113456.8984375,113637.84375,109324.28125,110124.3515625,85706860190.0
2025-08-26,6435.490234375,6468.3701171875,6429.2099609375,6465.93994140625,4867680000.0,110124.1015625,112397.015625,108762.0390625,111802.65625,69396320317.0
2025-08-27,6462.259765625,6487.06005859375,6457.83984375,6481.39990234375,4143680000.0,111795.7109375,112619.4140625,110398.265625,111222.0625,62137056409.0
2025-08-28,6483.83984375,6508.22998046875,6466.9599609375,6501.85986328125,4283760000.0,111219.0546875,113450.078125,110900.921875,112544.8046875,58860155962.0
2025-08-29,6489.27978515625,6491.759765625,6444.56982421875,6460.259765625,4234840000.0,112550.5234375,112619.0546875,107559.625,108410.8359375,77843379644.0
2025-08-30,,,,,,108409.40625,108929.3515625,107444.4453125,108808.0703125,51486264208.0
2025-08-31,,,,,,108818.4609375,109491.0,108104.65625,108236.7109375,47986191770.0
2025-09-01,,,,,,108228.75,109890.5859375,107271.1796875,109250.59375,66870372995.0
2025-09-02,6401.509765625,6416.5400390625,6360.580078125,6415.5400390625,4784000000.0,109243.0703125,111748.015625,108454.03125,111200.5859375,74776999491.0
2025-09-03,6445.81982421875,6453.669921875,6416.169921875,6448.259765625,4465360000.0,111190.6953125,112600.2265625,110582.9609375,111723.2109375,61119643565.0
2025-09-04,6456.60009765625,6502.5400390625,6445.97998046875,6502.080078125,4670770000.0,111718.1484375,112208.328125,109347.2265625,110723.6015625,60131132901.0
2025-09-05,6529.080078125,6532.64990234375,6443.97998046875,6481.5,5066120000.0,110723.015625,113357.4921875,110233.3984375,110650.984375,60241647677.0
2025-09-06,,,,,,110650.5703125,111275.015625,110024.0859375,110224.6953125,21500719036.0
2025-09-07,,,,,,110221.328125,111591.078125,110211.625,111167.6171875,24618007520.0
2025-09-08,6498.08984375,6508.669921875,6483.2900390625,6495.14990234375,5211500000.0,111163.015625,112869.234375,110630.609375,112071.4296875,40212813407.0
2025-09-09,6503.330078125,6518.22998046875,6483.080078125,6512.60986328125,4798350000.0,112077.578125,113225.4375,110776.703125,111530.546875,45984480722.0
2025-09-10,6550.2900390625,6555.97021484375,6516.33984375,6532.0400390625,5253010000.0,111531.25,114275.25,110940.078125,113955.359375,56377473784.0
2025-09-11,6554.41015625,6592.89013671875,6545.7998046875,6587.47021484375,5426460000.0,113961.4296875,115522.546875,113453.8359375,115507.5390625,45685065332.0
2025-09-12,6590.66015625,6600.2099609375,6579.490234375,6584.2900390625,4641640000.0,115507.7890625,116769.3828125,114794.484375,116101.578125,54785725894.0
2025-09-13,,,,,,116093.5625,116334.6328125,115248.2734375,115950.5078125,34549454947.0
2025-09-14,,,,,,115950.2890625,116181.5,115222.3984375,115407.65625,32798036057.0
2025-09-15,6603.490234375,6619.6201171875,6602.06982421875,6615.27978515625,5045020000.0,115399.6328125,116747.8828125,114461.0625,115444.875,52937859416.0
2025-09-16,6624.1298828125,6626.990234375,6600.10986328125,6606.759765625,5359510000.0,115423.7578125,117005.2734375,114813.09375,116843.1875,45781744593.0
2025-09-17,6604.8701171875,6624.39013671875,6551.14990234375,6600.35009765625,5805340000.0,116840.5078125,117328.609375,114794.9765625,116468.5078125,60528025996.0
2025-09-18,6626.85009765625,6656.7998046875,6611.89013671875,6631.9599609375,5292400000.0,116461.265625,117911.7890625,116188.796875,117137.203125,49457272032.0
2025-09-19,6647.10986328125,6671.81982421875,6630.31005859375,6664.35986328125,9125960000.0,117137.671875,117479.7578125,115141.8203125,115688.859375,38828473971.0
2025-09-20,,,,,,115691.125,116191.1484375,115473.5234375,115721.9609375,22864449614.0
2025-09-21,,,,,,115730.2265625,115901.0859375,115252.578125,115306.09375,22495852193.0
2025-09-22,6654.27978515625,6698.8798828125,6648.06982421875,6693.75,5642620000.0,115309.21875,115431.3125,112037.6484375,112748.5078125,70684158591.0
2025-09-23,6692.43994140625,6699.52001953125,6645.580078125,6656.919921875,5633620000.0,112757.4765625,113351.9140625,111535.5703125,112014.5,47211853279.0
2025-09-24,6669.7900390625,6672.66015625,6621.759765625,6637.97021484375,5459180000.0,112007.6640625,113986.2734375,111229.640625,113328.6328125,48044595085.0
2025-09-25,6608.18994140625,6619.0,6569.22021484375,6604.72021484375,5874670000.0,113330.1640625,113541.0859375,108713.3984375,109049.2890625,75528654284.0
2025-09-26,6615.3798828125,6648.97021484375,6604.43017578125,6643.7001953125,5103110000.0,109041.296875,110359.1953125,108728.9765625,109712.828125,57738288949.0
2025-09-27,,,,,,109707.140625,109778.5,109144.296875,109681.9453125,26308042910.0
2025-09-28,,,,,,109681.9453125,112375.484375,109236.9453125,112122.640625,33371048505.0
2025-09-29,6661.580078125,6677.31005859375,6644.490234375,6661.2099609375,5358760000.0,112117.875,114473.5703125,111589.953125,114400.3828125,60000147466.0
2025-09-30,6656.18994140625,6691.25,6641.0,6688.4599609375,6057210000.0,114396.5234375,114836.6171875,112740.5625,114056.0859375,58986330258.0
2025-10-01,6664.919921875,6718.47998046875,6656.2001953125,6711.2001953125,6037950000.0,114057.59375,118648.9296875,113981.3984375,118648.9296875,71328680132.0
2025-10-02,6731.31005859375,6731.93994140625,6693.22998046875,6715.35009765625,5416130000.0,118652.3828125,121086.40625,118383.15625,120681.2578125,71415163912.0
2025-10-03,6722.14013671875,6750.8701171875,6705.669921875,6715.7900390625,5713110000.0,120656.984375,123944.703125,119344.3125,122266.53125,83941392228.0
2025-10-04,,,,,,122267.46875,122857.640625,121577.5703125,122425.4296875,36769171735.0
2025-10-05,,,,,,122419.671875,125559.2109375,122191.9609375,123513.4765625,73689317763.0
2025-10-06,6733.85986328125,6749.52001953125,6717.77978515625,6740.27978515625,5604460000.0,123510.453125,126198.0703125,123196.046875,124752.53125,72568881188.0
2025-10-07,6746.14013671875,6754.490234375,6699.9599609375,6714.58984375,5546150000.0,124752.140625,125184.0234375,120681.96875,121451.3828125,76149412513.0
2025-10-08,6723.8701171875,6755.64013671875,6718.08984375,6753.72021484375,5383130000.0,121448.3515625,124167.09375,121119.1796875,123354.8671875,65354305286.0
2025-10-09,6760.5,6764.580078125,6716.169921875,6735.10986328125,5385020000.0,123337.0703125,123739.34375,119812.03125,121705.5859375,74653009425.0
2025-10-10,6740.490234375,6762.39990234375,6550.77978515625,6552.509765625,6596610000.0,121704.7421875,122509.6640625,104582.4140625,113214.3671875,153125018868.0
2025-10-11,,,,,,113236.4296875,113429.7265625,109760.5625,110807.8828125,110236934340.0
2025-10-12,,,,,,110811.515625,115805.0625,109715.5390625,115169.765625,93710414091.0
2025-10-13,6622.52978515625,6668.68017578125,6620.7099609375,6654.72021484375,5303960000.0,115161.6796875,116020.484375,113821.1875,115271.078125,71582026739.0
2025-10-14,6602.490234375,6680.7001953125,6555.06982421875,6644.31005859375,5666920000.0,115264.8828125,115502.8828125,110029.484375,113118.6640625,92212917403.0
2025-10-15,6688.27001953125,6724.1201171875,6612.10986328125,6671.06005859375,5633060000.0,113113.96875,113622.3828125,110235.8359375,110783.1640625,72574132855.0
2025-10-16,6689.02001953125,6709.33984375,6593.990234375,6629.06982421875,6048180000.0,110782.171875,111990.8125,107537.03125,108186.0390625,87306423067.0
2025-10-17,6613.27001953125,6678.8798828125,6603.759765625,6664.009765625,5358120000.0,108179.1328125,109235.8046875,103598.4296875,106467.7890625,99703051669.0
2025-10-18,,,,,,106483.734375,107490.984375,106387.453125,107198.265625,37779905278.0
2025-10-19,,,,,,107204.3125,109488.9921875,106157.7890625,108666.7109375,47657008953.0
2025-10-20,6690.0498046875,6744.35009765625,6690.0498046875,6735.1298828125,4672170000.0,108667.4453125,111711.03125,107485.015625,110588.9296875,63507793085.0
2025-10-21,6736.75,6752.16015625,6722.02978515625,6735.35009765625,5245020000.0,110587.6328125,113996.34375,107534.75,108476.890625,101194375480.0
2025-10-22,6741.33984375,6741.75,6655.68994140625,6699.39990234375,5710010000.0,108491.53125,109115.1328125,106778.0,107688.5859375,80807013218.0
2025-10-23,6703.64990234375,6749.52978515625,6700.14013671875,6738.43994140625,5565750000.0,107679.4375,111288.59375,107548.4296875,110069.7265625,54944076060.0
2025-10-24,6772.06982421875,6807.10986328125,6772.06982421875,6791.68994140625,5058220000.0,110069.3515625,111842.53125,109770.1484375,111033.921875,48160816980.0
2025-10-25,,,,,,111032.6171875,111947.703125,110704.40625,111641.7265625,24707667305.0
2025-10-26,,,,,,111639.0546875,115260.90625,111268.484375,114472.4453125,41708524143.0
2025-10-27,6845.4599609375,6877.27978515625,6843.93994140625,6875.16015625,5290650000.0,114479.8515625,116273.3125,113882.2890625,114119.328125,61761358733.0
2025-10-28,6897.740234375,6911.2998046875,6870.72998046875,6890.89013671875,5695930000.0,114129.0859375,116078.984375,112291.6796875,112956.1640625,64528066504.0
2025-10-29,6910.9501953125,6920.33984375,6851.91015625,6890.58984375,6280130000.0,112921.328125,113642.7265625,109368.71875,110055.3046875,62192043469.0
2025-10-30,6860.5,6880.75,6820.68994140625,6822.33984375,6052700000.0,110059.1953125,111612.3515625,106376.6875,108305.546875,69673964814.0
2025-10-31,6879.169921875,6879.169921875,6814.259765625,6840.2001953125,6398280000.0,108304.4140625,111031.8203125,108288.2734375,109556.1640625,60090359560.0
2025-11-01,,,,,,109558.625,110574.8984375,109372.953125,110064.015625,25871668762.0
2025-11-02,,,,,,110064.4296875,111167.3125,109523.453125,110639.625,34284209459.0
2025-11-03,6882.31982421875,6882.31982421875,6820.6201171875,6851.97021484375,6065720000.0,110646.90625,110764.9140625,105336.359375,106547.5234375,72852006359.0
2025-11-04,6788.52001953125,6820.2099609375,6766.7099609375,6771.5498046875,5739510000.0,106541.421875,107264.8828125,98962.0625,101590.5234375,110967184773.0
2025-11-05,6769.77001953125,6829.77978515625,6763.10986328125,6796.2900390625,5939600000.0,101579.234375,104534.703125,98989.9140625,103891.8359375,77584934804.0
2025-11-06,6787.58984375,6796.68017578125,6707.509765625,6720.31982421875,6051900000.0,103893.6640625,104147.3046875,100336.8671875,101301.2890625,63932752861.0
2025-11-07,6696.18017578125,6730.10986328125,6631.43994140625,6728.7998046875,5926070000.0,101286.2421875,104052.9140625,99257.0546875,103372.40625,92168030081.0
2025-11-08,,,,,,103371.703125,103373.5625,101458.0390625,102282.1171875,51446691095.0
2025-11-09,,,,,,102278.984375,105418.3671875,101468.875,104719.640625,59679243013.0
2025-11-10,6785.35986328125,6841.31982421875,6770.56005859375,6832.43017578125,5366050000.0,104723.7734375,106564.6953125,104350.6484375,105996.59375,69585887229.0
2025-11-11,6815.64013671875,6855.1298828125,6806.8701171875,6846.60986328125,4983490000.0,105996.859375,107428.2578125,102457.328125,102997.46875,71130078574.0
2025-11-12,6867.77001953125,6869.91015625,6829.6201171875,6850.919921875,5293610000.0,103011.4375,105297.234375,100836.6171875,101663.1875,64347179408.0
2025-11-13,6826.47021484375,6828.0498046875,6724.72021484375,6737.490234375,5473720000.0,101674.1484375,104005.4921875,97988.71875,99697.4921875,101546815416.0
2025-11-14,6672.14013671875,6774.31005859375,6646.8701171875,6734.10986328125,5042660000.0,99694.703125,99804.4296875,94000.734375,94397.7890625,114346441890.0
2025-11-15,,,,,,94420.46875,96728.46875,94420.46875,95549.1484375,38500716654.0
2025-11-16,,,,,,95556.8671875,96564.1875,92971.1640625,94177.078125,71086235862.0
2025-11-17,6713.60986328125,6754.5,6638.89990234375,6672.41015625,5204220000.0,94180.875,95928.3671875,91214.7578125,92093.875,94186165724.0
2025-11-18,6641.18994140625,6666.6298828125,6574.31982421875,6617.31982421875,5159390000.0,92094.53125,93745.078125,89300.4609375,92948.875,101333569062.0
2025-11-19,6625.83984375,6689.75,6603.5,6642.16015625,5021610000.0,92946.1640625,92946.1640625,88526.828125,91465.9921875,80350354656.0
2025-11-20,6737.93017578125,6770.35009765625,6534.0498046875,6538.759765625,5596080000.0,91459.3515625,93025.0703125,86040.796875,86631.8984375,97970645638.0
2025-11-21,6555.77001953125,6660.0498046875,6521.919921875,6602.990234375,5929930000.0,86528.7734375,87380.8046875,80659.8125,85090.6875,129157506112.0
2025-11-22,,,,,,85098.5625,85503.0078125,83490.8984375,84648.359375,40793099246.0
2025-11-23,,,,,,84648.609375,88038.46875,84641.7734375,86805.0078125,58083435576.0
2025-11-24,6636.5400390625,6715.75,6630.7001953125,6705.1201171875,6039740000.0,86798.7734375,89206.3359375,85272.1953125,88270.5625,74433896110.0
2025-11-25,6697.02978515625,6776.39990234375,6659.97998046875,6765.8798828125,5003330000.0,88269.9609375,88457.3359375,86131.4296875,87341.890625,64837343545.0
2025-11-26,6793.5498046875,6831.43994140625,6783.8701171875,6812.60986328125,4485000000.0,87345.5859375,90581.15625,86316.8984375,90518.3671875,66496301869.0
2025-11-27,,,,,,90517.765625,91897.578125,90089.515625,91285.375,57040622845.0
2025-11-28,6822.52001953125,6850.85986328125,6819.75,6849.08984375,2558540000.0,91285.3828125,92969.0859375,90257.1171875,90919.265625,60895830289.0
2025-11-29,,,,,,90918.7421875,91187.6171875,90260.1875,90851.7578125,37921773455.0
2025-11-30,,,,,,90838.2109375,91965.046875,90394.3125,90394.3125,38497902869.0
2025-12-01,6812.2998046875,6843.64990234375,6799.93994140625,6812.6298828125,4549370000.0,90389.109375,90398.15625,83862.25,86321.5703125,87962894424.0
2025-12-02,6830.9599609375,6851.5498046875,6806.7099609375,6829.3701171875,4582290000.0,86322.5390625,92316.6328125,86202.1953125,91350.203125,78546798211.0
2025-12-03,6815.2900390625,6862.419921875,6810.43017578125,6849.72021484375,4736780000.0,91345.09375,94060.7734375,91056.390625,93527.8046875,77650204986.0
2025-12-04,6866.47021484375,6866.47021484375,6827.1201171875,6857.1201171875,4872440000.0,93454.2578125,94038.2421875,90976.1015625,92141.625,64538402681.0
2025-12-05,6866.31982421875,6895.77978515625,6858.2900390625,6870.39990234375,4944560000.0,92133.6484375,92702.640625,88152.140625,89387.7578125,63256398633.0
2025-12-06,,,,,,89389.359375,90267.4609375,88951.6640625,89272.375,37994042405.0
2025-12-07,,,,,,89277.8125,91740.84375,87799.5625,90405.640625,47394898960.0
2025-12-08,6875.2001953125,6878.27001953125,6827.18994140625,6846.509765625,4757130000.0,90424.5859375,92267.1171875,89644.890625,90640.203125,57394099056.0
2025-12-09,6840.60986328125,6864.919921875,6837.43017578125,6840.509765625,4508050000.0,90639.703125,94601.5703125,89586.9765625,92691.7109375,66861721440.0
2025-12-10,6833.490234375,6900.669921875,6824.68994140625,6886.68017578125,5526570000.0,92695.234375,94477.15625,91640.1328125,92020.9453125,65420694513.0
2025-12-11,6861.2998046875,6903.4599609375,6833.4501953125,6901.0,5021060000.0,92011.3046875,93554.265625,89335.296875,92511.3359375,64532834621.0
2025-12-12,6886.85009765625,6899.85009765625,6801.7900390625,6827.41015625,4910160000.0,92513.6640625,92747.9296875,89532.6015625,90270.4140625,80275884583.0
2025-12-13,,,,,,90257.796875,90647.5703125,89800.9921875,90298.7109375,64237748110.0
2025-12-14,,,,,,90296.4375,90498.109375,87634.9375,88175.1796875,50465972205.0
2025-12-15,6860.18994140625,6861.58984375,6801.490234375,6816.509765625,4975600000.0,88171.078125,89983.921875,85304.078125,86419.78125,45559514323.0
2025-12-16,6800.1201171875,6819.27001953125,6759.740234375,6800.259765625,4983180000.0,86424.40625,88170.09375,85381.6875,87843.984375,41262178223.0
2025-12-17,6802.8798828125,6812.259765625,6720.43017578125,6721.43017578125,5122120000.0,87847.6171875,90264.5703125,85316.265625,86143.7578125,44243392914.0
2025-12-18,6778.06005859375,6816.1298828125,6758.5,6774.759765625,5101190000.0,86144.3671875,89412.6640625,84436.3125,85462.5078125,52667115348.0
2025-12-19,6792.6201171875,6840.02001953125,6792.6201171875,6834.5,8554470000.0,85476.1328125,89339.1171875,85107.6640625,88103.3828125,46733310561.0
2025-12-20,,,,,,88101.671875,88497.203125,87924.875,88344.0,14688196659.0
2025-12-21,,,,,,88344.703125,89027.953125,87613.203125,88621.75,19845522660.0
2025-12-22,6865.2099609375,6882.02978515625,6855.740234375,6878.490234375,4465030000.0,88621.3984375,90501.9296875,87908.0703125,88490.015625,38047472118.0
2025-12-23,6872.41015625,6910.8798828125,6868.81005859375,6909.7900390625,3820560000.0,88490.03125,88898.3828125,86606.9765625,87414.0,43683011533.0
2025-12-24,6904.91015625,6937.31982421875,6904.91015625,6932.0498046875,1798270000.0,87404.3203125,87956.8828125,86411.796875,87611.9609375,25550297986.0
2025-12-25,,,,,,87608.3203125,88501.7890625,86949.2578125,87234.7421875,19953216347.0
2025-12-26,6936.02001953125,6945.77001953125,6921.60009765625,6929.93994140625,2586550000.0,87235.5078125,89459.4296875,86628.140625,87301.4296875,42455674908.0
2025-12-27,,,,,,87301.4296875,87874.78125,87182.9765625,87802.15625,13741199310.0
2025-12-28,,,,,,87799.34375,87986.890625,87394.953125,87835.8359375,15156557929.0
2025-12-29,6903.60009765625,6920.2099609375,6888.759765625,6905.740234375,3541750000.0,87835.7890625,90299.15625,86717.9140625,87138.140625,48411625849.0
2025-12-30,6900.43994140625,6913.25,6893.47021484375,6896.240234375,3309930000.0,87134.3515625,89297.9375,86735.546875,88430.1328125,35586356225.0
2025-12-31,6898.81982421875,6901.419921875,6844.5498046875,6845.5,3261830000.0,88429.5859375,89080.2890625,87130.5625,87508.828125,33830210616.0
