Date,Open,High,Low,Close,Volume,Regime,Return,Volatility_60,Volume_ratio
2000-03-29,1507.72998046875,1521.449951171875,1497.449951171875,1508.52001953125,1061900000,1.0,0.0005239924076154,0.01569029723364619,0.9729419698158016
2000-03-30,1508.52001953125,1517.3800048828125,1474.6300048828125,1487.9200439453125,1193400000,1.0,-0.0136557522069469,0.01495493962883834,1.0913141126465875
2000-03-31,1487.9200439453125,1519.81005859375,1484.3800048828125,1498.5799560546875,1227400000,1.0,0.0071643043944145,0.01497493263956723,1.1198108163835057
2000-04-03,1498.5799560546875,1507.18994140625,1486.9599609375,1505.969970703125,1021700000,1.0,0.004931344916619,0.014982539320474898,0.935352040984477
2000-04-04,1505.97998046875,1526.449951171875,1416.4100341796875,1494.72998046875,1515460000,1.0,-0.0074636217541091,0.01463388535456043,1.3773037615244879
2000-04-05,1494.72998046875,1506.550048828125,1478.050048828125,1487.3699951171875,1110300000,1.0,-0.0049239564655378,0.01458607711422773,1.0084091312840973
2000-04-06,1487.3699951171875,1511.760009765625,1487.3699951171875,1501.3399658203125,1008000000,1.0,0.0093923978223215,0.0145216557680591,0.9173183145513621
2000-04-07,1501.3399658203125,1518.6800537109375,1501.3399658203125,1516.3499755859375,891600000,1.0,0.0099977420886305,0.014553021168190235,0.8149184551427423
2000-04-10,1516.3499755859375,1527.18994140625,1503.3499755859375,1504.4599609375,853700000,1.0,-0.0078412073992635,0.014523259162351053,0.7837465453458473
2000-04-11,1504.4599609375,1512.800048828125,1486.780029296875,1500.5899658203125,971400000,1.0,-0.0025723483626483,0.01447002341602042,0.8921689716967338
2000-04-12,1500.5899658203125,1509.0799560546875,1466.1500244140625,1467.1700439453125,1175900000,1.0,-0.0222711884233682,0.014737442306923337,1.0761365462523653
2000-04-13,1467.1700439453125,1477.52001953125,1439.3399658203125,1440.510009765625,1032000000,1.0,-0.0181710595099099,0.014927816503532672,0.9445591380055817
2000-04-14,1440.510009765625,1440.510009765625,1339.4000244140625,1356.56005859375,1279700000,0.0,-0.0582779367048854,0.016694113418781048,1.1684226941889848
2000-04-17,1356.56005859375,1401.530029296875,1346.5,1401.43994140625,1204700000,0.0,0.0330835944403551,0.01725857941555183,1.096747974289103
2000-04-18,1401.43994140625,1441.6099853515625,1397.81005859375,1441.6099853515625,1109400000,0.0,0.0286634073701399,0.017278842195536583,1.0064819834825909
2000-04-19,1441.6099853515625,1447.68994140625,1424.260009765625,1427.469970703125,1001400000,0.0,-0.0098084882819323,0.017315501265113713,0.9092649137060926
2000-04-20,1427.469970703125,1435.489990234375,1422.0799560546875,1434.5400390625,896200000,0.0,0.0049528666132938,0.017314971134660247,0.8160305476965394
2000-04-24,1434.5400390625,1434.5400390625,1407.1300048828125,1429.8599853515625,868700000,0.0,-0.0032624071712881,0.01731225012274648,0.7937383936204156
2000-04-25,1429.8599853515625,1477.6700439453125,1429.8599853515625,1477.43994140625,1071100000,0.0,0.0332759546683789,0.017424067248857773,0.9778616718759643
2000-04-26,1477.43994140625,1482.93994140625,1456.97998046875,1460.989990234375,999600000,0.0,-0.011134091282396,0.017217192930252208,0.9113825443437389
2000-04-27,1460.989990234375,1469.2099609375,1434.81005859375,1464.9200439453125,1111000000,0.0,0.0026899935914734,0.01717179563447796,1.0126022035536413
2000-04-28,1464.9200439453125,1473.6199951171875,1448.1500244140625,1452.4300537109375,984600000,0.0,-0.0085260559345867,0.017213598711110313,0.8979568608610099
2000-05-01,1452.4300537109375,1481.510009765625,1452.4300537109375,1468.25,966300000,0.0,0.0108920538022763,0.017209944087104228,0.8823697000290014
2000-05-02,1468.25,1468.25,1445.219970703125,1446.2900390625,1011500000,0.0,-0.0149565543589307,0.017327107650063674,0.9241635839895215
2000-05-03,1446.2900390625,1446.2900390625,1398.3599853515625,1415.0999755859375,991600000,0.0,-0.0215655661272342,0.01755772833023266,0.9057898202231919
2000-05-04,1415.0999755859375,1420.989990234375,1404.93994140625,1409.5699462890625,925800000,0.0,-0.0039078718057253,0.017490856614460763,0.846734320049842
2000-05-05,1409.5699462890625,1436.030029296875,1405.0799560546875,1432.6300048828125,805500000,0.0,0.0163596412185571,0.017407350435370405,0.7422682464371124
2000-05-08,1432.6300048828125,1432.6300048828125,1417.050048828125,1424.1700439453125,787600000,0.0,-0.0059051959743032,0.017420841957858015,0.7295056700633695
2000-05-09,1424.1700439453125,1430.280029296875,1401.8499755859375,1412.1400146484375,896600000,0.0,-0.0084470455954464,0.017236532365510454,0.8324689249359261
2000-05-10,1412.1400146484375,1412.1400146484375,1375.1400146484375,1383.050048828125,1006400000,0.0,-0.0205999160979477,0.017447539943812134,0.9378618092681323
2000-05-11,1383.050048828125,1410.260009765625,1383.050048828125,1407.81005859375,953600000,0.0,0.0179024683789312,0.017564664755806824,0.8939978767550427
2000-05-12,1407.81005859375,1430.1300048828125,1407.81005859375,1420.9599609375,858200000,0.0,0.0093406793505121,0.017548746003711764,0.8097286701315228
2000-05-15,1420.9599609375,1452.3900146484375,1416.5400390625,1452.3599853515625,854600000,0.0,0.0220977545302161,0.017767876419080005,0.8108565590382516
2000-05-16,1452.3599853515625,1470.4000244140625,1450.760009765625,1466.0400390625,955500000,0.0,0.0094191893531314,0.01731732177206027,0.9078581464757621
2000-05-17,1466.0400390625,1466.0400390625,1441.6700439453125,1447.800048828125,820500000,0.0,-0.0124416726340155,0.017406594936883547,0.7869709454738956
2000-05-18,1447.800048828125,1458.0400390625,1436.5899658203125,1437.2099609375,807900000,0.0,-0.0073146066676795,0.017428881089245608,0.7808036159547975
2000-05-19,1437.2099609375,1437.2099609375,1401.739990234375,1406.949951171875,853700000,0.0,-0.0210546897030174,0.017643495338977223,0.8293847610823952
2000-05-22,1406.949951171875,1410.550048828125,1368.72998046875,1400.719970703125,869000000,0.0,-0.0044280043249306,0.01753811808551893,0.8486981224727059
2000-05-23,1400.719970703125,1403.77001953125,1373.4300537109375,1373.8599853515625,869900000,0.0,-0.0191758423620386,0.017677645839926277,0.8520101720161426
2000-05-24,1373.8599853515625,1401.75,1361.0899658203125,1399.050048828125,1152300000,0.0,0.0183352479474947,0.01774735128941961,1.1273150901930338
2000-05-25,1399.050048828125,1411.6500244140625,1373.9300537109375,1381.52001953125,984500000,0.0,-0.012529951527866,0.017788216199065395,0.9691895193253142
2000-05-26,1381.52001953125,1391.4200439453125,1369.75,1378.02001953125,722600000,0.0,-0.0025334413910176,0.01779023597437091,0.7221643904396868
2000-05-30,1378.02001953125,1422.449951171875,1378.02001953125,1422.449951171875,844200000,0.0,0.0322418622450335,0.018092877374342183,0.8513640582775943
2000-05-31,1422.43994140625,1434.489990234375,1415.5,1420.5999755859375,960500000,0.0,-0.0013005558363676,0.01801360316429892,0.9678759893395589
2000-06-01,1420.5999755859375,1448.81005859375,1420.5999755859375,1448.81005859375,960100000,0.0,0.0198578653333969,0.017851391105746912,0.9695402192063686
2000-06-02,1448.81005859375,1483.22998046875,1448.81005859375,1477.260009765625,1162400000,0.0,0.0196367708818154,0.017987404756332155,1.1717609639891162
2000-06-05,1477.260009765625,1477.280029296875,1464.6800537109375,1467.6300048828125,838600000,0.0,-0.0065188286551806,0.017732792079883777,0.8494584575714442
2000-06-06,1467.6300048828125,1471.3599853515625,1454.739990234375,1457.8399658203125,950100000,0.0,-0.0066706452102562,0.017745077947261424,0.9643969925349318
2000-06-07,1457.8399658203125,1474.6400146484375,1455.06005859375,1471.3599853515625,854600000,0.0,0.0092740080175004,0.017736711343242374,0.8682778066323176
2000-06-08,1471.3599853515625,1475.6500244140625,1456.489990234375,1461.6700439453125,854300000,0.0,-0.0065857040443673,0.01759391910983537,0.8698253385018518
2000-06-09,1461.6700439453125,1472.6700439453125,1454.9599609375,1456.949951171875,786000000,0.0,-0.0032292464314976,0.017343467372874656,0.8048057346401905
2000-06-12,1456.949951171875,1462.9300537109375,1445.989990234375,1446.0,774100000,0.0,-0.0075156673453796,0.016251517003560114,0.7994859164064714
2000-06-13,1446.0,1470.4200439453125,1442.3800048828125,1469.43994140625,935900000,0.0,0.0162101946101314,0.016378113724201993,0.9724472920891273
2000-06-14,1469.43994140625,1483.6199951171875,1467.7099609375,1470.5400390625,929700000,0.0,0.0007486509827663,0.016362053197283278,0.9678555768344284
2000-06-15,1470.5400390625,1482.0400390625,1464.6199951171875,1478.72998046875,1011400000,0.0,0.0055693426827543,0.0160389613079414,1.064076019257314
2000-06-16,1478.72998046875,1480.77001953125,1460.4200439453125,1464.4599609375,1250800000,0.0,-0.0096501861189873,0.01607486260316875,1.312065590691761
2000-06-19,1464.4599609375,1488.9300537109375,1459.050048828125,1486.0,921700000,0.0,0.0147085202989849,0.016020813357548586,0.9685995922570882
2000-06-20,1486.0,1487.3199462890625,1470.1800537109375,1475.949951171875,1031500000,0.0,-0.0067631553352119,0.016042188791290397,1.0808086523369147
2000-06-21,1475.949951171875,1482.18994140625,1468.0,1479.1300048828125,1009600000,0.0,0.002154580992677,0.016043646551988835,1.0544169375120105
2000-06-22,1479.1300048828125,1479.1300048828125,1448.030029296875,1452.1800537109375,1022700000,0.0,-0.0182201368932477,0.016155933359285952,1.0669551663915904
2000-06-23,1452.1800537109375,1459.93994140625,1438.31005859375,1441.47998046875,847600000,0.0,-0.0073682827517457,0.016179594017023055,0.8903772863451672
2000-06-26,1441.47998046875,1459.6600341796875,1441.47998046875,1455.31005859375,889000000,0.0,0.0095943601800856,0.01614066841864206,0.9366807994133365
2000-06-27,1455.31005859375,1463.3499755859375,1450.550048828125,1450.550048828125,1042500000,0.0,-0.0032707873744957,0.016115726875271238,1.1039315848327742
2000-06-28,1450.550048828125,1467.6300048828125,1450.550048828125,1454.8199462890625,1095100000,0.0,0.0029436402173004,0.016106591633779352,1.162329116073703
2000-06-29,1454.8199462890625,1455.1400146484375,1434.6300048828125,1442.3900146484375,1110900000,0.0,-0.008543965644911,0.016115169301689145,1.1790615480953948
2000-06-30,1442.3900146484375,1454.6800537109375,1438.7099609375,1454.5999755859375,1459700000,0.0,0.0084650897562377,0.016145061716369064,1.534336252675129
2000-07-03,1454.5999755859375,1469.5799560546875,1450.8499755859375,1469.5400390625,451900000,0.0,0.010270908653456,0.0161543433964998,0.4794847581355375
2000-07-05,1469.5400390625,1469.5400390625,1442.449951171875,1446.22998046875,1019300000,0.0,-0.015862145960052,0.016221728731925147,1.0780744636069222
2000-07-06,1446.22998046875,1461.6500244140625,1439.56005859375,1456.6700439453125,947300000,0.0,0.007218812787423,0.01622522526249192,1.0045535235194687
2000-07-07,1456.6700439453125,1484.1199951171875,1456.6700439453125,1478.9000244140625,931700000,0.0,0.0152608207748552,0.016347779003657775,0.9894355427930607
2000-07-10,1478.9000244140625,1486.56005859375,1474.760009765625,1475.6199951171875,838700000,0.0,-0.0022178844024122,0.01608999792585785,0.8958536726048438
2000-07-11,1475.6199951171875,1488.77001953125,1470.47998046875,1480.8800048828125,980500000,0.0,0.0035646099829429,0.015912537786426286,1.047408451907875
2000-07-12,1480.8800048828125,1497.68994140625,1480.8800048828125,1492.9200439453125,1001200000,0.0,0.0081303272532555,0.013935569496509436,1.0687241278455366
2000-07-13,1492.9200439453125,1501.3900146484375,1489.6500244140625,1495.8399658203125,1026800000,0.0,0.0019558461197182,0.013312623121142876,1.0956927791839715
2000-07-14,1495.8399658203125,1509.989990234375,1494.56005859375,1509.97998046875,960600000,0.0,0.0094528926700279,0.012863720853904465,1.0257297352707517
2000-07-17,1509.97998046875,1517.3199462890625,1505.260009765625,1510.489990234375,906000000,0.0,0.0003377592896738,0.012787648707835582,0.9678370444435899
2000-07-18,1510.489990234375,1510.489990234375,1491.3499755859375,1493.739990234375,908300000,0.0,-0.0110891168483685,0.012871512853281164,0.9681676124856635
2000-07-19,1493.739990234375,1495.6300048828125,1479.9200439453125,1481.9599609375,909400000,0.0,-0.0078862649282266,0.012909760785309683,0.9668296831809483
2000-07-20,1481.9599609375,1501.9200439453125,1481.9599609375,1495.5699462890625,1064600000,0.0,0.0091837739954543,0.012235759353302624,1.1278020255095556
2000-07-21,1495.5699462890625,1495.5699462890625,1477.9100341796875,1480.18994140625,968300000,0.0,-0.0102837081749166,0.012222803464557173,1.0266137120731809
2000-07-24,1480.18994140625,1485.8800048828125,1463.800048828125,1464.2900390625,880300000,0.0,-0.0107417986698682,0.01230087284165318,0.9347670037760212
2000-07-25,1464.2900390625,1476.22998046875,1464.2900390625,1474.469970703125,969400000,0.0,0.0069521279043478,0.0122798903552926,1.026954646191136
2000-07-26,1474.469970703125,1474.469970703125,1452.4200439453125,1452.4200439453125,1235800000,0.0,-0.0149544766566508,0.012356027570660306,1.2986821917232392
2000-07-27,1452.4200439453125,1464.9100341796875,1445.3299560546875,1449.6199951171875,1156400000,0.0,-0.001927850582755,0.012204165888911933,1.2101322941236796
2000-07-28,1449.6199951171875,1456.6800537109375,1413.8900146484375,1419.8900146484375,980000000,0.0,-0.0205088095976122,0.012173075196843842,1.0221237645861234
2000-07-31,1419.8900146484375,1437.6500244140625,1418.7099609375,1430.8299560546875,952600000,0.0,0.007704780858649,0.012200090491806315,0.9905561297809463
2000-08-01,1430.8299560546875,1443.5400390625,1428.9599609375,1438.0999755859375,938700000,0.0,0.0050809807975338,0.012034572009606887,0.9743798410184122
2000-08-02,1438.0999755859375,1451.5899658203125,1433.489990234375,1438.699951171875,994500000,0.0,0.0004172001920055,0.0120084429066842,1.0296182181858842
2000-08-03,1438.699951171875,1454.18994140625,1425.4300537109375,1452.56005859375,1095600000,0.0,0.0096337720805408,0.012013615832007872,1.1290119805524699
2000-08-04,1452.56005859375,1462.9300537109375,1451.31005859375,1462.9300537109375,956000000,0.0,0.00713911624916,0.011716312943604616,0.9891565267775846
2000-08-07,1462.9300537109375,1480.800048828125,1460.719970703125,1479.3199462890625,854800000,0.0,0.0112034697329168,0.011583715275743466,0.8868268654176946
2000-08-08,1479.3199462890625,1484.52001953125,1472.6099853515625,1482.800048828125,992200000,0.0,0.0023525015989898,0.011532344721865706,1.023648530143055
2000-08-09,1482.800048828125,1490.3299560546875,1471.1600341796875,1472.8699951171875,1054000000,0.0,-0.0066968258591475,0.011225033470926451,1.0827202370068436
2000-08-10,1472.8699951171875,1475.1500244140625,1459.8900146484375,1460.25,940800000,0.0,-0.0085683021305511,0.011217432599848013,0.9668269823652732
2000-08-11,1460.25,1475.719970703125,1453.06005859375,1471.8399658203125,835500000,0.0,0.0079369736828025,0.011142731437214169,0.860818390501428
2000-08-14,1471.8399658203125,1491.6400146484375,1468.56005859375,1491.56005859375,783800000,0.0,0.0133982587994523,0.011222277584179985,0.8139013266653929
2000-08-15,1491.56005859375,1493.1199951171875,1482.739990234375,1484.4300537109375,895900000,0.0,-0.0047802331805094,0.010879473288434548,0.9292006944891004
2000-08-16,1484.4300537109375,1496.0899658203125,1475.739990234375,1479.8499755859375,929800000,0.0,-0.0030854118815165,0.01086959677631065,0.9647670157176713
2000-08-17,1479.8499755859375,1499.3199462890625,1479.8499755859375,1496.0699462890625,922400000,0.0,0.0109605507117049,0.010616027490987775,0.9557439965516955
2000-08-18,1496.0699462890625,1499.469970703125,1488.989990234375,1491.719970703125,821400000,0.0,-0.0029076017446426,0.010396206863842522,0.8516735894091372
2000-08-21,1491.719970703125,1502.8399658203125,1491.1300048828125,1499.47998046875,731600000,0.0,0.0052020552905565,0.01025257240408373,0.7594206148026814
2000-08-22,1499.47998046875,1508.449951171875,1497.4200439453125,1498.1300048828125,818800000,0.0,-0.0009002958382381,0.010244068388020675,0.8491485698877896
2000-08-23,1498.1300048828125,1507.199951171875,1489.52001953125,1505.969970703125,871000000,0.0,0.0052331678791293,0.009428836084602137,0.9045009045009045
2000-08-24,1505.969970703125,1511.1600341796875,1501.25,1508.31005859375,837100000,0.0,0.001553874204764,0.009424256888694416,0.8709721051700637
2000-08-25,1508.31005859375,1513.469970703125,1505.0899658203125,1506.449951171875,685600000,0.0,-0.0012332394200229,0.009098272125396552,0.7182110928834667
2000-08-28,1506.449951171875,1523.949951171875,1506.449951171875,1514.0899658203125,733600000,0.0,0.0050715356607062,0.008772694855050372,0.7769128938310829
2000-08-29,1514.0899658203125,1514.81005859375,1505.4599609375,1509.8399658203125,795600000,0.0,-0.002806966624138,0.0087357397978802,0.8448299296612185
2000-08-30,1509.8399658203125,1510.489990234375,1500.0899658203125,1502.5899658203125,818400000,0.0,-0.0048018334155441,0.008713004654244018,0.8729916604975541
2000-08-31,1502.5899658203125,1525.2099609375,1502.5899658203125,1517.6800537109375,1056600000,0.0,0.0100427183954918,0.008726617474767337,1.1259518801030683
2000-09-01,1517.6800537109375,1530.0899658203125,1515.530029296875,1520.77001953125,767700000,0.0,0.0020359797262652,0.008677904410750344,0.8225598035371036
2000-09-05,1520.77001953125,1520.77001953125,1504.2099609375,1507.0799560546875,838500000,0.0,-0.0090020603383423,0.008753853382879226,0.8985943990294967
2000-09-06,1507.0799560546875,1512.6099853515625,1492.1199951171875,1492.25,995100000,0.0,-0.0098401919520647,0.008795432565082787,1.063998135249977
2000-09-07,1492.25,1505.3399658203125,1492.25,1502.510009765625,985500000,0.0,0.0068755300825096,0.008594222290551658,1.0550194517538696
2000-09-08,1502.510009765625,1502.510009765625,1489.8800048828125,1494.5,961000000,0.0,-0.0053310857921502,0.008625913128364622,1.0317535300786753
2000-09-11,1494.5,1506.760009765625,1483.010009765625,1489.260009765625,899300000,0.0,-0.0035061828266143,0.008611614601065853,0.9699177732335913
2000-09-12,1489.260009765625,1496.9300537109375,1479.6700439453125,1481.989990234375,991200000,0.0,-0.0048816321418542,0.008541308803960104,1.0799479637663947
2000-09-13,1481.989990234375,1487.449951171875,1473.6099853515625,1484.9100341796875,1068300000,0.0,0.0019703533522859,0.008331163837701201,1.1485244315432994
2000-09-14,1484.9100341796875,1494.1600341796875,1476.72998046875,1480.8699951171875,1014000000,0.0,-0.0027207298553489,0.008291614404171772,1.0902709979312806
2000-09-15,1480.8699951171875,1480.9599609375,1460.219970703125,1465.81005859375,1268400000,0.0,-0.0101696547118207,0.008391633911819749,1.3544538723242487
2000-09-18,1465.81005859375,1467.77001953125,1441.9200439453125,1444.510009765625,962500000,0.0,-0.014531247553697,0.008269368540306587,1.0271246273004924
2000-09-19,1444.510009765625,1461.1600341796875,1444.510009765625,1459.9000244140625,1024900000,0.0,0.0106541419196772,0.00832632940480584,1.0893850591939251
2000-09-20,1459.9000244140625,1460.489990234375,1430.949951171875,1451.3399658203125,1104000000,0.0,-0.0058634553398172,0.008271128824736892,1.1703891543938358
2000-09-21,1451.3399658203125,1452.77001953125,1436.300048828125,1449.050048828125,1105400000,0.0,-0.0015777950350132,0.008262706132169232,1.1692900059236693
2000-09-22,1449.050048828125,1449.050048828125,1421.8800048828125,1448.719970703125,1185500000,0.0,-0.0002277893198147,0.008253801978443193,1.2498234117069078
2000-09-25,1448.719970703125,1457.4200439453125,1435.9300537109375,1439.030029296875,982400000,0.0,-0.0066886227857734,0.008224813519216717,1.0352276678925572
2000-09-26,1439.030029296875,1448.0400390625,1425.25,1427.2099609375,1106600000,0.0,-0.0082139136214901,0.008215523483393574,1.1611971684669804
2000-09-27,1427.2099609375,1437.219970703125,1419.43994140625,1426.5699462890625,1174700000,0.0,-0.000448437627227,0.008097824056525179,1.2258037587002117
2000-09-28,1426.5699462890625,1461.68994140625,1425.780029296875,1458.2900390625,1206200000,0.0,0.0222352173168591,0.008359237569745628,1.2509255936763026
2000-09-29,1458.2900390625,1458.2900390625,1436.2900390625,1436.510009765625,1197100000,0.0,-0.0149353206244738,0.008530266706463707,1.2380855852128874
2000-10-02,1436.52001953125,1445.5999755859375,1429.8299560546875,1436.22998046875,1051200000,0.0,-0.0001949372402358,0.008285429597895067,1.0853292640369046
2000-10-03,1436.22998046875,1454.8199462890625,1425.280029296875,1426.4599609375,1098100000,0.0,-0.0068025453194211,0.008323027132939035,1.1286758281855465
2000-10-04,1426.4599609375,1439.989990234375,1416.31005859375,1434.3199462890625,1167400000,0.0,0.0055101338746281,0.008343017205849962,1.1950413053937576
2000-10-05,1434.3199462890625,1444.1700439453125,1431.800048828125,1436.280029296875,1176100000,0.0,0.0013665591229374,0.008269830362975484,1.2054206519377335
2000-10-06,1436.280029296875,1443.300048828125,1397.06005859375,1408.989990234375,1150100000,0.0,-0.0190005002547168,0.008595712511255932,1.1789247091384347
2000-10-09,1408.989990234375,1409.68994140625,1392.47998046875,1402.030029296875,716600000,0.0,-0.0049396808960596,0.008500494097187283,0.7385481746543788
2000-10-10,1402.030029296875,1408.8299560546875,1383.8499755859375,1387.02001953125,1044000000,0.0,-0.0107059117508008,0.008585770663131745,1.0739525362356113
2000-10-11,1387.02001953125,1387.02001953125,1349.6700439453125,1364.5899658203125,1387500000,0.0,-0.0161713986785265,0.008707350729141278,1.414249107621554
2000-10-12,1364.5899658203125,1374.9300537109375,1328.06005859375,1329.780029296875,1388600000,0.0,-0.0255094478160784,0.009210215056711737,1.4040899199974115
2000-10-13,1329.780029296875,1374.1700439453125,1327.0799560546875,1374.1700439453125,1223900000,0.0,0.0333814718753964,0.010176718796618264,1.234350007160622
2000-10-16,1374.1700439453125,1379.47998046875,1365.06005859375,1374.6199951171875,1005400000,0.0,0.0003274348570305,0.010110986128477719,1.0129750272538038
2000-10-17,1374.6199951171875,1380.989990234375,1342.3399658203125,1349.969970703125,1161500000,0.0,-0.0179322463674487,0.010267610568572305,1.1630631568828504
2000-10-18,1349.969970703125,1356.6500244140625,1305.7900390625,1342.1300048828125,1441700000,0.0,-0.0058075112709574,0.010225805218648115,1.4307604059362118
2000-10-19,1342.1300048828125,1389.9300537109375,1342.1300048828125,1388.760009765625,1297900000,0.0,0.0347432847139752,0.011094597162972383,1.2818461587083367
2000-10-20,1388.760009765625,1408.469970703125,1382.18994140625,1396.9300537109375,1177400000,0.0,0.0058829775395758,0.011125566060695443,1.1574274322294487
2000-10-23,1396.9300537109375,1406.9599609375,1387.75,1395.780029296875,1046800000,0.0,-0.0008232512508464,0.010813068663632398,1.024785556671581
2000-10-24,1395.780029296875,1415.6400146484375,1388.1300048828125,1398.1300048828125,1158600000,0.0,0.0016836288932442,0.010766035264727386,1.125971595116708
2000-10-25,1398.1300048828125,1398.1300048828125,1362.2099609375,1364.9000244140625,1315600000,0.0,-0.023767446770113,0.011157418581769253,1.2682046556105235
2000-10-26,1364.9000244140625,1372.719970703125,1337.81005859375,1364.43994140625,1303800000,0.0,-0.0003370818371917,0.011156438047463342,1.2478322288706918
2000-10-27,1364.43994140625,1384.5699462890625,1364.1300048828125,1379.5799560546875,1086300000,0.0,0.0110961385613159,0.011181236938134331,1.0364172383196741
2000-10-30,1379.5799560546875,1406.3599853515625,1376.8599853515625,1398.6600341796875,1186500000,0.0,0.013830353247205,0.011294533205440889,1.124184220300313
2000-10-31,1398.6600341796875,1432.219970703125,1398.6600341796875,1429.4000244140625,1366400000,0.0,0.0219781715950753,0.011569094942573023,1.2792474310195032
2000-11-01,1429.4000244140625,1429.5999755859375,1410.449951171875,1421.219970703125,1206800000,0.0,-0.0057227183232284,0.01158223532482824,1.121678092886992
2000-11-02,1421.219970703125,1433.4000244140625,1421.219970703125,1428.3199462890625,1167700000,0.0,0.0049956908376576,0.011576981965330031,1.0793827450356899
2000-11-03,1428.3199462890625,1433.2099609375,1420.9200439453125,1426.68994140625,997700000,0.0,-0.0011412043128343,0.01152826954438798,0.9195103563574967
2000-11-06,1428.760009765625,1438.4599609375,1427.719970703125,1432.18994140625,930900000,0.0,0.0038550772949157,0.011490685521649188,0.8540837110299649
2000-11-07,1432.18994140625,1436.219970703125,1423.260009765625,1431.8699951171875,880900000,0.0,-0.0002233965480502,0.011347308408182015,0.8060310041486486
2000-11-08,1431.8699951171875,1437.280029296875,1408.780029296875,1409.280029296875,909300000,0.0,-0.0157765480786289,0.011503409426816685,0.8302896380437562
2000-11-09,1409.280029296875,1409.280029296875,1369.6800537109375,1400.1400146484375,1111000000,0.0,-0.006485591549181,0.011523213515026819,1.009071654078248
2000-11-10,1400.1400146484375,1400.1400146484375,1365.969970703125,1365.97998046875,962500000,0.0,-0.0243975844003464,0.011809162559682467,0.8756925932328296
2000-11-13,1365.97998046875,1365.97998046875,1328.6199951171875,1351.260009765625,1129300000,0.0,-0.0107761247701988,0.01186919888941408,1.020732816203015
2000-11-14,1351.260009765625,1390.06005859375,1351.260009765625,1382.949951171875,1118800000,0.0,0.0234521418359348,0.012272869886319778,1.0061440616996173
2000-11-15,1382.949951171875,1395.9599609375,1374.75,1389.81005859375,1066800000,0.0,0.0049604885672558,0.012299186679221485,0.9581444976746943
2000-11-16,1389.81005859375,1394.760009765625,1370.3900146484375,1372.3199462890625,956300000,0.0,-0.0125845342653402,0.012356783697498631,0.8593498667347221
2000-11-17,1372.3199462890625,1384.8499755859375,1355.550048828125,1367.719970703125,1070400000,0.0,-0.0033519702153833,0.012352646077180158,0.959994834108516
2000-11-20,1367.719970703125,1367.719970703125,1341.6700439453125,1342.6199951171875,955800000,0.0,-0.0183516919571146,0.012541345307408754,0.8563472551732046
2000-11-21,1342.6199951171875,1355.8699951171875,1333.6199951171875,1347.3499755859375,1137100000,0.0,0.0035229480314249,0.012528467272749137,1.0161261208127579
2000-11-22,1347.3499755859375,1347.3499755859375,1321.8900146484375,1322.3599853515625,963200000,0.0,-0.0185475122924222,0.012711965811057293,0.8623468152615331
2000-11-24,1322.3599853515625,1343.8299560546875,1322.3599853515625,1341.77001953125,404870000,0.0,0.0146783284390801,0.012890040702767667,0.3664746688313416
2000-11-27,1341.77001953125,1362.5,1341.77001953125,1348.969970703125,946100000,0.0,0.0053660098728323,0.012831198892238879,0.8614038451698288
2000-11-28,1348.969970703125,1358.81005859375,1334.969970703125,1336.0899658203125,1028200000,0.0,-0.0095480293576135,0.012858377189045414,0.9350354944275268
2000-11-29,1336.0899658203125,1352.3800048828125,1329.280029296875,1341.9300537109375,402100000,0.0,0.004371028927711,0.012852162956618353,0.3698554813391767
2000-11-30,1341.9100341796875,1341.9100341796875,1294.9000244140625,1314.949951171875,1186530000,0.0,-0.0201054462298183,0.01302743902785089,1.0897273408569916
2000-12-01,1314.949951171875,1334.6700439453125,1307.02001953125,1315.22998046875,1195200000,0.0,0.0002129581408216,0.012978610493540656,1.0958823723579443
2000-12-04,1315.1800537109375,1332.06005859375,1310.22998046875,1324.969970703125,1103000000,0.0,0.007405541524307,0.013029488844933658,1.0128762931849864
2000-12-05,1324.969970703125,1376.56005859375,1324.969970703125,1376.5400390625,900300000,0.0,0.0389216884153293,0.01405313074912747,0.8279869332018805
2000-12-06,1376.5400390625,1376.5400390625,1346.1500244140625,1351.4599609375,1399300000,0.0,-0.0182196502922508,0.014216667657988022,1.2800153678683486
2000-12-07,1351.4599609375,1353.5,1339.260009765625,1343.550048828125,1128000000,0.0,-0.0058528645598112,0.014220765379325435,1.0327249289543843
2000-12-08,1343.550048828125,1380.3299560546875,1343.550048828125,1369.8900146484375,1358300000,0.0,0.0196047522332991,0.014479785184726857,1.2401191273972927
2000-12-11,1369.8900146484375,1389.050048828125,1364.1400146484375,1380.199951171875,1202400000,0.0,0.0075261053173552,0.014474102519896566,1.0976772040270073
2000-12-12,1380.199951171875,1380.27001953125,1370.27001953125,1371.1800537109375,1083400000,0.0,-0.0065352106796403,0.0143829927602461,0.9884603594003183
2000-12-13,1371.1800537109375,1385.8199462890625,1358.47998046875,1359.989990234375,1195100000,0.0,-0.0081609001285264,0.014334795221761109,1.0884454110609587
2000-12-14,1359.989990234375,1359.989990234375,1340.47998046875,1340.9300537109375,1061300000,0.0,-0.0140147623587676,0.014419271856847058,0.9684578223979939
2000-12-15,1340.9300537109375,1340.9300537109375,1305.3800048828125,1312.1500244140625,1561100000,0.0,-0.0214627371630817,0.014654327961469432,1.4145959552940195
2000-12-18,1312.1500244140625,1332.3199462890625,1312.1500244140625,1322.739990234375,1189900000,0.0,0.0080706974227595,0.014706064964131913,1.0774546751880272
2000-12-19,1322.9599609375,1346.43994140625,1305.199951171875,1305.5999755859375,1324900000,0.0,-0.0129579620900404,0.014766359928843424,1.186624965965923
2000-12-20,1305.5999755859375,1305.5999755859375,1261.1600341796875,1264.739990234375,1421600000,0.0,-0.0312959452478734,0.015237044128968414,1.2646786705572557
2000-12-21,1264.739990234375,1285.31005859375,1254.0699462890625,1274.8599853515625,1449900000,0.0,0.0080016408078564,0.01528963488074194,1.288424352722051
2000-12-22,1274.8599853515625,1305.969970703125,1274.8599853515625,1305.949951171875,1087100000,0.0,0.0243869649824635,0.01534927216844509,0.9712337554431438
2000-12-26,1305.969970703125,1315.93994140625,1301.6400146484375,1315.18994140625,806500000,0.0,0.0070753019486571,0.015291033276936233,0.7259552635132094
2000-12-27,1315.18994140625,1332.030029296875,1310.9599609375,1328.9200439453125,1092700000,0.0,0.0104396346921431,0.015366156878940421,0.9820292335013336
2000-12-28,1328.9200439453125,1335.9300537109375,1325.780029296875,1334.219970703125,1015300000,0.0,0.0039881456991783,0.015362354589975641,0.9148726044628986
2000-12-29,1334.219970703125,1340.0999755859375,1317.510009765625,1320.280029296875,1035500000,0.0,-0.0104480083586994,0.015385895666587011,0.9399554122550942
2001-01-02,1320.280029296875,1320.280029296875,1276.050048828125,1283.27001953125,1129400000,0.0,-0.0280319393949591,0.015764167499827345,1.0283370876954652
2001-01-03,1283.27001953125,1347.760009765625,1274.6199951171875,1347.56005859375,1880700000,0.0,0.0500986059706933,0.01696140950733888,1.6907539394288098
2001-01-04,1347.56005859375,1350.239990234375,1329.1400146484375,1333.3399658203125,2131000000,0.0,-0.0105524742164567,0.01700116897186208,1.8791423139463928
2001-01-05,1333.3399658203125,1334.77001953125,1294.949951171875,1298.3499755859375,1430800000,0.0,-0.0262423621366874,0.017272369274298843,1.2556692924442199
2001-01-08,1298.3499755859375,1298.3499755859375,1276.2900390625,1295.8599853515625,1115500000,0.0,-0.0019178112844737,0.017157170526152832,0.9824125692444539
2001-01-09,1295.8599853515625,1311.719970703125,1295.1400146484375,1300.800048828125,1191300000,0.0,0.003812189227544,0.016853941324917025,1.0512521840419335
2001-01-10,1300.800048828125,1313.760009765625,1287.280029296875,1313.27001953125,1296500000,0.0,0.0095863854820417,0.01632121184613184,1.139856377217291
2001-01-11,1313.27001953125,1332.18994140625,1309.719970703125,1326.8199462890625,1411200000,0.0,0.0103177005157315,0.016381938665445548,1.2358155314129387
2001-01-12,1326.8199462890625,1333.2099609375,1311.5899658203125,1318.550048828125,1276000000,0.0,-0.0062328709212333,0.016239435386319227,1.1191902535720237
2001-01-16,1318.3199462890625,1327.81005859375,1313.3299560546875,1326.6500244140625,1205700000,0.0,0.0061430930082149,0.0162435718477047,1.0575499435131324
2001-01-17,1326.6500244140625,1346.9200439453125,1325.4100341796875,1329.469970703125,1349100000,0.0,0.002125614319653,0.015591642643924132,1.1795760485994775
2001-01-18,1329.8900146484375,1352.7099609375,1327.4100341796875,1347.969970703125,1445000000,0.0,0.0139153199452979,0.01568253776441713,1.2536198816305213
2001-01-19,1347.969970703125,1354.550048828125,1336.739990234375,1342.5400390625,1407800000,0.0,-0.0040282289358365,0.015689204142619848,1.2113233522629496
2001-01-22,1342.5400390625,1353.6199951171875,1333.8399658203125,1342.9000244140625,1164000000,0.0,0.0002681375162665,0.015686887057395477,0.9966931024384731
2001-01-23,1342.9000244140625,1362.9000244140625,1339.6300048828125,1360.4000244140625,1232600000,0.0,0.0130314987577988,0.015481833647012116,1.0496215708047496
2001-01-24,1360.4000244140625,1369.75,1357.280029296875,1364.300048828125,1309000000,0.0,0.002866821776001,0.015485957698504926,1.1109338294203115
2001-01-25,1364.300048828125,1367.3499755859375,1354.6300048828125,1357.510009765625,1258000000,0.0,-0.0049769396903066,0.015431717242082511,1.062322348120838
2001-01-26,1357.510009765625,1357.510009765625,1342.75,1354.949951171875,1098000000,0.0,-0.0018858487785236,0.015323357588300283,0.9277002159564437
2001-01-29,1354.9200439453125,1365.5400390625,1350.3599853515625,1364.1700439453125,1053100000,0.0,0.0068047478546813,0.015070664391050596,0.890753118185709
2001-01-30,1364.1700439453125,1375.6800537109375,1356.199951171875,1373.72998046875,1149800000,0.0,0.0070078774752957,0.01508788628457752,0.9711821257891171
2001-01-31,1373.72998046875,1383.3699951171875,1364.6600341796875,1366.010009765625,1295300000,0.0,-0.0056197148004957,0.015085127396896308,1.0878493119162038
2001-02-01,1366.010009765625,1373.5,1359.3399658203125,1373.469970703125,1118800000,0.0,0.0054611319713389,0.015105415434594873,0.9388536720859704
2001-02-02,1373.469970703125,1376.3800048828125,1348.719970703125,1349.469970703125,1048400000,0.0,-0.0174739896116647,0.015250940421662564,0.8784115530725134
2001-02-05,1349.469970703125,1354.56005859375,1344.47998046875,1354.31005859375,1013000000,0.0,0.0035866584627319,0.015261637333804208,0.8505200514510057
2001-02-06,1354.31005859375,1363.550048828125,1350.0400390625,1352.260009765625,1059600000,0.0,-0.0015137219243971,0.015135182428547937,0.8882078587451088
2001-02-07,1352.260009765625,1352.260009765625,1334.260009765625,1340.8900146484375,1158300000,0.0,-0.0084081426908114,0.015149933444880795,0.9588317401368142
2001-02-08,1341.0999755859375,1350.3199462890625,1332.4200439453125,1332.530029296875,1107200000,0.0,-0.006234654043385,0.014844920461362725,0.9140935357438478
2001-02-09,1332.530029296875,1332.530029296875,1309.97998046875,1314.760009765625,1075500000,0.0,-0.0133355490237068,0.014879156081208208,0.8872293909110422
2001-02-12,1314.760009765625,1330.9599609375,1313.6400146484375,1330.31005859375,1039100000,0.0,0.0118272906938332,0.014637718871944927,0.8482860311757158
2001-02-13,1330.31005859375,1336.6199951171875,1317.510009765625,1318.800048828125,1075200000,0.0,-0.0086521256388845,0.014656473470097872,0.8793552703248675
2001-02-14,1318.800048828125,1320.72998046875,1304.719970703125,1315.9200439453125,1150300000,0.0,-0.0021838070793003,0.014575638610513463,0.9414674550014077
2001-02-15,1315.9200439453125,1331.2900390625,1315.9200439453125,1326.6099853515625,1153700000,0.0,0.0081235493413414,0.014614092075217662,0.9434672031271722
2001-02-16,1326.6099853515625,1326.6099853515625,1293.1800537109375,1301.530029296875,1257200000,0.0,-0.0189052972098963,0.014625785646548876,1.0221404134091294
2001-02-20,1301.530029296875,1307.1600341796875,1278.43994140625,1278.93994140625,1112200000,0.0,-0.0173565629544704,0.014778143646547282,0.9084923862097358
2001-02-21,1278.93994140625,1282.969970703125,1253.1600341796875,1255.27001953125,1208500000,0.0,-0.0185074537972236,0.014777327368756121,0.9858578145853115
2001-02-22,1255.27001953125,1259.93994140625,1228.3299560546875,1252.8199462890625,1365900000,0.0,-0.0019518296494506,0.014638146254562712,1.1141218347977304
2001-02-23,1252.8199462890625,1252.8199462890625,1215.43994140625,1245.8599853515625,1231300000,0.0,-0.0055554359252627,0.014625064002435729,1.003859555865726
2001-02-26,1245.8599853515625,1267.68994140625,1241.7099609375,1267.6500244140625,1130800000,0.0,0.0174899581965073,0.014779835114950464,0.9212114892375973
2001-02-27,1267.6500244140625,1272.760009765625,1252.260009765625,1257.93994140625,1114100000,0.0,-0.0076599083507301,0.014790524149941382,0.9088061447400836
2001-02-28,1257.93994140625,1263.469970703125,1229.6500244140625,1239.93994140625,1225300000,0.0,-0.0143091092090436,0.014681949837041647,0.9968482899898631
2001-03-01,1239.93994140625,1241.3599853515625,1214.5,1241.22998046875,1294900000,0.0,0.0010404044739755,0.01468337576960168,1.0580545001429913
2001-03-02,1241.22998046875,1251.010009765625,1219.739990234375,1234.1800537109375,1294000000,0.0,-0.0056797909080072,0.014655690392823733,1.0555234711223787
2001-03-05,1234.1800537109375,1242.550048828125,1234.0400390625,1241.4100341796875,929200000,0.0,0.0058581245475575,0.013717811862075735,0.7628787095100401
2001-03-06,1241.4100341796875,1267.4200439453125,1241.4100341796875,1253.800048828125,1091800000,0.0,0.0099805981160967,0.013622494839356177,0.9012548888826519
2001-03-07,1253.800048828125,1263.8599853515625,1253.800048828125,1261.8900146484375,1132200000,0.0,0.0064523572382007,0.01364323385639107,0.939532043005042
2001-03-08,1261.8900146484375,1266.5,1257.5999755859375,1264.739990234375,1114100000,0.0,0.0022584976129884,0.013381493796428445,0.9240980484535604
2001-03-09,1264.739990234375,1264.739990234375,1228.4200439453125,1233.4200439453125,1085900000,0.0,-0.024763940834399,0.013669088439332813,0.8965518380179591
2001-03-12,1233.4200439453125,1233.4200439453125,1176.780029296875,1180.1600341796875,1229000000,0.0,-0.0431807558398867,0.014667373929866242,1.0124208968945287
2001-03-13,1180.1600341796875,1197.8299560546875,1171.5,1197.6600341796875,1360900000,0.0,0.014828497401341,0.014813648655135328,1.1147297667004687
2001-03-14,1197.6600341796875,1197.6600341796875,1155.3499755859375,1166.7099609375,1397400000,0.0,-0.025842119098001,0.0150528862203097,1.1378811665765525
2001-03-15,1166.7099609375,1182.0400390625,1166.7099609375,1173.56005859375,1259500000,0.0,0.0058712943967202,0.014872739869887882,1.0234229373497774
2001-03-16,1173.56005859375,1173.56005859375,1148.6400146484375,1150.530029296875,1543560000,0.0,-0.0196240738837613,0.01499207219519614,1.2611493195042336
2001-03-19,1150.530029296875,1173.5,1147.1800537109375,1170.81005859375,1126200000,0.0,0.0176266840329832,0.015139710043356618,0.9355101096894326
2001-03-20,1170.81005859375,1180.56005859375,1142.18994140625,1142.6199951171875,1235900000,0.0,-0.024077401171648,0.014927747492579,1.0299705684597493
2001-03-21,1142.6199951171875,1149.3900146484375,1118.739990234375,1122.1400146484375,1346300000,0.0,-0.0179237021549316,0.015020585369790767,1.1176758320014426
2001-03-22,1122.1400146484375,1124.27001953125,1081.18994140625,1117.5799560546875,1723950000,0.0,-0.0040637162334672,0.014616682123586354,1.4186481273713054
2001-03-23,1117.5799560546875,1141.8299560546875,1117.5799560546875,1139.8299560546875,1364900000,0.0,0.0199090900650613,0.014851018739974407,1.1219208824254205
2001-03-26,1139.8299560546875,1160.02001953125,1139.8299560546875,1152.68994140625,1114000000,0.0,0.0112823717987504,0.01486363951168113,0.9201819019548662
2001-03-27,1152.68994140625,1183.3499755859375,1150.9599609375,1182.1700439453125,1314200000,0.0,0.0255750496990523,0.015273054968779677,1.0848656861655768
2001-03-28,1182.1700439453125,1182.1700439453125,1147.8299560546875,1153.2900390625,1333400000,0.0,-0.0244296537801194,0.015510504808840343,1.0983994209967114
2001-03-29,1153.2900390625,1161.68994140625,1136.260009765625,1147.949951171875,1234500000,0.0,-0.0046303078234907,0.015137962883188442,1.0188533678117604
2001-03-30,1147.949951171875,1162.800048828125,1143.8299560546875,1160.3299560546875,1280800000,0.0,0.0107844465433135,0.013631938744892921,1.0599383203287862
2001-04-02,1160.3299560546875,1169.510009765625,1137.510009765625,1145.8699951171875,1254900000,0.0,-0.0124619388321802,0.013653510060526165,1.041139314545535
2001-04-03,1145.8699951171875,1145.8699951171875,1100.18994140625,1106.4599609375,1386100000,0.0,-0.0343931112147299,0.013932152987110775,1.1457680481406087
2001-04-04,1106.4599609375,1117.5,1091.989990234375,1103.25,1425590000,0.0,-0.0029011089879656,0.01393195624246099,1.1746631553967648
2001-04-05,1103.25,1151.469970703125,1103.25,1151.43994140625,1368000000,0.0,0.0436799831463856,0.015140399143174187,1.1261150020250315
2001-04-06,1151.43994140625,1151.43994140625,1119.2900390625,1128.4300537109375,1266800000,0.0,-0.0199835761014253,0.015240518407686357,1.0426577731832503
2001-04-09,1128.4300537109375,1146.1300048828125,1126.3800048828125,1137.5899658203125,1062800000,0.0,0.0081173946752408,0.01521199320440325,0.8752598273198339
2001-04-10,1137.5899658203125,1173.9200439453125,1137.5899658203125,1168.3800048828125,1349600000,0.0,0.0270660255343386,0.015672006816798912,1.1060500017210322
2001-04-11,1168.3800048828125,1182.239990234375,1160.260009765625,1165.8900146484375,1290300000,0.0,-0.0021311475923663,0.015636466748382805,1.0550217169470681
2001-04-12,1165.8900146484375,1183.510009765625,1157.72998046875,1183.5,1102000000,0.0,0.0151043281358513,0.01578400678238252,0.9039143922529123
2001-04-16,1183.5,1184.6400146484375,1167.3800048828125,1179.6800537109375,913900000,0.0,-0.0032276690232889,0.01564903958516679,0.7521538314661856
2001-04-17,1179.6800537109375,1192.25,1168.9000244140625,1191.81005859375,1109600000,0.0,0.0102824531487626,0.015728002250280072,0.9122989341164941
2001-04-18,1191.81005859375,1248.4200439453125,1191.81005859375,1238.1600341796875,1918900000,0.0,0.0388904047685476,0.016583693321250127,1.554538045635644
2001-04-19,1238.1600341796875,1253.7099609375,1233.3900146484375,1253.68994140625,1486800000,0.0,0.0125427301785359,0.016576694060482018,1.196205739663537
2001-04-20,1253.699951171875,1253.699951171875,1234.4100341796875,1242.97998046875,1338700000,0.0,-0.008542750949638,0.016594387233877666,1.0739343686273504
2001-04-23,1242.97998046875,1242.97998046875,1217.469970703125,1224.3599853515625,1012600000,0.0,-0.0149801247081755,0.01668079856189202,0.8135646601523646
2001-04-24,1224.3599853515625,1233.5400390625,1208.8900146484375,1209.469970703125,1216500000,0.0,-0.0121614678906399,0.01673662390967631,0.9751768785682335
2001-04-25,1209.469970703125,1232.3599853515625,1207.3800048828125,1228.75,1203600000,0.0,0.0159408912696414,0.01685693443164018,0.9622980021682886
2001-04-26,1228.75,1248.300048828125,1228.75,1234.52001953125,1345200000,0.0,0.0046958449898271,0.016839554478799208,1.0708861001340597
2001-04-27,1234.52001953125,1253.0699462890625,1234.52001953125,1253.050048828125,1091300000,0.0,0.0150099058773554,0.016967039917418575,0.8695783823754398
2001-04-30,1253.050048828125,1269.300048828125,1243.989990234375,1249.4599609375,1266800000,0.0,-0.0028650794068301,0.016944872692795633,1.0076055607609697
2001-05-01,1249.4599609375,1266.469970703125,1243.550048828125,1266.43994140625,1181300000,0.0,0.0135898556173097,0.016921049980406506,0.9407351957442742
2001-05-02,1266.43994140625,1272.9300537109375,1257.699951171875,1267.4300537109375,1342200000,0.0,0.000781807547532,0.016912268980721238,1.064967627269265
2001-05-03,1267.4300537109375,1267.4300537109375,1239.8800048828125,1248.5799560546875,1137900000,0.0,-0.0148726926594949,0.017007299805407043,0.9038785995481798
2001-05-04,1248.5799560546875,1267.510009765625,1232.0,1266.6099853515625,1082100000,0.0,0.0144404282716879,0.017098414756561223,0.8634474702209965
2001-05-07,1266.6099853515625,1270.0,1259.18994140625,1263.510009765625,949000000,0.0,-0.0024474586666685,0.01708501854880134,0.7606690039804871
2001-05-08,1266.7099609375,1267.010009765625,1253.0,1261.199951171875,1006300000,0.0,-0.0018282867376558,0.017005662526934254,0.8082107725026825
2001-05-09,1261.199951171875,1261.6500244140625,1247.8299560546875,1255.5400390625,1132400000,0.0,-0.0044877198925641,0.016934674812011836,0.9092208353205478
2001-05-10,1255.5400390625,1268.1400146484375,1254.56005859375,1255.1800537109375,1056700000,0.0,-0.000286717540152,0.01690352957387786,0.8507435048990009
2001-05-11,1255.1800537109375,1259.8399658203125,1240.7900390625,1245.6700439453125,906200000,0.0,-0.0075766100150401,0.016925966338460295,0.7341718004141565
2001-05-14,1245.6700439453125,1249.6800537109375,1241.02001953125,1248.9200439453125,858200000,0.0,0.0026090376145728,0.016891775950897372,0.7002284595300261
2001-05-15,1248.9200439453125,1257.449951171875,1245.3599853515625,1249.43994140625,1071800000,0.0,0.0004162776179772,0.01672537953829343,0.8724801620250526
2001-05-16,1249.43994140625,1286.3900146484375,1243.02001953125,1284.989990234375,1405300000,1.0,0.02845278724491,0.016988352657646803,1.1381509360001685
2001-05-17,1284.989990234375,1296.47998046875,1282.6500244140625,1288.489990234375,1355600000,1.0,0.0027237566258095,0.01681185019961363,1.0939403965493588
2001-05-18,1288.489990234375,1292.06005859375,1281.1500244140625,1291.9599609375,1130800000,1.0,0.0026930521225809,0.01681071474622327,0.9122856838592879
2001-05-21,1291.9599609375,1312.949951171875,1287.8699951171875,1312.8299560546875,1174900000,1.0,0.0161537475991464,0.016908193895431745,0.9465046435039282
2001-05-22,1312.8299560546875,1315.9300537109375,1306.8900146484375,1309.3800048828125,1260400000,1.0,-0.0026278735916742,0.016774869634360534,1.0148703793766487
2001-05-23,1309.3800048828125,1309.3800048828125,1288.699951171875,1289.050048828125,1134800000,1.0,-0.0155263987374749,0.016871605917442717,0.917076797504465
2001-05-24,1289.050048828125,1295.0400390625,1281.219970703125,1293.1700439453125,1100700000,1.0,0.0031961482961293,0.01676134271146488,0.8938054822018456
2001-05-25,1293.1700439453125,1293.1700439453125,1276.4200439453125,1277.8900146484375,828100000,1.0,-0.0118159474605964,0.016840711908660714,0.6771896425393835
2001-05-29,1277.8900146484375,1278.4200439453125,1265.4100341796875,1267.9300537109375,1026000000,1.0,-0.0077940674262487,0.016856331871190098,0.846187800248215
2001-05-30,1267.9300537109375,1267.9300537109375,1245.9599609375,1248.0799560546875,1158600000,1.0,-0.015655514748746,0.016970785034543582,0.9550385081813811
2001-05-31,1248.0799560546875,1261.9100341796875,1248.0699462890625,1255.8199462890625,1226600000,1.0,0.0062015179370733,0.01694097361195426,1.0112462187503812
2001-06-01,1255.8199462890625,1265.3399658203125,1246.8800048828125,1260.6700439453125,1015000000,1.0,0.0038620963702495,0.016927982783115633,0.8413930218924661
2001-06-04,1260.6700439453125,1267.1700439453125,1256.3599853515625,1267.1099853515625,836500000,1.0,0.0051083480861462,0.01693806645583741,0.7037787323030988
2001-06-05,1267.1099853515625,1286.6199951171875,1267.1099853515625,1283.5699462890625,1116800000,1.0,0.0129901595976558,0.01669553818485416,0.9435446356260082
2001-06-06,1283.5699462890625,1283.8499755859375,1269.010009765625,1270.030029296875,1061900000,1.0,-0.0105486397771565,0.015742827683291518,0.8979520874616664
2001-06-07,1270.030029296875,1277.0799560546875,1265.0799560546875,1276.9599609375,1089600000,1.0,0.0054565100672947,0.01565301876945703,0.9248886203558003
2001-06-08,1276.9599609375,1277.1099853515625,1259.989990234375,1264.9599609375,726200000,1.0,-0.0093973189192165,0.015311942949691537,0.6228430564148976
2001-06-11,1264.9599609375,1264.9599609375,1249.22998046875,1254.3900146484375,870100000,1.0,-0.0083559532439499,0.015352629809577462,0.7509564100054563
2001-06-12,1254.3900146484375,1261.0,1235.75,1255.8499755859375,1136500000,1.0,0.0011638811856367,0.015106718510038543,0.9833273027206629
2001-06-13,1255.8499755859375,1259.75,1241.5899658203125,1241.5999755859375,1063600000,1.0,-0.0113468967448531,0.015047804900782563,0.9233089322586744
2001-06-14,1241.5999755859375,1241.5999755859375,1218.9000244140625,1219.8699951171875,1242900000,1.0,-0.0175015954381725,0.014884460476955136,1.0816481153006083
2001-06-15,1219.8699951171875,1221.5,1203.030029296875,1214.3599853515625,1635550000,1.0,-0.0045168827724921,0.014691905814645778,1.4181737463354487
2001-06-18,1214.3599853515625,1221.22998046875,1208.3299560546875,1208.4300537109375,1111600000,1.0,-0.0048831744393391,0.014697472278854795,0.968165337137711
2001-06-19,1208.4300537109375,1226.1099853515625,1207.7099609375,1212.5799560546875,1184900000,1.0,0.003434127056842,0.014498539559605545,1.0334815217969617
2001-06-20,1212.5799560546875,1225.6099853515625,1210.0699462890625,1223.1400146484375,1350100000,1.0,0.0087087523927977,0.01447179063037648,1.1716983768406235
2001-06-21,1223.1400146484375,1240.239990234375,1220.25,1237.0400390625,1546820000,1.0,0.0113642136203497,0.014177597084070563,1.3378441890068824
2001-06-22,1237.0400390625,1237.72998046875,1221.4100341796875,1225.3499755859375,1189200000,1.0,-0.0094500283801823,0.01385298091505166,1.030340637962109
2001-06-25,1225.3499755859375,1231.5,1213.5999755859375,1218.5999755859375,1050100000,1.0,-0.0055086302970481,0.01385960606634888,0.9106412957833345
2001-06-26,1218.5999755859375,1220.699951171875,1204.6400146484375,1216.760009765625,1198900000,1.0,-0.0015099014091377,0.01380461959617602,1.0345660164263781
2001-06-27,1216.760009765625,1219.9200439453125,1207.2900390625,1211.0699462890625,1162100000,1.0,-0.0046764057257754,0.01371332679324506,1.0019024162047996
2001-06-28,1211.0699462890625,1234.43994140625,1211.0699462890625,1226.199951171875,1327300000,1.0,0.0124930892135286,0.012977605300575965,1.1561228345452603
2001-06-29,1226.199951171875,1237.2900390625,1221.1400146484375,1224.3800048828125,1832360000,1.0,-0.0014842165727727,0.01297020023797829,1.5864965108263174
2001-07-02,1224.4200439453125,1239.780029296875,1224.030029296875,1236.719970703125,1128300000,1.0,0.0100785424223694,0.011805229768874227,0.9804785444390625
2001-07-03,1236.7099609375,1236.7099609375,1229.4300537109375,1234.449951171875,622110000,1.0,-0.0018355161920441,0.011479724741454625,0.5442997395872523
2001-07-05,1234.449951171875,1234.449951171875,1219.1500244140625,1219.239990234375,934900000,1.0,-0.0123212455256376,0.011584672393272578,0.8220181640603705
2001-07-06,1219.239990234375,1219.239990234375,1188.739990234375,1190.5899658203125,1056700000,1.0,-0.0234982650204534,0.011511661621373187,0.9315181233034857
2001-07-09,1190.5899658203125,1201.760009765625,1189.75,1198.780029296875,1045700000,1.0,0.0068789958858082,0.01153710606235177,0.9267146569622617
2001-07-10,1198.780029296875,1203.4300537109375,1179.9300537109375,1181.52001953125,1263800000,0.0,-0.0143979790652239,0.01153406524429636,1.1165841818595623
2001-07-11,1181.52001953125,1184.9300537109375,1168.4599609375,1180.1800537109375,1384100000,0.0,-0.0011341033568301,0.0115271857373191,1.2203414099285588
2001-07-12,1180.1800537109375,1210.25,1180.1800537109375,1208.1400146484375,1394000000,0.0,0.0236912671499431,0.011853843494413256,1.224477462587558
2001-07-13,1208.1400146484375,1218.5400390625,1203.6099853515625,1215.6800537109375,1121700000,0.0,0.0062410308168578,0.010750106018416512,0.9891230851116738
2001-07-16,1215.6800537109375,1219.6300048828125,1200.050048828125,1202.449951171875,1039800000,0.0,-0.0108828819710226,0.01070295801506101,0.9184921676415156
2001-07-17,1202.449951171875,1215.3599853515625,1196.1400146484375,1214.43994140625,1238100000,0.0,0.0099713008617863,0.01073805452090018,1.0906517377488651
2001-07-18,1214.43994140625,1214.43994140625,1198.3299560546875,1207.7099609375,1316300000,0.0,-0.005541633010651,0.0105878905647829,1.152083412834645
2001-07-19,1207.7099609375,1225.0400390625,1205.800048828125,1215.02001953125,1343500000,0.0,0.0060528262829557,0.010499084936584222,1.1689899126655336
2001-07-20,1215.02001953125,1215.68994140625,1207.0400390625,1210.8499755859375,1170900000,0.0,-0.0034320783841251,0.010300634396664975,1.01812716772656
2001-07-23,1210.8499755859375,1215.219970703125,1190.5,1191.030029296875,986900000,0.0,-0.0163686226111302,0.010488458563253457,0.8591774322843865
2001-07-24,1191.030029296875,1191.030029296875,1165.5400390625,1171.6500244140625,1198700000,0.0,-0.0162716341369272,0.010479691320745351,1.038278856391318
2001-07-25,1171.6500244140625,1190.52001953125,1171.280029296875,1190.489990234375,1280700000,0.0,0.0160798578310399,0.010707460073248899,1.1012446893986088
2001-07-26,1190.489990234375,1204.1800537109375,1182.6500244140625,1202.9300537109375,1213900000,0.0,0.0104495321914579,0.010643667141137755,1.0412602929424872
2001-07-27,1202.9300537109375,1209.260009765625,1195.989990234375,1205.8199462890625,1015300000,0.0,0.0024023779015329,0.01064980747148371,0.8767712021808658
2001-07-30,1205.8199462890625,1209.050048828125,1200.4100341796875,1204.52001953125,909100000,0.0,-0.0010780438338352,0.010487964660416751,0.7911623742634035
2001-07-31,1204.52001953125,1222.739990234375,1204.52001953125,1211.22998046875,1129200000,0.0,0.005570651237587,0.010334557127311088,0.9827361490946156
2001-08-01,1211.22998046875,1223.0400390625,1211.22998046875,1215.9300537109375,1340300000,0.0,0.0038804135614018,0.010348621698161822,1.1631067368030819
2001-08-02,1215.9300537109375,1226.27001953125,1215.31005859375,1220.75,1218300000,0.0,0.0039639996349727,0.010363851160533462,1.0580087169566588
2001-08-03,1220.75,1220.75,1205.31005859375,1214.3499755859375,939900000,0.0,-0.0052426986803706,0.010369243564051436,0.8190101679602595
2001-08-06,1214.3499755859375,1214.3499755859375,1197.3499755859375,1200.47998046875,811700000,0.0,-0.0114217444690893,0.010464514323220564,0.710879637576623
2001-08-07,1200.469970703125,1207.56005859375,1195.6400146484375,1204.4000244140625,1012000000,0.0,0.0032653971820353,0.010437129899444838,0.8834548462037806
2001-08-08,1204.4000244140625,1206.7900390625,1181.27001953125,1183.530029296875,1124600000,0.0,-0.0173281257839069,0.010651385049049437,0.9800650959829358
2001-08-09,1183.530029296875,1184.7099609375,1174.6800537109375,1183.4300537109375,1104200000,0.0,-8.447236949016279e-05,0.010650580041071842,0.9632002043289403
2001-08-10,1183.4300537109375,1193.3299560546875,1169.550048828125,1190.1600341796875,960900000,0.0,0.0056868426212826,0.009972983425513443,0.8421022742808346
2001-08-13,1190.1600341796875,1193.8199462890625,1185.1199951171875,1191.2900390625,837600000,0.0,0.0009494562498826,0.009963693588451011,0.7363355946173658
2001-08-14,1191.2900390625,1198.7900390625,1184.260009765625,1186.72998046875,964600000,0.0,-0.0038278323869295,0.009955432190635405,0.8460759303589866
2001-08-15,1186.72998046875,1191.2099609375,1177.6099853515625,1178.02001953125,1065600000,0.0,-0.007339463130492,0.009713750721057183,0.935505926451114
2001-08-16,1178.02001953125,1181.800048828125,1166.0799560546875,1181.6600341796875,1055400000,0.0,0.0030899429450153,0.009733097689821437,0.9266569546508802
2001-08-17,1181.6600341796875,1181.6600341796875,1156.0699462890625,1161.969970703125,974300000,0.0,-0.0166630527453113,0.00976160390467512,0.8571854895555867
2001-08-20,1161.969970703125,1171.4100341796875,1160.93994140625,1171.4100341796875,897100000,0.0,0.0081241888470233,0.009823872648643981,0.7868989008151258
2001-08-21,1171.4100341796875,1179.8499755859375,1156.56005859375,1157.260009765625,1041600000,0.0,-0.0120794802854591,0.00982857569846199,0.9109076999335709
2001-08-22,1157.260009765625,1168.56005859375,1153.3399658203125,1165.31005859375,1110800000,0.0,0.0069561280612775,0.009855545975309308,0.9718618521300119
2001-08-23,1165.31005859375,1169.8599853515625,1160.9599609375,1162.0899658203125,986200000,0.0,-0.002763292695957,0.009677473632947279,0.864016944614604
2001-08-24,1162.0899658203125,1185.1500244140625,1162.0899658203125,1184.9300537109375,1043600000,0.0,0.0196543198568126,0.01000095325903162,0.9175095927052185
2001-08-27,1184.9300537109375,1186.8499755859375,1178.0699462890625,1179.2099609375,842600000,0.0,-0.0048273674513726,0.0099934619883993,0.7512697850277086
2001-08-28,1179.2099609375,1179.6600341796875,1161.1700439453125,1161.510009765625,987100000,0.0,-0.0150100081904015,0.010119584316773228,0.8820655722059717
2001-08-29,1161.510009765625,1166.969970703125,1147.3800048828125,1148.56005859375,963700000,0.0,-0.0111492376845621,0.010017161150156538,0.864573376953454
2001-08-30,1148.5999755859375,1151.75,1124.8699951171875,1129.030029296875,1157000000,0.0,-0.0170039251763524,0.01014653521419133,1.0415993348168398
2001-08-31,1129.030029296875,1141.8299560546875,1126.3800048828125,1133.5799560546875,920100000,0.0,0.0040299430836627,0.010130642796902862,0.8377817440610917
2001-09-04,1133.5799560546875,1155.4000244140625,1129.06005859375,1132.93994140625,1178300000,0.0,-0.00056459594669,0.010084401124471967,1.0730944627305723
2001-09-05,1132.93994140625,1135.52001953125,1114.8599853515625,1131.739990234375,1384500000,0.0,-0.0010591480872195,0.010047750826218756,1.2532503493622047
2001-09-06,1131.739990234375,1131.739990234375,1105.8299560546875,1106.4000244140625,1359700000,0.0,-0.0223902716515873,0.010389718320480756,1.227228755548343
2001-09-07,1106.4000244140625,1106.4000244140625,1082.1199951171875,1085.780029296875,1424300000,0.0,-0.0186370161444163,0.010541723347546562,1.279479088606285
2001-09-10,1085.780029296875,1096.93994140625,1073.1500244140625,1092.5400390625,1276600000,0.0,0.006225947782446,0.010401245395106127,1.1478425936099532
2001-09-17,1092.5400390625,1092.5400390625,1037.4599609375,1038.77001953125,2330830000,0.0,-0.0492156054778455,0.01206768105817418,2.0771242305346522
2001-09-18,1038.77001953125,1046.4200439453125,1029.25,1032.739990234375,1650410000,0.0,-0.0058049704780621,0.012071317343307141,1.4572063023967297
2001-09-19,1032.739990234375,1038.9100341796875,984.6199951171876,1016.0999755859376,2120550000,0.0,-0.016112491823485,0.012170633917335529,1.8240446162577595
2001-09-20,1016.0999755859376,1016.0999755859376,984.489990234375,984.5399780273438,2004800000,0.0,-0.0310599333893248,0.012604616110127552,1.6933121770666677
2001-09-21,984.5399780273438,984.5399780273438,944.75,965.7999877929688,2317300000,0.0,-0.0190342603171107,0.012606677809983143,1.9164483753152386
2001-09-24,965.7999877929688,1008.4400024414062,965.7999877929688,1003.4500122070312,1746600000,0.0,0.0389832521121684,0.013752783030348907,1.4279152943577154
2001-09-25,1003.4500122070312,1017.1400146484376,998.3300170898438,1012.27001953125,1613800000,0.0,0.0087896828112241,0.013836267834930362,1.311838624177337
2001-09-26,1012.27001953125,1020.2899780273438,1002.6199951171876,1007.0399780273438,1519100000,0.0,-0.0051666466486166,0.013837680692760151,1.2321538042008569
2001-09-27,1007.0399780273438,1018.9199829101562,998.239990234375,1018.6099853515624,1467000000,0.0,0.0114891241427006,0.013962356122993364,1.1884876620073954
2001-09-28,1018.6099853515624,1040.93994140625,1018.6099853515624,1040.93994140625,1631500000,0.0,0.0219219881758578,0.01418844637328899,1.3109284426716488
2001-10-01,1040.93994140625,1040.93994140625,1026.760009765625,1038.550048828125,1175600000,0.0,-0.0022958986230237,0.014187725491282398,0.942550746287564
2001-10-02,1038.550048828125,1051.3299560546875,1034.469970703125,1051.3299560546875,1289800000,0.0,0.0123055285019562,0.014224428613058643,1.0332553117958856
2001-10-03,1051.3299560546875,1075.3800048828125,1041.47998046875,1072.280029296875,1650600000,0.0,0.0199272104076693,0.014518756112080875,1.3152465812433694
2001-10-04,1072.280029296875,1084.1199951171875,1067.8199462890625,1069.6300048828125,1609100000,0.0,-0.002471392119277,0.014458401057257627,1.2767738873198444
2001-10-05,1069.6199951171875,1072.3499755859375,1053.5,1071.3800048828125,1301700000,0.0,0.0016360797584318,0.014188816136544232,1.0307214701887353
2001-10-08,1071.3699951171875,1071.3699951171875,1056.8800048828125,1062.43994140625,979000000,0.0,-0.0083444374879297,0.014169681326097456,0.7752958280214878
2001-10-09,1062.43994140625,1063.3699951171875,1053.8299560546875,1056.75,1227800000,0.0,-0.0053555416965205,0.014082439810190948,0.9718791462978117
2001-10-10,1056.75,1081.6199951171875,1052.760009765625,1080.989990234375,1312400000,0.0,0.0229382448397208,0.01443897977918454,1.0383241618918577
2001-10-11,1080.989990234375,1099.1600341796875,1080.989990234375,1097.4300537109375,1704580000,0.0,0.0152083401558584,0.014229548179027975,1.3382129034881713
2001-10-12,1097.4300537109375,1097.4300537109375,1072.1500244140625,1091.6500244140625,1331400000,0.0,-0.0052668771711964,0.01420095958199095,1.040078731632033
2001-10-15,1091.6500244140625,1091.6500244140625,1078.18994140625,1089.97998046875,1024700000,0.0,-0.0015298345696541,0.014149606700039096,0.7990440479367166
2001-10-16,1089.97998046875,1101.6600341796875,1087.1300048828125,1097.5400390625,1210500000,0.0,0.0069359609618691,0.014113144774900324,0.9427324865536987
2001-10-17,1097.5400390625,1107.1199951171875,1076.5699462890625,1077.0899658203125,1452200000,0.0,-0.0186326443813891,0.014275573056274521,1.128999680782765
2001-10-18,1077.0899658203125,1077.93994140625,1064.5400390625,1068.6099853515625,1262900000,0.0,-0.0078730475056386,0.014258844193834608,0.9811497126161294
2001-10-19,1068.6099853515625,1075.52001953125,1057.239990234375,1073.47998046875,1294900000,0.0,0.004557317621906,0.014282883103501648,1.0004918627846542
2001-10-22,1073.47998046875,1090.5699462890625,1070.7900390625,1089.9000244140625,1105700000,0.0,0.0152960877185082,0.014324308835727235,0.8504446509515796
2001-10-23,1089.9000244140625,1098.989990234375,1081.530029296875,1084.780029296875,1317300000,0.0,-0.0046976741008333,0.014197693218912379,1.0084597933595223
2001-10-24,1084.780029296875,1090.260009765625,1079.97998046875,1085.199951171875,1336200000,0.0,0.0003871032501143,0.01401768391876194,1.0196253071581176
2001-10-25,1085.199951171875,1100.0899658203125,1065.6400146484375,1100.0899658203125,1364400000,0.0,0.0137209872082635,0.014070995431620652,1.0370260246104426
2001-10-26,1100.0899658203125,1110.6099853515625,1094.239990234375,1104.6099853515625,1244500000,0.0,0.0041087726201369,0.014080512821389625,0.9418345104814185
2001-10-29,1104.6099853515625,1104.6099853515625,1078.300048828125,1078.300048828125,1106100000,0.0,-0.02381830408229,0.014375691456468555,0.8337055524744571
2001-10-30,1078.300048828125,1078.300048828125,1053.6099853515625,1059.7900390625,1297400000,0.0,-0.0171659175808638,0.014478982671734567,0.9730134633444514
2001-10-31,1059.7900390625,1074.7900390625,1057.550048828125,1059.780029296875,1352500000,0.0,-9.445045958234031e-06,0.014460356131426195,1.0099905803909937
2001-11-01,1059.780029296875,1085.6099853515625,1054.31005859375,1084.0999755859375,1317400000,0.0,0.0229481077362798,0.014800861796018885,0.9799448273358637
2001-11-02,1084.0999755859375,1089.6300048828125,1075.5799560546875,1087.199951171875,1121900000,0.0,0.0028594923491829,0.014806514757680318,0.8326941600966783
2001-11-05,1087.199951171875,1106.719970703125,1087.199951171875,1102.8399658203125,1267700000,0.0,0.0143855917502382,0.014894886691032987,0.9357615941946611
2001-11-06,1102.8399658203125,1119.72998046875,1095.3599853515625,1118.8599853515625,1356000000,1.0,0.0145261506907159,0.015023815906815605,0.9963164212784386
2001-11-07,1118.8599853515625,1126.6199951171875,1112.97998046875,1115.800048828125,1411300000,1.0,-0.0027348699242971,0.014874284729868452,1.0323890578610433
2001-11-08,1115.800048828125,1135.75,1115.4200439453125,1118.5400390625,1517500000,1.0,0.0024556283513812,0.014880179117038645,1.1015139265476397
2001-11-09,1118.5400390625,1123.02001953125,1111.1300048828125,1120.31005859375,1093800000,1.0,0.0015824373463944,0.014859131178574174,0.7933828763632687
2001-11-12,1120.31005859375,1121.7099609375,1098.3199462890625,1118.3299560546875,991600000,1.0,-0.001767459395614,0.014857543864523003,0.7177012368114436
2001-11-13,1118.3299560546875,1139.1400146484375,1118.3299560546875,1139.0899658203125,1370100000,1.0,0.0185634030933621,0.015063654464806618,0.9861847756564596
2001-11-14,1139.0899658203125,1148.280029296875,1132.8699951171875,1141.2099609375,1443400000,1.0,0.0018611305347253,0.01504039350660875,1.0318200020959514
2001-11-15,1141.2099609375,1146.4599609375,1135.06005859375,1142.239990234375,1454500000,1.0,0.0009025765040018,0.015034398105100088,1.0353511374341258
2001-11-16,1142.239990234375,1143.52001953125,1129.9200439453125,1138.6500244140625,1337400000,1.0,-0.0031429172949687,0.014887941615994845,0.9463739809001436
2001-11-19,1138.6500244140625,1151.06005859375,1138.6500244140625,1151.06005859375,1316800000,1.0,0.0108989012546445,0.014918604176512213,0.9299741079049635
2001-11-20,1151.06005859375,1152.449951171875,1142.1700439453125,1142.6600341796875,1330200000,1.0,-0.0072976421615434,0.014866651884413894,0.9401587738893411
2001-11-21,1142.6600341796875,1142.6600341796875,1129.780029296875,1137.030029296875,1029300000,1.0,-0.0049271040505536,0.01485016869499946,0.7309022755324764
2001-11-23,1137.030029296875,1151.050048828125,1135.9000244140625,1150.3399658203125,410300000,1.0,0.0117058795110875,0.014926782805375616,0.2956095746089603
2001-11-26,1150.3399658203125,1157.8800048828125,1146.1700439453125,1157.4200439453125,1129800000,1.0,0.0061547701856565,0.014724976435383128,0.8157145111842705
2001-11-27,1157.4200439453125,1163.3800048828125,1140.81005859375,1149.5,1288000000,1.0,-0.0068428432588011,0.014737809133122219,0.9441522231412883
2001-11-28,1149.5,1149.5,1128.2900390625,1128.52001953125,1423700000,1.0,-0.0182513966670291,0.014798393730677024,1.0471057092083669
2001-11-29,1128.52001953125,1140.4000244140625,1125.510009765625,1140.199951171875,1375700000,1.0,0.0103497779733463,0.014793297572807592,1.0230111702081777
2001-11-30,1140.199951171875,1143.5699462890625,1135.8900146484375,1139.449951171875,1343600000,1.0,-0.0006577793651273,0.014624653866459015,1.009063547571834
2001-12-03,1139.449951171875,1139.449951171875,1125.780029296875,1129.9000244140625,1202900000,1.0,-0.0083811726421075,0.014658143834249954,0.9187747795750156
2001-12-04,1129.9000244140625,1144.800048828125,1128.8599853515625,1144.800048828125,1318500000,1.0,0.0131870290221378,0.014755526599820795,1.0136992789011545
2001-12-05,1143.77001953125,1173.6199951171875,1143.77001953125,1170.3499755859375,1765300000,1.0,0.0223182439448414,0.01502570559823704,1.3540571396311885
2001-12-06,1170.3499755859375,1173.3499755859375,1164.4300537109375,1167.0999755859375,1487900000,1.0,-0.0027769471250451,0.014725857682530291,1.141826535683403
2001-12-07,1167.0999755859375,1167.0999755859375,1152.6600341796875,1158.31005859375,1248200000,1.0,-0.0075314173387541,0.014543547469551214,0.9611063765042216
2001-12-10,1158.31005859375,1158.31005859375,1139.6600341796875,1139.9300537109375,1218700000,1.0,-0.0158679489541226,0.014692629245108491,0.9443951423047798
2001-12-11,1139.9300537109375,1150.8900146484375,1134.3199462890625,1136.760009765625,1367200000,1.0,-0.0027809109295721,0.013155205507007888,1.0563340018091807
2001-12-12,1136.760009765625,1141.5799560546875,1126.010009765625,1137.0699462890625,1449700000,1.0,0.0002726490382973,0.013120665492859276,1.1173149050748616
2001-12-13,1137.0699462890625,1137.0699462890625,1117.8499755859375,1119.3800048828125,1511500000,1.0,-0.0155574786441087,0.013108091630993598,1.1674486731943898
2001-12-14,1119.3800048828125,1128.280029296875,1114.530029296875,1123.0899658203125,1306800000,1.0,0.003314299809999,0.012383198621776203,1.0140785263672834
2001-12-17,1123.0899658203125,1137.300048828125,1122.6600341796875,1134.3599853515625,1260400000,1.0,0.0100348323591497,0.01210091885403107,0.9786993889573761
2001-12-18,1134.3599853515625,1145.0999755859375,1134.3599853515625,1142.9200439453125,1354000000,1.0,0.0075461570438744,0.01114890305712738,1.0452921861861473
2001-12-19,1142.9200439453125,1152.43994140625,1134.75,1149.56005859375,1484900000,1.0,0.0058096930608693,0.011125810105120546,1.141814797316916
2001-12-20,1149.56005859375,1151.4200439453125,1139.9300537109375,1139.9300537109375,1490500000,1.0,-0.008377122022309,0.011169389727963698,1.1429902680570991
2001-12-21,1139.9300537109375,1147.4599609375,1139.9300537109375,1144.8900146484375,1694000000,1.0,0.0043511098960442,0.01110583951863833,1.2992551141871909
2001-12-24,1144.8900146484375,1147.8299560546875,1144.6199951171875,1144.6500244140625,439670000,1.0,-0.0002096185933184,0.010796521712406838,0.34189239817995387
2001-12-26,1144.6500244140625,1159.1800537109375,1144.6500244140625,1149.3699951171875,791100000,1.0,0.0041235055278499,0.010788647305865134,0.6174114235863807
2001-12-27,1149.3699951171875,1157.1300048828125,1149.3699951171875,1157.1300048828125,876300000,1.0,0.006751533273525,0.010720140919687314,0.6874917917575359
2001-12-28,1157.1300048828125,1164.6400146484375,1157.1300048828125,1161.02001953125,917400000,1.0,0.0033617783931128,0.01045154835670304,0.7258270860566354
2001-12-31,1161.02001953125,1161.1600341796875,1148.0400390625,1148.0799560546875,943600000,1.0,-0.0111454266583507,0.010565093913669403,0.7503470633486631
2002-01-02,1148.0799560546875,1154.6700439453125,1136.22998046875,1154.6700439453125,1171000000,1.0,0.0057400948913624,0.01058100657988371,0.9330131608239008
2002-01-03,1154.6700439453125,1165.27001953125,1154.010009765625,1165.27001953125,1398900000,1.0,0.0091800905735106,0.010552003252449153,1.10941272738837
2002-01-04,1165.27001953125,1176.550048828125,1163.4200439453125,1172.510009765625,1513000000,1.0,0.0062131438319226,0.010528503241459963,1.1961879474537482
2002-01-07,1172.510009765625,1176.969970703125,1163.550048828125,1164.8900146484375,1308300000,1.0,-0.0064988742558459,0.010207206654966102,1.0348072686292595
2002-01-08,1164.8900146484375,1167.5999755859375,1157.4599609375,1160.7099609375,1258800000,1.0,-0.0035883677071427,0.01006042851347587,0.9973209873002407
2002-01-09,1160.7099609375,1174.260009765625,1151.8900146484375,1155.1400146484375,1452000000,1.0,-0.0047987408366545,0.010055678508954244,1.1466192814929805
2002-01-10,1155.1400146484375,1159.9300537109375,1150.8499755859375,1156.550048828125,1299000000,1.0,0.0012206608392113,0.010050253508518132,1.0226821291375916
2002-01-11,1156.550048828125,1159.4100341796875,1145.449951171875,1145.5999755859375,1211900000,1.0,-0.0094678766848721,0.010110036415817451,0.9553958858141488
2002-01-14,1145.5999755859375,1145.5999755859375,1138.1500244140625,1138.4100341796875,1286400000,1.0,-0.0062761361378107,0.009830190921045109,1.0151856430779633
2002-01-15,1138.4100341796875,1148.81005859375,1136.8800048828125,1146.18994140625,1386900000,1.0,0.0068340114659728,0.00978920793359131,1.0932977356620652
2002-01-16,1146.18994140625,1146.18994140625,1127.489990234375,1127.5699462890625,1482500000,1.0,-0.0162451217241906,0.01003417472481363,1.1620529701760378
2002-01-17,1127.5699462890625,1139.27001953125,1127.5699462890625,1138.8800048828125,1380100000,1.0,0.0100304718398822,0.009928324723279923,1.0798842009834997
2002-01-18,1138.8800048828125,1138.8800048828125,1124.449951171875,1127.5799560546875,1333300000,1.0,-0.0099220714910064,0.009999843501829543,1.043635436295657
2002-01-22,1127.5799560546875,1135.260009765625,1117.9100341796875,1119.31005859375,1311600000,1.0,-0.0073342004853236,0.010053403526820473,1.028254740625956
2002-01-23,1119.31005859375,1131.93994140625,1117.4300537109375,1128.1800537109375,1479200000,1.0,0.0079245201533624,0.009952185930783754,1.1603448841200463
2002-01-24,1128.1800537109375,1139.5,1128.1800537109375,1132.1500244140625,1552800000,1.0,0.0035189158770061,0.009948820348058482,1.2093708483368892
2002-01-25,1132.1500244140625,1138.31005859375,1127.8199462890625,1133.280029296875,1345100000,1.0,0.0009981052496972,0.009424447080429907,1.041870474687373
2002-01-28,1133.280029296875,1138.6300048828125,1126.6600341796875,1133.06005859375,1186800000,1.0,-0.0001941009260186,0.009123757648501441,0.921874191670601
2002-01-29,1133.06005859375,1137.469970703125,1098.739990234375,1100.6400146484375,1812000000,1.0,-0.0286128203879583,0.009899925896400427,1.3994986211231302
2002-01-30,1100.6400146484375,1113.7900390625,1081.6600341796875,1113.5699462890625,2019600000,1.0,0.0117476481579266,0.009573102357322238,1.5463403660836013
2002-01-31,1113.5699462890625,1130.2099609375,1113.300048828125,1130.199951171875,1557000000,1.0,0.014933956271208,0.009749004166593746,1.188147462149071
2002-02-01,1130.199951171875,1130.199951171875,1118.510009765625,1122.199951171875,1367200000,1.0,-0.0070783935105509,0.009631157651055782,1.0425090857350872
2002-02-04,1122.199951171875,1122.199951171875,1092.25,1094.43994140625,1437600000,1.0,-0.0247371332859497,0.009978267067839894,1.0943975766127787
2002-02-05,1094.43994140625,1100.9599609375,1082.5799560546875,1090.02001953125,1778300000,1.0,-0.0040385239132636,0.009985034661737965,1.338497345360014
2002-02-06,1090.02001953125,1093.5799560546875,1077.780029296875,1083.510009765625,1665800000,1.0,-0.0059723763316058,0.010004297890559347,1.2305629341560922
2002-02-07,1083.510009765625,1094.030029296875,1078.43994140625,1080.1700439453125,1441600000,1.0,-0.0030825426532377,0.010006118402741288,1.060058147307198
2002-02-08,1080.1700439453125,1096.300048828125,1079.9100341796875,1096.219970703125,1371900000,1.0,0.0148587038196228,0.010200403233464082,1.0075621139018895
2002-02-11,1096.219970703125,1112.010009765625,1094.6800537109375,1111.93994140625,1159400000,1.0,0.0143401608465882,0.010082045659405648,0.8548146621137501
2002-02-12,1111.93994140625,1112.6800537109375,1102.97998046875,1107.5,1094200000,1.0,-0.0039929687215254,0.010088590964615915,0.8101060245323973
2002-02-13,1107.5,1120.56005859375,1107.5,1118.510009765625,1215900000,1.0,0.0099413180727991,0.0101762253272613,0.9019137126934175
2002-02-14,1118.510009765625,1124.719970703125,1112.300048828125,1116.47998046875,1272500000,1.0,-0.0018149406613717,0.010171377547880812,0.9429240827923654
2002-02-15,1116.47998046875,1117.0899658203125,1103.22998046875,1104.1800537109375,1359200000,1.0,-0.0110167015736801,0.010156746045866503,1.0065617577329078
2002-02-19,1104.1800537109375,1104.1800537109375,1082.239990234375,1083.3399658203125,1189900000,1.0,-0.018873813034917,0.01039253345937761,0.8887601530708049
2002-02-20,1083.3399658203125,1098.3199462890625,1074.3599853515625,1097.97998046875,1438900000,1.0,0.0135137769401427,0.010541080575701474,1.0755305110866573
2002-02-21,1097.97998046875,1101.5,1080.239990234375,1080.949951171875,1381600000,1.0,-0.0155103276924999,0.010591196824435609,1.030645285700453
2002-02-22,1080.949951171875,1093.9300537109375,1074.3900146484375,1089.8399658203125,1411000000,1.0,0.0082242611129217,0.010618164920681978,1.0495658397635048
2002-02-25,1089.8399658203125,1112.7099609375,1089.8399658203125,1109.4300537109375,1367400000,1.0,0.0179751968224799,0.010865107409474101,1.0171311545770083
2002-02-26,1109.4300537109375,1115.050048828125,1101.719970703125,1109.3800048828125,1309200000,1.0,-4.511219788716492e-05,0.010613194141111169,0.9758792640862566
2002-02-27,1109.3800048828125,1123.06005859375,1102.260009765625,1109.8900146484375,1393800000,1.0,0.0004597250386524,0.010522515614873678,1.0407664126802356
2002-02-28,1109.8900146484375,1121.5699462890625,1106.72998046875,1106.72998046875,1392200000,1.0,-0.0028471597527511,0.010527239663219116,1.0382475109876597
2002-03-01,1106.72998046875,1131.7900390625,1106.72998046875,1131.780029296875,1456500000,1.0,0.0226342913539896,0.010885617888069306,1.08303216884386
2002-03-04,1131.780029296875,1153.8399658203125,1130.9300537109375,1153.8399658203125,1594300000,1.0,0.0194913640039595,0.011043497758427528,1.1812767450672452
2002-03-05,1153.8399658203125,1157.739990234375,1144.780029296875,1146.1400146484375,1549300000,1.0,-0.0066733268043812,0.010687451854361422,1.1468400939382917
2002-03-06,1146.1400146484375,1165.2900390625,1145.1099853515625,1162.77001953125,1541300000,1.0,0.0145095753313468,0.010851078778573808,1.1400608338176972
2002-03-07,1162.77001953125,1167.93994140625,1150.68994140625,1157.5400390625,1517400000,1.0,-0.0044978631895397,0.010822440391084417,1.125322545741536
2002-03-08,1157.5400390625,1172.760009765625,1157.5400390625,1164.31005859375,1412000000,1.0,0.0058486266589388,0.010642827700468876,1.0322693842937143
2002-03-11,1164.31005859375,1173.030029296875,1159.5799560546875,1168.260009765625,1210200000,1.0,0.0033925251634825,0.010641311513241148,0.8793511606243669
2002-03-12,1168.260009765625,1168.260009765625,1154.3399658203125,1165.5799560546875,1304400000,1.0,-0.0022940558510388,0.010647445160541644,0.941938353730925
2002-03-13,1165.5799560546875,1165.5799560546875,1151.010009765625,1154.0899658203125,1354000000,1.0,-0.0098577452148944,0.010526780259138793,0.9716290070726554
2002-03-14,1154.0899658203125,1157.8299560546875,1151.0799560546875,1153.0400390625,1208800000,1.0,-0.0009097442910928,0.010522196651056267,0.8641445769351749
2002-03-15,1153.0400390625,1166.47998046875,1153.0400390625,1166.1600341796875,1493900000,1.0,0.0113786119065344,0.010544256902826133,1.063048549133351
2002-03-18,1166.1600341796875,1172.72998046875,1159.1400146484375,1165.550048828125,1169500000,1.0,-0.0005230717343109,0.010504450975265334,0.8349337121888185
2002-03-19,1165.550048828125,1173.93994140625,1165.550048828125,1170.2900390625,1255000000,1.0,0.0040667410542694,0.010491586556113331,0.8992870194546952
2002-03-20,1170.2900390625,1170.2900390625,1151.6099853515625,1151.8499755859375,1304900000,1.0,-0.0157568319485437,0.010637892895467661,0.9350890946640659
2002-03-21,1151.8499755859375,1155.0999755859375,1139.47998046875,1153.5899658203125,1339200000,1.0,0.0015106049149238,0.010625551387901423,0.958563872048329
2002-03-22,1153.5899658203125,1156.489990234375,1144.5999755859375,1148.699951171875,1243300000,1.0,-0.0042389538686392,0.010640789325047192,0.8925879234641572
2002-03-25,1148.699951171875,1151.0400390625,1131.8699951171875,1131.8699951171875,1057900000,1.0,-0.0146513073649198,0.010795828508695223,0.7621241789100738
2002-03-26,1131.8699951171875,1147.0,1131.6099853515625,1138.489990234375,1223600000,1.0,0.0058487239221338,0.010786603165531958,0.8813479235454446
2002-03-27,1138.489990234375,1146.949951171875,1135.3299560546875,1144.5799560546875,1180100000,1.0,0.0053491606184949,0.010800809515850397,0.8513189275444705
2002-03-28,1144.5799560546875,1154.449951171875,1144.5799560546875,1147.3900146484375,1147600000,1.0,0.0024551003002324,0.010709110038184706,0.830741789584021
2002-04-01,1147.3900146484375,1147.8399658203125,1132.8699951171875,1146.5400390625,1050900000,1.0,-0.0007407904680065,0.010683362450504389,0.7655246564645276
2002-04-02,1146.5400390625,1146.5400390625,1135.7099609375,1136.760009765625,1176700000,1.0,-0.0085300372980187,0.010668343977394981,0.8597108530915106
2002-04-03,1136.760009765625,1138.8499755859375,1119.6800537109375,1125.4000244140625,1219700000,1.0,-0.0099933013599806,0.01070428705201115,0.8926088445629679
2002-04-04,1125.4000244140625,1130.449951171875,1120.06005859375,1126.3399658203125,1283800000,1.0,0.0008352064917889,0.010677938435613751,0.9399013681941711
2002-04-05,1126.3399658203125,1133.31005859375,1119.489990234375,1122.72998046875,1110200000,1.0,-0.0032050583847775,0.010676176685887337,0.8172200678980175
2002-04-08,1122.72998046875,1125.4100341796875,1111.7900390625,1125.2900390625,1095300000,1.0,0.0022802086327837,0.010666956492402586,0.811719350980244
2002-04-09,1125.2900390625,1128.2900390625,1116.72998046875,1117.800048828125,1235400000,1.0,-0.0066560530835366,0.010695352355625548,0.9170375692937163
2002-04-10,1117.800048828125,1131.760009765625,1117.800048828125,1130.469970703125,1447900000,1.0,0.0113346943295296,0.010737188359351803,1.070626285690624
2002-04-11,1130.469970703125,1130.469970703125,1102.4200439453125,1103.68994140625,1505600000,1.0,-0.023689288517959,0.01113320431302769,1.1183591852378965
2002-04-12,1103.68994140625,1112.77001953125,1102.739990234375,1111.010009765625,1282100000,1.0,0.0066323594016344,0.011130996847879276,0.9628932007918841
2002-04-15,1111.010009765625,1114.8599853515625,1099.4100341796875,1102.550048828125,1120400000,1.0,-0.0076146577106759,0.010978249354913348,0.8470065982449031
2002-04-16,1102.550048828125,1129.4000244140625,1102.550048828125,1128.3699951171875,1341300000,1.0,0.0234183893207442,0.011322723677373359,1.014401122927598
2002-04-17,1128.3699951171875,1133.0,1123.3699951171875,1126.0699462890625,1376900000,1.0,-0.0020383817702331,0.011252233422090306,1.0422817105259174
2002-04-18,1126.0699462890625,1130.489990234375,1109.2900390625,1124.469970703125,1359300000,1.0,-0.0014208492032046,0.01121237583446372,1.0355277511990884
2002-04-19,1124.469970703125,1128.8199462890625,1122.5899658203125,1125.1700439453125,1185000000,1.0,0.0006225806472623,0.011165966417896573,0.9094062536452994
2002-04-22,1125.1700439453125,1125.1700439453125,1105.6199951171875,1107.8299560546875,1181800000,1.0,-0.0154110820706028,0.011331547821310317,0.9105814838671897
2002-04-23,1107.8299560546875,1111.1700439453125,1098.93994140625,1100.9599609375,1388500000,1.0,-0.006201308314187,0.011355675680638916,1.0695710315332803
2002-04-24,1100.9599609375,1108.4599609375,1092.510009765625,1093.1400146484375,1373200000,1.0,-0.0071028434879717,0.011388340590346513,1.054312608448628
2002-04-25,1093.1400146484375,1094.3599853515625,1084.81005859375,1091.47998046875,1517400000,1.0,-0.0015185924560828,0.010776831176456355,1.157504172629382
2002-04-26,1091.47998046875,1096.77001953125,1076.31005859375,1076.3199462890625,1374200000,1.0,-0.0138894294453085,0.010808036549789405,1.0457426812470987
2002-04-29,1076.3199462890625,1078.949951171875,1063.6199951171875,1065.449951171875,1314700000,1.0,-0.0100992229630836,0.010684238971367008,0.9998220443003223
2002-04-30,1065.449951171875,1082.6199951171875,1063.4599609375,1076.9200439453125,1628600000,1.0,0.0107654918570521,0.010758191197013548,1.2334869827208816
2002-05-01,1076.9200439453125,1088.3199462890625,1065.2900390625,1086.4599609375,1451400000,1.0,0.0088585192984596,0.01034866891299009,1.094940070249979
2002-05-02,1086.4599609375,1091.4200439453125,1079.4599609375,1084.56005859375,1364000000,1.0,-0.0017487090293788,0.010338000141264098,1.0301694643874042
2002-05-03,1084.56005859375,1084.56005859375,1068.8900146484375,1073.4300537109375,1284500000,1.0,-0.0102622301039222,0.01039446575301744,0.9715515780811308
2002-05-06,1073.4300537109375,1075.9599609375,1052.6500244140625,1052.6700439453125,1122600000,0.0,-0.0193398812469018,0.010681390940743623,0.8528165889767416
2002-05-07,1052.6700439453125,1058.6700439453125,1048.9599609375,1049.489990234375,1354700000,0.0,-0.003020940634939,0.010497045362468028,1.0293368994521652
2002-05-08,1049.489990234375,1088.9200439453125,1049.489990234375,1088.8499755859375,1502000000,0.0,0.0375039168718249,0.011441943938231282,1.137925339369944
2002-05-09,1088.8499755859375,1088.8499755859375,1072.22998046875,1073.010009765625,1153000000,0.0,-0.0145474272631439,0.011580203333085673,0.8767194117691787
2002-05-10,1073.010009765625,1075.4300537109375,1053.9300537109375,1054.989990234375,1171900000,0.0,-0.0167938969508645,0.011687006465134887,0.8940860165832013
2002-05-13,1054.989990234375,1074.8399658203125,1053.9000244140625,1074.56005859375,1088600000,0.0,0.01855000382992,0.011952889965772326,0.8352220327981549
2002-05-14,1074.56005859375,1097.7099609375,1074.56005859375,1097.280029296875,1414500000,0.0,0.0211435094031486,0.01219501033567792,1.088269463058849
2002-05-15,1097.280029296875,1104.22998046875,1088.93994140625,1091.0699462890625,1420200000,0.0,-0.0056595243164973,0.011966134711936886,1.0948297394055448
2002-05-16,1091.0699462890625,1099.2900390625,1089.1700439453125,1098.22998046875,1256600000,0.0,0.0065623970342507,0.011868183914983144,0.9729816785830984
2002-05-17,1098.22998046875,1106.5899658203125,1096.77001953125,1106.5899658203125,1274400000,0.0,0.0076122355974967,0.011728189956018965,0.9904914684362452
2002-05-20,1106.5899658203125,1106.5899658203125,1090.6099853515625,1091.8800048828125,989800000,0.0,-0.0132930546922097,0.011815344722038261,0.7743762664392617
2002-05-21,1091.8800048828125,1099.550048828125,1079.0799560546875,1079.8800048828125,1200500000,0.0,-0.0109902186562047,0.011663354204069554,0.9393613125549689
2002-05-22,1079.8800048828125,1086.02001953125,1075.6400146484375,1086.02001953125,1136300000,0.0,0.0056858304817892,0.011689607515449445,0.8914715910606495
2002-05-23,1086.02001953125,1097.0999755859375,1080.550048828125,1097.0799560546875,1192900000,0.0,0.0101839158804928,0.011767298875002313,0.9382481839089138
2002-05-24,1097.0799560546875,1097.0799560546875,1082.18994140625,1083.8199462890625,885400000,0.0,-0.012086639348795,0.011863578285635498,0.6999519346310983
2002-05-28,1083.8199462890625,1085.97998046875,1070.31005859375,1074.550048828125,996500000,0.0,-0.0085529865847894,0.011520880579114526,0.7940264351440164
2002-05-29,1074.550048828125,1074.8299560546875,1067.6600341796875,1067.6600341796875,1081800000,0.0,-0.0064119997537123,0.011229281821092845,0.8632012013641419
2002-05-30,1067.6600341796875,1069.5,1054.260009765625,1064.6600341796875,1286600000,0.0,-0.0028098832062258,0.011208604607721419,1.0260999111553473
2002-05-31,1064.6600341796875,1079.9300537109375,1064.6600341796875,1067.1400146484375,1277300000,0.0,0.0023293637303298,0.011028727995352766,1.019131555976836
2002-06-03,1067.1400146484375,1070.739990234375,1039.9000244140625,1040.6800537109375,1324300000,0.0,-0.0247952101638856,0.011430286520639463,1.056883188191128
2002-06-04,1040.6800537109375,1046.06005859375,1030.52001953125,1040.68994140625,1466600000,0.0,9.5011865339778e-06,0.011389642358817056,1.1662915808475613
2002-06-05,1040.68994140625,1050.1099853515625,1038.8399658203125,1049.9000244140625,1300100000,0.0,0.0088499779246133,0.011453469447703984,1.0299175970860326
2002-06-06,1049.9000244140625,1049.9000244140625,1026.9100341796875,1029.1500244140625,1601500000,0.0,-0.0197637865677546,0.011688101428971306,1.2611308678218305
2002-06-07,1029.1500244140625,1033.02001953125,1012.489990234375,1027.530029296875,1341300000,0.0,-0.0015741097787077,0.011642614640789146,1.053556785084784
2002-06-10,1027.530029296875,1038.1800537109375,1025.449951171875,1030.739990234375,1226200000,0.0,0.003123958274676,0.011659872384904573,0.9619608876838881
2002-06-11,1030.739990234375,1039.0400390625,1012.9400024414062,1013.5999755859376,1212400000,0.0,-0.0166288441419062,0.011683924061227377,0.9487306697299827
2002-06-12,1013.260009765625,1021.8499755859376,1002.5800170898438,1020.260009765625,1795720000,0.0,0.0065706731847909,0.01173763842786264,1.391709080628171
2002-06-13,1020.260009765625,1023.469970703125,1008.1199951171876,1009.5599975585938,1405500000,0.0,-0.0104875346525531,0.011757381562423012,1.0861548372259227
2002-06-14,1009.5599975585938,1009.5599975585938,981.6300048828124,1007.27001953125,1549000000,0.0,-0.0022682931503641,0.011625713270229427,1.1921635220435576
2002-06-17,1007.27001953125,1036.1700439453125,1007.27001953125,1036.1700439453125,1236600000,0.0,0.0286914371059228,0.012282454266733217,0.9498816450235604
2002-06-18,1036.1700439453125,1040.8299560546875,1030.9200439453125,1037.1400146484375,1193100000,0.0,0.0009361115087169,0.012282590709186313,0.9150926551446753
2002-06-19,1037.1400146484375,1037.6099853515625,1017.8800048828124,1019.989990234375,1336100000,0.0,-0.0165358815317485,0.012318816732304626,1.0231913154100378
2002-06-20,1019.989990234375,1023.3300170898438,1004.5900268554688,1006.2899780273438,1389700000,0.0,-0.0134315163268251,0.012371015558245983,1.0651879381818483
2002-06-21,1006.2899780273438,1006.2899780273438,985.6500244140624,989.1400146484376,1497200000,0.0,-0.0170427647630215,0.012483403571954975,1.1477331580201342
2002-06-24,989.1400146484376,1002.1099853515624,970.8499755859376,992.719970703125,1552600000,0.0,0.0036192611780645,0.012491905729071434,1.1852863864445866
2002-06-25,992.719970703125,1005.8800048828124,974.2100219726562,976.1400146484376,1513700000,0.0,-0.0167015437827287,0.012626618920112109,1.148691370601211
2002-06-26,976.1400146484376,977.4299926757812,952.9199829101562,973.530029296875,2014290000,0.0,-0.0026737817448274,0.012602613948628468,1.5131155611971634
2002-06-27,973.530029296875,990.6699829101562,963.739990234375,990.6400146484376,1908600000,0.0,0.0175752003910143,0.012825460397661328,1.4223601938273174
2002-06-28,990.6400146484376,1001.7899780273438,988.3099975585938,989.8200073242188,2117000000,0.0,-0.0008277550998279,0.012820931437656237,1.5600495265982917
2002-07-01,989.8200073242188,994.4600219726562,967.4299926757812,968.6500244140624,1425500000,0.0,-0.021387709637619,0.01306084489365842,1.046762335824268
2002-07-02,968.6500244140624,968.6500244140624,945.5399780273438,948.0900268554688,1823000000,0.0,-0.0212254137618284,0.013269741972195232,1.3261632736140356
2002-07-03,948.0900268554688,954.2999877929688,934.8699951171876,953.989990234375,1527800000,0.0,0.0062229990947955,0.013309845132872944,1.1091685214517897
2002-07-05,953.989990234375,989.0700073242188,953.989990234375,989.030029296875,699400000,0.0,0.0367299860807672,0.0141369743234404,0.512774567906412
2002-07-08,989.030029296875,993.5599975585938,972.9099731445312,976.97998046875,1184400000,0.0,-0.012183703700778,0.01391584791929696,0.8726197645576981
2002-07-09,976.97998046875,979.6300048828124,951.7100219726562,952.8300170898438,1348900000,0.0,-0.024718995129582,0.014174865318877995,0.9941875882876757
2002-07-10,952.8300170898438,956.3400268554688,920.2899780273438,920.469970703125,1816900000,0.0,-0.0339620349971273,0.014734377817652527,1.3292799646949562
2002-07-11,920.469970703125,929.1599731445312,900.9400024414062,927.3699951171876,2080480000,0.0,0.007496197196734,0.014391789676146337,1.512122022188469
2002-07-12,927.3699951171876,934.3099975585938,913.7100219726562,921.3900146484376,1607400000,0.0,-0.0064483221370499,0.014397209982668788,1.165637578519549
2002-07-15,921.3900146484376,921.3900146484376,876.4600219726562,917.9299926757812,2574800000,0.0,-0.0037552197415299,0.014395375023145664,1.8349437195081713
2002-07-16,917.9299926757812,918.6500244140624,897.1300048828125,900.9400024414062,1843700000,0.0,-0.0185090261457182,0.014518930209166952,1.3035321713040795
2002-07-17,901.0499877929688,926.52001953125,895.030029296875,906.0399780273438,2566500000,0.0,0.0056607272094892,0.014483051174791718,1.7782587240687058
2002-07-18,905.4500122070312,907.7999877929688,880.5999755859375,881.5599975585938,1736300000,0.0,-0.0270186537707183,0.014800986312323964,1.1967073077097505
2002-07-19,881.5599975585938,881.5599975585938,842.0700073242188,847.75,2654100000,0.0,-0.0383524634196511,0.01546176799505863,1.8006841256338963
2002-07-22,847.760009765625,854.1300048828125,813.260009765625,819.8499755859375,2248060000,0.0,-0.0329106746258478,0.015897559418043317,1.5028736342966933
2002-07-23,819.8499755859375,827.6900024414062,796.1300048828125,797.7000122070312,2441020000,0.0,-0.0270170934177023,0.016115938100117185,1.6046426843026476
2002-07-24,797.7100219726562,844.3200073242188,775.6799926757812,843.4299926757812,2775560000,0.0,0.057327290671874,0.017986210864642815,1.784968976102705
2002-07-25,843.4199829101562,853.8300170898438,816.1099853515625,838.6799926757812,2424700000,0.0,-0.0056317655777577,0.017886543584465207,1.5393292366661406
2002-07-26,838.6799926757812,852.8499755859375,835.9199829101562,852.8400268554688,1796100000,0.0,0.0168837152469922,0.01801389601259817,1.134843922787901
2002-07-29,852.8400268554688,898.9600219726562,852.8400268554688,898.9600219726562,1778650000,0.0,0.0540781314958185,0.019505273059342985,1.1164530907042107
2002-07-30,898.9600219726562,909.8099975585938,884.7000122070312,902.780029296875,1826090000,0.0,0.004249362853574,0.019502883892157794,1.1383469747457766
2002-07-31,902.780029296875,911.6400146484376,889.8800048828125,911.6199951171876,2049360000,0.0,0.0097919377184247,0.019444041619423178,1.260872577276558
2002-08-01,911.6199951171876,911.6199951171876,882.47998046875,884.6599731445312,1672200000,0.0,-0.0295737501558318,0.01976236510111144,1.022887051908857
2002-08-02,884.4000244140625,884.719970703125,853.9500122070312,864.239990234375,1538100000,0.0,-0.023082295492101,0.019216035688986496,0.936255608189963
2002-08-05,864.239990234375,864.239990234375,833.4400024414062,834.5999755859375,1425500000,0.0,-0.0342960462179022,0.019571479080138912,0.8652647698055798
2002-08-06,834.5999755859375,874.4400024414062,834.5999755859375,859.5700073242188,1514100000,0.0,0.0299185627470823,0.01997845995677202,0.9120828294820158
2002-08-07,859.5700073242188,878.739990234375,854.1500244140625,876.77001953125,1490400000,0.0,0.020010019033323,0.020006286680524493,0.8924953857198104
2002-08-08,876.77001953125,905.8400268554688,875.1699829101562,905.4600219726562,1646700000,0.0,0.0327223807866341,0.020298686206240386,0.9794657768697613
2002-08-09,898.72998046875,913.9500122070312,890.77001953125,908.6400146484376,1294900000,0.0,0.0035120188618082,0.020312817725588673,0.7701372544098372
2002-08-12,908.6400146484376,908.6400146484376,892.3800048828125,903.7999877929688,1036500000,0.0,-0.0053266714842418,0.02027746863400501,0.6182255394129667
2002-08-13,903.7999877929688,911.7100219726562,883.6199951171875,884.2100219726562,1297700000,0.0,-0.0216751118443253,0.020368963988471607,0.7742652534789431
2002-08-14,884.2100219726562,920.2100219726562,876.2000122070312,919.6199951171876,1533800000,1.0,0.0400470162796078,0.021086969722210715,0.9143997148894774
2002-08-15,919.6199951171876,933.2899780273438,918.1699829101562,930.25,1505100000,1.0,0.0115591276171174,0.021136519886239748,0.8951018641502871
2002-08-16,930.25,935.3800048828124,916.2100219726562,928.77001953125,1265300000,1.0,-0.0015909491736092,0.02111098846022975,0.7555109667614583
2002-08-19,928.77001953125,951.1699829101562,927.2100219726562,950.7000122070312,1299800000,1.0,0.023611865386061,0.02131667488060436,0.7764957519744248
2002-08-20,950.7000122070312,950.7000122070312,931.8599853515624,937.4299926757812,1308500000,1.0,-0.013958156475084,0.021332806275184125,0.7809252050905939
2002-08-21,937.4299926757812,951.5900268554688,931.3200073242188,949.3599853515624,1353100000,1.0,0.0127262758488539,0.021402056678034888,0.8061889765111887
2002-08-22,949.3599853515624,965.0,946.4299926757812,962.7000122070312,1373000000,1.0,0.0140516000898529,0.021490810923448775,0.8221870991239066
2002-08-23,962.7000122070312,962.7000122070312,937.1699829101562,940.8599853515624,1071500000,1.0,-0.0226862226846757,0.021663877078031427,0.6442182509224977
2002-08-26,940.8599853515624,950.7999877929688,930.4199829101562,947.9500122070312,1016900000,1.0,0.0075356875261514,0.021691224369238416,0.6153281267945053
2002-08-27,947.9500122070312,955.8200073242188,930.3599853515624,934.8200073242188,1307700000,1.0,-0.0138509464779087,0.02153956832637484,0.7906114751297463
2002-08-28,934.8200073242188,934.8200073242188,913.2100219726562,917.8699951171876,1146600000,1.0,-0.0181318457823211,0.02164423956396144,0.6936033510732704
2002-08-29,917.8699951171876,924.5900268554688,903.3300170898438,917.7999877929688,1271100000,1.0,-7.627150314459819e-05,0.021599994299680833,0.7695212670832692
2002-08-30,917.7999877929688,928.1500244140624,910.1699829101562,916.0700073242188,929900000,1.0,-0.0018849209977764,0.0214738897681959,0.5661111808510625
2002-09-03,916.0700073242188,916.0700073242188,877.510009765625,878.02001953125,1289800000,1.0,-0.0415361134943281,0.022080668979540096,0.7872015600970227
2002-09-04,878.02001953125,896.0999755859375,875.72998046875,893.4000244140625,1372100000,1.0,0.0175166904406387,0.02221920931372283,0.8392807618939498
2002-09-05,893.4000244140625,893.4000244140625,870.5,879.1500244140625,1401300000,1.0,-0.0159503017803764,0.02221188084127465,0.8583219374297825
2002-09-06,879.1500244140625,899.0700073242188,879.1500244140625,893.9199829101562,1184500000,1.0,0.0168002708137757,0.022318782418552233,0.7329788632286812
2002-09-09,893.9199829101562,907.3400268554688,882.9199829101562,902.9600219726562,1130600000,1.0,0.0101128056597081,0.022343771383912338,0.7064270238265726
2002-09-10,902.9600219726562,909.8900146484376,900.5,909.5800170898438,1186400000,1.0,0.0073314376673345,0.02237335676130343,0.7500143504094355
2002-09-11,910.6300048828124,924.02001953125,908.469970703125,909.4500122070312,846600000,1.0,-0.0001429284728884,0.022021783138612836,0.5391469327596019
2002-09-12,909.4500122070312,909.4500122070312,884.8400268554688,886.9099731445312,1191600000,1.0,-0.0247842528560754,0.02221444866973786,0.7650081816584987
2002-09-13,886.9099731445312,892.75,877.0499877929688,889.8099975585938,1271000000,1.0,0.0032698069723813,0.022147329944594632,0.8186825021719885
2002-09-16,889.8099975585938,891.8400268554688,878.9099731445312,891.0999755859375,1001400000,1.0,0.0014497230092751,0.022100795265962394,0.6425267225413824
2002-09-17,891.0999755859375,902.6799926757812,872.3800048828125,873.52001953125,1448600000,1.0,-0.0197283767661736,0.02213491328599717,0.9263223913978759
2002-09-18,873.52001953125,878.4500122070312,857.3900146484375,869.4600219726562,1501000000,1.0,-0.0046478586269521,0.02212614779061782,0.9579666446353485
2002-09-19,869.4600219726562,869.4600219726562,843.0900268554688,843.3200073242188,1524000000,0.0,-0.0300646539091358,0.02234316242529394,0.976295744324288
2002-09-20,843.3200073242188,849.3200073242188,839.0900268554688,845.3900146484375,1792800000,0.0,0.0024545929258652,0.02235108942445679,1.1527416063590596
2002-09-23,845.3900146484375,845.3900146484375,825.760009765625,833.7000122070312,1381100000,0.0,-0.0138279400499752,0.022249887119488967,0.8906169432731627
2002-09-24,833.7000122070312,833.7000122070312,817.3800048828125,819.2899780273438,1670240000,0.0,-0.0172844356107663,0.022328608939098854,1.0897856993161306
2002-09-25,819.27001953125,844.219970703125,818.4600219726562,839.6599731445312,1651500000,0.0,0.0248629858334574,0.02247748717367793,1.080267788671232
2002-09-26,839.6599731445312,856.5999755859375,839.6599731445312,854.9500122070312,1650000000,0.0,0.018209798670334,0.022486264626510738,1.092384188738565
2002-09-27,854.9500122070312,854.9500122070312,826.8400268554688,827.3699951171875,1507300000,0.0,-0.0322592159729276,0.02280947841924614,1.0009445654812847
2002-09-30,827.3699951171875,827.3699951171875,800.2000122070312,815.280029296875,1721870000,0.0,-0.0146125263082571,0.0222844881248299,1.1577674782633252
2002-10-01,815.280029296875,847.9299926757812,812.8200073242188,847.9099731445312,1780900000,0.0,0.0400229892492245,0.02292860751670235,1.2050289541209365
2002-10-02,843.77001953125,851.9299926757812,826.5,827.9099731445312,1668900000,0.0,-0.0235874097881272,0.022910146203748,1.1411692482068072
2002-10-03,827.9099731445312,840.02001953125,817.25,818.9500122070312,1674500000,0.0,-0.0108223855589861,0.022556434328128486,1.1625031535805166
2002-10-04,818.9500122070312,825.9000244140625,794.0999755859375,800.5800170898438,1835930000,0.0,-0.0224311555569567,0.022680254284141565,1.2850796009773697
2002-10-07,800.5800170898438,808.2100219726562,782.9600219726562,785.280029296875,1576500000,0.0,-0.0191111287645988,0.022779197254714504,1.1068915284216605
2002-10-08,785.280029296875,808.8599853515625,779.5,798.5499877929688,1938430000,0.0,0.0168983776500408,0.022914127013330978,1.3579628182868748
2002-10-09,798.5499877929688,798.5499877929688,775.7999877929688,776.760009765625,1885030000,0.0,-0.0272869305120984,0.02304853969851964,1.3194639463789586
2002-10-10,776.760009765625,806.510009765625,768.6300048828125,803.9199829101562,2090230000,0.0,0.0349657201749178,0.02352372639082134,1.4622610952767447
2002-10-11,803.9199829101562,843.27001953125,803.9199829101562,835.3200073242188,1854130000,0.0,0.0390586439963784,0.0238635702413501,1.2937994369087422
2002-10-14,835.3200073242188,844.3900146484375,828.3699951171875,841.4400024414062,1200300000,0.0,0.0073265276343514,0.02336275324370055,0.8415284731505934
2002-10-15,841.4400024414062,881.27001953125,841.4400024414062,881.27001953125,1956000000,0.0,0.0473355402337403,0.023732500280116947,1.3612229070710657
2002-10-16,881.27001953125,881.27001953125,856.280029296875,860.02001953125,1585000000,0.0,-0.0241129273991448,0.023676290596801847,1.1019485230830754
2002-10-17,860.02001953125,885.3499755859375,860.02001953125,879.2000122070312,1780390000,0.0,0.0223017979119082,0.022688377964101232,1.232819609447977
2002-10-18,879.2000122070312,886.6799926757812,866.5800170898438,884.3900146484375,1423100000,0.0,0.0059030964164545,0.02268058003035188,0.9884773725436535
2002-10-21,884.3900146484375,900.6900024414062,873.0599975585938,899.719970703125,1447000000,1.0,0.0173339316373686,0.022685951926528926,1.0029589715615732
2002-10-22,899.719970703125,899.719970703125,882.4000244140625,890.1599731445312,1549200000,1.0,-0.0106255255744992,0.021640838138463948,1.066218852913141
2002-10-23,890.1599731445312,896.1400146484375,873.8200073242188,896.1400146484375,1593900000,1.0,0.0067179402403159,0.02165127091433736,1.0925287320867854
2002-10-24,896.1400146484375,902.9400024414062,879.0,882.5,1700570000,1.0,-0.0152208521274307,0.02170237185165887,1.1629861601795157
2002-10-25,882.5,897.7100219726562,877.030029296875,897.6500244140625,1340400000,1.0,0.0171671664748582,0.021471802780096454,0.9187426796688908
2002-10-28,897.6500244140625,907.4400024414062,886.1500244140625,890.22998046875,1382600000,1.0,-0.0082660766930362,0.02128070698770595,0.9461461754097252
2002-10-29,890.22998046875,890.6400146484375,867.9099731445312,882.1500244140625,1529700000,1.0,-0.009076256958267,0.02082155419080622,1.04352673698733
2002-10-30,882.1500244140625,895.280029296875,879.1900024414062,890.7100219726562,1422300000,1.0,0.0097035621172028,0.0205091364155664,0.9687567601144935
2002-10-31,890.7100219726562,898.8300170898438,879.75,885.760009765625,1641300000,1.0,-0.0055573779175274,0.020368352642422285,1.1135502366998151
2002-11-01,885.760009765625,903.4199829101562,877.7100219726562,900.9600219726562,1450400000,1.0,0.0171604182165021,0.020045973578038785,0.9830005427377514
2002-11-04,900.9600219726562,924.5800170898438,900.9600219726562,908.3499755859376,1645900000,1.0,0.008202310239139,0.020068582217095617,1.1068814819716652
2002-11-05,908.3499755859376,915.8300170898438,904.9099731445312,915.3900146484376,1354100000,1.0,0.0077503597200614,0.020078639661958022,0.9065320652997655
2002-11-06,915.3900146484376,925.6599731445312,905.0,923.760009765625,1674000000,1.0,0.0091436382123983,0.019897471046628493,1.115226478914225
2002-11-07,923.760009765625,923.760009765625,898.6799926757812,902.6500244140624,1466900000,1.0,-0.0228522398982378,0.019453273717973778,0.9731025925697921
2002-11-08,902.6500244140624,910.1099853515624,891.6199951171875,894.739990234375,1446500000,1.0,-0.0087631240965423,0.01942329020497517,0.957341929048289
2002-11-11,894.739990234375,894.739990234375,874.6300048828125,876.1900024414062,1113000000,1.0,-0.0207322663516018,0.019598528093261257,0.7348395276850297
2002-11-12,876.1900024414062,894.2999877929688,876.1900024414062,882.9500122070312,1377100000,1.0,0.0077152327084182,0.01936927154933356,0.908160212888423
2002-11-13,882.9500122070312,892.510009765625,872.0499877929688,882.530029296875,1463400000,1.0,-0.0004756587625005,0.019295016319161487,0.9639119887887432
2002-11-14,882.530029296875,904.27001953125,882.530029296875,904.27001953125,1519000000,1.0,0.0246337116162445,0.019496915158608148,0.998985625129559
2002-11-15,904.27001953125,910.2100219726562,895.3499755859375,909.8300170898438,1400100000,1.0,0.0061486032252577,0.019422642158316936,0.9181860248427653
2002-11-18,909.8300170898438,915.9099731445312,899.47998046875,900.3599853515625,1282600000,1.0,-0.0104085725469597,0.019251601956290332,0.8394559205138784
2002-11-19,900.3599853515625,905.4500122070312,893.0900268554688,896.739990234375,1337400000,1.0,-0.0040206086188669,0.019227115828970624,0.8735955452506031
2002-11-20,896.739990234375,915.010009765625,894.9299926757812,914.1500244140624,1517300000,1.0,0.0194148073792683,0.01932214583986706,0.9824982821011385
2002-11-21,914.1500244140624,935.1300048828124,914.1500244140624,933.760009765625,2415100000,1.0,0.0214516051280881,0.019374834679186794,1.5394584798148698
2002-11-22,933.760009765625,937.280029296875,928.4099731445312,930.5499877929688,1626800000,1.0,-0.0034377376832211,0.019381300674824815,1.0322895710579203
2002-11-25,930.5499877929688,937.1500244140624,923.3099975585938,932.8699951171876,1574000000,1.0,0.0024931571163859,0.019380739492094887,0.9915795118253732
2002-11-26,932.8699951171876,932.8699951171876,912.0999755859376,913.3099975585938,1543600000,1.0,-0.0209675492415604,0.01879797505898885,0.9712657361912389
2002-11-27,913.3099975585938,940.4099731445312,913.3099975585938,938.8699951171876,1350300000,1.0,0.0279861138353016,0.019002966109929242,0.8512516671369575
2002-11-29,938.8699951171876,941.8200073242188,935.5800170898438,936.3099975585938,643460000,1.0,-0.0027266794890749,0.0188792744570302,0.4102020499775092
2002-12-02,936.3099975585938,954.280029296875,927.719970703125,934.530029296875,1612000000,1.0,-0.0019010458783522,0.018771842589319545,1.0300151000724844
2002-12-03,934.530029296875,934.530029296875,918.72998046875,920.75,1488400000,1.0,-0.0147454109176596,0.018839555307303458,0.9497364551527095
2002-12-04,920.75,925.25,909.510009765625,917.5800170898438,1588900000,1.0,-0.0034428269455946,0.018824668343897226,1.0149182572098863
2002-12-05,917.5800170898438,921.489990234375,905.9000244140624,906.5499877929688,1250200000,1.0,-0.012020781938841,0.01889194646027793,0.8026869402796294
2002-12-06,906.5499877929688,915.47998046875,895.9600219726562,912.22998046875,1241100000,1.0,0.0062655041114825,0.018621487009351782,0.8010503563838246
2002-12-09,912.22998046875,912.22998046875,891.969970703125,892.0,1320800000,1.0,-0.0221764038695098,0.01884893030002703,0.8545488941976854
2002-12-10,892.0,904.9500122070312,892.0,904.4500122070312,1286600000,1.0,0.0139574127881516,0.018931803094678477,0.837136755456777
2002-12-11,904.4500122070312,909.9400024414062,896.47998046875,904.9600219726562,1285100000,1.0,0.0005638893899515,0.01874604953480979,0.84159064889383
2002-12-12,904.9600219726562,908.3699951171876,897.0,901.5800170898438,1255300000,1.0,-0.003734977016382,0.018741954865485556,0.8265527213950403
2002-12-13,901.5800170898438,901.5800170898438,888.47998046875,889.47998046875,1330800000,1.0,-0.0134209237025358,0.0183977526637848,0.8802498988982589
2002-12-16,889.47998046875,910.4199829101562,889.47998046875,910.4000244140624,1271600000,1.0,0.0235194095479109,0.018624522774607438,0.8474187714853579
2002-12-17,910.4000244140624,911.219970703125,901.739990234375,902.989990234375,1251800000,1.0,-0.0081393167629323,0.01856003051973481,0.8378496539770618
2002-12-18,902.989990234375,902.989990234375,887.8200073242188,891.1199951171875,1446200000,1.0,-0.0131452122897913,0.018496610659817895,0.9743850331440485
2002-12-19,890.02001953125,899.1900024414062,880.3200073242188,884.25,1385900000,1.0,-0.0077093939703194,0.018278050400446978,0.9400804050587301
2002-12-20,884.25,897.7899780273438,884.25,895.760009765625,1782730000,1.0,0.0130166918469041,0.01820746023033192,1.2143229250392484
2002-12-23,895.739990234375,902.4299926757812,892.260009765625,897.3800048828125,1112100000,1.0,0.0018085146685788,0.017678122298311935,0.7652529339512608
2002-12-24,897.3800048828125,897.3800048828125,892.2899780273438,892.469970703125,458310000,1.0,-0.0054715217109486,0.017575940694416894,0.3186237090911518
2002-12-26,892.469970703125,903.8900146484376,887.47998046875,889.6599731445312,721100000,1.0,-0.0031485625856743,0.016847377756681863,0.5100773342598807
2002-12-27,889.6599731445312,890.4600219726562,873.6199951171875,875.4000244140625,758400000,1.0,-0.0160285380492802,0.016688369062465465,0.542809520237691
2002-12-30,875.4000244140625,882.0999755859375,870.22998046875,879.3900146484375,1057800000,1.0,0.0045579050983528,0.016620649442613947,0.7650120045701114
2002-12-31,879.3900146484375,881.9299926757812,869.4500122070312,879.8200073242188,1088500000,1.0,0.0004889669755383,0.01632624016466696,0.7910429950944433
2003-01-02,879.8200073242188,909.030029296875,879.8200073242188,909.030029296875,1229200000,1.0,0.0331999974193495,0.016590429948843816,0.8961303818673135
2003-01-03,909.030029296875,911.25,903.0700073242188,908.5900268554688,1130800000,1.0,-0.0004840351002998,0.016487543286887715,0.8294534306789503
2003-01-06,908.5900268554688,931.77001953125,908.5900268554688,929.010009765625,1435900000,1.0,0.0224743639117717,0.016224167735965096,1.0556944048858234
2003-01-07,929.010009765625,930.8099975585938,919.9299926757812,922.9299926757812,1545200000,1.0,-0.006544619569145,0.015720217908420618,1.1386547190944998
2003-01-08,922.9299926757812,922.9299926757812,908.3200073242188,909.9299926757812,1467600000,1.0,-0.0140855753991806,0.015106286533550622,1.079447831101278
2003-01-09,909.9299926757812,928.3099975585938,909.9299926757812,927.5700073242188,1560300000,1.0,0.0193861228780518,0.015264010151501887,1.144638327153964
2003-01-10,927.5800170898438,932.8900146484376,917.6599731445312,927.5700073242188,1485400000,1.0,0.0,0.01404175131277697,1.0904003077257365
2003-01-13,927.5700073242188,935.0499877929688,922.0499877929688,926.260009765625,1396300000,1.0,-0.0014122896905353,0.013655507095172008,1.025385318109584
2003-01-14,926.260009765625,931.6599731445312,921.719970703125,931.6599731445312,1379400000,1.0,0.0058298569753352,0.013389705323966657,1.0168861786340375
2003-01-15,931.6599731445312,932.5900268554688,916.7000122070312,918.219970703125,1432100000,1.0,-0.0144258665487621,0.0135214841093852,1.0560212605299795
2003-01-16,918.219970703125,926.030029296875,911.97998046875,914.5999755859376,1534600000,1.0,-0.003942405123704,0.013356250244553957,1.1334646082212745
2003-01-17,914.5999755859376,914.5999755859376,899.02001953125,901.780029296875,1358200000,1.0,-0.014016998284796,0.013410598981654729,1.0031137738702969
2003-01-21,901.780029296875,906.0,887.6199951171875,887.6199951171875,1335200000,1.0,-0.015702315109737,0.0135405874869237,0.9910867512663226
2003-01-22,887.6199951171875,889.739990234375,877.6400146484375,878.3599853515625,1560800000,1.0,-0.0104324032993448,0.013463665072169352,1.1569314335779928
2003-01-23,878.3599853515625,890.25,876.8900146484375,887.3400268554688,1744550000,1.0,0.0102236459466127,0.013342996964066453,1.2874461181051284
2003-01-24,887.3400268554688,887.3400268554688,859.7100219726562,861.4000244140625,1574800000,1.0,-0.0292334411345465,0.01382617293894837,1.1543059614464155
2003-01-27,861.4000244140625,863.9500122070312,844.25,847.47998046875,1435900000,1.0,-0.0161597905163528,0.013930883607576189,1.0515877811051082
2003-01-28,847.47998046875,860.760009765625,847.47998046875,858.5399780273438,1459100000,1.0,0.0130504528879564,0.013979345885131837,1.0686457107325251
2003-01-29,858.5399780273438,868.719970703125,845.8599853515625,864.3599853515625,1595400000,1.0,0.0067789590155036,0.013994669271485632,1.1671657274374663
2003-01-30,864.3599853515625,865.47998046875,843.739990234375,844.6099853515625,1510300000,0.0,-0.0228492761519577,0.014100848970253906,1.1031294166627104
2003-01-31,844.6099853515625,858.3300170898438,840.3400268554688,855.7000122070312,1578530000,0.0,0.0131303525269743,0.014169415696116756,1.1480021142909838
2003-02-03,855.7000122070312,864.6400146484375,855.7000122070312,860.3200073242188,1258500000,0.0,0.0053990826823429,0.014148332718527425,0.9163085891425187
2003-02-04,860.3200073242188,860.3200073242188,840.1900024414062,848.2000122070312,1451600000,0.0,-0.014087775495171,0.014185663333428588,1.0579160191340247
2003-02-05,848.2000122070312,861.6300048828125,842.1099853515625,843.5900268554688,1450800000,0.0,-0.0054350215576716,0.01391321636408452,1.072406193286211
2003-02-06,843.5900268554688,844.22998046875,833.25,838.1500244140625,1430900000,0.0,-0.0064486329475517,0.013894615016724024,1.060768569046997
2003-02-07,838.1500244140625,845.72998046875,826.7000122070312,829.6900024414062,1276800000,0.0,-0.0100936845746326,0.013705047302624021,0.9507189812295549
2003-02-10,829.6900024414062,837.1599731445312,823.530029296875,835.969970703125,1238200000,0.0,0.0075690537950796,0.013703517862843725,0.9261893926405718
2003-02-11,835.969970703125,843.02001953125,825.0900268554688,829.2000122070312,1307000000,0.0,-0.0080983273722136,0.013735579893443386,0.9782863835708965
2003-02-12,829.2000122070312,832.1199951171875,818.489990234375,818.6799926757812,1260500000,0.0,-0.0126869505262662,0.013398475483455664,0.9348460162877543
2003-02-13,818.6799926757812,821.25,806.2899780273438,817.3699951171875,1489300000,0.0,-0.0016001338377796,0.013360126767490318,1.1065487655662056
2003-02-14,817.3699951171875,834.8900146484375,815.030029296875,834.8900146484375,1404600000,0.0,0.0214346252442727,0.013637788192565472,1.0449179316130004
2003-02-18,834.8900146484375,852.8699951171875,834.8900146484375,851.1699829101562,1250800000,0.0,0.0194995364372325,0.01389004970112504,0.9352066576425854
2003-02-19,851.1699829101562,851.1699829101562,838.7899780273438,845.1300048828125,1075600000,0.0,-0.0070960890875086,0.013656641734723647,0.8063171606121413
2003-02-20,845.1300048828125,849.3699951171875,836.5599975585938,837.0999755859375,1194100000,0.0,-0.0095015314217703,0.013367416653238104,0.8957812088342737
2003-02-21,837.0999755859375,852.280029296875,831.47998046875,848.1699829101562,1398200000,0.0,0.0132242356314371,0.01350375623210501,1.047674824273566
2003-02-24,848.1699829101562,848.1699829101562,832.1599731445312,832.5800170898438,1229200000,0.0,-0.0183807092144687,0.0136682194370957,0.9218356558712202
2003-02-25,832.5800170898438,839.5499877929688,818.5399780273438,838.5700073242188,1483700000,0.0,0.0071944919544335,0.013481188995389371,1.1093926835862822
2003-02-26,838.5700073242188,840.0999755859375,826.6799926757812,827.5499877929688,1374400000,0.0,-0.0131414424973457,0.013002252662435753,1.0258397570228672
2003-02-27,827.5499877929688,842.1900024414062,827.5499877929688,837.280029296875,1287800000,0.0,0.0117576480544163,0.013122780136951413,0.9618196869657076
2003-02-28,837.280029296875,847.0,837.280029296875,841.1500244140625,1373300000,0.0,0.0046221036950295,0.013148729842064765,1.0241213273173198
2003-03-03,841.1500244140625,852.3400268554688,832.739990234375,834.8099975585938,1208900000,0.0,-0.0075373318331473,0.013059851545003302,0.9020992818128606
2003-03-04,834.8099975585938,835.4299926757812,821.9600219726562,821.989990234375,1256600000,0.0,-0.0153567965904947,0.01317917559795876,0.9403546078273782
2003-03-05,821.989990234375,829.8699951171875,819.0,829.8499755859375,1332700000,0.0,0.0095621424165048,0.013188538172161122,0.9980974212583742
2003-03-06,829.8499755859375,829.8499755859375,819.8499755859375,822.0999755859375,1299200000,0.0,-0.0093390374501461,0.013188936039553805,0.9801068189694726
2003-03-07,822.0999755859375,829.5499877929688,811.22998046875,828.8900146484375,1368500000,0.0,0.00825938360801,0.0129694379315164,1.0284078022823815
2003-03-10,828.8900146484375,828.8900146484375,806.5700073242188,807.47998046875,1255000000,0.0,-0.0258297648678615,0.013199554189992054,0.9319549608073953
2003-03-11,807.47998046875,814.25,800.2999877929688,800.72998046875,1427700000,0.0,-0.0083593403716109,0.013222685423994832,1.0491903222572974
2003-03-12,800.72998046875,804.1900024414062,788.9000244140625,804.1900024414062,1620000000,0.0,0.0043210845816348,0.013245151787132701,1.1756205897899819
2003-03-13,804.1900024414062,832.02001953125,804.1900024414062,831.9000244140625,1816300000,0.0,0.0344570585166845,0.013957311539006704,1.3037215389182737
2003-03-14,831.8900146484375,841.3900146484375,828.260009765625,833.27001953125,1541900000,0.0,0.0016468266341889,0.01358624199492965,1.099602805124624
2003-03-17,833.27001953125,862.7899780273438,827.1699829101562,862.7899780273438,1700420000,0.0,0.0354266417897766,0.014361149996057872,1.2045552109646953
2003-03-18,862.7899780273438,866.9400024414062,857.3599853515625,866.4500122070312,1555100000,0.0,0.0042420916710874,0.014280096530503827,1.0950297997949503
2003-03-19,866.4500122070312,874.989990234375,861.2100219726562,874.02001953125,1473400000,0.0,0.0087368079145573,0.014294624173563638,1.0369527916931172
2003-03-20,874.02001953125,879.5999755859375,859.010009765625,875.6699829101562,1439100000,0.0,0.001887786712015,0.014193467520068476,1.0143278835499996
2003-03-21,875.8400268554688,895.9000244140625,875.8400268554688,895.7899780273438,1883710000,0.0,0.0229766870052137,0.014505891383799516,1.319961919822812
2003-03-24,895.7899780273438,895.7899780273438,862.02001953125,864.22998046875,1293000000,0.0,-0.0352314698006482,0.01519130139494559,0.9094437397564491
2003-03-25,864.22998046875,879.8699951171875,862.5900268554688,874.739990234375,1333400000,0.0,0.0121611260927612,0.015273092311768054,0.9398691006367623
2003-03-26,874.739990234375,875.7999877929688,866.469970703125,869.9500122070312,1319700000,0.0,-0.0054758877847351,0.015147591091952099,0.9312180094472374
2003-03-27,869.9500122070312,874.1500244140625,858.0900268554688,868.52001953125,1232900000,0.0,-0.0016437641884197,0.015137176894378773,0.871771831524101
2003-03-28,868.52001953125,869.8800048828125,860.8300170898438,863.5,1227000000,0.0,-0.0057799698548794,0.015154703900408514,0.8701237788305621
2003-03-31,863.5,863.5,843.6799926757812,848.1799926757812,1495500000,0.0,-0.0177417571791763,0.014671087328414436,1.061118284568722
2003-04-01,848.1799926757812,861.280029296875,847.8499755859375,858.47998046875,1461600000,0.0,0.0121436344666361,0.014769563470918701,1.0355453638444183
2003-04-02,858.47998046875,884.5700073242188,858.47998046875,880.9000244140625,1589800000,0.0,0.0261159776062227,0.014874098304166089,1.1223262155721951
2003-04-03,880.9000244140625,885.8900146484375,876.1199951171875,876.4500122070312,1339500000,0.0,-0.0050516654372795,0.014865532907040568,0.9485897632186816
2003-04-04,876.4500122070312,882.72998046875,874.22998046875,878.8499755859375,1241200000,0.0,0.0027382775349193,0.014768124008480349,0.8852882664640651
2003-04-07,878.8499755859375,904.8900146484376,878.8499755859375,879.9299926757812,1494000000,0.0,0.0012288981280605,0.014538556158453694,1.0668279904816664
2003-04-08,879.9299926757812,883.1099853515625,874.6799926757812,878.2899780273438,1235400000,0.0,-0.0018638012820205,0.01453886428959598,0.8847014959576145
2003-04-09,878.2899780273438,887.3499755859375,865.719970703125,865.989990234375,1293700000,0.0,-0.0140044724415445,0.014638314512531477,0.9286515379566307
2003-04-10,865.989990234375,871.780029296875,862.760009765625,871.5800170898438,1275300000,0.0,0.0064550709806192,0.014643491552041582,0.9196699024701355
2003-04-11,871.5800170898438,883.3400268554688,865.9199829101562,868.2999877929688,1141600000,0.0,-0.0037633140188628,0.014542208660593204,0.827654686456913
2003-04-14,868.2999877929688,885.260009765625,868.2999877929688,885.22998046875,1131000000,0.0,0.0194978612389638,0.01477017598687829,0.8253253905555046
2003-04-15,885.22998046875,891.27001953125,881.8499755859375,890.8099975585938,1460200000,0.0,0.0063034660065275,0.014686238628478529,1.062425231151338
2003-04-16,890.8099975585938,896.77001953125,877.9299926757812,879.9099731445312,1587600000,0.0,-0.0122360822666289,0.014630528186241512,1.152838534492136
2003-04-17,879.9099731445312,893.8300170898438,879.2000122070312,893.5800170898438,1430600000,0.0,0.0155357302025569,0.01470181811038894,1.039137555053008
2003-04-21,893.5800170898438,898.010009765625,888.1699829101562,892.010009765625,1118700000,0.0,-0.0017569857138612,0.01464728926044211,0.8162865623339535
2003-04-22,892.010009765625,911.739990234375,886.7000122070312,911.3699951171876,1631200000,0.0,0.021703775898938,0.014386675055163107,1.18412041674186
2003-04-23,911.3699951171876,919.739990234375,909.8900146484376,919.02001953125,1667200000,0.0,0.0083939831847095,0.014237524298479413,1.2027622554851138
2003-04-24,919.02001953125,919.02001953125,906.6900024414062,911.4299926757812,1648100000,0.0,-0.0082588264609732,0.014209024853575848,1.1831600027739397
2003-04-25,911.4299926757812,911.4299926757812,897.52001953125,898.8099975585938,1335800000,0.0,-0.013846368035506,0.01431827762821125,0.9579262553115139
2003-04-28,898.8099975585938,918.1500244140624,898.8099975585938,914.8400268554688,1273000000,0.0,0.0178347251815365,0.014143916256912296,0.9157320756416275
2003-04-29,914.8400268554688,924.239990234375,911.0999755859376,917.8400268554688,1525600000,0.0,0.0032792618511803,0.01406274084456744,1.095532659669792
2003-04-30,917.8400268554688,922.010009765625,911.7000122070312,916.9199829101562,1788510000,0.0,-0.0010024012010726,0.014055134093691192,1.2744858830366985
2003-05-01,916.9199829101562,919.6799926757812,902.8300170898438,916.2999877929688,1397500000,0.0,-0.0006761714530636,0.01391448304901906,0.991305734435897
2003-05-02,916.2999877929688,930.5599975585938,912.3499755859376,930.0800170898438,1554300000,1.0,0.0150387749431994,0.01399526024613703,1.0969251936962547
2003-05-05,930.0800170898438,933.8800048828124,924.5499877929688,926.5499877929688,1446300000,1.0,-0.0037954038706478,0.013973173619413425,1.0200132193374702
2003-05-06,926.5499877929688,939.6099853515624,926.3800048828124,934.3900146484376,1649600000,1.0,0.008461526046904,0.013911389563033564,1.1565339541149922
2003-05-07,934.3900146484376,937.219970703125,926.4099731445312,929.6199951171876,1531900000,1.0,-0.005104955592922,0.013922810235022166,1.0732891341017987
2003-05-08,929.6199951171876,929.6199951171876,919.719970703125,920.27001953125,1379600000,1.0,-0.0100578468998603,0.013948854332118548,0.9665133528205292
2003-05-09,920.27001953125,933.77001953125,920.27001953125,933.4099731445312,1326100000,1.0,0.0142783675816955,0.013907420451013104,0.9285342980025835
2003-05-12,933.4099731445312,946.8400268554688,929.2999877929688,945.1099853515624,1378800000,1.0,0.0125346980894316,0.013960143025241678,0.9653604474433072
2003-05-13,945.1099853515624,947.510009765625,938.9099731445312,942.2999877929688,1418100000,1.0,-0.0029731963497861,0.013753686073782747,0.9899761165905784
2003-05-14,942.2999877929688,947.2899780273438,935.239990234375,939.280029296875,1401800000,1.0,-0.0032048801180258,0.013578407064745585,0.9766172008916492
2003-05-15,939.280029296875,948.22998046875,938.7899780273438,946.6699829101562,1508700000,1.0,0.0078676788420735,0.013550877340406648,1.0485218115054262
2003-05-16,946.6699829101562,948.6500244140624,938.5999755859376,944.2999877929688,1505500000,1.0,-0.0025035071988888,0.013480287000093441,1.0433061808077677
2003-05-19,944.2999877929688,944.2999877929688,920.22998046875,920.77001953125,1375700000,1.0,-0.0249178953361137,0.013841294056096713,0.9532601121655309
2003-05-20,920.77001953125,925.3400268554688,912.0499877929688,919.72998046875,1505300000,1.0,-0.0011295318488209,0.013599142736867444,1.0394578274150597
2003-05-21,919.72998046875,923.8499755859376,914.9099731445312,923.4199829101562,1457800000,1.0,0.0040120497534783,0.013583750475474898,1.006239263237934
2003-05-22,923.4199829101562,935.2999877929688,922.5399780273438,931.8699951171876,1448500000,1.0,0.009150779020832,0.013475412624482456,1.0021927160204431
2003-05-23,931.8699951171876,935.2000122070312,927.4199829101562,933.219970703125,1201000000,1.0,0.0014486737345456,0.013415383683215253,0.838087379925316
2003-05-27,933.219970703125,952.760009765625,927.3300170898438,951.47998046875,1532000000,1.0,0.0195666727447625,0.013604222488088605,1.0692150649331797
2003-05-28,951.47998046875,959.3900146484376,950.1199951171876,953.219970703125,1559000000,1.0,0.0018287197524826,0.013544821188610112,1.090211010026305
2003-05-29,953.219970703125,962.0800170898438,946.22998046875,949.6400146484376,1685800000,1.0,-0.003755645249487,0.013370128623648258,1.1767314034137915
2003-05-30,949.6400146484376,965.3800048828124,949.6400146484376,963.5900268554688,1688800000,1.0,0.0146897898065041,0.013432300075278378,1.1752912687439054
2003-06-02,963.5900268554688,979.1099853515624,963.5900268554688,967.0,1662500000,1.0,0.0035388215418326,0.013341165326034875,1.1534018173033722
2003-06-03,967.0,973.02001953125,964.469970703125,971.5599975585938,1450200000,1.0,0.0047156127803451,0.013324405005527165,1.0122018412273956
2003-06-04,971.5599975585938,987.8499755859376,970.719970703125,986.239990234375,1618700000,1.0,0.0151097129489379,0.012877447024221353,1.1246969043633126
2003-06-05,986.239990234375,990.1400146484376,978.1300048828124,990.1400146484376,1693100000,1.0,0.003954437512857,0.01278432444881659,1.1705401907128066
2003-06-06,990.1400146484376,1007.6900024414062,986.010009765625,987.760009765625,1837200000,1.0,-0.0024037053826753,0.012807576425953593,1.2611408670734736
2003-06-09,987.760009765625,987.760009765625,972.5900268554688,975.9299926757812,1307000000,1.0,-0.0119766106877021,0.01229886945969298,0.8962747475035628
2003-06-10,975.9299926757812,984.8400268554688,975.9299926757812,984.8400268554688,1275400000,1.0,0.0091297882497269,0.012325516521225462,0.8740248770204373
2003-06-11,984.8400268554688,997.47998046875,981.6099853515624,997.47998046875,1520000000,1.0,0.0128345246624874,0.011639904991163465,1.0412983016835737
2003-06-12,997.47998046875,1002.739990234375,991.27001953125,998.510009765625,1553100000,1.0,0.0010326315485458,0.011639078806480104,1.0626417420126713
2003-06-13,998.510009765625,1000.9199829101562,984.27001953125,988.6099853515624,1271600000,1.0,-0.0099147973653127,0.011716701434088617,0.8738424645381176
2003-06-16,988.6099853515624,1010.8599853515624,988.6099853515624,1010.739990234375,1345900000,1.0,0.0223849700192364,0.012004995619470422,0.9248200143172225
2003-06-17,1010.739990234375,1015.3300170898438,1007.0399780273438,1011.6599731445312,1479700000,1.0,0.0009102072927211,0.011700086953039309,1.0134374810370006
2003-06-18,1011.6599731445312,1015.1199951171876,1004.6099853515624,1010.0900268554688,1488900000,1.0,-0.0015518517394561,0.010638621860189266,1.01980974784418
2003-06-19,1010.0900268554688,1011.219970703125,993.0800170898438,994.7000122070312,1530100000,1.0,-0.0152362801723213,0.010810407685311735,1.0438154158322943
2003-06-20,994.7000122070312,1002.0900268554688,993.3599853515624,995.6900024414062,1698000000,1.0,0.000995265127401,0.010764697800424744,1.1520001042091967
2003-06-23,995.6900024414062,995.6900024414062,977.4000244140624,981.6400146484376,1398100000,1.0,-0.0141108053294884,0.010960830909644132,0.9469564841627777
2003-06-24,981.6400146484376,987.8400268554688,979.0800170898438,983.4500122070312,1388300000,1.0,0.0018438506291349,0.010911995974597282,0.9371868140117225
2003-06-25,983.4500122070312,991.6400146484376,974.8599853515624,975.3200073242188,1459200000,1.0,-0.0082668206638865,0.01068427410025172,0.9807030280415739
2003-06-26,975.3200073242188,986.530029296875,973.7999877929688,985.8200073242188,1387400000,1.0,0.0107656973312857,0.010664408492669841,0.9333608349845761
2003-06-27,985.8200073242188,988.8800048828124,974.2899780273438,976.219970703125,1267800000,1.0,-0.0097381231358357,0.010309530255477805,0.8565867793755957
2003-06-30,976.219970703125,983.6099853515624,973.5999755859376,974.5,1587200000,1.0,-0.0017618679751922,0.010281366297755066,1.0701242900279546
2003-07-01,974.5,983.260009765625,962.0999755859376,982.3200073242188,1460200000,1.0,0.0080246355302397,0.01031196639326012,0.979985398875265
2003-07-02,982.3200073242188,993.780029296875,982.3200073242188,993.75,1519300000,1.0,0.0116357119783356,0.010387577552683613,1.0211830452292745
2003-07-03,993.75,995.0,983.3400268554688,985.7000122070312,775900000,1.0,-0.0081006166470125,0.010458698089876643,0.5278381385266602
2003-07-07,985.7000122070312,1005.5599975585938,985.7000122070312,1004.4199829101562,1429100000,1.0,0.018991549631018,0.010471528827860602,0.9751100282468721
2003-07-08,1004.4199829101562,1008.9199829101562,998.72998046875,1007.8400268554688,1565700000,1.0,0.0034049939303313,0.010459540061815015,1.0649743887841472
2003-07-09,1007.8400268554688,1010.4299926757812,998.1699829101562,1002.2100219726562,1618000000,1.0,-0.0055862088553662,0.010480601329194789,1.0954072647030668
2003-07-10,1002.2100219726562,1002.2100219726562,983.6300048828124,988.7000122070312,1465700000,1.0,-0.0134802181872349,0.010435896711643175,0.9931036314514301
2003-07-11,988.7000122070312,1000.8599853515624,988.7000122070312,998.1400146484376,1212700000,1.0,0.0095478935216495,0.010467470709470482,0.8281422216637689
2003-07-14,998.1400146484376,1015.4099731445312,998.1400146484376,1003.8599853515624,1448900000,1.0,0.0057306295902177,0.010310532864430927,0.9887470229768185
2003-07-15,1003.8599853515624,1009.6099853515624,996.6699829101562,1000.4199829101562,1518600000,1.0,-0.0034267751395643,0.0101862995718242,1.0368163334416622
2003-07-16,1000.4199829101562,1003.469970703125,989.2999877929688,994.0900268554688,1662000000,1.0,-0.0063272986973671,0.010231364417649588,1.1313895942109884
2003-07-17,994.0,994.0,978.5999755859376,981.72998046875,1661400000,1.0,-0.0124335282044991,0.010056785855330104,1.1307994821763296
2003-07-18,981.72998046875,994.25,981.7100219726562,993.3200073242188,1365200000,1.0,0.0118057175456074,0.010107152969755576,0.9313100828710437
2003-07-21,993.3200073242188,993.3200073242188,975.6300048828124,978.7999877929688,1254200000,1.0,-0.0146176654292544,0.010242020238978189,0.857054607676454
2003-07-22,978.7999877929688,990.2899780273438,976.0800170898438,988.1099853515624,1439700000,1.0,0.0095116445389278,0.010101796417060535,0.9822905238336963
2003-07-23,988.1099853515624,989.8599853515624,979.7899780273438,988.6099853515624,1362700000,1.0,0.0005060165441219,0.009875839176459717,0.9299586305920698
2003-07-24,988.6099853515624,998.8900146484376,981.0700073242188,981.5999755859376,1559000000,1.0,-0.0070907737828805,0.009931930355231633,1.0618791514775037
2003-07-25,981.5999755859376,998.7100219726562,977.489990234375,998.6799926757812,1397500000,1.0,0.0174001808421482,0.010145604077259505,0.9519326787760223
2003-07-28,998.6799926757812,1000.6799926757812,993.5900268554688,996.52001953125,1328600000,1.0,-0.0021628280934555,0.010152759932256238,0.9072261250532618
2003-07-29,996.52001953125,998.6400146484376,984.1500244140624,989.280029296875,1508900000,1.0,-0.007265273243362,0.010054647562836992,1.0302950020894046
2003-07-30,989.280029296875,992.6199951171876,985.9600219726562,987.489990234375,1391900000,1.0,-0.0018094361651799,0.01004159084556904,0.9501957871626973
2003-07-31,987.489990234375,1004.5900268554688,987.489990234375,990.3099975585938,1608000000,1.0,0.0028557325665139,0.009998031740190788,1.0961817698427307
2003-08-01,990.3099975585938,990.3099975585938,978.8599853515624,980.1500244140624,1390600000,1.0,-0.0102593866259844,0.010073397553681937,0.948848431254546
2003-08-04,980.1500244140624,985.75,966.7899780273438,982.8200073242188,1318700000,1.0,0.0027240553421936,0.009971678870380534,0.901385537639186
2003-08-05,982.8200073242188,982.8200073242188,964.969970703125,965.4600219726562,1351700000,1.0,-0.0176634431759544,0.010110343590774475,0.9220428053785035
2003-08-06,965.4600219726562,975.739990234375,960.8400268554688,967.0800170898438,1491000000,1.0,0.0016779515260274,0.009989798304843936,1.0176335208891292
2003-08-07,967.0800170898438,974.8900146484376,963.8200073242188,974.1199951171876,1389300000,1.0,0.0072796230952312,0.010018210629458195,0.9504231171798573
2003-08-08,974.1199951171876,980.5700073242188,973.8300170898438,977.5900268554688,1086600000,1.0,0.0035622220626563,0.010012705339502869,0.7494899247199241
2003-08-11,977.5900268554688,985.4600219726562,974.2100219726562,980.5900268554688,1022200000,1.0,0.0030687710774319,0.00997369848690568,0.7116134592545253
2003-08-12,980.5900268554688,990.4099731445312,979.9000244140624,990.3499755859376,1132300000,1.0,0.0099531388890083,0.010036692162112141,0.7941228039415086
2003-08-13,990.3499755859376,992.5,980.8499755859376,984.030029296875,1208800000,1.0,-0.0063815281919136,0.009501296989454103,0.8506553733861967
2003-08-14,984.030029296875,991.9099731445312,980.3599853515624,990.510009765625,1186800000,1.0,0.006585145042149,0.009522070879713384,0.8402813965607087
2003-08-15,990.510009765625,992.3900146484376,987.0999755859376,990.6699829101562,636370000,1.0,0.0001615058333122,0.009516326068173797,0.45740900229678444
2003-08-18,990.6699829101562,1000.3499755859376,990.6699829101562,999.739990234375,1127600000,1.0,0.0091554276203817,0.009516391776055736,0.8188474932127012
2003-08-19,999.739990234375,1003.2999877929688,995.2999877929688,1002.3499755859376,1300600000,1.0,0.0026106641497363,0.009518053788695361,0.9445654947886217
2003-08-20,1002.3499755859376,1003.5399780273438,996.6199951171876,1000.2999877929688,1210800000,1.0,-0.0020451816659849,0.009216772230462817,0.8801738016137102
2003-08-21,1000.2999877929688,1009.530029296875,999.3300170898438,1003.27001953125,1407100000,1.0,0.0029691410322159,0.009219945583601978,1.0245530113528716
2003-08-22,1003.27001953125,1011.010009765625,992.6199951171876,993.0599975585938,1308900000,1.0,-0.010176743821595,0.009311651571575302,0.9564518813873981
2003-08-25,993.0599975585938,993.7100219726562,987.9099731445312,993.7100219726562,971700000,1.0,0.0006545671114137,0.009131041593422545,0.7131756728489904
2003-08-26,993.7100219726562,997.9299926757812,983.5700073242188,996.72998046875,1178700000,1.0,0.0030390742060735,0.00912850040943926,0.8672310277853846
2003-08-27,996.72998046875,998.0499877929688,993.3300170898438,996.7899780273438,1051400000,1.0,6.019439544258098e-05,0.009112227253012865,0.7784760912177916
2003-08-28,996.7899780273438,1004.1199951171876,991.4199829101562,1002.8400268554688,1165200000,1.0,0.0060695321597215,0.008939122385665653,0.8668911417741986
2003-08-29,1002.8400268554688,1008.8499755859376,999.52001953125,1008.010009765625,945100000,1.0,0.0051553416015586,0.008948742947713518,0.7093143914643909
2003-09-02,1008.010009765625,1022.5900268554688,1005.72998046875,1021.989990234375,1470500000,1.0,0.0138688905202444,0.009109401857199037,1.1074181274971506
2003-09-03,1021.989990234375,1029.3399658203125,1021.989990234375,1026.27001953125,1675600000,1.0,0.0041879366116819,0.008968831621690841,1.2566245396963913
2003-09-04,1026.27001953125,1029.1700439453125,1022.1900024414062,1027.969970703125,1453900000,1.0,0.0016564365513196,0.00890395212140558,1.0892877291463847
2003-09-05,1027.969970703125,1029.2099609375,1018.1900024414062,1021.3900146484376,1465200000,1.0,-0.0064009224415249,0.008807365862824922,1.0976552041157726
2003-09-08,1021.3900146484376,1032.4100341796875,1021.3900146484376,1031.6400146484375,1299300000,1.0,0.0100353438480871,0.008894015296038065,0.9746576995857874
2003-09-09,1031.6400146484375,1031.6400146484375,1021.1400146484376,1023.1699829101562,1414800000,1.0,-0.0082102590225405,0.008862581915788667,1.058963488214353
2003-09-10,1023.1699829101562,1023.1699829101562,1009.739990234375,1010.9199829101562,1582100000,1.0,-0.0119725951744185,0.008535839465397035,1.1842762605644315
2003-09-11,1010.9199829101562,1020.8800048828124,1010.9199829101562,1016.4199829101562,1335900000,1.0,0.0054405888625992,0.008563670435233697,1.0018483085119834
2003-09-12,1016.4199829101562,1019.6500244140624,1007.7100219726562,1018.6300048828124,1236700000,1.0,0.0021743196806585,0.008564893621638578,0.9314019138964985
2003-09-15,1018.6300048828124,1019.7899780273438,1013.5900268554688,1014.8099975585938,1151300000,1.0,-0.0037501421575129,0.008339973802923558,0.8622088032619696
2003-09-16,1014.8099975585938,1029.6600341796875,1014.8099975585938,1029.3199462890625,1403200000,1.0,0.0142981925339487,0.008531562507622468,1.0512645816885473
2003-09-17,1029.3199462890625,1031.3399658203125,1024.530029296875,1025.969970703125,1338210000,1.0,-0.0032545522876681,0.008327184423723596,1.0060038026689648
2003-09-18,1025.969970703125,1040.1600341796875,1025.75,1039.5799560546875,1498800000,1.0,0.0132654811936017,0.008481261720623724,1.1287507918878155
2003-09-19,1039.5799560546875,1040.2900390625,1031.8900146484375,1036.300048828125,1518600000,1.0,-0.0031550312291611,0.008412391141654197,1.1427517063767743
2003-09-22,1036.300048828125,1036.300048828125,1018.2999877929688,1022.8200073242188,1278800000,1.0,-0.0130078557066072,0.008506181817830246,0.9613450290463319
2003-09-23,1022.8200073242188,1030.1199951171875,1021.5399780273438,1029.030029296875,1301700000,1.0,0.0060714709608606,0.008423405058384034,0.9807307540348064
2003-09-24,1029.030029296875,1029.8299560546875,1008.9299926757812,1009.3800048828124,1556000000,1.0,-0.0190956763696091,0.00880530200683492,1.1716659252139796
2003-09-25,1009.3800048828124,1015.969970703125,1003.260009765625,1003.27001953125,1530000000,1.0,-0.006053206247405,0.008792323254100863,1.154382776427896
2003-09-26,1003.27001953125,1003.4500122070312,996.0800170898438,996.8499755859376,1472500000,1.0,-0.0063991187021734,0.008709229344094632,1.1141750610015575
2003-09-29,996.8499755859376,1006.8900146484376,995.3099975585938,1006.5800170898438,1366500000,1.0,0.0097607882251158,0.008729783977024553,1.0339492487921749
2003-09-30,1006.5800170898438,1006.5800170898438,990.3599853515624,995.969970703125,1590500000,1.0,-0.0105406884764053,0.008492351885493203,1.1973432455236452
2003-10-01,995.969970703125,1018.219970703125,995.969970703125,1018.219970703125,1566300000,1.0,0.0223400309793397,0.008963747460397154,1.1768819893100073
2003-10-02,1018.219970703125,1021.8699951171876,1013.3800048828124,1020.239990234375,1269300000,1.0,0.0019838734157364,0.008934003280297675,0.9550634842955148
2003-10-03,1020.239990234375,1039.31005859375,1020.239990234375,1029.8499755859375,1570500000,1.0,0.0094193380415865,0.008822185888996114,1.181491901157012
2003-10-06,1029.8499755859375,1036.47998046875,1029.1500244140625,1034.3499755859375,1025800000,1.0,0.0043695684873321,0.008759448248029393,0.776052611192346
2003-10-07,1034.3499755859375,1039.25,1026.27001953125,1039.25,1279500000,1.0,0.0047372983320144,0.008750582268258911,0.9687049622223992
2003-10-08,1039.25,1040.06005859375,1030.9599609375,1033.780029296875,1262500000,1.0,-0.0052633829233822,0.008768155855312322,0.9594138676606169
2003-10-09,1033.780029296875,1048.280029296875,1033.780029296875,1038.72998046875,1578700000,1.0,0.0047882054514456,0.008737013207923049,1.1963078516047818
2003-10-10,1038.72998046875,1040.8399658203125,1035.739990234375,1038.06005859375,1108100000,1.0,-0.0006449432360637,0.00856593924984574,0.8461067635396935
2003-10-13,1038.06005859375,1048.9000244140625,1038.06005859375,1045.3499755859375,1040500000,1.0,0.0070226350892097,0.008485230722362784,0.7987603055816649
2003-10-14,1045.3499755859375,1049.489990234375,1040.8399658203125,1049.47998046875,1271900000,1.0,0.0039508346288501,0.008245397070869362,0.9771011554361364
2003-10-15,1049.47998046875,1053.7900390625,1043.1500244140625,1046.760009765625,1521100000,1.0,-0.00259173186125,0.008186353407219264,1.165508488420312
2003-10-16,1046.760009765625,1052.93994140625,1044.0400390625,1050.0699462890625,1417700000,1.0,0.00316207773755,0.008190847726911029,1.087502155520249
2003-10-17,1050.0699462890625,1051.8900146484375,1036.5699462890625,1039.3199462890625,1352000000,1.0,-0.0102374132675545,0.008253613948225848,1.0376982256895397
2003-10-20,1039.3199462890625,1044.68994140625,1036.1300048828125,1044.6800537109375,1172600000,1.0,0.0051573218054878,0.007988008731905189,0.8988170812958051
2003-10-21,1044.6800537109375,1048.5699462890625,1042.5899658203125,1046.030029296875,1498000000,1.0,0.0012922383088889,0.007978866990249639,1.1399266855162955
2003-10-22,1046.030029296875,1046.030029296875,1028.3900146484375,1030.3599853515625,1647200000,1.0,-0.0149804914834478,0.008171543972568559,1.2437164833810725
2003-10-23,1030.3599853515625,1035.43994140625,1025.8900146484375,1033.77001953125,1604300000,1.0,0.0033095561048248,0.008171503779947591,1.204133277731393
2003-10-24,1033.77001953125,1033.77001953125,1018.3200073242188,1028.9100341796875,1420300000,1.0,-0.0047012248950363,0.008197423913265679,1.0623055718275036
2003-10-27,1028.9100341796875,1037.75,1028.9100341796875,1031.1300048828125,1371800000,1.0,0.0021575945703502,0.008072600401681135,1.014865508495855
2003-10-28,1031.1300048828125,1046.7900390625,1031.1300048828125,1046.7900390625,1629200000,1.0,0.0151872548616867,0.008278639163590765,1.1964120562968712
2003-10-29,1046.7900390625,1049.8299560546875,1043.3499755859375,1048.1099853515625,1562600000,1.0,0.0012609465506996,0.007904263596378854,1.143105281415607
2003-10-30,1048.1099853515625,1052.81005859375,1043.8199462890625,1046.93994140625,1629700000,1.0,-0.0011163369891186,0.007910831109441956,1.184929402288658
2003-10-31,1046.93994140625,1053.0899658203125,1046.93994140625,1050.7099609375,1498900000,1.0,0.0036009893043016,0.007878316658788853,1.0883738667703753
2003-11-03,1050.7099609375,1061.43994140625,1050.7099609375,1059.02001953125,1378200000,1.0,0.0079089938257892,0.007919418115317944,0.9997256593786265
2003-11-04,1059.02001953125,1059.02001953125,1051.699951171875,1053.25,1417600000,1.0,-0.0054484517996212,0.007964570241699338,1.0216964918534552
2003-11-05,1053.25,1054.5400390625,1044.8800048828125,1051.81005859375,1401800000,1.0,-0.0013671411405173,0.007887977893152005,1.0070704709379923
2003-11-06,1051.81005859375,1058.93994140625,1046.9300537109375,1058.050048828125,1453900000,1.0,0.005932620802959,0.007851866465106603,1.0384939173927696
2003-11-07,1058.050048828125,1062.3900146484375,1052.1700439453125,1053.2099609375,1440500000,1.0,-0.0045745358605537,0.007855274468263597,1.0248918153939675
2003-11-10,1053.2099609375,1053.6500244140625,1045.5799560546875,1047.1099853515625,1243600000,1.0,-0.0057917944305309,0.007904182853034463,0.8810583922937288
2003-11-11,1047.1099853515625,1048.22998046875,1043.4599609375,1046.5699462890625,1162500000,1.0,-0.0005157424435396,0.00783239638222967,0.8272112584412906
2003-11-12,1046.5699462890625,1059.0999755859375,1046.5699462890625,1058.530029296875,1349300000,1.0,0.0114278869274058,0.007948919166909055,0.9646137663031021
2003-11-13,1058.56005859375,1059.6199951171875,1052.9599609375,1058.4100341796875,1383000000,1.0,-0.0001133601446028,0.007940529291592129,0.9897091714910516
2003-11-14,1058.4100341796875,1063.6500244140625,1048.1099853515625,1050.3499755859375,1356100000,1.0,-0.0076152514937152,0.008012664976599478,0.9719765980202669
2003-11-17,1050.3499755859375,1050.3499755859375,1035.280029296875,1043.6300048828125,1374300000,1.0,-0.0063978396337622,0.007939470491130774,0.9839634646912268
2003-11-18,1043.6300048828125,1048.77001953125,1034.0,1034.1500244140625,1354300000,1.0,-0.0090836603244408,0.008042591042555742,0.9704847378859958
2003-11-19,1034.1500244140625,1043.949951171875,1034.1500244140625,1042.43994140625,1326200000,1.0,0.0080161647695986,0.008092669538184298,0.9538466805459438
2003-11-20,1042.43994140625,1046.47998046875,1033.4200439453125,1033.6500244140625,1326700000,1.0,-0.008432060824847,0.008179267809712926,0.9543325922815231
2003-11-21,1033.6500244140625,1037.5699462890625,1031.199951171875,1035.280029296875,1273800000,1.0,0.001576940786836,0.008149213041594647,0.9157913399124412
2003-11-24,1035.280029296875,1052.0799560546875,1035.280029296875,1052.0799560546875,1302800000,1.0,0.0162274228058108,0.008377131955813822,0.9346047822667853
2003-11-25,1052.0799560546875,1058.050048828125,1049.31005859375,1053.8900146484375,1333700000,1.0,0.00172045725549,0.008199555295241835,0.9577268818862875
2003-11-26,1053.8900146484375,1058.449951171875,1048.280029296875,1058.449951171875,1097700000,1.0,0.0043267669871212,0.008200620120168742,0.7909880541131811
2003-11-28,1058.449951171875,1060.6300048828125,1056.77001953125,1058.199951171875,487220000,1.0,-0.0002361944461551,0.008199923195679954,0.3562783138958049
2003-12-01,1058.199951171875,1070.469970703125,1058.199951171875,1070.1199951171875,1375000000,1.0,0.0112644533125445,0.008264241119770038,1.007581113577181
2003-12-02,1070.1199951171875,1071.219970703125,1065.219970703125,1066.6199951171875,1383200000,1.0,-0.0032706612491776,0.008190707418172852,1.0120414790673062
2003-12-03,1066.6199951171875,1074.300048828125,1064.6300048828125,1064.72998046875,1441700000,1.0,-0.0017719662645456,0.008115304512926575,1.052687379375768
2003-12-04,1064.72998046875,1070.3699951171875,1063.1500244140625,1069.719970703125,1463100000,1.0,0.0046866250842096,0.00795797544852861,1.0697643403697519
2003-12-05,1069.719970703125,1069.719970703125,1060.0899658203125,1061.5,1265900000,1.0,-0.0076842266464577,0.008013306139185487,0.9291674765106109
2003-12-08,1061.5,1069.5899658203125,1060.9300537109375,1069.300048828125,1218900000,1.0,0.0073481383213613,0.008056558202165623,0.8980127461965045
2003-12-09,1069.300048828125,1071.93994140625,1059.1600341796875,1060.1800537109375,1465500000,1.0,-0.0085289392132567,0.008126039978904626,1.0781201997718843
2003-12-10,1060.1800537109375,1063.02001953125,1053.4100341796875,1059.050048828125,1444000000,1.0,-0.0010658612929541,0.007932006005123692,1.0645981024202356
2003-12-11,1059.050048828125,1073.6300048828125,1059.050048828125,1071.2099609375,1441100000,1.0,0.0114819050552241,0.008041005343186988,1.064425083412341
2003-12-12,1071.2099609375,1074.760009765625,1067.6400146484375,1074.1400146484375,1223100000,1.0,0.0027352748926767,0.007876471250100723,0.90402293532278
2003-12-15,1074.1400146484375,1082.7900390625,1068.0,1068.0400390625,1520800000,1.0,-0.0056789389676856,0.007903426689428929,1.1248866829038526
2003-12-16,1068.0400390625,1075.93994140625,1068.0400390625,1075.1300048828125,1547900000,1.0,0.0066382959074604,0.007738137830070024,1.1361564485741489
2003-12-17,1075.1300048828125,1076.5400390625,1071.1400146484375,1076.47998046875,1441700000,1.0,0.0012556393922655,0.007708094518460015,1.0556920967127315
2003-12-18,1076.47998046875,1089.5,1076.47998046875,1089.1800537109375,1579900000,1.0,0.011797779310914,0.007382827106469916,1.151536991021233
2003-12-19,1089.1800537109375,1091.06005859375,1084.18994140625,1088.6600341796875,1657300000,1.0,-0.0004774412912522,0.007323611356930874,1.2065688365248837
2003-12-22,1088.6600341796875,1092.93994140625,1086.1400146484375,1092.93994140625,1251700000,1.0,0.0039313533079106,0.007258565862404538,0.9093772876102376
2003-12-23,1092.93994140625,1096.949951171875,1091.72998046875,1096.02001953125,1145300000,1.0,0.0028181586273048,0.007180549881400044,0.8308110857604798
2003-12-24,1096.02001953125,1096.4000244140625,1092.72998046875,1094.0400390625,518060000,1.0,-0.0018065185247225,0.007020189342151509,0.3799610343013737
2003-12-26,1094.0400390625,1098.469970703125,1094.0400390625,1095.8900146484375,356070000,1.0,0.0016909578442145,0.006470358711269642,0.26569314743443856
2003-12-29,1095.8900146484375,1109.47998046875,1095.8900146484375,1109.47998046875,1058800000,1.0,0.0124008482955948,0.006628309046330206,0.7943122799568184
2003-12-30,1109.47998046875,1109.75,1106.4100341796875,1109.6400146484375,1012600000,1.0,0.0001442425122621,0.006546238038236645,0.7635412448753534
2003-12-31,1109.6400146484375,1112.56005859375,1106.2099609375,1111.9200439453125,1027500000,1.0,0.0020547468248948,0.006534444824364205,0.7764755491439121
2004-01-02,1111.9200439453125,1118.8499755859375,1105.0799560546875,1108.47998046875,1153200000,1.0,-0.00309380471671,0.006541346110072883,0.8760315134333189
2004-01-05,1108.47998046875,1122.219970703125,1108.47998046875,1122.219970703125,1578200000,1.0,0.012395343602475,0.0066467586168813785,1.2001420520436712
2004-01-06,1122.219970703125,1124.4599609375,1118.43994140625,1123.6700439453125,1494500000,1.0,0.0012921470656763,0.006631777400725487,1.1383934522381296
2004-01-07,1123.6700439453125,1126.3299560546875,1116.449951171875,1126.3299560546875,1704900000,1.0,0.0023671647417384,0.006627954470066842,1.293053430888118
2004-01-08,1126.3299560546875,1131.9200439453125,1124.9100341796875,1131.9200439453125,1868400000,1.0,0.0049630997209786,0.006603538627862388,1.406462773224815
2004-01-09,1131.9200439453125,1131.9200439453125,1120.9000244140625,1121.8599853515625,1720700000,1.0,-0.0088876053106062,0.006724671545207661,1.293497781275817
2004-01-12,1121.8599853515625,1127.8499755859375,1120.9000244140625,1127.22998046875,1510200000,1.0,0.0047866892368968,0.006722841764494052,1.136154183540585
2004-01-13,1127.22998046875,1129.0699462890625,1115.18994140625,1121.219970703125,1595900000,1.0,-0.0053316624555406,0.006771305462138978,1.20123894937695
2004-01-14,1121.219970703125,1130.75,1121.219970703125,1130.52001953125,1514600000,1.0,0.0082945800744993,0.006666511659147205,1.139774799282693
2004-01-15,1130.52001953125,1137.1099853515625,1124.5400390625,1132.050048828125,1695000000,1.0,0.0013533854071061,0.0066484754775465475,1.2694774920517229
2004-01-16,1132.050048828125,1139.8299560546875,1132.050048828125,1139.8299560546875,1721100000,1.0,0.0068724057161748,0.006686414834661328,1.2831916138868904
2004-01-20,1139.8299560546875,1142.9300537109375,1135.4000244140625,1138.77001953125,1698200000,1.0,-0.0009299075864844,0.006338039003949135,1.2605469298014464
2004-01-21,1138.77001953125,1149.2099609375,1134.6199951171875,1147.6199951171875,1757600000,1.0,0.0077715214083178,0.006383397046634129,1.2987828713771932
2004-01-22,1147.6199951171875,1150.510009765625,1143.010009765625,1143.93994140625,1693700000,1.0,-0.0032066831587068,0.006360621235332659,1.2468978474318853
2004-01-23,1143.93994140625,1150.31005859375,1136.8499755859375,1141.550048828125,1561200000,1.0,-0.0020891766181247,0.006380034327159012,1.1440019403773625
2004-01-26,1141.550048828125,1155.3800048828125,1141.0,1155.3699951171875,1480600000,1.0,0.0121062990652487,0.006281418034070194,1.0799062029327995
2004-01-27,1155.3699951171875,1155.3699951171875,1144.050048828125,1144.050048828125,1673100000,1.0,-0.0097976806883532,0.006453380165578559,1.2145731353641795
2004-01-28,1144.050048828125,1149.1400146484375,1126.5,1128.47998046875,1842000000,1.0,-0.0136096042085953,0.00673405994160836,1.3283324956136904
2004-01-29,1128.47998046875,1134.3900146484375,1122.3800048828125,1134.1099853515625,1921900000,1.0,0.0049890161812828,0.006744568745955607,1.3747329252791634
2004-01-30,1134.1099853515625,1134.1700439453125,1127.72998046875,1131.1300048828125,1635000000,1.0,-0.002627593890575,0.006706535578145755,1.1651681013318549
2004-02-02,1131.1300048828125,1142.449951171875,1127.8699951171875,1135.260009765625,1599200000,1.0,0.0036512203415914,0.006658181760907008,1.1356914032734218
2004-02-03,1135.260009765625,1137.43994140625,1131.3299560546875,1136.030029296875,1476900000,1.0,0.0006782759232477,0.006649669874303968,1.0465983957685365
2004-02-04,1136.030029296875,1136.030029296875,1124.739990234375,1126.52001953125,1634800000,1.0,-0.0083712661816792,0.006736834508035873,1.1534567365528239
2004-02-05,1126.52001953125,1131.1700439453125,1124.43994140625,1128.5899658203125,1566600000,1.0,0.0018374695994518,0.006696547395488458,1.1007890182488138
2004-02-06,1128.5899658203125,1142.7900390625,1128.3900146484375,1142.760009765625,1477600000,1.0,0.0125555289117009,0.006791268934255139,1.0357079522267791
2004-02-09,1142.760009765625,1144.4599609375,1139.2099609375,1139.81005859375,1303500000,1.0,-0.0025814266745999,0.006806778963004693,0.914061398840015
2004-02-10,1139.81005859375,1147.02001953125,1138.699951171875,1145.5400390625,1403900000,1.0,0.0050271362544558,0.0066969607170019735,0.9802559320530913
2004-02-11,1145.5400390625,1158.8900146484375,1142.3299560546875,1157.760009765625,1699300000,1.0,0.0106674322035271,0.006801134984631264,1.1667662030682662
2004-02-12,1157.760009765625,1157.760009765625,1151.43994140625,1152.1099853515625,1464300000,1.0,-0.0048801343684398,0.00674783036580866,1.0041800718499996
2004-02-13,1152.1099853515625,1156.8800048828125,1143.239990234375,1145.81005859375,1329200000,1.0,-0.005468164357494,0.006730281103049523,0.9122075078548533
2004-02-17,1145.81005859375,1158.97998046875,1145.81005859375,1156.989990234375,1396500000,1.0,0.0097572294437231,0.006663501449144539,0.9589893179645996
2004-02-18,1156.989990234375,1157.4000244140625,1149.5400390625,1151.8199462890625,1382400000,1.0,-0.0044685295369454,0.006664021797312182,0.9503600492394301
2004-02-19,1151.8199462890625,1158.5699462890625,1146.8499755859375,1147.06005859375,1562800000,1.0,-0.0041324928524184,0.0065759090169855,1.0700118298338852
2004-02-20,1147.06005859375,1149.81005859375,1139.0,1144.1099853515625,1479600000,1.0,-0.0025718559547824,0.006599613141449408,1.0094431647885265
2004-02-23,1144.1099853515625,1146.68994140625,1136.97998046875,1140.989990234375,1380400000,1.0,-0.0027270062818556,0.006340445965121435,0.942859722773013
2004-02-24,1140.989990234375,1144.5400390625,1134.4300537109375,1139.0899658203125,1543600000,1.0,-0.0016652419655953,0.0063523539387218865,1.0528982463473584
2004-02-25,1139.0899658203125,1145.239990234375,1138.9599609375,1143.6700439453125,1360700000,1.0,0.0040208221145217,0.006350018854259705,0.929160254092928
2004-02-26,1143.6700439453125,1147.22998046875,1138.6199951171875,1144.9100341796875,1383900000,1.0,0.0010842202617262,0.006346852342800603,0.9429317457503342
2004-02-27,1145.800048828125,1151.6800537109375,1141.800048828125,1144.93994140625,1540400000,1.0,2.6121900996267652e-05,0.006213223097070854,1.0492840632115312
2004-03-01,1144.93994140625,1157.449951171875,1144.93994140625,1155.969970703125,1497100000,1.0,0.0096337186763941,0.006280727649027215,1.0204953864010928
2004-03-02,1155.969970703125,1156.5400390625,1147.31005859375,1149.0999755859375,1476000000,1.0,-0.0059430567327011,0.006338808096250146,1.0056423622348316
2004-03-03,1149.0999755859375,1152.43994140625,1143.780029296875,1151.030029296875,1334500000,1.0,0.0016796220972448,0.0063233785453797944,0.9122848850015169
2004-03-04,1151.030029296875,1154.969970703125,1149.81005859375,1154.8699951171875,1265800000,1.0,0.0033361126317947,0.0062189147156990945,0.869977235435304
2004-03-05,1154.8699951171875,1163.22998046875,1148.77001953125,1156.8599853515625,1398200000,1.0,0.001723129220422,0.0061703194748249975,0.9590437163979739
2004-03-08,1156.8599853515625,1159.93994140625,1146.969970703125,1147.199951171875,1254400000,1.0,-0.0083502189564901,0.0061655201172868416,0.8591235925721423
2004-03-09,1147.199951171875,1147.3199462890625,1136.8399658203125,1140.5799560546875,1499400000,1.0,-0.005770567816382,0.0062261803390516665,1.013300224353347
2004-03-10,1140.5799560546875,1141.449951171875,1122.530029296875,1123.8900146484375,1648400000,1.0,-0.0146328552572334,0.006409298762932642,1.094870633369776
2004-03-11,1123.8900146484375,1125.9599609375,1105.8699951171875,1106.780029296875,1889900000,1.0,-0.0152238965811211,0.0067297125354167245,1.2415680586103688
2004-03-12,1106.780029296875,1120.6300048828125,1106.780029296875,1120.5699462890625,1388500000,1.0,0.0124594920645144,0.006852744934076153,0.9076907588778498
2004-03-15,1120.5699462890625,1120.5699462890625,1103.3599853515625,1104.489990234375,1600600000,1.0,-0.0143498012845505,0.007082715882224747,1.0385629600406965
2004-03-16,1104.489990234375,1113.760009765625,1102.6099853515625,1110.699951171875,1500700000,1.0,0.0056224691870518,0.0071132564106129595,0.9693705518571581
2004-03-17,1110.699951171875,1125.760009765625,1110.699951171875,1123.75,1490100000,1.0,0.0117493917365856,0.0071119618214993355,0.9636202789008482
2004-03-18,1123.75,1125.5,1113.25,1122.3199462890625,1369200000,1.0,-0.001272572823971,0.007114641091197483,0.8868737247789616
2004-03-19,1122.3199462890625,1122.719970703125,1109.68994140625,1109.780029296875,1457400000,1.0,-0.0111732104857003,0.007258121067448653,0.9470400935733316
2004-03-22,1109.780029296875,1109.780029296875,1089.5400390625,1095.4000244140625,1452300000,1.0,-0.0129575271704278,0.007447904868320579,0.9488572290990723
2004-03-23,1095.4000244140625,1101.52001953125,1091.5699462890625,1093.949951171875,1458200000,1.0,-0.0013237841974333,0.007446161215677154,0.9559911048640031
2004-03-24,1093.949951171875,1098.3199462890625,1087.1600341796875,1091.3299560546875,1527800000,1.0,-0.0023949862737147,0.007449358734353739,1.0013895443343297
2004-03-25,1091.3299560546875,1110.3800048828125,1091.3299560546875,1109.18994140625,1471700000,1.0,0.0163653396046496,0.0075780678906575165,0.9661921381096064
2004-03-26,1109.18994140625,1115.27001953125,1106.1300048828125,1108.06005859375,1319100000,1.0,-0.001018655840917,0.007579241866956089,0.8682367901764382
2004-03-29,1108.06005859375,1124.3699951171875,1108.06005859375,1122.469970703125,1405500000,1.0,0.013004630929178,0.0077591400777961405,0.9286446743169456
2004-03-30,1122.469970703125,1127.5999755859375,1119.6600341796875,1127.0,1332400000,1.0,0.0040357688090642,0.007762636696897736,0.8848911020759476
2004-03-31,1127.0,1130.8299560546875,1121.4599609375,1126.2099609375,1560700000,1.0,-0.0007010107031942,0.00759934421316016,1.038409231841977
2004-04-01,1126.2099609375,1135.6700439453125,1126.199951171875,1132.1700439453125,1560700000,1.0,0.0052921597344521,0.007627583886216278,1.0411371589970608
2004-04-02,1132.1700439453125,1144.81005859375,1132.1700439453125,1141.81005859375,1629200000,1.0,0.0085146349702422,0.007698769065489619,1.0877693384183145
2004-04-05,1141.81005859375,1150.5699462890625,1141.6400146484375,1150.5699462890625,1413700000,1.0,0.0076719307466086,0.007734695033068667,0.9457490463568893
2004-04-06,1150.5699462890625,1150.5699462890625,1143.300048828125,1148.1600341796875,1397700000,1.0,-0.0020945376829524,0.007647125015157086,0.936083518179188
2004-04-07,1148.1600341796875,1148.1600341796875,1138.4100341796875,1140.530029296875,1458800000,1.0,-0.0066454193280327,0.007678710810511107,0.9798166370017127
2004-04-08,1140.530029296875,1148.969970703125,1134.52001953125,1139.3199462890625,1199800000,1.0,-0.0010609830313353,0.007646058975442331,0.8128693243794402
2004-04-12,1139.3199462890625,1147.2900390625,1139.3199462890625,1145.199951171875,1102400000,1.0,0.0051609777411205,0.007601065892037291,0.7552671387543025
2004-04-13,1145.199951171875,1147.780029296875,1127.699951171875,1129.43994140625,1423200000,1.0,-0.0137617974481206,0.007811229916280283,0.9778889362228421
2004-04-14,1129.43994140625,1132.52001953125,1122.1500244140625,1128.1700439453125,1547700000,1.0,-0.0011243603261952,0.0077598888031332,1.0641867500945439
2004-04-15,1128.1700439453125,1134.0799560546875,1120.75,1128.8399658203125,1568700000,1.0,0.0005938128552476,0.0077597589853306646,1.0772662283526968
2004-04-16,1128.8399658203125,1136.800048828125,1126.9000244140625,1134.6099853515625,1487800000,1.0,0.0051114592909164,0.007721433176652158,1.0237771168817942
2004-04-19,1134.56005859375,1136.1800537109375,1129.8399658203125,1135.8199462890625,1194900000,1.0,0.0010664113247029,0.007712563562636114,0.8264559984285648
2004-04-20,1135.8199462890625,1139.260009765625,1118.0899658203125,1118.1500244140625,1508500000,1.0,-0.015556974441883,0.007963642685081986,1.0429125502098269
2004-04-21,1118.1500244140625,1125.719970703125,1116.030029296875,1124.0899658203125,1738100000,1.0,0.0053122937678802,0.007831249629415404,1.1944702918380727
2004-04-22,1124.0899658203125,1142.77001953125,1121.949951171875,1139.9300537109375,1826700000,1.0,0.0140914769922935,0.007953095799128803,1.2481056698037276
2004-04-23,1139.9300537109375,1141.9200439453125,1134.81005859375,1140.5999755859375,1396100000,1.0,0.0005876868258882,0.007750823301850851,0.9578638695751808
2004-04-26,1140.5999755859375,1145.0799560546875,1132.9100341796875,1135.530029296875,1290600000,1.0,-0.0044449819372107,0.007747872341513326,0.8875959395890072
2004-04-27,1135.530029296875,1146.56005859375,1135.530029296875,1138.1099853515625,1518000000,1.0,0.0022720280293115,0.007744988593931364,1.041283673659776
2004-04-28,1138.1099853515625,1138.1099853515625,1121.699951171875,1122.4100341796875,1855600000,1.0,-0.013794757425861,0.007935763900217118,1.2648960666613043
2004-04-29,1122.4100341796875,1128.800048828125,1108.0400390625,1113.8900146484375,1859000000,1.0,-0.0075908262326582,0.007992581893354,1.2590330030544588
2004-04-30,1113.8900146484375,1119.260009765625,1107.22998046875,1107.300048828125,1634700000,1.0,-0.0059161728120817,0.007956746594031242,1.1060455977395993
2004-05-03,1107.300048828125,1118.719970703125,1107.300048828125,1117.489990234375,1571600000,1.0,0.0092025114755789,0.008045896261620602,1.0620296687137791
2004-05-04,1117.489990234375,1127.739990234375,1112.8900146484375,1119.550048828125,1662100000,1.0,0.0018434693927933,0.007876642483867182,1.118926218593523
2004-05-05,1119.550048828125,1125.0699462890625,1117.9000244140625,1121.530029296875,1469000000,1.0,0.0017685502053459,0.007875413530491766,0.9899255365746824
2004-05-06,1121.530029296875,1121.530029296875,1106.300048828125,1113.989990234375,1509300000,1.0,-0.0067229934692226,0.007888327853451522,1.0150498815674258
2004-05-07,1113.989990234375,1117.300048828125,1098.6300048828125,1098.699951171875,1653600000,1.0,-0.0137254725774359,0.007934889332889177,1.1080763055545877
2004-05-10,1098.699951171875,1098.699951171875,1079.6300048828125,1087.1199951171875,1918400000,1.0,-0.010539689241213,0.008016929651288088,1.2790390672295577
2004-05-11,1087.1199951171875,1095.68994140625,1087.1199951171875,1095.449951171875,1533800000,1.0,0.0076624071786937,0.008070144773839162,1.0221176721466603
2004-05-12,1095.449951171875,1097.550048828125,1076.3199462890625,1097.280029296875,1697600000,1.0,0.0016706177430034,0.00795901789877717,1.127941944477297
2004-05-13,1097.280029296875,1102.77001953125,1091.760009765625,1096.43994140625,1411100000,1.0,-0.0007656093870251,0.007944839816543437,0.9366284032513504
2004-05-14,1096.43994140625,1102.0999755859375,1088.239990234375,1095.699951171875,1335900000,1.0,-0.0006749026612674,0.00793271374701943,0.8858894306010175
2004-05-17,1095.699951171875,1095.699951171875,1079.3599853515625,1084.0999755859375,1430100000,1.0,-0.0105868176534379,0.008031091350406246,0.947956203508651
2004-05-18,1084.0999755859375,1094.0999755859375,1084.0999755859375,1091.489990234375,1353000000,1.0,0.0068167279908324,0.008087913334067387,0.8956788954750011
2004-05-19,1091.489990234375,1105.9300537109375,1088.489990234375,1088.6800537109375,1548600000,1.0,-0.0025744042992406,0.00809059076129857,1.0244977076814172
2004-05-20,1088.6800537109375,1092.6199951171875,1085.4300537109375,1089.18994140625,1211000000,1.0,0.0004683540343872,0.008068262753040916,0.8058173223442298
2004-05-21,1089.18994140625,1099.6400146484375,1089.18994140625,1093.56005859375,1258600000,1.0,0.0040122636294801,0.008088565820742208,0.8445868865572046
2004-05-24,1093.56005859375,1101.280029296875,1091.77001953125,1095.4100341796875,1227500000,1.0,0.0016917000318359,0.008094068995507993,0.8255008823276233
2004-05-25,1095.4100341796875,1113.800048828125,1090.739990234375,1113.050048828125,1545700000,1.0,0.0161035722679383,0.008275201328691044,1.0402603713090846
2004-05-26,1113.050048828125,1116.7099609375,1109.9100341796875,1114.93994140625,1369400000,1.0,0.0016979403398029,0.008250287296293055,0.9232416339232983
2004-05-27,1114.93994140625,1123.949951171875,1114.8599853515625,1121.280029296875,1447500000,1.0,0.0056864837783354,0.008284123873902404,0.9764570966001079
2004-05-28,1121.280029296875,1122.68994140625,1118.0999755859375,1120.6800537109375,1172600000,1.0,-0.0005350809523592,0.008269574480774845,0.7931182818972071
2004-06-01,1120.6800537109375,1122.699951171875,1113.3199462890625,1121.199951171875,1238000000,1.0,0.0004639124781564,0.008265518687411155,0.8398458699663519
2004-06-02,1121.199951171875,1128.0999755859375,1118.6400146484375,1124.989990234375,1251700000,1.0,0.0033803418012448,0.008214979100890023,0.8514572115031414
2004-06-03,1124.989990234375,1125.31005859375,1116.5699462890625,1116.6400146484375,1232400000,1.0,-0.0074222665609654,0.008236386488399684,0.8409118202561219
2004-06-04,1116.6400146484375,1129.1700439453125,1116.6400146484375,1122.5,1115300000,1.0,0.0052478733295326,0.008048586932019649,0.7653183760126591
2004-06-07,1122.5,1140.5400390625,1122.5,1140.4200439453125,1211800000,1.0,0.0159644044056235,0.008055092870604807,0.8345132304573226
2004-06-08,1140.4200439453125,1142.1800537109375,1135.449951171875,1142.1800537109375,1190300000,1.0,0.0015432995719157,0.00790294709485526,0.8211638547168457
2004-06-09,1142.1800537109375,1142.1800537109375,1131.1700439453125,1131.3299560546875,1276800000,1.0,-0.0094994634348569,0.007773795606304259,0.8824053839997678
2004-06-10,1131.3299560546875,1136.469970703125,1131.3299560546875,1136.469970703125,1160600000,1.0,0.0045433382373807,0.007762819153407445,0.8040079860452034
2004-06-14,1136.469970703125,1136.469970703125,1122.1600341796875,1125.2900390625,1179400000,1.0,-0.0098374193149231,0.0077286248467177705,0.8213709666186594
2004-06-15,1125.2900390625,1137.3599853515625,1125.2900390625,1132.010009765625,1345900000,1.0,0.0059717676953077,0.0077640834698021344,0.9401395365731673
2004-06-16,1132.010009765625,1135.280029296875,1130.550048828125,1133.56005859375,1168400000,1.0,0.001369288976911,0.007620948937897656,0.8214401214865226
2004-06-17,1133.56005859375,1133.56005859375,1126.8900146484375,1132.050048828125,1296700000,1.0,-0.0013320950700206,0.0074212202509752545,0.9131432917382609
2004-06-18,1132.050048828125,1138.9599609375,1129.8299560546875,1135.02001953125,1500600000,1.0,0.0026235330374302,0.007421592092950619,1.055201540259532
2004-06-21,1135.02001953125,1138.050048828125,1129.6400146484375,1130.300048828125,1123900000,1.0,-0.0041584911472083,0.007437296793387768,0.7940511516179172
2004-06-22,1130.300048828125,1135.050048828125,1124.3699951171875,1134.4100341796875,1382300000,1.0,0.0036361896611645,0.0071565667712865915,0.9741023924456502
2004-06-23,1134.4100341796875,1145.1500244140625,1131.72998046875,1144.06005859375,1444200000,1.0,0.0085066458540632,0.007229839057704369,1.0128439440460177
2004-06-24,1144.06005859375,1146.3399658203125,1139.93994140625,1140.6500244140625,1394900000,1.0,-0.0029806426280444,0.007055868769234223,0.9786574242977015
2004-06-25,1140.6500244140625,1145.969970703125,1134.239990234375,1134.4300537109375,1812900000,1.0,-0.0054530053653574,0.007076849740206086,1.2672092737155256
2004-06-28,1134.4300537109375,1142.5999755859375,1131.719970703125,1133.3499755859375,1354600000,1.0,-0.0009520887792657,0.007077426170277631,0.9497021051052272
2004-06-29,1133.3499755859375,1138.260009765625,1131.81005859375,1136.199951171875,1375000000,1.0,0.002514647414594,0.0070521275483085245,0.9655315760424581
2004-06-30,1136.199951171875,1144.199951171875,1133.6199951171875,1140.8399658203125,1473800000,1.0,0.004083801133464,0.006985227160921358,1.0308715894084204
2004-07-01,1140.8399658203125,1140.8399658203125,1123.06005859375,1128.93994140625,1495700000,1.0,-0.010430932269721,0.007039417767186583,1.046377241487385
2004-07-02,1128.93994140625,1129.1500244140625,1123.260009765625,1125.3800048828125,1085000000,1.0,-0.0031533444719858,0.007045338020368817,0.7660557519137273
2004-07-06,1125.3800048828125,1125.3800048828125,1113.2099609375,1116.2099609375,1283300000,1.0,-0.0081483977905466,0.007070872715913176,0.9130701441075563
2004-07-07,1116.2099609375,1122.3699951171875,1114.9200439453125,1118.3299560546875,1328600000,1.0,0.0018992798768853,0.007076044058956836,0.9462100321338226
2004-07-08,1118.3299560546875,1119.1199951171875,1108.719970703125,1109.1099853515625,1401100000,1.0,-0.0082444100269403,0.007112707430911409,0.9962754330751213
2004-07-09,1109.1099853515625,1115.5699462890625,1109.1099853515625,1112.81005859375,1186300000,1.0,0.0033360742316412,0.006912417821368439,0.8475363362539509
2004-07-12,1112.81005859375,1116.1099853515625,1106.7099609375,1114.3499755859375,1114600000,1.0,0.0013838093754594,0.006914462477328097,0.8048327513351299
2004-07-13,1114.3499755859375,1116.300048828125,1112.989990234375,1115.1400146484375,1199700000,1.0,0.000708968528567,0.006914697417477982,0.8746094256899113
2004-07-14,1115.1400146484375,1119.5999755859375,1107.8299560546875,1111.469970703125,1462000000,1.0,-0.0032911059571918,0.006890760987176678,1.0685228658046373
2004-07-15,1111.469970703125,1114.6300048828125,1106.6700439453125,1106.68994140625,1408700000,1.0,-0.0043006373747112,0.006907274183155774,1.0320252368888765
2004-07-16,1106.68994140625,1112.1700439453125,1101.0699462890625,1101.3900146484375,1450300000,1.0,-0.0047889897246902,0.0066418248482836345,1.065809296343928
2004-07-19,1101.3900146484375,1105.52001953125,1096.550048828125,1100.9000244140625,1319900000,1.0,-0.0004448834907327,0.006601865668737404,0.972110110121906
2004-07-20,1100.9000244140625,1108.8800048828125,1099.0999755859375,1108.6700439453125,1445800000,1.0,0.0070578793341251,0.0064009101807350555,1.0658327546373088
2004-07-21,1108.6700439453125,1116.27001953125,1093.8800048828125,1093.8800048828125,1679500000,1.0,-0.0133403433629974,0.006611967218455345,1.2376420027472042
2004-07-22,1093.8800048828125,1099.6600341796875,1084.1600341796875,1096.8399658203125,1680800000,1.0,0.0027059283690051,0.006607313095116045,1.242952559559376
2004-07-23,1096.8399658203125,1096.8399658203125,1083.56005859375,1086.199951171875,1337500000,1.0,-0.009700608092339,0.006700585093236603,0.9919619561267279
2004-07-26,1086.199951171875,1089.8199462890625,1078.780029296875,1084.0699462890625,1413400000,1.0,-0.0019609694149907,0.006480836931638588,1.0526911624290398
2004-07-27,1084.0699462890625,1096.6500244140625,1084.0699462890625,1094.8299560546875,1610800000,1.0,0.009925567812721,0.006552810071392195,1.1961551942304152
2004-07-28,1094.8299560546875,1098.8399658203125,1082.1700439453125,1095.4200439453125,1554300000,1.0,0.0005389767491852,0.006511340038016034,1.1504675000148037
2004-07-29,1095.4200439453125,1103.510009765625,1095.4200439453125,1100.4300537109375,1530100000,1.0,0.0045735969442193,0.006425398015607711,1.1308809356282556
2004-07-30,1100.4300537109375,1103.72998046875,1096.9599609375,1101.719970703125,1298200000,1.0,0.0011721935327353,0.006422299418650373,0.9602639209420676
2004-08-02,1101.719970703125,1108.5999755859375,1097.3399658203125,1106.6199951171875,1276000000,1.0,0.0044476133176885,0.006445821848929413,0.947664556454368
2004-08-03,1106.6199951171875,1106.6199951171875,1099.260009765625,1099.68994140625,1338300000,1.0,-0.0062623608298381,0.006438193996343603,0.9920579030313992
2004-08-04,1099.68994140625,1102.449951171875,1092.4000244140625,1098.6300048828125,1369200000,1.0,-0.0009638503395621,0.006189618642533429,1.0133019938929535
2004-08-05,1098.6300048828125,1098.7900390625,1079.97998046875,1080.699951171875,1397400000,1.0,-0.0163203750409584,0.006398211421539965,1.0315777662288577
2004-08-06,1080.699951171875,1080.699951171875,1062.22998046875,1063.969970703125,1521000000,1.0,-0.0154806895758703,0.006617471827189675,1.1232304136235074
2004-08-09,1063.969970703125,1069.4599609375,1063.969970703125,1065.219970703125,1086000000,1.0,0.0011748451877584,0.006615069984413387,0.8053619605150164
2004-08-10,1065.219970703125,1079.0400390625,1065.219970703125,1079.0400390625,1245600000,1.0,0.0129739103091099,0.00683877930640401,0.9264934276686522
2004-08-11,1079.0400390625,1079.0400390625,1065.9200439453125,1075.7900390625,1410400000,1.0,-0.0030119364271447,0.006847926873318405,1.0453757096903304
2004-08-12,1075.7900390625,1075.7900390625,1062.8199462890625,1063.22998046875,1405100000,1.0,-0.0116751951009841,0.006877064324836564,1.0388740441929964
2004-08-13,1063.22998046875,1067.5799560546875,1060.719970703125,1064.800048828125,1175100000,1.0,0.0014766968466057,0.006817690586298348,0.8698065862811716
2004-08-16,1064.800048828125,1080.6600341796875,1064.800048828125,1079.3399658203125,1206200000,1.0,0.0136550679239633,0.007047615978502327,0.8931731713349318
2004-08-17,1079.3399658203125,1086.780029296875,1079.3399658203125,1081.7099609375,1267800000,1.0,0.0021957818595055,0.007053582609289144,0.9366716019611147
2004-08-18,1081.7099609375,1095.1700439453125,1078.9300537109375,1095.1700439453125,1282500000,1.0,0.0124433383197717,0.007218744676434764,0.9465433638638159
2004-08-19,1095.1700439453125,1095.1700439453125,1086.280029296875,1091.22998046875,1249400000,1.0,-0.0035976727982519,0.0072306454522634645,0.9213103342496785
2004-08-20,1091.22998046875,1100.260009765625,1089.5699462890625,1098.3499755859375,1199900000,1.0,0.0065247429456887,0.006969232106688148,0.8858135472849766
2004-08-23,1098.3499755859375,1101.4000244140625,1094.72998046875,1095.6800537109375,1021900000,1.0,-0.0024308480305429,0.0069705813998160795,0.7559550229323865
2004-08-24,1095.6800537109375,1100.93994140625,1092.8199462890625,1096.18994140625,1092500000,1.0,0.0004653618486396,0.006927462988266704,0.8092220949852673
2004-08-25,1096.18994140625,1106.2900390625,1093.239990234375,1104.9599609375,1192200000,1.0,0.008000456125331,0.007010810121883594,0.8850858359539951
2004-08-26,1104.9599609375,1106.780029296875,1102.4599609375,1105.0899658203125,1023600000,1.0,0.0001176557408488,0.007010387455799546,0.7615550126033039
2004-08-27,1105.0899658203125,1109.6800537109375,1104.6199951171875,1107.77001953125,845400000,1.0,0.0024251905218848,0.007003160905437378,0.6332271213557982
2004-08-30,1107.77001953125,1107.77001953125,1099.1500244140625,1099.1500244140625,843100000,1.0,-0.0077813941208076,0.0070095601838002924,0.6377863646404158
2004-08-31,1099.1500244140625,1104.239990234375,1094.719970703125,1104.239990234375,1138200000,1.0,0.0046308199128921,0.007001822087376357,0.8608366951494553
2004-09-01,1104.239990234375,1109.239990234375,1099.1800537109375,1105.9100341796875,1142100000,1.0,0.0015123921974227,0.0066755901404027965,0.8669361878490782
2004-09-02,1105.9100341796875,1119.1099853515625,1105.5999755859375,1118.31005859375,1118400000,1.0,0.0112125073747615,0.006840190291309049,0.8531660363022758
2004-09-03,1118.31005859375,1120.800048828125,1113.5699462890625,1113.6300048828125,924170000,1.0,-0.004184933932207,0.006753283027175299,0.7100984627044826
2004-09-07,1113.6300048828125,1124.0799560546875,1113.6300048828125,1121.300048828125,1214400000,1.0,0.0068874257263924,0.006788116366120589,0.9417622710988017
2004-09-08,1121.300048828125,1123.050048828125,1116.27001953125,1116.27001953125,1246300000,1.0,-0.0044858905536764,0.006693860194921534,0.9681267776114216
2004-09-09,1116.27001953125,1121.300048828125,1113.6199951171875,1118.3800048828125,1371300000,1.0,0.0018902105356628,0.006651591497126056,1.0652881078795895
2004-09-10,1118.3800048828125,1125.260009765625,1114.3900146484375,1123.9200439453125,1261200000,1.0,0.0049536284968547,0.0066817699090656,0.9830044363024505
2004-09-13,1123.9200439453125,1129.780029296875,1123.3499755859375,1125.8199462890625,1299800000,1.0,0.0016904248251332,0.006683872891035888,1.016193264041222
2004-09-14,1125.8199462890625,1129.4599609375,1124.719970703125,1128.3299560546875,1204500000,1.0,0.0022294948440899,0.006681374613004398,0.939930739316979
2004-09-15,1128.3299560546875,1128.3299560546875,1119.8199462890625,1120.3699951171875,1256000000,1.0,-0.0070546393763512,0.006721703958126667,0.9805365064827047
2004-09-16,1120.3699951171875,1126.06005859375,1120.3699951171875,1123.5,1113900000,1.0,0.002793724302198,0.006714590519720076,0.8725265294593437
2004-09-17,1123.5,1130.1400146484375,1123.5,1128.550048828125,1422600000,1.0,0.0044949255257009,0.006646672170179457,1.1139584332040737
2004-09-20,1128.550048828125,1128.550048828125,1120.3399658203125,1122.199951171875,1197600000,1.0,-0.0056267754033982,0.006674118681752749,0.9376076005716463
2004-09-21,1122.199951171875,1131.5400390625,1122.199951171875,1129.300048828125,1325000000,1.0,0.0063269452550194,0.006691704605799407,1.033943466624383
2004-09-22,1129.300048828125,1129.300048828125,1112.6700439453125,1113.56005859375,1379900000,1.0,-0.0139378283483724,0.00692711768655479,1.073764066355958
2004-09-23,1113.56005859375,1113.6099853515625,1108.050048828125,1108.3599853515625,1286300000,1.0,-0.0046697734909371,0.006940250147214763,1.0036740259024834
2004-09-24,1108.3599853515625,1113.81005859375,1108.3599853515625,1110.1099853515625,1255400000,1.0,0.0015789094004912,0.0069203900334952545,0.9819124438200446
2004-09-27,1110.1099853515625,1110.1099853515625,1103.239990234375,1103.52001953125,1263500000,1.0,-0.0059363179390062,0.006834103098014573,0.9911441058421101
2004-09-28,1103.52001953125,1111.77001953125,1101.2900390625,1110.06005859375,1396600000,1.0,0.0059265250713602,0.0068715489206723,1.0942367741592764
2004-09-29,1110.06005859375,1114.800048828125,1107.4200439453125,1114.800048828125,1402900000,1.0,0.004270030434551,0.006815032052871551,1.0999122359571651
2004-09-30,1114.800048828125,1116.31005859375,1109.6800537109375,1114.5799560546875,1748000000,1.0,-0.0001974280263701,0.00681051166115343,1.3690096624827288
2004-10-01,1114.5799560546875,1131.6400146484375,1114.5799560546875,1131.5,1582200000,1.0,0.0151806461738328,0.007000592866985131,1.2410741417472648
2004-10-04,1131.5,1140.1300048828125,1131.5,1135.1700439453125,1534000000,1.0,0.0032435209415047,0.00699993554190203,1.1995682805369499
2004-10-05,1135.1700439453125,1137.8699951171875,1132.030029296875,1134.47998046875,1418400000,1.0,-0.0006078943681108,0.006999700113158807,1.1090838376365066
2004-10-06,1134.47998046875,1142.050048828125,1132.93994140625,1142.050048828125,1416700000,1.0,0.0066727209732226,0.007047460133359235,1.1111273201165104
2004-10-07,1142.050048828125,1142.050048828125,1130.5,1130.6500244140625,1447500000,1.0,-0.0099820707733082,0.00715926036115731,1.1371890760085395
2004-10-08,1130.6500244140625,1132.9200439453125,1120.18994140625,1122.1400146484375,1291600000,1.0,-0.0075266524405155,0.007206435381730339,1.018527324306008
2004-10-11,1122.1400146484375,1126.199951171875,1122.1400146484375,1124.3900146484375,943800000,1.0,0.0020050973770013,0.007179135410109058,0.7484432807985044
2004-10-12,1124.3900146484375,1124.3900146484375,1115.77001953125,1121.8399658203125,1320100000,1.0,-0.0022679397672544,0.007186496315290197,1.0461214261612297
2004-10-13,1121.8399658203125,1127.010009765625,1109.6300048828125,1113.6500244140625,1546200000,1.0,-0.0073004543034455,0.007198039345597811,1.2212716421862073
2004-10-14,1113.6500244140625,1114.9599609375,1102.06005859375,1103.2900390625,1489500000,1.0,-0.0093027298742379,0.007088292602960793,1.1742554022449525
2004-10-15,1103.2900390625,1113.1700439453125,1102.1400146484375,1108.199951171875,1645100000,1.0,0.0044502460237447,0.007102443163186375,1.291878059778357
2004-10-18,1108.199951171875,1114.4599609375,1103.3299560546875,1114.02001953125,1373300000,1.0,0.0052518215266301,0.007011023443377606,1.0809441657272456
2004-10-19,1114.02001953125,1117.9599609375,1103.1500244140625,1103.22998046875,1737500000,1.0,-0.0096856778813007,0.007125951504910715,1.3537272571872982
2004-10-20,1103.22998046875,1104.0899658203125,1094.25,1103.6600341796875,1685700000,1.0,0.0003898132923787,0.007013470885231145,1.3044231218342184
2004-10-21,1103.6600341796875,1108.8699951171875,1098.469970703125,1106.489990234375,1673000000,1.0,0.0025641555977795,0.007020204911526546,1.2893555950248907
2004-10-22,1106.489990234375,1108.1400146484375,1095.469970703125,1095.739990234375,1469600000,1.0,-0.0097154064608599,0.007110823085197237,1.1314734238481277
2004-10-25,1095.739990234375,1096.81005859375,1090.2900390625,1094.800048828125,1380500000,1.0,-0.0008578142758566,0.007109756540488097,1.05952252488861
2004-10-26,1094.81005859375,1111.0999755859375,1094.81005859375,1111.0899658203125,1685400000,1.0,0.0148793535491931,0.007345979741426477,1.2840855221985885
2004-10-27,1111.0899658203125,1126.2900390625,1107.4300537109375,1125.4000244140625,1741900000,1.0,0.0128792978372231,0.007479696580677662,1.317613448719126
2004-10-28,1125.3399658203125,1130.6700439453125,1120.5999755859375,1127.43994140625,1628200000,1.0,0.001812615023933,0.007479624145069731,1.225200451432413
2004-10-29,1127.43994140625,1131.4000244140625,1124.6199951171875,1130.199951171875,1500800000,1.0,0.0024480326306184,0.007151245684035198,1.1250767830420463
2004-11-01,1130.199951171875,1133.4100341796875,1127.5999755859375,1130.510009765625,1395900000,1.0,0.0002743395922362,0.0068262260519772085,1.0433722652681487
2004-11-02,1130.510009765625,1140.47998046875,1128.1199951171875,1130.56005859375,1659000000,1.0,4.427101723347704e-05,0.0068273921673495195,1.228328952861044
2004-11-03,1130.5400390625,1147.5699462890625,1130.5400390625,1143.199951171875,1767500000,1.0,0.0111802044323476,0.006777890338625758,1.2957114918576538
2004-11-04,1143.199951171875,1161.6700439453125,1142.3399658203125,1161.6700439453125,1782700000,1.0,0.0161564849215607,0.007033209871013147,1.2956371035813423
2004-11-05,1161.6700439453125,1170.8699951171875,1160.6600341796875,1166.1700439453125,1724400000,1.0,0.0038737333578102,0.006830359595260961,1.2406278422960852
2004-11-08,1166.1700439453125,1166.77001953125,1162.3199462890625,1164.8900146484375,1358700000,1.0,-0.0010976352063928,0.006838999247391959,0.9703562486528782
2004-11-09,1164.8900146484375,1168.9599609375,1162.47998046875,1164.0799560546875,1450800000,1.0,-0.0006953949158835,0.006655950334020792,1.027215838665656
2004-11-10,1164.0799560546875,1169.25,1162.510009765625,1162.9100341796875,1504300000,1.0,-0.0010050184859853,0.006661329051429079,1.059602443756122
2004-11-11,1162.9100341796875,1174.800048828125,1162.9100341796875,1173.47998046875,1393000000,1.0,0.0090892209873469,0.00657918954698898,0.9777487408940568
2004-11-12,1173.47998046875,1184.1700439453125,1171.4300537109375,1184.1700439453125,1531600000,1.0,0.0091097109916542,0.00662736963284465,1.0688325063536077
2004-11-15,1184.1700439453125,1184.47998046875,1179.8499755859375,1183.81005859375,1453300000,1.0,-0.0003039980224149,0.006596166161098711,1.0067555772305459
2004-11-16,1183.81005859375,1183.81005859375,1175.3199462890625,1175.4300537109375,1364400000,1.0,-0.0070788424392737,0.006667287706238682,0.9432110099353772
2004-11-17,1175.4300537109375,1188.4599609375,1175.4300537109375,1181.93994140625,1684200000,1.0,0.0055383029170985,0.006690024336721812,1.1572823859724346
2004-11-18,1181.93994140625,1184.9000244140625,1180.1500244140625,1183.550048828125,1456700000,1.0,0.0013622582378927,0.006631602416558484,0.9997844907461425
2004-11-19,1183.550048828125,1184.0,1169.18994140625,1170.3399658203125,1526600000,1.0,-0.011161406330803,0.006819076129797313,1.0439561191037268
2004-11-22,1170.3399658203125,1178.1800537109375,1167.8900146484375,1177.239990234375,1392700000,1.0,0.0058957436433662,0.006846213118761465,0.951180865740551
2004-11-23,1177.239990234375,1179.52001953125,1171.4100341796875,1176.93994140625,1428300000,1.0,-0.0002548748178909,0.006750171637157677,0.9725218158643004
2004-11-24,1176.93994140625,1182.4599609375,1176.93994140625,1181.760009765625,1149600000,1.0,0.0040954242351702,0.006745861822263295,0.7838922952715529
2004-11-26,1181.760009765625,1186.6199951171875,1181.0799560546875,1182.6500244140625,504580000,1.0,0.0007531263886768,0.006745889851398923,0.34694737467456066
2004-11-29,1182.6500244140625,1186.93994140625,1172.3699951171875,1178.5699462890625,1378500000,1.0,-0.0034499454959394,0.006639604875624718,0.9484267742976826
2004-11-30,1178.5699462890625,1178.6600341796875,1173.81005859375,1173.8199462890625,1553500000,1.0,-0.0040303080991979,0.006637628753360095,1.0636203102115218
2004-12-01,1173.780029296875,1191.3699951171875,1173.780029296875,1191.3699951171875,1772800000,1.0,0.0149512273016045,0.006839496000456595,1.2063691500486957
2004-12-02,1191.3699951171875,1194.800048828125,1186.719970703125,1190.3299560546875,1774900000,1.0,-0.0008729773846601,0.006805899031739973,1.2013399451589568
2004-12-03,1190.3299560546875,1197.4599609375,1187.7099609375,1191.1700439453125,1566700000,1.0,0.0007057605215694,0.006805268011824349,1.0564100157406238
2004-12-06,1191.1700439453125,1192.4100341796875,1185.1800537109375,1190.25,1354400000,1.0,-0.0007723867385592,0.00679007518536094,0.9120406060086937
2004-12-07,1190.25,1192.1700439453125,1177.0699462890625,1177.0699462890625,1533900000,1.0,-0.0110733490535076,0.006965087159960055,1.0291663557943294
2004-12-08,1177.0699462890625,1184.050048828125,1177.0699462890625,1182.81005859375,1525200000,1.0,0.0048766110482936,0.00698287522653525,1.0215662193530135
2004-12-09,1182.81005859375,1190.510009765625,1173.7900390625,1189.239990234375,1624700000,1.0,0.0054361489352479,0.006930425128298874,1.084986780083524
2004-12-10,1189.239990234375,1191.449951171875,1185.239990234375,1188.0,1443700000,1.0,-0.0010426745186483,0.006931464983667295,0.9680480444718736
2004-12-13,1188.0,1198.739990234375,1188.0,1198.6800537109375,1436100000,1.0,0.0089899442011258,0.006994386552086547,0.9648424084014454
2004-12-14,1198.6800537109375,1205.2900390625,1197.8399658203125,1203.3800048828125,1544400000,1.0,0.0039209388337819,0.0069488492639636825,1.0374586803396608
2004-12-15,1203.3800048828125,1206.6099853515625,1199.43994140625,1205.719970703125,1695800000,1.0,0.0019444945161277,0.006916880777010643,1.1349326348748108
2004-12-16,1205.719970703125,1207.969970703125,1198.4100341796875,1203.2099609375,1793900000,1.0,-0.002081751838415,0.006643501333772379,1.1945559307081648
2004-12-17,1203.2099609375,1203.2099609375,1193.489990234375,1194.199951171875,2335000000,1.0,-0.0074883104845681,0.006696277202855251,1.5367103316161665
2004-12-20,1194.199951171875,1203.4300537109375,1193.3599853515625,1194.6500244140625,1422800000,1.0,0.0003768826499663,0.006697123300319279,0.9347589743562791
2004-12-21,1194.6500244140625,1205.9300537109375,1194.6500244140625,1205.449951171875,1483700000,1.0,0.0090402431985128,0.006703986535678312,0.9679029625906842
2004-12-22,1205.449951171875,1211.4200439453125,1203.8499755859375,1209.5699462890625,1390800000,1.0,0.003417806863887,0.00668367551003747,0.9064627903151086
2004-12-23,1209.5699462890625,1213.6600341796875,1208.7099609375,1210.1300048828125,956100000,1.0,0.0004630229078261,0.006674551239957701,0.6279746860717698
2004-12-27,1210.1300048828125,1214.1300048828125,1204.9200439453125,1204.9200439453125,922000000,1.0,-0.0043052902716882,0.006712076593184322,0.6101258659221278
2004-12-28,1204.9200439453125,1213.5400390625,1204.9200439453125,1213.5400390625,983000000,1.0,0.0071539976121259,0.006508066270731074,0.6562426231119172
2004-12-29,1213.5400390625,1213.8499755859375,1210.949951171875,1213.449951171875,925900000,1.0,-7.423561458641537e-05,0.0065043999716700805,0.6218377545444728
2004-12-30,1213.449951171875,1216.469970703125,1213.4100341796875,1213.550048828125,829800000,1.0,8.249013991323828e-05,0.006501878620651589,0.5641752394379297
2004-12-31,1213.550048828125,1217.3299560546875,1211.6500244140625,1211.9200439453125,786900000,1.0,-0.0013431707117366,0.006468626213065868,0.5416274676778698
2005-01-03,1211.9200439453125,1217.800048828125,1200.3199462890625,1202.0799560546875,1510800000,1.0,-0.0081194200391234,0.006419256790428028,1.0422188306343352
2005-01-04,1202.0799560546875,1205.8399658203125,1185.3900146484375,1188.050048828125,1721000000,1.0,-0.0116713594265474,0.00653429537833645,1.183120683259413
2005-01-05,1188.050048828125,1192.72998046875,1183.719970703125,1183.739990234375,1738900000,1.0,-0.0036278426131974,0.006559627382929086,1.189564396007212
2005-01-06,1183.739990234375,1191.6300048828125,1183.27001953125,1187.8900146484375,1569100000,1.0,0.0035058580839537,0.006555031600532317,1.075116604004633
2005-01-07,1187.8900146484375,1192.199951171875,1182.1600341796875,1186.18994140625,1477900000,1.0,-0.0014311705807971,0.00647271985024015,1.0163048889910917
2005-01-10,1186.18994140625,1194.780029296875,1184.800048828125,1190.25,1490400000,1.0,0.003422772738181,0.006333982483752432,1.0268468361211978
2005-01-11,1190.25,1190.25,1180.4300537109375,1182.989990234375,1488800000,1.0,-0.006099567120878,0.006390800342191078,1.0259141164900396
2005-01-12,1182.989990234375,1187.9200439453125,1175.6400146484375,1187.699951171875,1562100000,1.0,0.0039814038803209,0.006378935823647363,1.0739643164166595
2005-01-13,1187.699951171875,1187.699951171875,1175.81005859375,1177.449951171875,1510300000,1.0,-0.0086301258073527,0.006350109997877159,1.040478563647692
2005-01-14,1177.449951171875,1185.2099609375,1177.449951171875,1184.52001953125,1335400000,1.0,0.0060045595588487,0.0063806816640819925,0.9254962361951778
2005-01-18,1184.52001953125,1195.97998046875,1180.0999755859375,1195.97998046875,1596800000,1.0,0.0096747718472796,0.0064718474146092594,1.1095179239118622
2005-01-19,1195.97998046875,1195.97998046875,1184.4100341796875,1184.6300048828125,1498700000,1.0,-0.0094901049944741,0.006465399606653384,1.0446307637660963
2005-01-20,1184.6300048828125,1184.6300048828125,1173.4200439453125,1175.4100341796875,1692000000,1.0,-0.0077829960959304,0.006565992818680872,1.1739111973644445
2005-01-21,1175.4100341796875,1179.449951171875,1167.8199462890625,1167.8699951171875,1643500000,1.0,-0.006414815973357,0.006387461387614167,1.1372210262238256
2005-01-24,1167.8699951171875,1173.030029296875,1163.75,1163.75,1494600000,1.0,-0.0035277857419173,0.006212601850620245,1.0343284090276814
2005-01-25,1163.75,1174.300048828125,1163.75,1168.4100341796875,1610400000,1.0,0.0040043258257249,0.006226414531713423,1.1111236838524694
2005-01-26,1168.4100341796875,1175.9599609375,1168.4100341796875,1174.0699462890625,1635900000,1.0,0.0048441146034394,0.006246029188677253,1.127095657963707
2005-01-27,1174.0699462890625,1177.5,1170.1500244140625,1174.550048828125,1600600000,1.0,0.0004089215813589,0.006245914679778832,1.1005410156771056
2005-01-28,1174.550048828125,1175.6099853515625,1166.25,1171.3599853515625,1641800000,1.0,-0.0027159876922616,0.006260646963646081,1.12457939579852
2005-01-31,1171.3599853515625,1182.0699462890625,1171.3599853515625,1181.27001953125,1679800000,1.0,0.0084602806170752,0.006192289243318877,1.1506775146461699
2005-02-01,1181.27001953125,1190.3900146484375,1180.949951171875,1189.4100341796875,1681980000,1.0,0.0068909009065238,0.005905776287000905,1.1486257437815721
2005-02-02,1189.4100341796875,1195.25,1188.9200439453125,1193.18994140625,1561740000,1.0,0.0031779681673607,0.005899540772749154,1.0660021132471107
2005-02-03,1193.18994140625,1193.18994140625,1185.6400146484375,1189.8900146484375,1554460000,1.0,-0.0027656340732501,0.005910632081646859,1.058695103765006
2005-02-04,1189.8900146484375,1203.469970703125,1189.6700439453125,1203.030029296875,1648160000,1.0,0.0110430497665112,0.006066935022264124,1.1191596470208933
2005-02-07,1203.030029296875,1204.1500244140625,1199.27001953125,1201.719970703125,1347270000,1.0,-0.0010889658294861,0.006067313313756144,0.9123952394838571
2005-02-08,1201.719970703125,1205.1099853515625,1200.1600341796875,1202.300048828125,1416170000,1.0,0.000482706569868,0.005963222948672333,0.9473586049705204
2005-02-09,1202.300048828125,1203.8299560546875,1191.5400390625,1191.989990234375,1511040000,1.0,-0.0085752791940739,0.005963592408963244,1.0090333809589824
2005-02-10,1191.989990234375,1198.75,1191.5400390625,1197.010009765625,1491670000,1.0,0.0042114611468029,0.005986506215450249,0.9969218241717203
2005-02-11,1197.010009765625,1208.3800048828125,1193.280029296875,1205.300048828125,1562300000,1.0,0.006925622170965,0.005970793668892966,1.0470717846357713
2005-02-14,1205.300048828125,1206.9300537109375,1203.5899658203125,1206.1400146484375,1290180000,1.0,0.0006968935420927,0.005933265563258302,0.8703486858961256
2005-02-15,1206.1400146484375,1212.43994140625,1205.52001953125,1210.1199951171875,1527080000,1.0,0.0032997665448568,0.0059441021104267595,1.0307111534383249
2005-02-16,1210.1199951171875,1212.43994140625,1205.06005859375,1210.3399658203125,1490100000,1.0,0.0001817759428921,0.005747704345987403,1.0039123003342332
2005-02-17,1210.3399658203125,1211.3299560546875,1200.739990234375,1200.75,1580120000,1.0,-0.0079233654106537,0.0058075069604146224,1.0638981202347886
2005-02-18,1200.75,1202.9200439453125,1197.3499755859375,1201.5899658203125,1551200000,1.0,0.0006995343079845,0.00580713978235107,1.0440606799021146
2005-02-22,1201.5899658203125,1202.47998046875,1184.1600341796875,1184.1600341796875,1744940000,1.0,-0.014505723363565,0.006093894160583647,1.172562675798052
2005-02-23,1184.1600341796875,1193.52001953125,1184.1600341796875,1190.800048828125,1501090000,1.0,0.0056073625665278,0.006135440505580127,1.0079232385902006
2005-02-24,1190.800048828125,1200.4200439453125,1187.800048828125,1200.199951171875,1518750000,1.0,0.0078937705393953,0.006197623830462432,1.018650612397657
2005-02-25,1200.199951171875,1212.1500244140625,1199.6099853515625,1211.3699951171875,1523680000,1.0,0.0093068191965897,0.006277536529003761,1.0222413712826444
2005-02-28,1211.3699951171875,1211.3699951171875,1198.1300048828125,1203.5999755859375,1795480000,1.0,-0.0064142413652059,0.006048245975075076,1.2029837814137705
2005-03-01,1203.5999755859375,1212.25,1203.5999755859375,1210.4100341796875,1708060000,1.0,0.0056580747190815,0.006087466244158563,1.145729684102298
2005-03-02,1210.4100341796875,1215.7900390625,1204.219970703125,1210.0799560546875,1568540000,1.0,-0.0002726994288539,0.006087663500006641,1.0630737384987978
2005-03-03,1210.0799560546875,1215.719970703125,1204.449951171875,1210.469970703125,1616240000,1.0,0.0003223048580269,0.006086093831311199,1.0925375757514306
2005-03-04,1210.469970703125,1224.760009765625,1210.469970703125,1222.1199951171875,1636820000,1.0,0.0096243811874947,0.006016760532126775,1.104163403393696
2005-03-07,1222.1199951171875,1229.1099853515625,1222.1199951171875,1225.31005859375,1488830000,1.0,0.00261027025931,0.005996819224219652,1.003005993122999
2005-03-08,1225.31005859375,1225.68994140625,1218.5699462890625,1219.4300537109375,1523090000,1.0,-0.0047987893689216,0.00600266691396633,1.0183071854007848
2005-03-09,1219.4300537109375,1219.4300537109375,1206.6600341796875,1207.010009765625,1704970000,1.0,-0.0101851220638002,0.006154935500073458,1.128097791191975
2005-03-10,1207.010009765625,1211.22998046875,1201.4100341796875,1209.25,1604020000,1.0,0.0018558174466258,0.0060519348167744486,1.0526532700489228
2005-03-11,1209.25,1213.0400390625,1198.1500244140625,1200.0799560546875,1449820000,1.0,-0.0075832490761319,0.00611283281996967,0.9449600004171376
2005-03-14,1200.0799560546875,1206.8299560546875,1199.510009765625,1206.8299560546875,1437430000,1.0,0.0056246252309646,0.006151295721384609,0.9295219289266179
2005-03-15,1206.8299560546875,1210.5400390625,1197.75,1197.75,1513530000,1.0,-0.0075238073177859,0.006222727488429059,0.9696203186877335
2005-03-16,1197.75,1197.75,1185.6099853515625,1188.0699462890625,1653190000,1.0,-0.0080818649225109,0.006235201358206989,1.0571627172034257
2005-03-17,1188.0699462890625,1193.280029296875,1186.3399658203125,1190.2099609375,1581930000,1.0,0.0018012530786775,0.0062396285536134785,1.013396645880226
2005-03-18,1190.2099609375,1191.97998046875,1182.780029296875,1189.6500244140625,2344370000,1.0,-0.0004704518881664,0.00612471619408688,1.4902611168710473
2005-03-21,1189.6500244140625,1189.6500244140625,1178.8199462890625,1183.780029296875,1819440000,1.0,-0.0049342201460287,0.006135966453911869,1.1529060463694523
2005-03-22,1183.780029296875,1189.5899658203125,1171.6300048828125,1171.7099609375,2114470000,1.0,-0.010196208806246,0.0062652503993122855,1.3291320974272365
2005-03-23,1171.7099609375,1176.260009765625,1168.699951171875,1172.530029296875,2246870000,1.0,0.0006998902345414,0.006247268093519861,1.3990520267004634
2005-03-24,1172.530029296875,1180.1099853515625,1171.4200439453125,1171.4200439453125,1721720000,1.0,-0.0009466583574222,0.006167507762142367,1.0689577457093489
2005-03-28,1171.4200439453125,1179.9100341796875,1171.4200439453125,1174.280029296875,1746220000,1.0,0.0024414686826854,0.00617947381967918,1.081695910279859
2005-03-29,1174.280029296875,1179.3900146484375,1163.68994140625,1165.3599853515625,2223250000,1.0,-0.0075961812538475,0.006245775341236995,1.3651342531940427
2005-03-30,1165.3599853515625,1181.5400390625,1165.3599853515625,1181.4100341796875,2097110000,1.0,0.0137726102061785,0.006516568662418526,1.2757473619816568
2005-03-31,1181.4100341796875,1184.530029296875,1179.489990234375,1180.5899658203125,2214230000,1.0,-0.0006941437228814,0.006437590223642335,1.3369523502678338
2005-04-01,1180.5899658203125,1189.800048828125,1169.9100341796875,1172.9200439453125,2168690000,1.0,-0.0064966856377359,0.006315908855243664,1.2989457808774318
2005-04-04,1172.7900390625,1178.6099853515625,1167.719970703125,1176.1199951171875,2079770000,1.0,0.0027281920778772,0.006310639170984987,1.2399271605318063
2005-04-05,1176.1199951171875,1183.56005859375,1176.1199951171875,1181.3900146484375,1870800000,1.0,0.0044808519140302,0.006321296613503975,1.1123277402218852
2005-04-06,1181.3900146484375,1189.3399658203125,1181.3900146484375,1184.0699462890625,1797400000,1.0,0.0022684563162,0.00632585409095817,1.0648518094068111
2005-04-07,1184.0699462890625,1191.8800048828125,1183.81005859375,1191.1400146484375,1900620000,1.0,0.005970988776071,0.00635776596678309,1.1221446896062133
2005-04-08,1191.1400146484375,1191.75,1181.1300048828125,1181.199951171875,1661330000,1.0,-0.0083450000456044,0.006400934273241963,0.9805710783442844
2005-04-11,1181.199951171875,1184.0699462890625,1178.68994140625,1181.2099609375,1525310000,1.0,8.474234709510142e-06,0.006379509917067505,0.9010885063615144
2005-04-12,1181.2099609375,1190.1700439453125,1170.8499755859375,1187.760009765625,1979830000,1.0,0.0055452028383897,0.006319371873722675,1.164947006246888
2005-04-13,1187.760009765625,1187.760009765625,1171.4000244140625,1173.7900390625,2049740000,1.0,-0.0117616105848534,0.006455866696899851,1.2008546482777853
2005-04-14,1173.7900390625,1174.6700439453125,1161.699951171875,1162.050048828125,2355040000,1.0,-0.010001780423824,0.006449064238840876,1.3689210330243247
2005-04-15,1162.050048828125,1162.050048828125,1141.9200439453125,1142.6199951171875,2689960000,1.0,-0.0167204964455117,0.006683952679151021,1.5433581655131088
2005-04-18,1142.6199951171875,1148.9200439453125,1139.800048828125,1145.97998046875,2180670000,1.0,0.0029405973691347,0.00663123621672207,1.242227922309187
2005-04-19,1145.97998046875,1154.6700439453125,1145.97998046875,1152.780029296875,2142700000,1.0,0.0059338286392607,0.006633049814770725,1.2137594219724952
2005-04-20,1152.780029296875,1155.5,1136.1500244140625,1137.5,2217050000,1.0,-0.0132549392846395,0.0068317803426780465,1.2436213256782884
2005-04-21,1137.5,1159.949951171875,1137.5,1159.949951171875,2308560000,1.0,0.0197362208104394,0.00728862260554912,1.2821166454235706
2005-04-22,1159.949951171875,1159.949951171875,1142.949951171875,1152.1199951171875,2045880000,1.0,-0.0067502533594462,0.007309124465509657,1.1295205417511511
2005-04-25,1152.1199951171875,1164.050048828125,1152.1199951171875,1162.0999755859375,1795030000,1.0,0.0086622752066158,0.007399570231290411,0.9877189246534375
2005-04-26,1162.0999755859375,1164.800048828125,1151.8299560546875,1151.8299560546875,1959740000,1.0,-0.0088374664374911,0.007477332845226839,1.0736549400322513
2005-04-27,1151.739990234375,1159.8699951171875,1144.4200439453125,1156.3800048828125,2151520000,1.0,0.0039502782543614,0.007410631396733803,1.1677021842747717
2005-04-28,1156.3800048828125,1156.3800048828125,1143.219970703125,1143.219970703125,2182270000,1.0,-0.0113803716115111,0.007484009842195678,1.1760274848132308
2005-04-29,1143.219970703125,1156.969970703125,1139.18994140625,1156.8499755859375,2362360000,1.0,0.0119224691941215,0.007642925975824687,1.2612211287372797
2005-05-02,1156.8499755859375,1162.8699951171875,1154.7099609375,1162.1600341796875,1980040000,1.0,0.0045901013146154,0.007664713688575688,1.0526125528422092
2005-05-03,1162.1600341796875,1166.8900146484375,1156.7099609375,1161.1700439453125,2167020000,1.0,-0.0008518536219271,0.007517077198220552,1.1445195291151038
2005-05-04,1161.1700439453125,1176.010009765625,1161.1700439453125,1175.6500244140625,2306480000,1.0,0.0124701636459301,0.007702501990270415,1.21099272757515
2005-05-05,1175.6500244140625,1178.6199951171875,1166.77001953125,1172.6300048828125,1997100000,1.0,-0.0025688082920384,0.00770707556065488,1.0431229568845646
2005-05-06,1172.6300048828125,1177.75,1170.5,1171.3499755859375,1707200000,1.0,-0.0010915883881061,0.007632512161420269,0.8899507503590143
2005-05-09,1171.3499755859375,1178.8699951171875,1169.3800048828125,1178.8399658203125,1857020000,1.0,0.0063943231233076,0.007659353997131315,0.9646981426046424
2005-05-10,1178.8399658203125,1178.8399658203125,1162.97998046875,1166.219970703125,1889660000,1.0,-0.0107054354137083,0.007718310570190487,0.9806945895568476
2005-05-11,1166.219970703125,1171.77001953125,1157.7099609375,1171.1099853515625,1834970000,1.0,0.0041930465703561,0.007740816672975414,0.9510588023097372
2005-05-12,1171.1099853515625,1173.3699951171875,1157.760009765625,1159.3599853515625,1995290000,1.0,-0.0100332164757972,0.007821958086721512,1.0295975297378854
2005-05-13,1159.3599853515625,1163.75,1146.1800537109375,1154.050048828125,2188590000,1.0,-0.004580058472371,0.007837169062421892,1.1227113865492548
2005-05-16,1154.050048828125,1165.75,1153.6400146484375,1165.68994140625,1856860000,1.0,0.0100861245922085,0.00790289206757921,0.950393693291332
2005-05-17,1165.68994140625,1174.3499755859375,1159.8599853515625,1173.800048828125,1887260000,1.0,0.0069573452886546,0.007959584888015995,0.9620295854453099
2005-05-18,1173.800048828125,1187.9000244140625,1173.800048828125,1185.56005859375,2266320000,1.0,0.0100187504484821,0.007849728783022042,1.146567385724975
2005-05-19,1185.56005859375,1191.0899658203125,1184.489990234375,1191.0799560546875,1775860000,1.0,0.0046559408112019,0.00783926619491498,0.8977918847370829
2005-05-20,1191.0799560546875,1191.219970703125,1185.18994140625,1189.280029296875,1631750000,1.0,-0.0015111720658741,0.007773195295073249,0.8247053677844788
2005-05-23,1189.280029296875,1197.43994140625,1188.760009765625,1193.8599853515625,1681170000,1.0,0.0038510325086307,0.007692513235478486,0.8477004278512982
2005-05-24,1193.8599853515625,1195.2900390625,1189.8699951171875,1194.0699462890625,1681000000,1.0,0.0001758673044378,0.007649404632717366,0.8455377987587848
2005-05-25,1194.0699462890625,1194.0699462890625,1185.9599609375,1190.010009765625,1742180000,1.0,-0.0034000826635449,0.007623103150053673,0.8743000801743682
2005-05-26,1190.010009765625,1198.949951171875,1190.010009765625,1197.6199951171875,1654110000,1.0,0.0063948918825156,0.0076712825594639775,0.8300951404423561
2005-05-27,1197.6199951171875,1199.56005859375,1195.280029296875,1198.780029296875,1381430000,1.0,0.0009686162425619,0.0076724014885791855,0.6946518700080838
2005-05-31,1198.780029296875,1198.780029296875,1191.5,1191.5,1840680000,1.0,-0.0060728650118946,0.007601354064011523,0.9302981909251198
2005-06-01,1191.5,1205.6400146484375,1191.030029296875,1202.219970703125,1810100000,1.0,0.0089970379379982,0.007688364239243951,0.9149291302699155
2005-06-02,1202.27001953125,1204.6700439453125,1198.4200439453125,1204.2900390625,1813790000,1.0,0.001721871545824,0.007669584364634134,0.9195894728783491
2005-06-03,1204.2900390625,1205.0899658203125,1194.550048828125,1196.02001953125,1627520000,1.0,-0.0068671327196959,0.007607930707453106,0.8303656523149953
2005-06-06,1196.02001953125,1198.780029296875,1192.75,1197.510009765625,1547120000,1.0,0.0012457903797955,0.007605647362349335,0.7907541584206997
2005-06-07,1197.510009765625,1208.8499755859375,1197.260009765625,1197.260009765625,1851370000,1.0,-0.0002087665221678,0.007542553345786853,0.9452444712207351
2005-06-08,1197.260009765625,1201.969970703125,1193.3299560546875,1194.6700439453125,1715490000,1.0,-0.0021632442403379,0.0075108664892215675,0.8804338688434834
2005-06-09,1194.6700439453125,1201.8599853515625,1191.0899658203125,1200.9300537109375,1824120000,1.0,0.005239948718352,0.007478906351567128,0.938816263510036
2005-06-10,1200.9300537109375,1202.7900390625,1192.6400146484375,1198.1099853515625,1664180000,1.0,-0.0023482369773834,0.0074092659145735,0.8613772574416446
2005-06-13,1198.1099853515625,1206.030029296875,1194.510009765625,1200.8199462890625,1661350000,1.0,0.0022618632434689,0.007411225984511132,0.8644525317815803
2005-06-14,1200.8199462890625,1207.530029296875,1200.1800537109375,1203.9100341796875,1698150000,1.0,0.0025733149255009,0.0074171483739137395,0.8871238297712729
2005-06-15,1203.9100341796875,1208.0799560546875,1198.6600341796875,1206.5799560546875,1840440000,1.0,0.0022177087981654,0.007390239510696358,0.9617620619763896
2005-06-16,1206.550048828125,1212.0999755859375,1205.469970703125,1210.9599609375,1776040000,1.0,0.0036300991582309,0.007270576245101128,0.9283156770901555
2005-06-17,1210.9300537109375,1219.550048828125,1210.9300537109375,1216.9599609375,2407370000,1.0,0.0049547468071156,0.007292529049309812,1.2516739280673153
2005-06-20,1216.9599609375,1219.0999755859375,1210.6500244140625,1216.0999755859375,1714530000,1.0,-0.0007066669234541,0.007291706344890818,0.8909498538857413
2005-06-21,1216.0999755859375,1217.1300048828125,1211.8599853515625,1213.6099853515625,1720700000,1.0,-0.0020475209969272,0.007296043941650911,0.892344013007987
2005-06-22,1213.6099853515625,1219.5899658203125,1211.68994140625,1213.8800048828125,1823250000,1.0,0.0002224928391403,0.007217016449305854,0.9470638449592206
2005-06-23,1213.8800048828125,1216.449951171875,1200.719970703125,1200.72998046875,2029920000,1.0,-0.0108330513404675,0.00716079528906966,1.0546330818081509
2005-06-24,1200.72998046875,1200.9000244140625,1191.449951171875,1191.5699462890625,2418800000,1.0,-0.0076287211352144,0.0072326428919632655,1.2558413914066349
2005-06-27,1191.5699462890625,1194.3299560546875,1188.300048828125,1190.68994140625,1738620000,1.0,-0.000738525577582,0.007180563286766757,0.9116982237033987
2005-06-28,1190.68994140625,1202.5400390625,1190.68994140625,1201.5699462890625,1772410000,1.0,0.0091375634449073,0.007264842481692969,0.9334136065910299
2005-06-29,1201.5699462890625,1204.0699462890625,1198.699951171875,1199.8499755859375,1769280000,1.0,-0.0014314361876618,0.007248393577977783,0.9354444561349153
2005-06-30,1199.8499755859375,1203.27001953125,1190.510009765625,1191.3299560546875,2109490000,1.0,-0.0071009040335141,0.007305621665856314,1.1165884812831994
2005-07-01,1191.3299560546875,1197.8900146484375,1191.3299560546875,1194.43994140625,1593820000,1.0,0.0026105155299391,0.007272876695917223,0.850067709086138
2005-07-05,1194.43994140625,1206.3399658203125,1192.489990234375,1204.989990234375,1805820000,1.0,0.0088326323177907,0.007274019416242045,0.9656110868763368
2005-07-06,1204.989990234375,1206.1099853515625,1194.780029296875,1194.93994140625,1883470000,1.0,-0.008340358766109,0.007360170695990867,1.0061805632200769
2005-07-07,1194.93994140625,1198.4599609375,1183.550048828125,1197.8699951171875,1952440000,1.0,0.0024520510273422,0.007333016730644025,1.0431068260764524
2005-07-08,1197.8699951171875,1212.72998046875,1197.199951171875,1211.8599853515625,1900810000,1.0,0.0116790555664652,0.007311077383147471,1.0182508505199759
2005-07-11,1211.8599853515625,1220.030029296875,1211.8599853515625,1219.43994140625,1846300000,1.0,0.0062548117326346,0.007213671801542287,0.9926232015660038
2005-07-12,1219.43994140625,1225.5400390625,1216.5999755859375,1222.2099609375,1932010000,1.0,0.0022715506005615,0.006837407448025988,1.0435321327374645
2005-07-13,1222.2099609375,1224.4599609375,1219.6400146484375,1223.2900390625,1812500000,1.0,0.000883709149426,0.006833411769589573,0.9807565022668056
2005-07-14,1223.2900390625,1233.1600341796875,1223.2900390625,1226.5,2048710000,1.0,0.0026240391362624,0.006807132852631202,1.1099925935838872
2005-07-15,1226.5,1229.530029296875,1223.5,1227.9200439453125,1716400000,1.0,0.0011578018306666,0.0065427141241779915,0.9359312423162194
2005-07-18,1227.9200439453125,1227.9200439453125,1221.1300048828125,1221.1300048828125,1582100000,1.0,-0.0055297078144302,0.006136250633215899,0.8666213773325677
2005-07-19,1221.1300048828125,1230.3399658203125,1221.1300048828125,1229.3499755859375,2041280000,1.0,0.0067314460133292,0.0060990001751324956,1.1140673599024602
2005-07-20,1229.3499755859375,1236.56005859375,1222.9100341796875,1235.199951171875,2063340000,1.0,0.0047585925099558,0.006037475524388342,1.1235766607707218
2005-07-21,1235.199951171875,1235.8299560546875,1224.699951171875,1227.0400390625,2129840000,1.0,-0.0066061467227499,0.005982252435480685,1.1567629277968203
2005-07-22,1227.0400390625,1234.18994140625,1226.1500244140625,1233.6800537109375,1766990000,1.0,0.0054114082972474,0.005997121692250989,0.9604003027642402
2005-07-25,1233.6800537109375,1238.3599853515625,1228.1500244140625,1229.030029296875,1717580000,1.0,-0.0037692304419408,0.005806187381354423,0.9363715680786474
2005-07-26,1229.030029296875,1234.4200439453125,1229.030029296875,1231.1600341796875,1934180000,1.0,0.0017330779818545,0.005634427454970442,1.0573883189691697
2005-07-27,1231.1600341796875,1237.6400146484375,1230.1500244140625,1236.7900390625,1945800000,1.0,0.0045729269359882,0.005634245189572411,1.0627073816819133
2005-07-28,1236.7900390625,1245.1500244140625,1235.81005859375,1243.719970703125,2001680000,1.0,0.0056031593251495,0.005658821731980469,1.091861863175583
2005-07-29,1243.719970703125,1245.0400390625,1234.1800537109375,1234.1800537109375,1789600000,1.0,-0.0076704702158912,0.00557332039095221,0.981281410079892
2005-08-01,1234.1800537109375,1239.0999755859375,1233.800048828125,1235.3499755859375,1716870000,1.0,0.000947934518535,0.00555548378921708,0.9420111733069675
2005-08-02,1235.3499755859375,1244.68994140625,1235.3499755859375,1244.1199951171875,2043120000,1.0,0.0070992186057154,0.00560651685159601,1.1159800597055232
2005-08-03,1244.1199951171875,1245.8599853515625,1240.5699462890625,1245.0400390625,1999980000,1.0,0.0007395138322054,0.005562002977948957,1.0886249745259209
2005-08-04,1245.0400390625,1245.0400390625,1235.1500244140625,1235.8599853515625,1981220000,1.0,-0.0073732999927054,0.0054595867682616,1.074900470169263
2005-08-05,1235.8599853515625,1235.8599853515625,1225.6199951171875,1226.4200439453125,1930280000,1.0,-0.0076383583238716,0.005554475433366732,1.045130075455026
2005-08-08,1226.4200439453125,1232.280029296875,1222.6700439453125,1223.1300048828125,1804140000,1.0,-0.0026826364089062,0.005390474772028928,0.9752484501293726
2005-08-09,1223.1300048828125,1234.1099853515625,1223.1300048828125,1231.3800048828125,1897520000,1.0,0.0067449902848146,0.005393358084204426,1.0200347222072899
2005-08-10,1231.3800048828125,1242.68994140625,1226.5799560546875,1229.1300048828125,2172320000,1.0,-0.0018272182357014,0.005274762691241753,1.163607878628936
2005-08-11,1229.1300048828125,1237.81005859375,1228.3299560546875,1237.81005859375,1941560000,1.0,0.0070619492457717,0.005276816477446017,1.0385381771204085
2005-08-12,1237.81005859375,1237.81005859375,1225.8699951171875,1230.3900146484375,1709300000,1.0,-0.005994493172678,0.005212307079508432,0.91532575433113
2005-08-15,1230.4000244140625,1236.239990234375,1226.199951171875,1233.8699951171875,1562880000,1.0,0.0028283555842611,0.005193701065085967,0.8374980132678874
2005-08-16,1233.8699951171875,1233.8699951171875,1219.050048828125,1219.3399658203125,1820410000,1.0,-0.0117759807389553,0.005428243364667379,0.9726513569491188
2005-08-17,1219.3399658203125,1225.6300048828125,1218.0699462890625,1220.239990234375,1859150000,1.0,0.0007381242633648,0.005409842724498654,0.9932676949799738
2005-08-18,1220.239990234375,1222.6400146484375,1215.9300537109375,1219.02001953125,1808170000,1.0,-0.0009997793162725,0.005412718217897777,0.965075452411309
2005-08-19,1219.02001953125,1225.0799560546875,1219.02001953125,1219.7099609375,1558790000,1.0,0.0005659803737392,0.00539020221459129,0.8343368312403234
2005-08-22,1219.7099609375,1228.9599609375,1216.469970703125,1221.72998046875,1621330000,1.0,0.0016561474415583,0.005335691440525001,0.8682093979719415
2005-08-23,1221.72998046875,1223.0400390625,1214.43994140625,1217.5899658203125,1678620000,1.0,-0.0033886494680674,0.005356688094871945,0.8987215134748263
2005-08-24,1217.5699462890625,1224.1500244140625,1209.3699951171875,1209.5899658203125,1930800000,1.0,-0.0065703563798755,0.005367053231287458,1.0311681081728885
2005-08-25,1209.5899658203125,1213.72998046875,1209.5699462890625,1212.3699951171875,1571110000,1.0,0.0022983237092162,0.005250751339054697,0.8414919126559343
2005-08-26,1212.4000244140625,1212.4000244140625,1204.22998046875,1205.0999755859375,1541090000,1.0,-0.0059965353485569,0.005305938915000378,0.8274957392633194
2005-08-29,1205.0999755859375,1214.280029296875,1201.530029296875,1212.280029296875,1599450000,1.0,0.0059580564736518,0.005281857433722658,0.8663491560699202
2005-08-30,1212.280029296875,1212.280029296875,1201.0699462890625,1208.4100341796875,1916470000,1.0,-0.0031923276995927,0.005298566283120614,1.0357984912614315
2005-08-31,1208.4100341796875,1220.3599853515625,1204.4000244140625,1220.3299560546875,2365510000,1.0,0.0098641367895391,0.00544410607356643,1.269642611205033
2005-09-01,1220.3299560546875,1227.2900390625,1216.1800537109375,1221.5899658203125,2229860000,1.0,0.0010325156400312,0.00543489791733219,1.191633799378687
2005-09-02,1221.5899658203125,1224.449951171875,1217.75,1218.02001953125,1640160000,1.0,-0.002922376893187,0.00541345267599657,0.8801655580166782
2005-09-06,1218.02001953125,1233.6099853515625,1218.02001953125,1233.3900146484375,1932090000,1.0,0.0126188362019719,0.005632123400163421,1.042269616547881
2005-09-07,1233.3900146484375,1237.06005859375,1230.9300537109375,1236.3599853515625,2067700000,1.0,0.0024079736886564,0.0056329298864263065,1.1114784324160156
2005-09-08,1236.3599853515625,1236.3599853515625,1229.510009765625,1231.6700439453125,1955380000,1.0,-0.0037933461627815,0.005653176708625396,1.049038012539228
2005-09-09,1231.6700439453125,1243.1300048828125,1231.6700439453125,1241.47998046875,1992560000,1.0,0.0079647439439332,0.00573269834052261,1.0664297488814198
2005-09-12,1241.47998046875,1242.5999755859375,1239.1500244140625,1240.56005859375,1938050000,1.0,-0.0007409880863746,0.005719896620228049,1.0391626602564104
2005-09-13,1240.5699462890625,1240.5699462890625,1231.199951171875,1231.199951171875,2082360000,1.0,-0.0075450659216654,0.005779209456879174,1.110721139844526
2005-09-14,1231.199951171875,1234.739990234375,1226.1600341796875,1227.1600341796875,1986750000,1.0,-0.0032812842368473,0.005795668219683768,1.0576817320011502
2005-09-15,1227.1600341796875,1231.8800048828125,1224.8499755859375,1227.72998046875,2079340000,1.0,0.0004644433270217,0.005788465382875446,1.1046698804346555
2005-09-16,1228.4200439453125,1237.949951171875,1228.4200439453125,1237.9100341796875,3152470000,1.0,0.008291769259435,0.005881765542002581,1.6536952427574279
2005-09-19,1237.9100341796875,1237.9100341796875,1227.6500244140625,1231.02001953125,2076540000,1.0,-0.0055658444137285,0.005749951540223721,1.087288670026262
2005-09-20,1231.02001953125,1236.489990234375,1220.0699462890625,1221.3399658203125,2319250000,1.0,-0.0078634413391778,0.005755605395930237,1.2083881755993173
2005-09-21,1221.3399658203125,1221.52001953125,1209.8900146484375,1210.199951171875,2548150000,1.0,-0.0091211415004791,0.005884683965824503,1.3191810997533153
2005-09-22,1210.199951171875,1216.6400146484375,1205.3499755859375,1214.6199951171875,2424720000,1.0,0.0036523253376703,0.005786662820845088,1.247374167082249
2005-09-23,1214.6199951171875,1218.8299560546875,1209.800048828125,1215.2900390625,1973020000,1.0,0.0005516490326242,0.005782869048539577,1.0157924521774087
2005-09-26,1215.2900390625,1222.56005859375,1211.8399658203125,1215.6300048828125,2022220000,1.0,0.0002797404811898,0.005702232320855435,1.0378544718860312
2005-09-27,1215.6300048828125,1220.1700439453125,1211.1099853515625,1215.6600341796875,1976270000,1.0,2.470266179210867e-05,0.005694644398443069,1.01018460237134
2005-09-28,1215.6600341796875,1220.97998046875,1212.719970703125,1216.8900146484375,2106980000,1.0,0.0010117799665758,0.0055846932877040584,1.076275066030383
2005-09-29,1216.8900146484375,1228.699951171875,1211.5400390625,1227.6800537109375,2176120000,1.0,0.0088668975278076,0.005581597994393189,1.11031345747137
2005-09-30,1227.6800537109375,1229.5699462890625,1225.219970703125,1228.81005859375,2097520000,1.0,0.0009204392295834,0.005575860047580751,1.0705627600013596
2005-10-03,1228.81005859375,1233.3399658203125,1225.1500244140625,1226.699951171875,2097490000,1.0,-0.0017171957595218,0.005383086038111064,1.0669478776563315
2005-10-04,1226.699951171875,1229.8800048828125,1214.02001953125,1214.469970703125,2341420000,1.0,-0.0099698222512086,0.005481265564081446,1.1835183910838265
2005-10-05,1214.469970703125,1214.469970703125,1196.25,1196.3900146484375,2546780000,1.0,-0.0148871165947561,0.00579646673104757,1.2793984388885522
2005-10-06,1196.3900146484375,1202.1400146484375,1181.9200439453125,1191.489990234375,2792030000,1.0,-0.0040956747833627,0.005814278514835255,1.3907773325655581
2005-10-07,1191.489990234375,1199.7099609375,1191.4599609375,1195.9000244140625,2126080000,1.0,0.0037012767340327,0.005825497020086376,1.057740718997821
2005-10-10,1195.9000244140625,1196.52001953125,1186.1199951171875,1187.3299560546875,2195990000,1.0,-0.007166208031122,0.005886463739063806,1.088121494372216
2005-10-11,1187.3299560546875,1193.0999755859375,1183.1600341796875,1184.8699951171875,2299040000,1.0,-0.0020718427299468,0.005853650101432597,1.1326485206951336
2005-10-12,1184.8699951171875,1190.02001953125,1173.6500244140625,1177.6800537109375,2491280000,1.0,-0.0060681268290019,0.005819315106488539,1.2219618017746523
2005-10-13,1177.6800537109375,1179.56005859375,1168.199951171875,1176.8399658203125,2351150000,1.0,-0.0007133413595465,0.005775048682157955,1.1492694856694603
2005-10-14,1176.8399658203125,1187.1300048828125,1175.43994140625,1186.5699462890625,2188940000,1.0,0.0082678875219603,0.005840026265632906,1.0678109256491508
2005-10-17,1186.5699462890625,1191.2099609375,1184.47998046875,1190.0999755859375,2054570000,1.0,0.0029749862685424,0.0058063021498407025,1.0010485193561935
2005-10-18,1190.0999755859375,1190.0999755859375,1178.1300048828125,1178.1400146484375,2197010000,1.0,-0.0100495430491976,0.005920212547982948,1.0663671468387188
2005-10-19,1178.1400146484375,1195.760009765625,1170.550048828125,1195.760009765625,2703590000,1.0,0.0149557734209082,0.006248823438929131,1.302058450484994
2005-10-20,1195.760009765625,1197.300048828125,1173.300048828125,1177.800048828125,2617250000,1.0,-0.0150197036117809,0.006488327206788397,1.2550979587832016
2005-10-21,1177.800048828125,1186.4599609375,1174.9200439453125,1179.5899658203125,2470920000,1.0,0.001519712105606,0.006441340259893816,1.1789400799453176
2005-10-24,1179.5899658203125,1199.3900146484375,1179.5899658203125,1199.3800048828125,2197790000,1.0,0.016777049344208,0.006768267945854713,1.0437572697184017
2005-10-25,1199.3800048828125,1201.300048828125,1189.2900390625,1196.5400390625,2312470000,1.0,-0.0023678615691029,0.006770163003592343,1.0904563811317334
2005-10-26,1196.5400390625,1204.010009765625,1191.3800048828125,1191.3800048828125,2467750000,1.0,-0.0043124626098851,0.0067128443888402655,1.1566181147183316
2005-10-27,1191.3800048828125,1192.6500244140625,1178.8900146484375,1178.9000244140625,2395370000,1.0,-0.0104752307555955,0.006827253160343666,1.1170791386379075
2005-10-28,1178.9000244140625,1198.4100341796875,1178.9000244140625,1198.4100341796875,2379400000,1.0,0.0165493335835003,0.007133664078501086,1.1037509161587205
2005-10-31,1198.4100341796875,1211.4300537109375,1198.4100341796875,1207.010009765625,2567470000,1.0,0.0071761545219573,0.007138350191696811,1.1799503436165848
2005-11-01,1207.010009765625,1207.3399658203125,1201.6600341796875,1202.760009765625,2457850000,1.0,-0.0035210975597669,0.0071440298544350805,1.1209526033409893
2005-11-02,1202.760009765625,1215.1700439453125,1201.0699462890625,1214.760009765625,2648090000,1.0,0.0099770526976019,0.007209588992691855,1.1971293019354952
2005-11-03,1214.760009765625,1224.699951171875,1214.760009765625,1219.93994140625,2716630000,1.0,0.0042641604917701,0.0072291618314852145,1.2194501178318933
2005-11-04,1219.93994140625,1222.52001953125,1214.449951171875,1220.1400146484375,2050510000,1.0,0.0001640025343845,0.007167933971021485,0.9164954065948016
2005-11-07,1220.1400146484375,1224.1800537109375,1217.2900390625,1222.81005859375,1987580000,1.0,0.002188309467157,0.007133858780756647,0.8848366165423375
2005-11-08,1222.81005859375,1222.81005859375,1216.0799560546875,1218.5899658203125,1965050000,1.0,-0.0034511433266182,0.007136559701648719,0.8719682347170489
2005-11-09,1218.5899658203125,1226.5899658203125,1216.530029296875,1220.6500244140625,2214460000,1.0,0.0016905264703728,0.006975720235413643,0.9800492100249095
2005-11-10,1220.6500244140625,1232.4100341796875,1215.050048828125,1230.9599609375,2378460000,1.0,0.0084462674126324,0.007059240634284801,1.0525097236541345
2005-11-11,1230.9599609375,1235.699951171875,1230.719970703125,1234.719970703125,1773140000,1.0,0.0030545345786563,0.007067250721163294,0.7878296549080933
2005-11-14,1234.719970703125,1237.199951171875,1231.780029296875,1233.760009765625,1899780000,1.0,-0.0007774725932012,0.007068321554641289,0.8421545944010803
2005-11-15,1233.760009765625,1237.93994140625,1226.4100341796875,1229.010009765625,2359370000,1.0,-0.0038500194222557,0.00708502361012945,1.0419394575751604
2005-11-16,1229.010009765625,1232.239990234375,1227.1800537109375,1231.2099609375,2121580000,1.0,0.0017900189212409,0.00707304429225646,0.9364815347283167
2005-11-17,1231.2099609375,1242.9599609375,1231.2099609375,1242.800048828125,2298040000,1.0,0.0094135754731872,0.007114230761599804,1.011313042586628
2005-11-18,1242.800048828125,1249.5799560546875,1240.7099609375,1248.27001953125,2453290000,1.0,0.004401328040084,0.007128525309724822,1.0752745198040137
2005-11-21,1248.27001953125,1255.8900146484375,1246.9000244140625,1254.8499755859375,2117350000,1.0,0.0052712601854831,0.007102545318371047,0.9265760216382972
2005-11-22,1254.8499755859375,1261.9000244140625,1251.4000244140625,1261.22998046875,2291420000,1.0,0.0050842770107506,0.0070924685513599345,1.0009195764601706
2005-11-23,1261.22998046875,1270.6400146484375,1259.510009765625,1265.6099853515625,1985400000,1.0,0.0034728042867999,0.007082905870258857,0.8672566201593351
2005-11-25,1265.6099853515625,1268.780029296875,1265.5400390625,1268.25,724940000,1.0,0.0020859622466586,0.006984615571242013,0.3204579896081681
2005-11-28,1268.25,1268.43994140625,1257.1700439453125,1257.4599609375,2016900000,1.0,-0.0085078171200473,0.007084018996582505,0.900607478029357
2005-11-29,1257.4599609375,1266.1800537109375,1257.4599609375,1257.47998046875,2268340000,1.0,1.5920611289299558e-05,0.007070051659924484,1.0111511291010786
2005-11-30,1257.47998046875,1260.9300537109375,1249.3900146484375,1249.47998046875,2374690000,1.0,-0.0063619303084394,0.006944692415172056,1.0580354986728944
2005-12-01,1249.47998046875,1266.1700439453125,1249.47998046875,1264.6700439453125,2614830000,1.0,0.0121571083282694,0.007108403841966868,1.164337276693199
2005-12-02,1264.6700439453125,1266.8499755859375,1261.4200439453125,1265.0799560546875,2125580000,1.0,0.0003241257364618,0.007087056344040158,0.9490111546470552
2005-12-05,1265.0799560546875,1265.0799560546875,1258.1199951171875,1262.0899658203125,2325840000,1.0,-0.0023634792568365,0.007027129789413254,1.0351603077815408
2005-12-06,1262.0899658203125,1272.8900146484375,1262.0899658203125,1263.699951171875,2110740000,1.0,0.0012756502271342,0.0070268954392480685,0.9386862324062484
2005-12-07,1263.699951171875,1264.8499755859375,1253.02001953125,1257.3699951171875,2093830000,1.0,-0.0050090656795686,0.006986219288900404,0.9301934017544499
2005-12-08,1257.3699951171875,1263.3599853515625,1250.9100341796875,1255.8399658203125,2178300000,1.0,-0.0012168489011322,0.0069729800534923956,0.9671067387844832
2005-12-09,1255.8399658203125,1263.0799560546875,1254.239990234375,1259.3699951171875,1896290000,1.0,0.0028108910314612,0.006979872868901128,0.8439989855757886
2005-12-12,1259.3699951171875,1263.8599853515625,1255.52001953125,1260.4300537109375,1876550000,1.0,0.000841737216116,0.006903825517174215,0.836859212145137
2005-12-13,1260.4300537109375,1272.1099853515625,1258.56005859375,1267.4300537109375,2390020000,1.0,0.0055536600221415,0.006892277075631357,1.0630707007267517
2005-12-14,1267.4300537109375,1275.800048828125,1267.0699462890625,1272.739990234375,2145520000,1.0,0.0041895302292149,0.006819372532925827,0.9559841465397974
2005-12-15,1272.739990234375,1275.1700439453125,1267.739990234375,1270.93994140625,2180590000,1.0,-0.0014143099469935,0.0067026379428402555,0.9747913840313007
2005-12-16,1270.93994140625,1275.239990234375,1267.3199462890625,1267.3199462890625,2584190000,1.0,-0.0028482818103757,0.0067089208527171575,1.1573637407402033
2005-12-19,1267.3199462890625,1270.510009765625,1259.280029296875,1259.9200439453125,2208810000,1.0,-0.0058390167103565,0.006762320961979115,0.988512310923486
2005-12-20,1259.9200439453125,1263.8599853515625,1257.2099609375,1259.6199951171875,1996690000,1.0,-0.0002381491028473,0.00676309795104414,0.8951787788618929
2005-12-21,1259.6199951171875,1269.3699951171875,1259.6199951171875,1262.7900390625,2065170000,1.0,0.0025166668976364,0.006767061344069195,0.9278261864999059
2005-12-22,1262.7900390625,1268.18994140625,1262.5,1268.1199951171875,1888500000,1.0,0.0042207777142782,0.006782579147869546,0.8530735039028621
2005-12-23,1268.1199951171875,1269.760009765625,1265.9200439453125,1268.6600341796875,1285810000,1.0,0.000425858013894,0.006697532551739597,0.5864708993560273
2005-12-27,1268.6600341796875,1271.8299560546875,1256.5400390625,1256.5400390625,1540470000,1.0,-0.009553382932114,0.006823537776538104,0.7068049783164252
2005-12-28,1256.5400390625,1261.0999755859375,1256.5400390625,1258.1700439453125,1422360000,1.0,0.0012972168272717,0.006818819147473899,0.6564214536230555
2005-12-29,1258.1700439453125,1260.6099853515625,1254.1800537109375,1254.4200439453125,1382540000,1.0,-0.0029805192215838,0.006696484486392298,0.6428773436676809
2005-12-30,1254.4200439453125,1254.4200439453125,1246.5899658203125,1248.2900390625,1443500000,1.0,-0.0048867242774062,0.006424378942344585,0.6791827636353645
2006-01-03,1248.2900390625,1270.219970703125,1245.739990234375,1268.800048828125,2554570000,1.0,0.0164304842014348,0.006703595185553689,1.2026628943303284
2006-01-04,1268.800048828125,1275.3699951171875,1267.739990234375,1273.4599609375,2515330000,1.0,0.0036726922525569,0.0067034060576326975,1.1836941754357564
2006-01-05,1273.4599609375,1276.9100341796875,1270.300048828125,1273.47998046875,2433340000,1.0,1.572058161558587e-05,0.006617416326915184,1.1425772904464209
2006-01-06,1273.47998046875,1286.0899658203125,1273.47998046875,1285.449951171875,2446560000,1.0,0.0093994180408858,0.0066869374397649515,1.1473399763775223
2006-01-09,1285.449951171875,1290.780029296875,1284.8199462890625,1290.1500244140625,2301490000,1.0,0.0036563642465448,0.006620856552458782,1.080993565864522
2006-01-10,1290.1500244140625,1290.1500244140625,1283.760009765625,1289.68994140625,2373080000,1.0,-0.0003566120211651,0.006618956058127912,1.1148523201676517
2006-01-11,1289.719970703125,1294.9000244140625,1288.1199951171875,1294.1800537109375,2406130000,1.0,0.0034815440211866,0.006565229084750188,1.1300950985172695
2006-01-12,1294.1800537109375,1294.1800537109375,1285.0400390625,1286.06005859375,2318350000,1.0,-0.0062742391168092,0.0066374594991649655,1.0914212085076573
2006-01-13,1286.06005859375,1288.9599609375,1282.780029296875,1287.6099853515625,2206510000,1.0,0.0012051744764605,0.00646771266244423,1.0412338043221696
2006-01-17,1287.6099853515625,1287.6099853515625,1278.6099853515625,1282.9300537109375,2179970000,1.0,-0.0036345878751066,0.0062540624224579466,1.033274846644261
2006-01-18,1282.9300537109375,1282.9300537109375,1272.0799560546875,1277.9300537109375,2233200000,1.0,-0.0038973286076955,0.005921364605967468,1.063378339461298
2006-01-19,1277.9300537109375,1287.7900390625,1277.9300537109375,1285.0400390625,2444020000,1.0,0.0055636733254031,0.00594596898534081,1.1594191073172124
2006-01-20,1285.0400390625,1285.0400390625,1260.9200439453125,1261.489990234375,2845810000,1.0,-0.0183263152215131,0.006135809342289598,1.339120262534033
2006-01-23,1261.489990234375,1268.18994140625,1261.489990234375,1263.8199462890625,2256070000,1.0,0.0018469873504542,0.006122336706514596,1.0587134102916516
2006-01-24,1263.8199462890625,1271.469970703125,1263.8199462890625,1266.8599853515625,2608720000,1.0,0.0024054368436154,0.0060861484161428715,1.2196894054140386
2006-01-25,1266.8599853515625,1271.8699951171875,1259.4200439453125,1264.6800537109375,2617060000,1.0,-0.0017207360448914,0.005907665488661935,1.2208648245792288
2006-01-26,1264.6800537109375,1276.43994140625,1264.6800537109375,1273.8299560546875,2856780000,1.0,0.0072349542612786,0.00561216555136578,1.319355554401999
2006-01-27,1273.8299560546875,1286.3800048828125,1273.8299560546875,1283.719970703125,2623620000,1.0,0.0077639991126201,0.005623572844596502,1.2036272597200097
2006-01-30,1283.719970703125,1287.93994140625,1283.510009765625,1285.18994140625,2282730000,1.0,0.0011450867297171,0.005591558673517241,1.0479755015589733
2006-01-31,1285.199951171875,1285.199951171875,1276.8499755859375,1280.0799560546875,2708310000,1.0,-0.0039760545791163,0.0055064915499756974,1.236692126761959
2006-02-01,1280.0799560546875,1283.3299560546875,1277.5699462890625,1282.4599609375,2589410000,1.0,0.0018592626746127,0.00549023030210405,1.1792610077901788
2006-02-02,1282.4599609375,1282.4599609375,1267.719970703125,1270.8399658203125,2565300000,1.0,-0.0090607079137917,0.005636915523441052,1.167090212483848
2006-02-03,1270.8399658203125,1270.8699951171875,1261.02001953125,1264.030029296875,2282210000,1.0,-0.0053586106091979,0.005686993935887446,1.0367424606185411
2006-02-06,1264.030029296875,1267.0400390625,1261.6199951171875,1265.02001953125,2132360000,1.0,0.0007832015153355,0.005662485574067718,0.9700717868407867
2006-02-07,1265.02001953125,1265.780029296875,1253.6099853515625,1254.780029296875,2366370000,1.0,-0.0080947258353819,0.0057715564729418955,1.0728109872035383
2006-02-08,1254.780029296875,1266.469970703125,1254.780029296875,1265.6500244140625,2456860000,1.0,0.0086628690793546,0.005776691650152801,1.0966145219139902
2006-02-09,1265.6500244140625,1274.56005859375,1262.800048828125,1263.780029296875,2441920000,1.0,-0.0014774977925301,0.005772081364527659,1.085826309766425
2006-02-10,1263.8199462890625,1269.8900146484375,1254.97998046875,1266.989990234375,2290050000,1.0,0.0025399680823299,0.005776457681242961,1.0180990948896542
2006-02-13,1266.989990234375,1266.989990234375,1258.3399658203125,1262.8599853515625,1850080000,1.0,-0.0032596981149382,0.005769491709762383,0.8263539961733871
2006-02-14,1262.8599853515625,1278.2099609375,1260.800048828125,1275.530029296875,2437940000,1.0,0.0100328176458812,0.005898174179992844,1.0906501069874457
2006-02-15,1275.530029296875,1281.0,1271.06005859375,1280.0,2317590000,1.0,0.0035044025624304,0.005797095398191981,1.0350315200076887
2006-02-16,1280.0,1289.3900146484375,1280.0,1289.3800048828125,2251490000,1.0,0.0073281288146973,0.00584254527656961,1.0061795743790103
2006-02-17,1289.3800048828125,1289.469970703125,1284.0699462890625,1287.239990234375,2128260000,1.0,-0.0016597237744756,0.005816215677384546,0.9509597935239507
2006-02-21,1287.239990234375,1291.9200439453125,1281.3299560546875,1283.030029296875,2104320000,1.0,-0.0032705330547829,0.005803174758468716,0.940174667182314
2006-02-22,1283.030029296875,1294.1700439453125,1283.030029296875,1292.6700439453125,2222380000,1.0,0.007513475466915,0.005863721967007782,0.9925309409478077
2006-02-23,1292.6700439453125,1293.8399658203125,1285.1400146484375,1287.7900390625,2144210000,1.0,-0.0037751357399127,0.005883431001879449,0.9555037328730253
2006-02-24,1287.7900390625,1292.1099853515625,1285.6199951171875,1289.4300537109375,1933010000,1.0,0.0012735108974994,0.005770463189400801,0.8609554748022396
2006-02-27,1289.4300537109375,1297.5699462890625,1289.4300537109375,1294.1199951171875,1975320000,1.0,0.0036372204857118,0.00578492666825788,0.8830623270372323
2006-02-28,1294.1199951171875,1294.1199951171875,1278.6600341796875,1280.6600341796875,2370860000,1.0,-0.0104008600348386,0.0058886412929400845,1.0577564673291442
2006-03-01,1280.6600341796875,1291.800048828125,1280.6600341796875,1291.239990234375,2308320000,1.0,0.0082613306984817,0.005777550589877821,1.0286818965943674
2006-03-02,1291.239990234375,1291.239990234375,1283.2099609375,1289.1400146484375,2494590000,1.0,-0.0016263247744955,0.005783257396773954,1.112579928256905
2006-03-03,1289.1400146484375,1297.3299560546875,1284.199951171875,1287.22998046875,2152950000,1.0,-0.0014816343903563,0.005777412534105311,0.9606881560597181
2006-03-06,1287.22998046875,1288.22998046875,1275.6700439453125,1278.260009765625,2280190000,1.0,-0.006968428982565,0.005852454139297881,1.0148973628131108
2006-03-07,1278.260009765625,1278.260009765625,1271.1099853515625,1275.8800048828125,2268050000,1.0,-0.0018619098341728,0.0058189125922480335,1.0076740596382388
2006-03-08,1275.8800048828125,1280.3299560546875,1268.4200439453125,1278.469970703125,2442870000,1.0,0.0020299446737943,0.0058200401411871725,1.0800247654059607
2006-03-09,1278.469970703125,1282.739990234375,1272.22998046875,1272.22998046875,2140110000,1.0,-0.0048808265953584,0.005848758398923287,0.9390768769558342
2006-03-10,1272.22998046875,1284.3699951171875,1271.1099853515625,1281.4200439453125,2123450000,1.0,0.0072235866294996,0.005918496100806696,0.9270236440033626
2006-03-13,1281.5799560546875,1287.3699951171875,1281.5799560546875,1284.1300048828125,2070330000,1.0,0.0021148107915935,0.005883230010802724,0.8987485423710625
2006-03-14,1284.1300048828125,1298.1400146484375,1282.6700439453125,1297.47998046875,2165270000,1.0,0.0103961246409438,0.006007194417507983,0.9336181526893215
2006-03-15,1297.47998046875,1304.4000244140625,1294.969970703125,1303.02001953125,2293000000,1.0,0.0042698455050524,0.006023878303456989,0.98150238265803
2006-03-16,1303.02001953125,1310.449951171875,1303.02001953125,1305.3299560546875,2292180000,1.0,0.0017727559736715,0.0060107361850440634,0.9833602935365955
2006-03-17,1305.3299560546875,1309.7900390625,1305.3199462890625,1307.25,2549620000,1.0,0.0014709261335852,0.005953669569721259,1.0934820301688193
2006-03-20,1307.25,1310.0,1303.5899658203125,1305.0799560546875,1976830000,1.0,-0.0016600068428476,0.005960019124884747,0.8511565572979238
2006-03-21,1305.0799560546875,1310.8800048828125,1295.8199462890625,1297.22998046875,2147370000,1.0,-0.0060149384330967,0.006015241140989004,0.9269736258203188
2006-03-22,1297.22998046875,1305.969970703125,1295.81005859375,1305.0400390625,2039810000,1.0,0.006020565906847,0.006038722508016866,0.8825361328371749
2006-03-23,1305.0400390625,1305.0400390625,1298.1099853515625,1301.6700439453125,1980940000,1.0,-0.0025822925092845,0.00605179100298666,0.859983798300124
2006-03-24,1301.6700439453125,1306.530029296875,1298.8900146484375,1302.949951171875,2326070000,1.0,0.0009832808494871,0.005907869394720638,1.0105172302339047
2006-03-27,1302.949951171875,1303.739990234375,1299.0899658203125,1301.6099853515625,2029700000,1.0,-0.0010284092793489,0.0059109913806972315,0.8839818756059764
2006-03-28,1301.6099853515625,1306.239990234375,1291.8399658203125,1293.22998046875,2148580000,1.0,-0.0064381842311612,0.0059629490350492685,0.9362293180983535
2006-03-29,1293.22998046875,1305.5999755859375,1293.22998046875,1302.8900146484375,2143540000,1.0,0.0074696955109145,0.005986192218246743,0.9343298053361158
2006-03-30,1302.8900146484375,1310.1500244140625,1296.719970703125,1300.25,2294560000,1.0,-0.0020262759087533,0.005629373153636363,0.9996219441099389
2006-03-31,1300.25,1303.0,1294.8699951171875,1294.8699951171875,2236710000,1.0,-0.004137669588781,0.005643257890804521,0.9761829362222435
2006-04-03,1302.8800048828125,1309.18994140625,1296.6500244140625,1297.81005859375,2494080000,1.0,0.0022705472268638,0.005648881091440002,1.091860906460641
2006-04-04,1297.81005859375,1307.550048828125,1294.7099609375,1305.9300537109375,2147660000,1.0,0.0062566899242451,0.005577490620050459,0.9410980900396604
2006-04-05,1305.9300537109375,1312.81005859375,1304.8199462890625,1311.56005859375,2420020000,1.0,0.0043111075258694,0.00558484650137077,1.0622020372339995
2006-04-06,1311.56005859375,1311.989990234375,1302.43994140625,1309.0400390625,2281680000,1.0,-0.0019213908770231,0.005591565296212492,1.004438639033364
2006-04-07,1309.0400390625,1314.0699462890625,1294.1800537109375,1295.5,2082470000,1.0,-0.0103434873330513,0.005739605230847132,0.9230352584602441
2006-04-10,1295.510009765625,1300.739990234375,1293.1700439453125,1296.6199951171875,1898320000,1.0,0.0008645273000289,0.005680324013400965,0.8468574971950901
2006-04-11,1296.5999755859375,1300.7099609375,1282.9599609375,1286.5699462890625,2232880000,1.0,-0.007750959314195,0.0057691654910749035,0.9965509361744669
2006-04-12,1286.5699462890625,1290.9300537109375,1286.449951171875,1288.1199951171875,1938100000,1.0,0.0012047917274888,0.0057512498533911355,0.8709764022513353
2006-04-13,1288.1199951171875,1292.0899658203125,1283.3699951171875,1289.1199951171875,1891940000,1.0,0.0007763251900372,0.0057280218437275815,0.8555958102333228
2006-04-17,1289.1199951171875,1292.449951171875,1280.739990234375,1285.3299560546875,1794650000,1.0,-0.0029400203835605,0.005697210345490084,0.8172949102790393
2006-04-18,1285.3299560546875,1309.02001953125,1285.3299560546875,1307.280029296875,2595440000,1.0,0.0170773840124003,0.005597409742834812,1.1786171964474008
2006-04-19,1307.6500244140625,1310.3900146484375,1302.7900390625,1309.9300537109375,2447310000,1.0,0.0020271283540433,0.005598132856227069,1.1081798854829616
2006-04-20,1309.9300537109375,1318.1600341796875,1306.3800048828125,1311.4599609375,2512920000,1.0,0.0011679304724923,0.005593694276070324,1.1363809027664724
2006-04-21,1311.4599609375,1317.6700439453125,1306.5899658203125,1311.280029296875,2392630000,1.0,-0.000137199492157,0.005586327324496948,1.0826128297287565
2006-04-24,1311.280029296875,1311.280029296875,1303.7900390625,1308.1099853515625,2117330000,1.0,-0.0024175186645771,0.005531274318764737,0.96086804277951
2006-04-25,1308.1099853515625,1310.7900390625,1299.1700439453125,1301.739990234375,2366380000,1.0,-0.0048696173781408,0.005488729588461998,1.0731462561418235
2006-04-26,1301.739990234375,1310.969970703125,1301.739990234375,1305.4100341796875,2502690000,1.0,0.002819337173971,0.005497620683214264,1.1282839700173803
2006-04-27,1305.4100341796875,1315.0,1295.5699462890625,1309.719970703125,2772010000,1.0,0.0033015959817912,0.005482501512630884,1.2459480988078226
2006-04-28,1309.719970703125,1316.0400390625,1306.1600341796875,1310.6099853515625,2419920000,1.0,0.0006795457566091,0.005479280570337564,1.086692942154051
2006-05-01,1310.6099853515625,1317.2099609375,1303.4599609375,1305.18994140625,2437040000,1.0,-0.004135512475787,0.005371329600306643,1.0925601595353742
2006-05-02,1305.18994140625,1313.6600341796875,1305.18994140625,1313.2099609375,2403470000,1.0,0.0061447144793416,0.0053654614363781925,1.0748579121620607
2006-05-03,1313.2099609375,1313.469970703125,1303.9200439453125,1308.1199951171875,2395230000,1.0,-0.003875972595181,0.005397130196751776,1.0683929763497906
2006-05-04,1307.8499755859375,1315.1400146484375,1307.8499755859375,1312.25,2431450000,1.0,0.0031572064475955,0.0052851793113565335,1.0825298746990981
2006-05-05,1312.25,1326.530029296875,1312.25,1325.760009765625,2294760000,1.0,0.0102953017836731,0.005330556505342473,1.0203049923875953
2006-05-08,1325.760009765625,1326.699951171875,1322.8699951171875,1324.6600341796875,2151300000,1.0,-0.0008296943472687,0.005326545511461837,0.9546661175846188
2006-05-09,1324.6600341796875,1326.5999755859375,1322.47998046875,1325.1400146484375,2157290000,1.0,0.0003623423794523,0.005321894442973741,0.9557806411012657
2006-05-10,1324.5699462890625,1325.510009765625,1317.43994140625,1322.8499755859375,2268550000,1.0,-0.0017281487519698,0.005305926522830429,1.0059860281664559
2006-05-11,1322.6300048828125,1322.6300048828125,1303.449951171875,1305.9200439453125,2531520000,1.0,-0.0127980738202199,0.005448413981711964,1.1203819297166047
2006-05-12,1305.8800048828125,1305.8800048828125,1290.3800048828125,1291.239990234375,2567970000,1.0,-0.0112411581237298,0.005635679506461587,1.135775999711276
2006-05-15,1291.18994140625,1294.81005859375,1284.510009765625,1294.5,2505660000,1.0,0.0025247125168679,0.0055658312104472215,1.1047703366391288
2006-05-16,1294.5,1297.8800048828125,1288.510009765625,1292.0799560546875,2386210000,1.0,-0.0018694816109019,0.005567009036338666,1.0511209487060236
2006-05-17,1291.72998046875,1291.72998046875,1267.31005859375,1270.3199462890625,2830200000,1.0,-0.0168410706037638,0.0059666739391073175,1.2405538282539093
2006-05-18,1270.25,1274.8900146484375,1261.75,1261.81005859375,2537490000,1.0,-0.0066990113161429,0.005939397757090029,1.1113292171726727
2006-05-19,1261.81005859375,1272.1500244140625,1256.280029296875,1267.030029296875,2982300000,1.0,0.0041368910222054,0.0059506811626795246,1.296575168622594
2006-05-22,1267.030029296875,1268.77001953125,1252.97998046875,1262.0699462890625,2773010000,1.0,-0.0039147320056533,0.005965793689675667,1.198814004137601
2006-05-23,1262.06005859375,1273.6700439453125,1256.1500244140625,1256.5799560546875,2605250000,1.0,-0.0043499888817711,0.005964657767354055,1.1211036350308814
2006-05-24,1256.56005859375,1264.530029296875,1245.3399658203125,1258.5699462890625,2999030000,1.0,0.0015836558786301,0.005825608215836222,1.2813621901700207
2006-05-25,1258.4100341796875,1273.260009765625,1258.4100341796875,1272.8800048828125,2372730000,1.0,0.0113700939991008,0.0059159255149169145,1.0130797371243536
2006-05-26,1272.7099609375,1280.5400390625,1272.5,1280.1600341796875,1814020000,1.0,0.0057193366766297,0.005962186158614811,0.7777039619764404
2006-05-30,1280.0400390625,1280.0400390625,1259.8699951171875,1259.8699951171875,2176190000,1.0,-0.0158496113929237,0.006297754727830638,0.9359698540797282
2006-05-31,1259.3800048828125,1270.0899658203125,1259.3800048828125,1270.0899658203125,2692160000,1.0,0.0081119248356846,0.006329516597013227,1.1508051652179296
2006-06-01,1270.050048828125,1285.7099609375,1269.18994140625,1285.7099609375,2360160000,1.0,0.012298337548946,0.006523247181950941,1.0070546220972232
2006-06-02,1285.7099609375,1290.6800537109375,1280.219970703125,1288.219970703125,2295540000,1.0,0.0019522363844757,0.006522875081619641,0.977349058295567
2006-06-05,1288.1600341796875,1288.1600341796875,1264.6600341796875,1265.2900390625,2313470000,1.0,-0.0177997020401023,0.006894316198660692,0.9822017721213091
2006-06-06,1265.22998046875,1269.8800048828125,1254.4599609375,1263.8499755859375,2697650000,1.0,-0.0011381291499216,0.006828629918895041,1.1417061469765366
2006-06-07,1263.6099853515625,1272.469970703125,1255.77001953125,1256.1500244140625,2644170000,1.0,-0.0060924566369557,0.006863443255439541,1.1132818618130473
2006-06-08,1256.0799560546875,1259.8499755859375,1235.1800537109375,1257.9300537109375,3543790000,1.0,0.0014170515163627,0.006721724810269124,1.4747253140531258
2006-06-09,1257.9300537109375,1262.5799560546875,1250.030029296875,1252.300048828125,2214000000,1.0,-0.0044756104412989,0.0067114948876926,0.9208018112595845
2006-06-12,1252.27001953125,1255.219970703125,1236.4300537109375,1237.43994140625,2247010000,1.0,-0.0118662515710837,0.006857794688743239,0.9349004308428063
2006-06-13,1236.0799560546875,1243.3699951171875,1222.52001953125,1223.68994140625,3215770000,1.0,-0.0111116503839161,0.006976460772514514,1.3271544153904136
2006-06-14,1223.6600341796875,1231.4599609375,1219.2900390625,1230.0400390625,2667990000,1.0,0.0051893028138749,0.007022632805735679,1.0995062670855795
2006-06-15,1230.010009765625,1258.6400146484375,1230.010009765625,1256.1600341796875,2775480000,1.0,0.0212350771419564,0.0075515590401631135,1.1379157235215906
2006-06-16,1256.1600341796875,1256.27001953125,1246.3299560546875,1251.5400390625,2783390000,1.0,-0.0036778714427134,0.007513146258284689,1.1377686932544306
2006-06-19,1251.5400390625,1255.9300537109375,1237.1700439453125,1240.1300048828125,2517200000,1.0,-0.0091167951672042,0.007588326243821018,1.0269805564005383
2006-06-20,1240.1199951171875,1249.010009765625,1238.8699951171875,1240.1199951171875,2232950000,1.0,-8.071545390841983e-06,0.0075855037998630295,0.9098935062547309
2006-06-21,1240.0899658203125,1257.9599609375,1240.0899658203125,1252.199951171875,2361230000,1.0,0.0097409574091626,0.007706340014336811,0.958549473100834
2006-06-22,1251.9200439453125,1251.9200439453125,1241.530029296875,1245.5999755859375,2148180000,1.0,-0.0052707042351829,0.007692851274618386,0.8726612059768546
2006-06-23,1245.5899658203125,1253.1300048828125,1241.4300537109375,1244.5,2017270000,1.0,-0.000883088959134,0.0076196440933083975,0.8189544930103856
2006-06-26,1244.5,1250.9200439453125,1243.6800537109375,1250.56005859375,1878580000,1.0,0.0048694725542386,0.007651780101882178,0.7627330185141546
2006-06-27,1250.550048828125,1253.3699951171875,1238.93994140625,1239.199951171875,2203130000,1.0,-0.0090840158725757,0.007716686998174845,0.891548168844646
2006-06-28,1238.989990234375,1247.06005859375,1237.5899658203125,1246.0,2085490000,1.0,0.0054874508522166,0.007748804768426281,0.8474399956374206
2006-06-29,1245.93994140625,1272.8800048828125,1245.93994140625,1272.8699951171875,2621250000,1.0,0.0215650041068919,0.008217869803205363,1.0636427845029894
2006-06-30,1272.8599853515625,1276.300048828125,1270.199951171875,1270.199951171875,3049560000,1.0,-0.0020976564421778,0.008197300296696878,1.232075263591044
2006-07-03,1270.06005859375,1280.3800048828125,1270.06005859375,1280.18994140625,1114470000,1.0,0.0078648957789349,0.00826563344995241,0.4549641166734937
2006-07-05,1280.050048828125,1280.050048828125,1265.9100341796875,1270.9100341796875,2165070000,1.0,-0.0072488518511314,0.00821161889178457,0.8835099765659106
2006-07-06,1270.5799560546875,1278.3199462890625,1270.5799560546875,1274.0799560546875,2009160000,1.0,0.002494214216387,0.00821818238765067,0.8222843999983301
2006-07-07,1274.0799560546875,1275.3800048828125,1263.1300048828125,1265.47998046875,1988150000,1.0,-0.006749949675504,0.00820371887942845,0.8171271729606879
2006-07-10,1265.4599609375,1274.06005859375,1264.4599609375,1267.3399658203125,1854590000,1.0,0.0014697864685884,0.00820458248003513,0.7680259935918806
2006-07-11,1267.260009765625,1273.6400146484375,1259.6500244140625,1272.4300537109375,2310850000,1.0,0.004016355538295,0.008222015502404168,0.9578384456460411
2006-07-12,1272.3900146484375,1273.31005859375,1257.2900390625,1258.5999755859375,2250450000,1.0,-0.0108690281911101,0.008330073743784455,0.9342479881775254
2006-07-13,1258.5799560546875,1258.5799560546875,1241.4300537109375,1242.280029296875,2545760000,1.0,-0.0129667460715345,0.008168228653106218,1.055595398662908
2006-07-14,1242.2900390625,1242.699951171875,1228.449951171875,1236.199951171875,2467120000,1.0,-0.0048942895173492,0.008176253699455347,1.022377922949026
2006-07-17,1236.199951171875,1240.0699462890625,1231.489990234375,1234.489990234375,2146410000,1.0,-0.0013832397711057,0.008171779347240537,0.89158154713933
2006-07-18,1234.47998046875,1239.8599853515625,1224.5400390625,1236.8599853515625,2481750000,1.0,0.0019198172005732,0.008179663837313292,1.0292770479119082
2006-07-19,1236.739990234375,1261.81005859375,1236.739990234375,1259.81005859375,2701980000,1.0,0.0185551101288674,0.008554978198772255,1.1155194593942956
2006-07-20,1259.81005859375,1262.56005859375,1249.1300048828125,1249.1300048828125,2345580000,1.0,-0.0084775110645322,0.008598133100229331,0.9668755728197154
2006-07-21,1249.1199951171875,1250.9599609375,1238.719970703125,1240.2900390625,2704090000,1.0,-0.0070768981497181,0.008625309201480247,1.1106695233143706
2006-07-24,1240.25,1262.5,1240.25,1260.9100341796875,2312720000,1.0,0.0166251396590861,0.0089002390782301,0.9516298706573082
2006-07-25,1260.9100341796875,1272.3900146484375,1257.18994140625,1268.8800048828125,2563930000,1.0,0.0063208083741757,0.008943610927676354,1.055031952622011
2006-07-26,1268.8699951171875,1273.8900146484375,1261.93994140625,1268.4000244140625,2667710000,1.0,-0.0003782709688094,0.008930868403116549,1.0962743659902998
2006-07-27,1268.199951171875,1275.8499755859375,1261.9200439453125,1263.199951171875,2776710000,1.0,-0.0040997107711265,0.008900776881417168,1.1374165650381027
2006-07-28,1263.1500244140625,1280.4200439453125,1263.1500244140625,1278.550048828125,2480420000,1.0,0.0121517560557293,0.009040452113954251,1.0189679996345482
2006-07-31,1278.530029296875,1278.6600341796875,1274.31005859375,1276.6600341796875,2461300000,1.0,-0.0014782484660414,0.009029852091231314,1.011746752631228
2006-08-01,1278.530029296875,1278.6600341796875,1265.7099609375,1270.9200439453125,2527690000,1.0,-0.004496099259552,0.008933806340929487,1.0429350802217763
2006-08-02,1270.72998046875,1283.4200439453125,1270.72998046875,1277.4100341796875,2610750000,1.0,0.0051065291363476,0.008964764377378668,1.0786502648751066
2006-08-03,1278.219970703125,1283.9599609375,1271.25,1280.27001953125,2728440000,1.0,0.0022388937577111,0.008971328085556894,1.126128412912761
2006-08-04,1280.260009765625,1292.9200439453125,1273.8199462890625,1279.3599853515625,2530970000,1.0,-0.0007108142546528,0.00896999506665389,1.04867700638818
2006-08-07,1279.31005859375,1279.31005859375,1273.0,1275.77001953125,2045660000,1.0,-0.0028060638611625,0.00882979249786049,0.8498981614553074
2006-08-08,1275.6700439453125,1282.75,1268.3699951171875,1271.47998046875,2457840000,1.0,-0.0033627056576202,0.008723034663743258,1.0157104013697527
2006-08-09,1271.1300048828125,1283.739990234375,1264.72998046875,1265.949951171875,2555180000,1.0,-0.0043492853853949,0.008731516462926537,1.0526392111010474
2006-08-10,1265.719970703125,1272.550048828125,1261.300048828125,1271.81005859375,2402190000,1.0,0.0046290198253495,0.008752429543629946,0.991982999697721
2006-08-11,1271.6400146484375,1271.6400146484375,1262.0799560546875,1266.739990234375,2004540000,1.0,-0.0039864980820965,0.008492290610423284,0.8302120413258013
2006-08-14,1266.6700439453125,1278.9000244140625,1266.6700439453125,1268.2099609375,2118020000,1.0,0.0011604360124866,0.008447890956431031,0.8785033828282498
2006-08-15,1268.18994140625,1286.22998046875,1268.18994140625,1285.5799560546875,2334100000,1.0,0.0136964663992602,0.008613469775106417,0.9679624781730495
2006-08-16,1285.27001953125,1296.2099609375,1285.27001953125,1295.4300537109375,2554570000,1.0,0.0076619875798926,0.008647538633391622,1.060651140991862
2006-08-17,1295.3699951171875,1300.780029296875,1292.7099609375,1297.47998046875,2458340000,1.0,0.0015824295197877,0.008625362032697696,1.022274178097948
2006-08-18,1297.47998046875,1302.300048828125,1293.5699462890625,1302.300048828125,2033910000,1.0,0.0037149462280208,0.0086339896448111,0.8565353507023142
2006-08-21,1302.300048828125,1302.300048828125,1295.510009765625,1297.52001953125,1759240000,1.0,-0.0036704515992119,0.008533932644886624,0.7437128691022399
2006-08-22,1297.52001953125,1302.489990234375,1294.43994140625,1298.8199462890625,1908740000,1.0,0.0010018548756436,0.008505358912181847,0.8092279303998012
2006-08-23,1298.72998046875,1301.5,1289.8199462890625,1292.989990234375,1893670000,1.0,-0.0044886560845824,0.008263280609106334,0.8119409911882619
2006-08-24,1292.969970703125,1297.22998046875,1291.4000244140625,1296.06005859375,1930320000,1.0,0.002374394529395,0.008206301938476235,0.8329241318960511
2006-08-25,1295.9200439453125,1298.8800048828125,1292.3900146484375,1295.0899658203125,1667580000,1.0,-0.00074849368824,0.0080563686870402,0.726499152204182
2006-08-28,1295.0899658203125,1305.02001953125,1293.969970703125,1301.780029296875,1834920000,1.0,0.0051657133119127,0.008079181977672777,0.806064115597533
2006-08-29,1301.5699462890625,1305.02001953125,1295.2900390625,1304.280029296875,2093720000,1.0,0.0019204473442031,0.007727728972950985,0.9231874951773097
2006-08-30,1303.699951171875,1306.739990234375,1302.1500244140625,1305.3699951171875,2060690000,1.0,0.0008356838990319,0.00772468560040186,0.9100059095250044
2006-08-31,1304.25,1306.1099853515625,1302.449951171875,1303.8199462890625,1974540000,1.0,-0.0011874402153588,0.007678821160929586,0.8749500386840168
2006-09-01,1303.800048828125,1312.030029296875,1303.800048828125,1311.010009765625,1800520000,1.0,0.0055146138061676,0.0077039402179023275,0.8003048102918633
2006-09-05,1310.93994140625,1314.6700439453125,1308.8199462890625,1313.25,2114480000,1.0,0.0017085988800158,0.0076745890647707225,0.9390439469618344
2006-09-06,1313.0400390625,1313.0400390625,1299.280029296875,1300.260009765625,2329870000,1.0,-0.0098914831405862,0.007623319366688486,1.0305680896730962
2006-09-07,1300.2099609375,1301.25,1292.1300048828125,1294.02001953125,2325850000,1.0,-0.0047990326454012,0.007497908573027694,1.0276742329459143
2006-09-08,1294.02001953125,1300.1400146484375,1294.02001953125,1298.9200439453125,2132890000,1.0,0.003786668165951,0.007486674827181348,0.942020485077679
2006-09-11,1298.8599853515625,1302.3599853515625,1290.9300537109375,1299.5400390625,2506430000,1.0,0.0004773158440949,0.00699629655428496,1.1081235127342488
2006-09-12,1299.530029296875,1314.280029296875,1299.530029296875,1313.0,2791580000,1.0,0.0103574807492734,0.007085253359536138,1.2370136125647027
2006-09-13,1312.739990234375,1319.9200439453125,1311.1199951171875,1318.0699462890625,2597220000,1.0,0.0038613452315785,0.006973860981165086,1.135960753759178
2006-09-14,1318.0,1318.0,1313.25,1316.280029296875,2351220000,1.0,-0.001357983312818,0.006979475399148066,1.0266945293611527
2006-09-15,1316.280029296875,1324.6500244140625,1316.280029296875,1319.6600341796875,3198030000,1.0,0.0025678463606395,0.006888361345032037,1.3821163087935222
2006-09-18,1319.8499755859375,1324.8699951171875,1318.1600341796875,1321.1800537109375,2325080000,1.0,0.0011518266007009,0.006840611343884507,1.0019291535924797
2006-09-19,1321.1700439453125,1322.0400390625,1312.1700439453125,1317.6400146484375,2390850000,1.0,-0.0026794523975416,0.006852935884249346,1.0255311950045305
2006-09-20,1318.280029296875,1328.530029296875,1318.280029296875,1325.1800537109375,2543070000,1.0,0.0057223816662184,0.006862029196603674,1.0886556555795512
2006-09-21,1324.8900146484375,1328.18994140625,1315.449951171875,1318.030029296875,2627440000,1.0,-0.0053955116469193,0.0067863588768692605,1.1211546291664913
2006-09-22,1318.030029296875,1318.030029296875,1310.93994140625,1314.780029296875,2162880000,1.0,-0.00246580117885,0.006775899543468121,0.9259478863199985
2006-09-25,1314.780029296875,1329.3499755859375,1311.5799560546875,1326.3699951171875,2710240000,1.0,0.0088151368001159,0.00630068971542648,1.157867241897719
2006-09-26,1326.3499755859375,1336.5999755859375,1325.300048828125,1336.3499755859375,2673350000,1.0,0.0075242809363071,0.006350377290393953,1.1369879641359373
2006-09-27,1336.1199951171875,1340.0799560546875,1333.5400390625,1336.5899658203125,2749190000,1.0,0.0001795863649189,0.006283980772654221,1.1665892247534058
2006-09-28,1336.56005859375,1340.280029296875,1333.75,1338.8800048828125,2397820000,1.0,0.0017133444968626,0.006196822812316056,1.0201224255822685
2006-09-29,1339.1500244140625,1339.8800048828125,1335.6400146484375,1335.8499755859375,2273430000,1.0,-0.0022631074374287,0.006206344709333181,0.9677963974644018
2006-10-02,1335.8199462890625,1338.5400390625,1330.280029296875,1331.3199462890625,2154480000,1.0,-0.0033911212933084,0.006151924663514914,0.9214714288170507
2006-10-03,1331.3199462890625,1338.31005859375,1327.0999755859375,1334.1099853515625,2682690000,1.0,0.0020956938790537,0.0061534993720770695,1.1437672192458195
2006-10-04,1333.81005859375,1350.199951171875,1331.47998046875,1350.199951171875,3019880000,1.0,0.0120604492860252,0.006308778915154111,1.2825420824299618
2006-10-05,1349.8399658203125,1353.7900390625,1347.75,1353.219970703125,2817240000,1.0,0.0022367202195709,0.0061144519309492065,1.1949632074304855
2006-10-06,1353.219970703125,1353.219970703125,1344.2099609375,1349.5899658203125,2523000000,1.0,-0.0026824943182935,0.005848164154825088,1.0724663333562023
2006-10-09,1349.5799560546875,1352.68994140625,1346.550048828125,1350.6600341796875,1935170000,1.0,0.000792884051064,0.00579024332866905,0.8264248576325312
2006-10-10,1350.6199951171875,1354.22998046875,1348.5999755859375,1353.4200439453125,2376140000,1.0,0.0020434526052304,0.005778276478173351,1.0154821127552938
2006-10-11,1353.280029296875,1353.969970703125,1343.5699462890625,1349.949951171875,2521000000,1.0,-0.002563943683974,0.005802362373073603,1.077452002526392
2006-10-12,1349.93994140625,1363.760009765625,1349.93994140625,1362.8299560546875,2514350000,1.0,0.0095410980767334,0.005459198389832332,1.0754960730181569
2006-10-13,1362.8199462890625,1366.6300048828125,1360.5,1365.6199951171875,2482920000,1.0,0.0020472393126556,0.0053058069116874,1.0642875237736402
2006-10-16,1365.6099853515625,1370.199951171875,1364.47998046875,1369.06005859375,2305920000,1.0,0.0025190488487738,0.005186139686625664,0.9903282884678154
2006-10-17,1369.050048828125,1369.050048828125,1356.8699951171875,1364.050048828125,2519620000,1.0,-0.0036594521432252,0.00484398010065735,1.0777190246780128
2006-10-18,1363.9300537109375,1372.8699951171875,1360.949951171875,1365.800048828125,2658840000,1.0,0.0012829441276758,0.004799333740168458,1.1353155538794517
2006-10-19,1365.949951171875,1368.0899658203125,1362.06005859375,1366.9599609375,2619830000,1.0,0.0008492546990097,0.004794937927344357,1.118041139926295
2006-10-20,1366.93994140625,1368.6600341796875,1362.0999755859375,1368.5999755859375,2526410000,1.0,0.001199753244647,0.00474307916667845,1.0770312151092762
2006-10-23,1368.5799560546875,1377.4000244140625,1363.93994140625,1377.02001953125,2480430000,1.0,0.0061523046145808,0.00457158983504142,1.0531563227846876
2006-10-24,1377.02001953125,1377.780029296875,1372.4200439453125,1377.3800048828125,2876890000,1.0,0.0002614234698528,0.004559509416177279,1.213666756130728
2006-10-25,1377.3599853515625,1383.6099853515625,1376.0,1382.219970703125,2953540000,1.0,0.0035138929004012,0.004504556330988477,1.2395246165373637
2006-10-26,1382.2099609375,1389.449951171875,1379.469970703125,1389.0799560546875,2793350000,1.0,0.0049630199946197,0.004502598013783179,1.169952188332251
2006-10-27,1388.8900146484375,1388.8900146484375,1375.8499755859375,1377.3399658203125,2458450000,1.0,-0.0084516302918367,0.0046772813643259446,1.0296834650539644
2006-10-30,1377.300048828125,1381.219970703125,1373.4599609375,1377.9300537109375,2770440000,1.0,0.0004284257374855,0.004671579972281714,1.1532404865485664
2006-10-31,1377.9300537109375,1381.2099609375,1372.18994140625,1377.93994140625,2803030000,1.0,7.175759964006545e-06,0.0046442333917739624,1.1567545322998065
2006-11-01,1377.760009765625,1381.949951171875,1366.260009765625,1367.81005859375,2821160000,1.0,-0.0073514690358434,0.004739610501912933,1.1555343803795246
2006-11-02,1367.43994140625,1368.3900146484375,1362.2099609375,1367.3399658203125,2646180000,1.0,-0.0003436827873022,0.004687632184582791,1.0772228300016193
2006-11-03,1367.31005859375,1371.6800537109375,1360.97998046875,1364.300048828125,2419730000,1.0,-0.0022232342125417,0.004688516261564227,0.981128761325395
2006-11-06,1364.27001953125,1381.4000244140625,1364.27001953125,1379.780029296875,2533550000,1.0,0.0113464633253121,0.004818132326429155,1.0201156309553385
2006-11-07,1379.75,1388.18994140625,1379.18994140625,1382.8399658203125,2636390000,1.0,0.0022176988059443,0.004819036869640573,1.0547161480999274
2006-11-08,1382.5,1388.6099853515625,1379.3299560546875,1385.719970703125,2814820000,1.0,0.0020826740288086,0.004544410143770685,1.1196390323409025
2006-11-09,1385.4300537109375,1388.9200439453125,1377.31005859375,1378.3299560546875,3012050000,1.0,-0.0053329783828458,0.004543842479792224,1.1890908958837925
2006-11-10,1378.3299560546875,1381.0400390625,1375.5999755859375,1380.9000244140625,2290200000,1.0,0.0018646249021037,0.004544554709522029,0.9018726912697054
2006-11-13,1380.5799560546875,1387.6099853515625,1378.800048828125,1384.4200439453125,2386340000,1.0,0.0025490763045961,0.004535446936546002,0.9354163883552628
2006-11-14,1384.3599853515625,1394.489990234375,1379.0699462890625,1393.219970703125,3027480000,1.0,0.0063563994152631,0.004544043692561726,1.1783015780744086
2006-11-15,1392.9100341796875,1401.3499755859375,1392.1300048828125,1396.5699462890625,2831130000,1.0,0.0024044843286641,0.004546630552893508,1.0975991015530682
2006-11-16,1396.530029296875,1403.760009765625,1396.530029296875,1399.760009765625,2835730000,1.0,0.0022842131788951,0.004486164777763461,1.0950531784666406
2006-11-17,1399.760009765625,1401.2099609375,1394.550048828125,1401.199951171875,2726100000,1.0,0.0010287059183031,0.004484234331256427,1.0479171162563345
2006-11-20,1401.1700439453125,1404.3699951171875,1397.8499755859375,1400.5,2546710000,1.0,-0.0004995369656483,0.004482411449955801,0.9786562545561501
2006-11-21,1400.4300537109375,1403.489990234375,1399.989990234375,1402.81005859375,2597940000,1.0,0.0016494527624062,0.004454107980270268,0.9998310485113988
2006-11-22,1402.68994140625,1407.8900146484375,1402.260009765625,1406.0899658203125,2237710000,1.0,0.0023380978817977,0.004455489691021462,0.8635843131152774
2006-11-24,1405.93994140625,1405.93994140625,1399.25,1400.949951171875,832550000,1.0,-0.003655537535565,0.004500295946558565,0.3251112907240405
2006-11-27,1400.949951171875,1400.949951171875,1381.43994140625,1381.9599609375,2711210000,1.0,-0.0135550811208424,0.0048783206379994825,1.0627699103007002
2006-11-28,1381.6099853515625,1387.9100341796875,1377.8299560546875,1386.719970703125,2639750000,1.0,0.0034443905034671,0.004852975806055979,1.0322118124055768
2006-11-29,1386.1099853515625,1401.1400146484375,1386.1099853515625,1399.47998046875,2790970000,1.0,0.0092015764070629,0.0049679349034161095,1.08793849538087
2006-11-30,1399.469970703125,1406.300048828125,1393.8299560546875,1400.6300048828125,4006230000,1.0,0.0008217512433992,0.004755159018958177,1.5440419819643434
2006-12-01,1400.6300048828125,1402.4599609375,1385.9300537109375,1396.7099609375,2800980000,1.0,-0.0027987719323779,0.004718896507178101,1.0780841818479656
2006-12-04,1396.6700439453125,1411.22998046875,1396.6700439453125,1409.1199951171875,2766320000,1.0,0.00888519057411,0.004809748813124092,1.0598206037780724
2006-12-05,1409.0999755859375,1415.27001953125,1408.780029296875,1414.760009765625,2755700000,1.0,0.0040025084222643,0.004820185377845038,1.0553842943865366
2006-12-06,1414.4000244140625,1415.9300537109375,1411.050048828125,1412.9000244140625,2725280000,1.0,-0.0013147002592126,0.004687413375266984,1.0433189769526379
2006-12-07,1412.8599853515625,1418.27001953125,1406.800048828125,1407.2900390625,2743150000,1.0,-0.0039705465741561,0.004721921918550461,1.0502087170903145
2006-12-08,1407.27001953125,1414.0899658203125,1403.6700439453125,1409.8399658203125,2440460000,1.0,0.0018119411685106,0.00471164052530047,0.9340195909658139
2006-12-11,1409.81005859375,1415.5999755859375,1408.56005859375,1413.0400390625,2289900000,1.0,0.0022698131133809,0.004710283777883696,0.876286379527097
2006-12-12,1413.0,1413.780029296875,1404.75,1411.56005859375,2738170000,1.0,-0.0010473733424651,0.004718826397331676,1.0431677781288653
2006-12-13,1411.3199462890625,1416.6400146484375,1411.050048828125,1413.2099609375,2552260000,1.0,0.0011688502615989,0.0046924659519269165,0.9733084387007809
2006-12-14,1413.1600341796875,1427.22998046875,1413.1600341796875,1425.489990234375,2729700000,1.0,0.0086894584925856,0.00475636190135561,1.0432844767739353
2006-12-15,1425.47998046875,1431.6300048828125,1425.47998046875,1427.0899658203125,3229580000,1.0,0.0011224039431343,0.004676280290753137,1.2304590643515483
2006-12-18,1427.0799560546875,1431.81005859375,1420.6500244140625,1422.47998046875,2568140000,1.0,-0.0032303396856361,0.004687844354352203,0.9781162234279581
2006-12-19,1422.4200439453125,1428.300048828125,1414.8800048828125,1425.550048828125,2717060000,1.0,0.0021582506618922,0.0045851929609656145,1.0287078495604216
2006-12-20,1425.510009765625,1429.050048828125,1423.510009765625,1423.530029296875,2387630000,1.0,-0.0014170106008628,0.004521448758364977,0.903903499632931
2006-12-21,1423.199951171875,1426.4000244140625,1415.9000244140625,1418.300048828125,2322410000,1.0,-0.0036739516280758,0.004561415424640992,0.8805366670435396
2006-12-22,1418.0999755859375,1418.8199462890625,1410.280029296875,1410.760009765625,1647590000,1.0,-0.0053162510067809,0.00463249771010469,0.6288130802463637
2006-12-26,1410.75,1417.9100341796875,1410.449951171875,1416.9000244140625,1310310000,1.0,0.0043522743811383,0.004635085497503245,0.504604602199155
2006-12-27,1416.6300048828125,1427.719970703125,1416.6300048828125,1426.8399658203125,1667370000,1.0,0.0070152736502071,0.004662879517050142,0.6452831599427756
2006-12-28,1426.77001953125,1427.260009765625,1422.050048828125,1424.72998046875,1508570000,1.0,-0.0014787820653379,0.0046736247778609635,0.588431379095893
2006-12-29,1424.7099609375,1427.0,1416.8399658203125,1418.300048828125,1678200000,1.0,-0.0045130879035124,0.00450186483671867,0.6596434670690825
2007-01-03,1418.030029296875,1429.4200439453125,1407.8599853515625,1416.5999755859375,3429160000,1.0,-0.0011986696634412,0.004505520461240264,1.3393648418174173
2007-01-04,1416.5999755859375,1421.8399658203125,1408.4300537109375,1418.3399658203125,3004460000,1.0,0.0012282862236074,0.004482912822979824,1.1691191841139938
2007-01-05,1418.3399658203125,1418.3399658203125,1405.75,1409.7099609375,2919400000,1.0,-0.0060845813350688,0.004571151680689086,1.1321521835288726
2007-01-08,1409.260009765625,1414.97998046875,1403.969970703125,1412.8399658203125,2763340000,1.0,0.0022203183417466,0.004572074094648498,1.072576260376277
2007-01-09,1412.8399658203125,1415.6099853515625,1405.4200439453125,1412.1099853515625,3038380000,1.0,-0.0005166759763383,0.004554706669141937,1.17855542536263
2007-01-10,1408.699951171875,1415.989990234375,1405.3199462890625,1414.8499755859375,2764660000,1.0,0.0019403518584233,0.004409754727308927,1.0726210703583958
2007-01-11,1414.8399658203125,1427.1199951171875,1414.8399658203125,1423.8199462890625,2857870000,1.0,0.0063398740911806,0.004467513810879801,1.1053584475389184
2007-01-12,1423.8199462890625,1431.22998046875,1422.5799560546875,1430.72998046875,2686480000,1.0,0.0048531657374917,0.004493658098574426,1.0397440225207175
2007-01-16,1430.72998046875,1433.9300537109375,1428.6199951171875,1431.9000244140625,2599530000,1.0,0.0008177950845267,0.004456305652639079,1.007679206090522
2007-01-17,1431.77001953125,1435.27001953125,1428.5699462890625,1430.6199951171875,2690270000,1.0,-0.0008939376178855,0.004461324528734786,1.0439128913019353
2007-01-18,1430.5899658203125,1432.9599609375,1424.2099609375,1426.3699951171875,2822430000,1.0,-0.0029707399690382,0.004487541371187608,1.093699321908978
2007-01-19,1426.3499755859375,1431.5699462890625,1425.18994140625,1430.5,2777480000,1.0,0.0028954653399542,0.004495950827293331,1.0733052475053926
2007-01-22,1430.469970703125,1431.3900146484375,1420.4000244140625,1422.949951171875,2540120000,1.0,-0.0052779090025341,0.004505206838100645,0.9815320713591111
2007-01-23,1422.949951171875,1431.3299560546875,1421.6600341796875,1427.989990234375,2975070000,1.0,0.0035419650974717,0.004521436517853643,1.1466007267928655
2007-01-24,1427.9599609375,1440.1400146484375,1427.9599609375,1440.1300048828125,2783180000,1.0,0.0085014704104788,0.0046204621979757405,1.072907420361533
2007-01-25,1440.1199951171875,1440.68994140625,1422.3399658203125,1423.9000244140625,2994330000,1.0,-0.0112698023190418,0.004836501375931174,1.1544628256516039
2007-01-26,1423.9000244140625,1427.27001953125,1416.9599609375,1422.1800537109375,2626620000,1.0,-0.0012079294006843,0.004699660225703611,1.010072110431659
2007-01-29,1422.030029296875,1426.93994140625,1418.4599609375,1420.6199951171875,2730480000,1.0,-0.0010969487229688,0.004704424633202939,1.0472398574623434
2007-01-30,1420.6099853515625,1428.8199462890625,1420.6099853515625,1428.8199462890625,2706250000,1.0,0.0057720933114127,0.004752408925129372,1.0405106505228372
2007-01-31,1428.6500244140625,1441.6099853515625,1424.780029296875,1438.239990234375,2976690000,1.0,0.0065928838478062,0.004696826629032859,1.1432109776888957
2007-02-01,1437.9000244140625,1446.6400146484375,1437.9000244140625,1445.93994140625,2914890000,1.0,0.0053537318000873,0.004729802590649515,1.1187961468051042
2007-02-02,1445.93994140625,1449.3299560546875,1444.489990234375,1448.3900146484375,2569450000,1.0,0.0016944502133364,0.004712361920883793,0.9873963578718368
2007-02-05,1448.3299560546875,1449.3800048828125,1443.8499755859375,1446.989990234375,2439430000,1.0,-0.000966607336355,0.004518643130369669,0.9382054290019831
2007-02-06,1446.97998046875,1450.18994140625,1443.4000244140625,1448.0,2608710000,1.0,0.0006980074309024,0.0045148368046997985,1.0032274519081823
2007-02-07,1447.4100341796875,1452.989990234375,1446.43994140625,1450.02001953125,2618820000,1.0,0.0013950411127416,0.004512340213677199,1.0041719521286496
2007-02-08,1449.989990234375,1450.449951171875,1442.81005859375,1448.31005859375,2816180000,1.0,-0.0011792671235344,0.0044485922548369175,1.0636677785615447
2007-02-09,1448.25,1452.449951171875,1433.43994140625,1438.06005859375,2951810000,1.0,-0.0070772138460132,0.0045618677868117154,1.1128724347430976
2007-02-12,1438.0,1439.1099853515625,1431.43994140625,1433.3699951171875,2395680000,1.0,-0.0032613821992586,0.004583280380128809,0.9048691560439245
2007-02-13,1433.219970703125,1444.4100341796875,1433.219970703125,1444.260009765625,2652150000,1.0,0.0075974903099231,0.004612455335372603,1.0027917019218255
2007-02-14,1443.9100341796875,1457.6500244140625,1443.9100341796875,1455.300048828125,2699290000,1.0,0.007644080004882,0.004695846069635468,1.0308032321355483
2007-02-15,1455.1500244140625,1457.969970703125,1453.18994140625,1456.81005859375,2490920000,1.0,0.0010375934274453,0.004691463007701888,0.9534889898916203
2007-02-16,1456.77001953125,1456.77001953125,1451.5699462890625,1455.5400390625,2399450000,1.0,-0.0008717811383565,0.0046954611434141865,0.9210625110264938
2007-02-20,1455.530029296875,1460.530029296875,1449.199951171875,1459.6800537109375,2337860000,1.0,0.0028443151939014,0.004701484474332171,0.9003084029759862
2007-02-21,1459.5999755859375,1459.5999755859375,1452.02001953125,1457.6300048828125,2606980000,1.0,-0.0014044508061291,0.004707568383416659,1.0048619192724666
2007-02-22,1457.2900390625,1461.5699462890625,1450.510009765625,1456.3800048828125,1950770000,1.0,-0.0008575564414925,0.00470622332637224,0.7565467430371265
2007-02-23,1456.219970703125,1456.219970703125,1448.3599853515625,1451.18994140625,2579950000,1.0,-0.0035636739444112,0.004704831232750075,0.9994736778082248
2007-02-26,1451.0400390625,1456.949951171875,1445.47998046875,1449.3699951171875,2822170000,1.0,-0.001254106190468,0.004330777682465042,1.0888194775061595
2007-02-27,1449.25,1449.25,1389.4200439453125,1399.0400390625,4065230000,1.0,-0.0347254022259637,0.006294487239606986,1.5525061875232766
2007-02-28,1398.6400146484375,1415.8900146484375,1396.6500244140625,1406.8199462890625,3925250000,1.0,0.0055608896166945,0.0062230628582950285,1.4834908379016272
2007-03-01,1406.800048828125,1409.4599609375,1380.8699951171875,1403.1700439453125,3874910000,1.0,-0.0025944345993798,0.00623202886965623,1.4518974998756022
2007-03-02,1403.1600341796875,1403.4000244140625,1386.8699951171875,1387.1700439453125,3312260000,1.0,-0.0114027519822277,0.006395523921195788,1.2403086029020345
2007-03-05,1387.1099853515625,1391.8599853515625,1373.969970703125,1374.1199951171875,3480520000,1.0,-0.0094076778006312,0.006396247470436026,1.2944701208780076
2007-03-06,1374.06005859375,1397.9000244140625,1374.06005859375,1395.4100341796875,3358160000,1.0,0.0154935807194074,0.006695307573023281,1.2430344526970563
2007-03-07,1395.02001953125,1401.1600341796875,1390.6400146484375,1391.969970703125,3141350000,1.0,-0.0024652707034493,0.006700179147832486,1.1563293530489387
2007-03-08,1391.8800048828125,1407.9300537109375,1391.8800048828125,1401.8900146484375,3014850000,1.0,0.0071266220925021,0.006748066707737653,1.1041361717038778
2007-03-09,1401.8900146484375,1410.1500244140625,1397.300048828125,1402.8399658203125,2623050000,1.0,0.00067762175488,0.006744374155926955,0.9538312302901061
2007-03-12,1402.800048828125,1409.3399658203125,1398.4000244140625,1406.5999755859375,2664000000,1.0,0.0026802841786919,0.006746985523660966,0.959278000709088
2007-03-13,1406.22998046875,1406.22998046875,1377.7099609375,1377.949951171875,3485570000,1.0,-0.0203682816090822,0.007238394413835813,1.2388941615721552
2007-03-14,1377.8599853515625,1388.0899658203125,1363.97998046875,1387.1700439453125,3758350000,1.0,0.0066911666607312,0.007293265801991767,1.3148217973654377
2007-03-15,1387.1099853515625,1395.72998046875,1385.1600341796875,1392.280029296875,2821900000,1.0,0.0036837483435188,0.007217116247460774,0.9793767597389837
2007-03-16,1392.280029296875,1397.510009765625,1383.6300048828125,1386.949951171875,3393640000,1.0,-0.0038283089700652,0.0072280922715407874,1.1780969584308445
2007-03-19,1386.949951171875,1403.199951171875,1386.949951171875,1402.06005859375,2777180000,1.0,0.0108944864298152,0.007364711989281486,0.9656175508060281
2007-03-20,1402.0400390625,1411.530029296875,1400.699951171875,1410.93994140625,2795940000,1.0,0.006333453947334,0.00740710982258906,0.972975681697886
2007-03-21,1410.9200439453125,1437.77001953125,1409.75,1435.0400390625,3184770000,1.0,0.0170808812969247,0.007731117875948339,1.1050457011901629
2007-03-22,1435.0400390625,1437.6600341796875,1429.8800048828125,1434.5400390625,3129970000,1.0,-0.0003484223341437,0.007715041648122328,1.0853414596713415
2007-03-23,1434.5400390625,1438.8900146484375,1433.2099609375,1436.1099853515625,2619020000,1.0,0.0010943900109532,0.007681398370567745,0.909083777591558
2007-03-26,1436.1099853515625,1437.6500244140625,1423.280029296875,1437.5,2754660000,1.0,0.0009679026415914,0.007663738149976733,0.9568511425483324
2007-03-27,1437.489990234375,1437.489990234375,1425.5400390625,1428.6099853515625,2673040000,1.0,-0.0061843580163043,0.007656268926227279,0.9285865449857841
2007-03-28,1428.3499755859375,1428.3499755859375,1414.0699462890625,1417.22998046875,3000440000,1.0,-0.0079657884233618,0.00772372475693166,1.039426669814051
2007-03-29,1417.1700439453125,1426.239990234375,1413.27001953125,1422.530029296875,2854710000,1.0,0.0037397238988494,0.0077165305374553815,0.9878167502710976
2007-03-30,1422.52001953125,1429.219970703125,1408.9000244140625,1420.8599853515625,2903960000,1.0,-0.0011739955648866,0.007716461941734493,1.0042920936638395
2007-04-02,1420.8299560546875,1425.489990234375,1416.3699951171875,1424.550048828125,2875880000,1.0,0.0025970634085028,0.0077219369683882684,0.9939045809024394
2007-04-03,1424.27001953125,1440.5699462890625,1424.27001953125,1437.77001953125,2921760000,1.0,0.0092801026639957,0.007767913078415973,1.007104079416783
2007-04-04,1437.75,1440.1600341796875,1435.0799560546875,1439.3699951171875,2616320000,1.0,0.0011128174632957,0.00776472906350787,0.9040575678780916
2007-04-05,1438.93994140625,1444.8800048828125,1436.6700439453125,1443.760009765625,2357230000,1.0,0.0030499556495757,0.0077717087965602,0.8169350009149334
2007-04-09,1443.77001953125,1448.0999755859375,1443.280029296875,1444.6099853515625,2349410000,1.0,0.00058872359685,0.007769125087741932,0.8178809016745217
2007-04-10,1444.5799560546875,1448.72998046875,1443.989990234375,1448.3900146484375,2510110000,1.0,0.0026166434783123,0.007735486604220907,0.8745334951509417
2007-04-11,1448.22998046875,1448.3900146484375,1436.1500244140625,1438.8699951171875,2950190000,1.0,-0.0065728287512122,0.007762464638358007,1.026288120843453
2007-04-12,1438.8699951171875,1448.02001953125,1433.9100341796875,1447.800048828125,2770570000,1.0,0.0062062964279203,0.007801694756803389,0.9633722636468204
2007-04-13,1447.800048828125,1453.1099853515625,1444.1500244140625,1452.8499755859375,2690020000,1.0,0.0034880001295067,0.007811648722506992,0.9372321809272509
2007-04-16,1452.8399658203125,1468.6199951171875,1452.8399658203125,1468.3299560546875,2870140000,1.0,0.0106549063763496,0.00791273218596997,1.0002998662103197
2007-04-17,1468.469970703125,1474.3499755859375,1467.1500244140625,1471.47998046875,2920570000,1.0,0.00214531100525,0.007909498120228935,1.015390595285196
2007-04-18,1471.469970703125,1476.5699462890625,1466.4100341796875,1472.5,2971330000,1.0,0.0006931929382587,0.007873024234937753,1.0292316431931388
2007-04-19,1472.47998046875,1474.22998046875,1464.469970703125,1470.72998046875,2913610000,1.0,-0.0012020506154498,0.007866811134218134,1.0071108640812876
2007-04-20,1470.68994140625,1484.739990234375,1470.68994140625,1484.3499755859375,3329940000,1.0,0.0092607040708088,0.007880462055095794,1.1453875958273294
2007-04-23,1484.3299560546875,1487.3199462890625,1480.18994140625,1480.9300537109375,2575020000,1.0,-0.0023039862102938,0.0077365154517325735,0.8871923223696279
2007-04-24,1480.9300537109375,1483.8199462890625,1473.739990234375,1480.4100341796875,3119750000,1.0,-0.0003511438841738,0.007733753691809198,1.0736300827725003
2007-04-25,1480.280029296875,1496.5899658203125,1480.280029296875,1495.4200439453125,3252590000,1.0,0.0101390894543229,0.007825034634078866,1.1127824909640456
2007-04-26,1495.27001953125,1498.02001953125,1491.1700439453125,1494.25,3211800000,1.0,-0.0007824182576994,0.007801381641292916,1.0946355699916486
2007-04-27,1494.2099609375,1497.3199462890625,1488.6700439453125,1494.0699462890625,2732810000,1.0,-0.0001204977151999,0.007764606339252863,0.931174947124122
2007-04-30,1494.0699462890625,1497.1600341796875,1482.2900390625,1482.3699951171875,3093420000,1.0,-0.0078309259890643,0.007816054618831348,1.0497387106140135
2007-05-01,1482.3699951171875,1487.27001953125,1476.699951171875,1486.300048828125,3400350000,1.0,0.0026511962086948,0.007819621855936168,1.1461085395981536
2007-05-02,1486.1300048828125,1499.0999755859375,1486.1300048828125,1495.9200439453125,3189800000,1.0,0.0064724448638566,0.007855495302607941,1.0690020766080843
2007-05-03,1495.56005859375,1503.3399658203125,1495.56005859375,1502.3900146484375,3007970000,1.0,0.0043250778872252,0.007870321598550181,1.005363036937901
2007-05-04,1502.3499755859375,1510.3399658203125,1501.800048828125,1505.6199951171875,2761930000,1.0,0.0021498947924689,0.007872143266462732,0.9181498220466191
2007-05-07,1505.5699462890625,1511.0,1505.5400390625,1509.47998046875,2545090000,1.0,0.0025637181786113,0.007872167491787966,0.8462617269605994
2007-05-08,1509.3599853515625,1509.3599853515625,1500.6600341796875,1507.719970703125,2795720000,1.0,-0.0011659709227004,0.007809667350678058,0.9297616445685374
2007-05-09,1507.3199462890625,1513.800048828125,1503.77001953125,1512.5799560546875,2935550000,1.0,0.0032234005292746,0.007797103958843347,0.9836554137019006
2007-05-10,1512.3299560546875,1512.3299560546875,1491.4200439453125,1491.469970703125,3031240000,1.0,-0.0139562773307034,0.007978965170806793,1.0218418165783085
2007-05-11,1491.469970703125,1506.239990234375,1491.469970703125,1505.8499755859375,2720780000,1.0,0.0096414980960248,0.008013083646877051,0.9243774336093168
2007-05-14,1505.760009765625,1510.9000244140625,1498.3399658203125,1503.1500244140625,2776130000,1.0,-0.0017929748750863,0.008018800407120729,0.9466309937161785
2007-05-15,1503.1099853515625,1514.8299560546875,1500.4300537109375,1501.18994140625,3071020000,1.0,-0.001303983618386,0.008020296801608607,1.050118035781197
2007-05-16,1500.75,1514.1500244140625,1500.75,1514.1400146484375,2915350000,1.0,0.0086265387776689,0.008082867520526515,0.9999156261704296
2007-05-17,1514.010009765625,1517.1400146484375,1509.2900390625,1512.75,2868640000,1.0,-0.0009180225309349,0.008081022784588264,0.9857389079803602
2007-05-18,1512.739990234375,1522.75,1512.739990234375,1522.75,2959050000,1.0,0.006610477607007,0.00811483302572979,1.0171962036225324
2007-05-21,1522.75,1529.8699951171875,1522.7099609375,1525.0999755859375,3465360000,1.0,0.0015432445154737,0.008095306556640314,1.1843853729759881
2007-05-22,1525.0999755859375,1529.239990234375,1522.050048828125,1524.1199951171875,2860500000,1.0,-0.0006425680181219,0.008092983379017963,0.9763458418009135
2007-05-23,1524.0899658203125,1532.4300537109375,1521.9000244140625,1522.280029296875,3084260000,1.0,-0.00120723160001,0.006616339338217181,1.0556114538288668
2007-05-24,1522.0999755859375,1529.31005859375,1505.1800537109375,1507.510009765625,3365530000,1.0,-0.0097025640795354,0.006746945193840252,1.1549839024373838
2007-05-25,1507.5,1517.4100341796875,1507.5,1515.72998046875,2316250000,1.0,0.005452680678653,0.006750721844300866,0.7976599266397374
2007-05-29,1515.550048828125,1521.800048828125,1512.02001953125,1518.1099853515625,2571790000,1.0,0.0015702037391096,0.006541172200045707,0.8907034894807709
2007-05-30,1517.5999755859375,1530.22998046875,1510.06005859375,1530.22998046875,2980210000,1.0,0.0079836080614281,0.006432913328317715,1.030704530284323
2007-05-31,1530.18994140625,1535.56005859375,1528.260009765625,1530.6199951171875,3335530000,1.0,0.0002548732239044,0.006179561382149663,1.1493022345845518
2007-06-01,1530.6199951171875,1540.56005859375,1530.6199951171875,1536.3399658203125,2927020000,1.0,0.0037370286036848,0.0061629151685006775,1.0103391471677492
2007-06-04,1536.280029296875,1540.530029296875,1532.31005859375,1539.1800537109375,2738930000,1.0,0.0018486063981995,0.006121160278934466,0.9479739696792866
2007-06-05,1539.1199951171875,1539.1199951171875,1525.6199951171875,1530.949951171875,2939450000,1.0,-0.0053470693823116,0.006185239613916051,1.0151245248656384
2007-06-06,1530.5699462890625,1530.5699462890625,1514.1300048828125,1517.3800048828125,2964190000,1.0,-0.008863742592418,0.0063251209725054625,1.0221890465049652
2007-06-07,1517.3599853515625,1517.3599853515625,1490.3699951171875,1490.719970703125,3538470000,1.0,-0.0175697808682713,0.006171195286496131,1.212987124641834
2007-06-08,1490.7099609375,1507.760009765625,1487.4100341796875,1507.6700439453125,2993460000,1.0,0.0113703938870508,0.006268879224936939,1.0262068659110402
2007-06-11,1507.6400146484375,1515.530029296875,1503.3499755859375,1509.1199951171875,2525280000,1.0,0.0009617165093236,0.006261981052728224,0.8676669144196643
2007-06-12,1509.1199951171875,1511.3299560546875,1492.969970703125,1493.0,3056200000,1.0,-0.0106817185971588,0.006418825907895896,1.0489895486839338
2007-06-13,1492.6500244140625,1515.699951171875,1492.6500244140625,1515.6700439453125,3077930000,1.0,0.0151842223344356,0.006550619425156585,1.0549847380202182
2007-06-14,1515.5799560546875,1526.449951171875,1515.5799560546875,1522.969970703125,2813630000,1.0,0.0048163033814474,0.006533847896866152,0.9651092178061164
2007-06-15,1522.969970703125,1538.7099609375,1522.969970703125,1532.9100341796875,3406030000,1.0,0.0065267626202591,0.0062369930269289995,1.1620142722480615
2007-06-18,1532.9000244140625,1535.43994140625,1529.31005859375,1531.050048828125,2480240000,1.0,-0.0012133688932095,0.00624144102021402,0.8454585814468705
2007-06-19,1531.02001953125,1535.8499755859375,1525.6700439453125,1533.699951171875,2873590000,1.0,0.0017307744745367,0.006241963514496319,0.976054782080474
2007-06-20,1533.6800537109375,1537.3199462890625,1512.3599853515625,1512.8399658203125,3286900000,1.0,-0.0136010862722032,0.0065247687509585395,1.1105807882396896
2007-06-21,1512.5,1522.9000244140625,1504.75,1522.18994140625,3161110000,1.0,0.0061804128640055,0.006493288715930169,1.066558563701629
2007-06-22,1522.18994140625,1522.18994140625,1500.739990234375,1502.56005859375,4284320000,1.0,-0.0128958169270027,0.006639232765620455,1.4309131643530177
2007-06-25,1502.56005859375,1514.2900390625,1492.6800537109375,1497.739990234375,3287250000,1.0,-0.0032079039581859,0.006651155488984854,1.0935408288176227
2007-06-26,1497.6800537109375,1506.1199951171875,1490.5400390625,1492.8900146484375,3398530000,1.0,-0.0032381959602871,0.006667283330048075,1.1265988213861542
2007-06-27,1492.6199951171875,1506.800048828125,1484.1800537109375,1506.3399658203125,3398150000,1.0,0.0090093382900966,0.006746738608166474,1.1229173413346198
2007-06-28,1506.3199462890625,1514.8399658203125,1503.4100341796875,1505.7099609375,3006710000,1.0,-0.0004182355225962,0.006659475569749702,0.9933338786679756
2007-06-29,1505.699951171875,1517.530029296875,1493.6099853515625,1503.3499755859375,3165410000,1.0,-0.0015673572021088,0.0066662702492539415,1.044026966906422
2007-07-02,1504.6600341796875,1519.449951171875,1504.6600341796875,1519.4300537109375,2648990000,1.0,0.0106961641574727,0.006783102584955228,0.8776417065394924
2007-07-03,1519.1199951171875,1526.010009765625,1519.1199951171875,1524.8699951171875,1560790000,1.0,0.0035802512876219,0.006791955677960135,0.5206069339097138
2007-07-05,1524.8599853515625,1526.5699462890625,1517.719970703125,1525.4000244140625,2622950000,1.0,0.0003475898263931,0.006788689191919809,0.877803301379747
2007-07-06,1524.9599609375,1532.4000244140625,1520.469970703125,1530.43994140625,2441520000,1.0,0.0033039969263952,0.00672419006822888,0.8215453836930415
2007-07-09,1530.4300537109375,1534.260009765625,1527.449951171875,1531.8499755859375,2715330000,1.0,0.0009213260458897,0.006690043572176676,0.9167424842666945
2007-07-10,1531.8499755859375,1531.8499755859375,1510.010009765625,1510.1199951171875,3244280000,1.0,-0.0141854494990204,0.006960589274600786,1.0915553543403043
2007-07-11,1509.9300537109375,1519.3399658203125,1506.0999755859375,1518.760009765625,3082920000,1.0,0.0057214093425517,0.006869159455600313,1.0373382132676006
2007-07-12,1518.739990234375,1547.9200439453125,1518.739990234375,1547.699951171875,3489600000,1.0,0.0190549798652626,0.007269432761458509,1.1734727368009874
2007-07-13,1547.6800537109375,1555.0999755859375,1544.8499755859375,1552.5,2801120000,1.0,0.003101407882381,0.007275097040040482,0.944421442741719
2007-07-16,1552.5,1555.9000244140625,1546.68994140625,1549.52001953125,2704110000,1.0,-0.001919472121578,0.00727921250776904,0.9135856141525412
2007-07-17,1549.52001953125,1555.3199462890625,1547.739990234375,1549.3699951171875,3007140000,1.0,-9.681992628141069e-05,0.007196740566846787,1.014283974823183
2007-07-18,1549.199951171875,1549.199951171875,1533.6700439453125,1546.1700439453125,3609220000,1.0,-0.002065324087829,0.007195095229806567,1.2086842065781633
2007-07-19,1546.1300048828125,1555.199951171875,1546.1300048828125,1553.0799560546875,3251450000,1.0,0.0044690505655788,0.007209552733796615,1.0855578290539472
2007-07-20,1553.18994140625,1553.18994140625,1529.199951171875,1534.0999755859375,3745780000,1.0,-0.0122208649945911,0.007297285565722109,1.243869614086877
2007-07-23,1534.06005859375,1547.22998046875,1534.06005859375,1541.5699462890625,3102700000,1.0,0.0048692854585776,0.007317531111017931,1.0298318320830107
2007-07-24,1541.5699462890625,1541.5699462890625,1508.6199951171875,1511.0400390625,4115830000,1.0,-0.0198044255468624,0.007774874550251103,1.3535695293520653
2007-07-25,1511.030029296875,1524.31005859375,1503.72998046875,1518.0899658203125,4283200000,1.0,0.0046656121449875,0.007722807917927692,1.3947864321198944
2007-07-26,1518.0899658203125,1518.0899658203125,1465.300048828125,1482.6600341796875,4472550000,1.0,-0.0233384927364829,0.00830297326795042,1.4432725213342175
2007-07-27,1482.43994140625,1488.530029296875,1458.949951171875,1458.949951171875,4784650000,1.0,-0.0159915843559718,0.008509758006430444,1.525580775447098
2007-07-30,1458.9300537109375,1477.8800048828125,1454.3199462890625,1473.9100341796875,4128780000,1.0,0.010254006997153,0.008599286617581291,1.3059627254771953
2007-07-31,1473.9000244140625,1488.300048828125,1454.25,1455.27001953125,4524520000,1.0,-0.0126466434288248,0.008739375958272122,1.417103995335495
2007-08-01,1455.1800537109375,1468.3800048828125,1439.5899658203125,1465.81005859375,5256780000,1.0,0.0072426690037186,0.008788179864941775,1.6281808930473611
2007-08-02,1465.4599609375,1476.4300537109375,1460.5799560546875,1472.199951171875,4368850000,1.0,0.0043592909877117,0.008809484195251772,1.3406362106458822
2007-08-03,1472.1800537109375,1473.22998046875,1432.800048828125,1433.06005859375,4272110000,1.0,-0.0265859895912708,0.00942321981183326,1.3014624991043537
2007-08-06,1433.0400390625,1467.6700439453125,1427.3900146484375,1467.6700439453125,5067200000,1.0,0.0241511059805301,0.009801890359867312,1.5278393790710247
2007-08-07,1467.6199951171875,1488.300048828125,1455.800048828125,1476.7099609375,4909390000,1.0,0.0061593660165515,0.009752693391961323,1.4574661791692527
2007-08-08,1476.219970703125,1503.8900146484375,1476.219970703125,1497.489990234375,5499560000,1.0,0.014071842031649,0.009924491895898085,1.6047751658507337
2007-08-09,1497.2099609375,1497.2099609375,1453.0899658203125,1453.0899658203125,5889600000,1.0,-0.0296496301835803,0.010636072182295338,1.6898959452654594
2007-08-10,1453.0899658203125,1462.02001953125,1429.739990234375,1453.6400146484375,5345780000,1.0,0.0003785373521689,0.010569382805728951,1.5163655652282442
2007-08-13,1453.4200439453125,1466.2900390625,1451.5400390625,1452.9200439453125,3696280000,1.0,-0.0004952881702965,0.010569324507617914,1.0439182922428965
2007-08-14,1452.8699951171875,1456.739990234375,1426.199951171875,1426.5400390625,3814630000,1.0,-0.0181565427448981,0.010764108316197396,1.0708366968072103
2007-08-15,1426.1500244140625,1440.780029296875,1404.3599853515625,1406.699951171875,4290930000,1.0,-0.0139078380889074,0.010885643131939097,1.1954719653211077
2007-08-16,1406.6400146484375,1415.969970703125,1370.5999755859375,1411.27001953125,6509300000,1.0,0.0032487868898891,0.010901131528155283,1.7783898841080907
2007-08-17,1411.260009765625,1450.3299560546875,1411.260009765625,1445.93994140625,3570040000,1.0,0.0245664694886067,0.01139822237056838,0.9751936461573812
2007-08-20,1445.93994140625,1451.75,1430.5400390625,1445.550048828125,3321340000,1.0,-0.0002696464541576,0.011338146085956903,0.9056364028019774
2007-08-21,1445.550048828125,1455.3199462890625,1439.760009765625,1447.1199951171875,3012150000,1.0,0.0010860546062276,0.011312387995874472,0.8191539996465739
2007-08-22,1447.030029296875,1464.8599853515625,1447.030029296875,1464.0699462890625,3309120000,1.0,0.0117128857517461,0.011422266843831566,0.8986787213251362
2007-08-23,1464.050048828125,1472.06005859375,1453.8800048828125,1462.5,3084390000,1.0,-0.0010723164511653,0.011367434643764426,0.8376179788096412
2007-08-24,1462.3399658203125,1479.4000244140625,1460.5400390625,1479.3699951171875,2541400000,1.0,0.0115350393963675,0.01147609476501947,0.6911818747711381
2007-08-27,1479.3599853515625,1479.3599853515625,1465.97998046875,1466.7900390625,2406180000,1.0,-0.0085035901067406,0.011508207675166613,0.6579847255049873
2007-08-28,1466.719970703125,1466.719970703125,1432.010009765625,1432.3599853515625,3078090000,1.0,-0.0234730621247901,0.011871482965043227,0.8389794252717419
2007-08-29,1432.010009765625,1463.760009765625,1432.010009765625,1463.760009765625,2824070000,1.0,0.0219218804875755,0.012223986560135978,0.7699503252577797
2007-08-30,1463.6700439453125,1468.4300537109375,1451.25,1457.6400146484375,2582960000,1.0,-0.0041810099171704,0.012185700818716253,0.7069279353673394
2007-08-31,1457.6099853515625,1481.469970703125,1457.6099853515625,1473.989990234375,2731610000,1.0,0.0112167444784925,0.012072244516012765,0.7493735856708971
2007-09-04,1473.9599609375,1496.4000244140625,1472.1500244140625,1489.4200439453125,2766600000,1.0,0.0104682215029723,0.01205824898459193,0.7653457550282768
2007-09-05,1488.760009765625,1488.760009765625,1466.3399658203125,1472.2900390625,2991600000,1.0,-0.0115011241808167,0.012146124336600325,0.8289451830487526
2007-09-06,1472.030029296875,1481.489990234375,1467.4100341796875,1478.550048828125,2459590000,1.0,0.0042518862449216,0.012083437250676085,0.685094891710502
2007-09-07,1478.550048828125,1478.550048828125,1449.0699462890625,1453.550048828125,3191080000,1.0,-0.0169084570521063,0.01210613180621693,0.8898708300237066
2007-09-10,1453.5,1462.25,1439.2900390625,1451.699951171875,2835720000,1.0,-0.0012728131774627,0.012085249399481359,0.791529286767835
2007-09-11,1451.68994140625,1472.47998046875,1451.68994140625,1471.489990234375,3015330000,1.0,0.0136323205401533,0.012191873661430482,0.8423692575072029
2007-09-12,1471.0999755859375,1479.5,1465.75,1471.56005859375,2885720000,1.0,4.761728577151736e-05,0.012191899273127294,0.8050962459568306
2007-09-13,1471.469970703125,1489.5799560546875,1471.469970703125,1483.949951171875,2877080000,1.0,0.0084195629704471,0.012243920801439675,0.796833228522812
2007-09-14,1483.949951171875,1485.989990234375,1473.1800537109375,1484.25,2641740000,1.0,0.0002021960564695,0.0121221920635755,0.7315775516402796
2007-09-17,1484.239990234375,1484.239990234375,1471.8199462890625,1476.6500244140625,2598390000,1.0,-0.0051204147454522,0.012108443706412675,0.7189479767308316
2007-09-18,1476.6300048828125,1519.8900146484375,1476.6300048828125,1519.780029296875,3708940000,1.0,0.0292080074287923,0.012584654803729202,1.0206140403981476
2007-09-19,1519.75,1538.739990234375,1519.75,1529.030029296875,3846750000,1.0,0.0060864071258255,0.012598339938607202,1.0550379429685173
2007-09-20,1528.68994140625,1529.1400146484375,1516.4200439453125,1518.75,2957700000,1.0,-0.0067232357114674,0.012623513713125156,0.8117581286281351
2007-09-21,1518.75,1530.8900146484375,1518.75,1525.75,3679460000,1.0,0.0046090534979423,0.012585164393974363,1.0087980649729495
2007-09-24,1525.75,1530.1800537109375,1516.1500244140625,1517.72998046875,3131310000,1.0,-0.0052564440643945,0.012605272293126694,0.856960120679567
2007-09-25,1516.3399658203125,1518.27001953125,1507.1300048828125,1517.2099609375,3187770000,1.0,-0.0003426298076351,0.01260333555579654,0.8701083444934327
2007-09-26,1518.6199951171875,1529.3900146484375,1518.6199951171875,1525.4200439453125,3237390000,1.0,0.0054113031282363,0.012547301988144667,0.882542917850632
2007-09-27,1527.3199462890625,1532.4599609375,1525.81005859375,1531.3800048828125,2872180000,1.0,0.0039070949415909,0.012548890355915655,0.7861423396680793
2007-09-28,1531.239990234375,1533.739990234375,1521.989990234375,1526.75,2925350000,1.0,-0.0030234199663373,0.012555528718886507,0.8021273656567249
2007-10-01,1527.2900390625,1549.02001953125,1527.25,1547.0400390625,3281990000,1.0,0.0132896931799573,0.01266453037214806,0.9022123127010329
2007-10-02,1546.9599609375,1548.010009765625,1540.3699951171875,1546.6300048828125,3101910000,1.0,-0.0002650443229226,0.01266440459474904,0.8527123940861717
2007-10-03,1545.800048828125,1545.8399658203125,1536.3399658203125,1539.5899658203125,3065320000,1.0,-0.0045518572898974,0.01253887620409491,0.8475490114213902
2007-10-04,1539.9100341796875,1544.02001953125,1537.6300048828125,1542.8399658203125,2690430000,1.0,0.0021109516638531,0.012521555219061727,0.7505037474278433
2007-10-05,1543.8399658203125,1561.9100341796875,1543.8399658203125,1557.5899658203125,2919030000,1.0,0.0095602916224415,0.01233969838367973,0.8213915744155953
2007-10-08,1556.510009765625,1556.510009765625,1549.0,1552.5799560546875,2040650000,1.0,-0.0032165138936205,0.012341313084683983,0.5832291905373883
2007-10-09,1553.1800537109375,1565.260009765625,1551.8199462890625,1565.1500244140625,2932040000,1.0,0.0080962454206334,0.012381537274968418,0.8437653869253258
2007-10-10,1564.97998046875,1565.4200439453125,1555.4599609375,1562.469970703125,3044760000,1.0,-0.0017123302361643,0.012384044663526017,0.8837297834142801
2007-10-11,1564.719970703125,1576.0899658203125,1546.719970703125,1554.4100341796875,3911260000,1.0,-0.0051584585141245,0.01240012940813147,1.144164706172819
2007-10-12,1555.4100341796875,1563.030029296875,1554.0899658203125,1561.800048828125,2788690000,1.0,0.0047542247450411,0.012401861881859095,0.8233903822154834
2007-10-15,1562.25,1564.739990234375,1540.81005859375,1548.7099609375,3139290000,1.0,-0.0083814108601462,0.012346631293139195,0.9331511156739508
2007-10-16,1547.81005859375,1547.81005859375,1536.2900390625,1538.530029296875,3234560000,1.0,-0.0065731685708683,0.01236216704713679,0.9720606492084667
2007-10-17,1544.43994140625,1550.6600341796875,1526.010009765625,1541.239990234375,3638070000,1.0,0.0017613961937021,0.01208576398276759,1.1017434770197632
2007-10-18,1539.2900390625,1542.7900390625,1531.760009765625,1540.0799560546875,3203210000,1.0,-0.0007526629123547,0.012073601356139973,0.9837338010886145
2007-10-19,1540.0,1540.0,1500.260009765625,1500.6300048828125,4160970000,1.0,-0.0256155214648311,0.012152520118474064,1.2915837240032368
2007-10-22,1497.7900390625,1508.06005859375,1490.4000244140625,1506.3299560546875,3471830000,1.0,0.003798372119262,0.01197078626033298,1.0903564057178678
2007-10-23,1509.300048828125,1520.010009765625,1503.6099853515625,1519.5899658203125,3309120000,1.0,0.0088028587045796,0.011952409468281402,1.0417894479150611
2007-10-24,1516.6099853515625,1517.22998046875,1489.56005859375,1515.8800048828125,4003300000,1.0,-0.002441422371131,0.011833026975667259,1.2588383292860452
2007-10-25,1516.1500244140625,1523.239990234375,1500.4599609375,1514.4000244140625,4183960000,1.0,-0.000976317692682,0.01180412077456166,1.3165325724726014
2007-10-26,1522.1700439453125,1535.530029296875,1520.1800537109375,1535.280029296875,3612120000,1.0,0.0137876416707607,0.011917062994218568,1.1577043498238118
2007-10-29,1536.9200439453125,1544.6700439453125,1536.4300537109375,1540.97998046875,3124480000,1.0,0.0037126459428287,0.011367520153820605,1.004281361292894
2007-10-30,1539.4200439453125,1539.4200439453125,1529.550048828125,1531.02001953125,3212520000,1.0,-0.006463394115263,0.011004559828688323,1.0333023307038351
2007-10-31,1532.1500244140625,1552.760009765625,1529.4000244140625,1549.3800048828125,3953070000,1.0,0.0119919956090344,0.011078539991176166,1.2638491822692102
2007-11-01,1545.7900390625,1545.7900390625,1506.6600341796875,1508.43994140625,4241470000,1.0,-0.0264235135005882,0.0114861202479474,1.3480180355696214
2007-11-02,1511.0699462890625,1513.1500244140625,1492.530029296875,1509.6500244140625,4285990000,1.0,0.0008022082779672,0.010797566005642125,1.3518421968149312
2007-11-05,1505.6099853515625,1510.8399658203125,1489.949951171875,1502.1700439453125,3819330000,1.0,-0.0049547778278301,0.010822131607043836,1.1950196111462448
2007-11-06,1505.3299560546875,1520.77001953125,1499.0699462890625,1520.27001953125,3879160000,1.0,0.0120492188343734,0.010921233979926316,1.2026541504025174
2007-11-07,1515.4599609375,1515.4599609375,1475.0400390625,1475.6199951171875,4353160000,1.0,-0.0293697986807828,0.011339309310905672,1.3390215923060733
2007-11-08,1475.27001953125,1482.5,1450.31005859375,1474.77001953125,5439720000,1.0,-0.0005760125159255,0.011179151327816059,1.6467464669415584
2007-11-09,1467.5899658203125,1474.0899658203125,1448.510009765625,1453.699951171875,4587050000,1.0,-0.0142870197253345,0.011343380043649204,1.3719735332530516
2007-11-12,1453.6600341796875,1464.93994140625,1438.530029296875,1439.1800537109375,4192520000,1.0,-0.0099882355015782,0.010974952973729713,1.2431071261765652
2007-11-13,1441.3499755859375,1481.3699951171875,1441.3499755859375,1481.050048828125,4141310000,1.0,0.029092951232353,0.011600395581212779,1.217993735375096
2007-11-14,1483.4000244140625,1492.1400146484375,1466.469970703125,1470.5799560546875,4031470000,1.0,-0.0070693713434748,0.011640771936595521,1.1784804793772128
2007-11-15,1468.0400390625,1472.6700439453125,1443.489990234375,1451.1500244140625,3941010000,1.0,-0.0132124279000457,0.011672549800451997,1.1421450873569237
2007-11-16,1453.0899658203125,1462.1800537109375,1443.989990234375,1458.739990234375,4168870000,1.0,0.0052303109207314,0.011691817883809753,1.201372506425915
2007-11-19,1456.699951171875,1456.699951171875,1430.4200439453125,1433.27001953125,4119650000,1.0,-0.0174602539682433,0.011806650543734625,1.1784677930572052
2007-11-20,1434.510009765625,1452.6400146484375,1419.280029296875,1439.699951171875,4875150000,1.0,0.0044861969852183,0.011775690876581627,1.379903516718142
2007-11-21,1434.7099609375,1436.4000244140625,1415.6400146484375,1416.77001953125,4076230000,1.0,-0.0159268822798532,0.01156172582340796,1.1460467582061569
2007-11-23,1417.6199951171875,1440.8599853515625,1417.6199951171875,1440.699951171875,1612720000,1.0,0.0168904842075514,0.011416506810482733,0.45666876795312933
2007-11-26,1440.739990234375,1446.0899658203125,1406.0999755859375,1407.219970703125,3706470000,0.0,-0.0232386906388919,0.0117881892372473,1.0432584943292327
2007-11-27,1409.5899658203125,1429.489990234375,1407.4300537109375,1428.22998046875,4320720000,0.0,0.0149301532120291,0.011860370556082512,1.204473001804234
2007-11-28,1432.949951171875,1471.6199951171875,1432.949951171875,1469.02001953125,4508020000,0.0,0.0285598535392126,0.012362167766314838,1.2511121332860349
2007-11-29,1467.4100341796875,1473.81005859375,1458.3599853515625,1469.719970703125,3524730000,0.0,0.0004764749033838,0.012272218665105018,0.9799709728434663
2007-11-30,1471.8299560546875,1488.93994140625,1470.8900146484375,1481.1400146484375,4422200000,0.0,0.0077702175740654,0.012301032634549083,1.219560692297463
2007-12-03,1479.6300048828125,1481.1600341796875,1470.0799560546875,1472.4200439453125,3323250000,0.0,-0.0058873371976212,0.012123702695914689,0.9182948710112443
2007-12-04,1471.3399658203125,1471.3399658203125,1460.6600341796875,1462.7900390625,3343620000,0.0,-0.0065402565812735,0.012154224172055953,0.9228408025233512
2007-12-05,1465.219970703125,1486.0899658203125,1465.219970703125,1485.010009765625,3663660000,0.0,0.0151901298954466,0.012185030177035991,1.0085226975552837
2007-12-06,1484.5899658203125,1508.02001953125,1482.18994140625,1507.3399658203125,3568570000,0.0,0.0150369060867217,0.01233406860839265,0.9805586928910298
2007-12-07,1508.5999755859375,1510.6300048828125,1502.6600341796875,1504.6600341796875,3177710000,0.0,-0.001777921173321,0.012292934170496234,0.8716959830679136
2007-12-10,1505.1099853515625,1518.27001953125,1504.9599609375,1515.9599609375,2911760000,0.0,0.0075099534121494,0.012328046957685888,0.798801260410374
2007-12-11,1516.6800537109375,1523.5699462890625,1475.989990234375,1477.6500244140625,4080180000,0.0,-0.0252710741118425,0.012749023124807466,1.1144604755182135
2007-12-12,1487.5799560546875,1511.9599609375,1468.22998046875,1486.5899658203125,4482120000,0.0,0.0060501074398824,0.012190926588368642,1.2150848666072063
2007-12-13,1483.27001953125,1489.4000244140625,1469.2099609375,1488.4100341796875,3635170000,0.0,0.0012243243942324,0.012163921140500489,0.9824446566293535
2007-12-14,1486.18994140625,1486.6700439453125,1467.780029296875,1467.949951171875,3401050000,0.0,-0.0137462678549387,0.012259452248436465,0.9156540729692069
2007-12-17,1465.050048828125,1465.050048828125,1445.4300537109375,1445.9000244140625,3569030000,0.0,-0.0150208981853978,0.012382307643663666,0.9575275060811473
2007-12-18,1445.9200439453125,1460.1600341796875,1435.6500244140625,1454.97998046875,3723690000,0.0,0.0062797952150026,0.012401802004315893,0.9900797133698637
2007-12-19,1454.699951171875,1464.4200439453125,1445.31005859375,1453.0,3401300000,0.0,-0.0013608300425632,0.012402101966294387,0.9021093705699157
2007-12-20,1456.4200439453125,1461.530029296875,1447.219970703125,1460.1199951171875,3526890000,0.0,0.0049002031088696,0.012398046818705715,0.933032771185822
2007-12-21,1463.18994140625,1485.4000244140625,1463.18994140625,1484.4599609375,4508590000,0.0,0.0166698393979318,0.012585678011942969,1.1889821202916286
2007-12-24,1484.550048828125,1497.6300048828125,1484.550048828125,1496.449951171875,1267420000,0.0,0.0080770048030145,0.012628579358640485,0.3369409603894055
2007-12-26,1495.1199951171875,1498.8499755859375,1488.199951171875,1497.6600341796875,2010500000,0.0,0.0008086358029313,0.012503860466010189,0.5377144432212329
2007-12-27,1495.050048828125,1495.050048828125,1475.8599853515625,1476.27001953125,2365770000,0.0,-0.0142822898122894,0.012630398367401202,0.6356866739165997
2007-12-28,1479.8299560546875,1488.010009765625,1471.699951171875,1478.489990234375,2420510000,0.0,0.0015037700920255,0.012623266233760642,0.6546791147054738
2007-12-31,1475.25,1475.8299560546875,1465.1300048828125,1468.3599853515625,2440880000,0.0,-0.0068515884109615,0.01264370097804893,0.6629223608322846
2008-01-02,1467.969970703125,1471.77001953125,1442.0699462890625,1447.1600341796875,3452650000,0.0,-0.0144378431606464,0.012691648070659133,0.941332286248334
2008-01-03,1447.550048828125,1456.800048828125,1443.72998046875,1447.1600341796875,3429500000,0.0,0.0,0.012689545004623281,0.9352365271672098
2008-01-04,1444.010009765625,1444.010009765625,1411.18994140625,1411.6300048828125,4166000000,0.0,-0.0245515550856232,0.012985400864251519,1.1307978633946236
2008-01-07,1414.0699462890625,1423.8699951171875,1403.449951171875,1416.1800537109375,4221260000,0.0,0.0032232587947169,0.013000533458774657,1.1444432069590875
2008-01-08,1415.7099609375,1430.280029296875,1388.300048828125,1390.18994140625,4705390000,0.0,-0.0183522654740005,0.013172977473432712,1.2721010247282971
2008-01-09,1390.25,1409.18994140625,1378.699951171875,1409.1300048828125,5351030000,0.0,0.0136240832367149,0.013296666368684922,1.4331745342356184
2008-01-10,1406.780029296875,1429.0899658203125,1395.31005859375,1420.3299560546875,5170490000,0.0,0.0079481319204515,0.01332314006754266,1.3698075239867127
2008-01-11,1419.9100341796875,1419.9100341796875,1394.8299560546875,1401.02001953125,4495840000,0.0,-0.0135953877767075,0.013400387155707951,1.183029552845753
2008-01-14,1402.9100341796875,1417.8900146484375,1402.9100341796875,1416.25,3682090000,0.0,0.0108706372902833,0.013488935565795923,0.9702841534967822
2008-01-15,1411.8800048828125,1411.8800048828125,1380.5999755859375,1380.949951171875,4601640000,0.0,-0.0249250124117387,0.01382844131581792,1.210301529107583
2008-01-16,1377.4100341796875,1391.989990234375,1364.27001953125,1373.199951171875,5440620000,0.0,-0.0056120788399487,0.0134793473417908,1.4223272718945075
2008-01-17,1374.7900390625,1377.719970703125,1330.6700439453125,1333.25,5303130000,0.0,-0.0290925958290212,0.013926238421662773,1.3757106864443858
2008-01-18,1333.9000244140625,1350.280029296875,1312.510009765625,1325.18994140625,6004840000,0.0,-0.0060454217841739,0.01386395162201094,1.5407522509566132
2008-01-22,1312.93994140625,1322.0899658203125,1274.2900390625,1310.5,6544690000,0.0,-0.0110851591513451,0.013911499199267872,1.6605941945820402
2008-01-23,1310.4100341796875,1339.0899658203125,1270.050048828125,1338.5999755859375,3241680000,0.0,0.0214421790049121,0.01424547544226354,0.8317944557710577
2008-01-24,1340.1300048828125,1355.1500244140625,1334.31005859375,1352.0699462890625,5735300000,0.0,0.0100627304264135,0.014183691164944714,1.463020376269668
2008-01-25,1357.3199462890625,1368.56005859375,1327.5,1330.6099853515625,4882250000,0.0,-0.0158719310316746,0.014274669233459377,1.2410483611933831
2008-01-28,1330.699951171875,1353.969970703125,1322.260009765625,1353.9599609375,4100930000,0.0,0.0175483243346983,0.014492125008486947,1.0426539971068591
2008-01-29,1355.93994140625,1364.9300537109375,1350.18994140625,1362.300048828125,4232960000,0.0,0.0061597743886385,0.014416437461384587,1.0751208487383377
2008-01-30,1362.219970703125,1385.8599853515625,1352.949951171875,1355.81005859375,4742760000,0.0,-0.0047639947161109,0.014062348875254363,1.199717820589019
2008-01-31,1351.97998046875,1385.6199951171875,1334.0799560546875,1378.550048828125,4970290000,0.0,0.0167722536724361,0.014259858280549053,1.252196254312519
2008-02-01,1378.5999755859375,1396.02001953125,1375.9300537109375,1395.4200439453125,4650770000,0.0,0.0122374919441832,0.014359859392587356,1.1685702917102736
2008-02-04,1395.3800048828125,1395.3800048828125,1379.68994140625,1380.8199462890625,3495780000,0.0,-0.0104628693844548,0.014303763315879228,0.8844941404900902
2008-02-05,1380.280029296875,1380.280029296875,1336.6400146484375,1336.6400146484375,4315740000,0.0,-0.031995432684296,0.014394198613142275,1.0906366588400265
2008-02-06,1339.47998046875,1351.9599609375,1324.3399658203125,1326.449951171875,4008120000,0.0,-0.0076236408942482,0.01441489601475563,1.0007812251872115
2008-02-07,1324.010009765625,1347.1600341796875,1316.75,1336.9100341796875,4589160000,0.0,0.0078857728469674,0.014369912771705096,1.1408314678526195
2008-02-08,1336.8800048828125,1341.219970703125,1321.06005859375,1331.2900390625,3768490000,0.0,-0.0042037197518948,0.014329936745828668,0.9393981514210638
2008-02-11,1331.9200439453125,1341.4000244140625,1320.3199462890625,1339.1300048828125,3593140000,0.0,0.0058889990838011,0.013802018869506593,0.8997915209435158
2008-02-12,1340.550048828125,1362.0999755859375,1339.3599853515625,1348.8599853515625,4044640000,0.0,0.0072658968384489,0.013829493400574898,1.0102252890513053
2008-02-13,1353.1199951171875,1369.22998046875,1350.780029296875,1367.2099609375,3856420000,0.0,0.0136040625307414,0.013872705997171714,0.9659438189509459
2008-02-14,1367.3299560546875,1368.1600341796875,1347.31005859375,1348.8599853515625,3644760000,0.0,-0.0134214759328954,0.013941867701201772,0.9114598832714367
2008-02-15,1347.52001953125,1350.0,1338.1300048828125,1349.989990234375,3583300000,0.0,0.0008377480947496,0.013779529373105582,0.8950174257767216
2008-02-19,1355.8599853515625,1367.280029296875,1345.050048828125,1348.780029296875,3613550000,0.0,-0.0008962740066612,0.013761355187032618,0.9027991006861278
2008-02-20,1348.3900146484375,1363.7099609375,1336.550048828125,1360.030029296875,3870520000,0.0,0.0083408708281844,0.013671331569280699,0.9655429788512131
2008-02-21,1362.2099609375,1367.93994140625,1339.3399658203125,1342.530029296875,3696660000,0.0,-0.0128673629427487,0.013565844594943574,0.9197902476346875
2008-02-22,1344.219970703125,1354.300048828125,1327.0400390625,1353.1099853515625,3572660000,0.0,0.0078806103579138,0.01329670095274089,0.8860229901818913
2008-02-25,1352.75,1374.3599853515625,1346.030029296875,1371.800048828125,3866350000,0.0,0.0138126713119381,0.013275393092358229,0.9598764279662313
2008-02-26,1371.760009765625,1387.3399658203125,1363.2900390625,1381.2900390625,4096060000,0.0,0.00691791069878,0.012753867601697255,1.0188582527254806
2008-02-27,1378.949951171875,1388.3399658203125,1372.0,1380.02001953125,3904700000,0.0,-0.0009194445013966,0.012752503087345258,0.9699585839334994
2008-02-28,1378.1600341796875,1378.1600341796875,1363.1600341796875,1367.6800537109375,3938580000,0.0,-0.0089418744986786,0.012740901790487247,0.9757688213398004
2008-02-29,1364.0699462890625,1364.0699462890625,1325.4200439453125,1330.6300048828125,4426730000,0.0,-0.0270897047358384,0.013158948474811057,1.092065099437519
2008-03-03,1330.449951171875,1335.1300048828125,1320.0400390625,1331.3399658203125,4117570000,0.0,0.0005335524788219,0.013145623149777188,1.0138257130883843
2008-03-04,1329.5799560546875,1331.030029296875,1307.3900146484375,1326.75,4757180000,0.0,-0.0034476286584579,0.012963918398229966,1.1635412933667497
2008-03-05,1327.68994140625,1344.18994140625,1320.219970703125,1333.699951171875,4277710000,0.0,0.0052383276215375,0.012809104297181038,1.042440792757104
2008-03-06,1332.199951171875,1332.199951171875,1303.4200439453125,1304.3399658203125,4323460000,0.0,-0.0220139359874497,0.013068111539462484,1.054541174122152
2008-03-07,1301.530029296875,1313.239990234375,1282.4300537109375,1293.3699951171875,4565410000,0.0,-0.0084103615549538,0.013027239964666634,1.095923932377892
2008-03-10,1293.1600341796875,1295.010009765625,1272.6600341796875,1273.3699951171875,4261240000,0.0,-0.0154634791865477,0.012796926000638142,1.0119729535121866
2008-03-11,1274.4000244140625,1320.6500244140625,1274.4000244140625,1320.6500244140625,5109080000,0.0,0.0371298440187637,0.01373894427246858,1.1977147332452789
2008-03-12,1321.1300048828125,1333.260009765625,1307.8599853515625,1308.77001953125,4414280000,0.0,-0.0089955738940628,0.013763164448912643,1.025249737223839
2008-03-13,1305.260009765625,1321.6800537109375,1282.1099853515625,1315.47998046875,5073360000,0.0,0.0051269213363422,0.013706829091360815,1.1640912087131448
2008-03-14,1316.050048828125,1321.469970703125,1274.8599853515625,1288.1400146484375,5153780000,0.0,-0.020783262555292,0.013821217836347089,1.1733836451204895
2008-03-17,1283.2099609375,1287.5,1256.97998046875,1276.5999755859375,5683010000,0.0,-0.0089586837853565,0.013809681401029793,1.280733724140853
2008-03-18,1277.1600341796875,1330.739990234375,1277.1600341796875,1330.739990234375,5335630000,0.0,0.0424095375872055,0.014956949421733116,1.1961417002521981
2008-03-19,1330.969970703125,1341.510009765625,1298.4200439453125,1298.4200439453125,5358550000,0.0,-0.0242871984957558,0.015222378247620452,1.195185471605058
2008-03-20,1299.6700439453125,1330.6700439453125,1295.219970703125,1329.510009765625,6145220000,0.0,0.0239444592412823,0.015400240034015222,1.3618991707671773
2008-03-24,1330.2900390625,1359.6800537109375,1330.2900390625,1349.8800048828125,4499000000,0.0,0.0153214304274238,0.01550637886132301,1.0008448117931241
2008-03-25,1349.0699462890625,1357.469970703125,1341.2099609375,1352.989990234375,4145120000,0.0,0.0023038976355771,0.015511513732040495,0.9263469353777185
2008-03-26,1352.449951171875,1352.449951171875,1336.4100341796875,1341.1300048828125,4055670000,0.0,-0.0087657598630925,0.015451139618973944,0.9081434041077038
2008-03-27,1340.3399658203125,1345.6199951171875,1325.6600341796875,1325.760009765625,4037930000,0.0,-0.0114604811324987,0.015499255893368816,0.9027324876027507
2008-03-28,1327.02001953125,1334.8699951171875,1312.949951171875,1315.219970703125,3686980000,0.0,-0.0079501862968119,0.015506095017820846,0.827657848923765
2008-03-31,1315.9200439453125,1328.52001953125,1312.81005859375,1322.699951171875,4188990000,0.0,0.005687246723262,0.015443781357020951,0.9456636915701364
2008-04-01,1326.4100341796875,1370.1800537109375,1326.4100341796875,1370.1800537109375,4745120000,0.0,0.0358963516230543,0.01617609703160028,1.0739155696030873
2008-04-02,1369.9599609375,1377.949951171875,1361.550048828125,1367.530029296875,4320440000,0.0,-0.0019340702025878,0.015873506669058585,0.9853142914587607
2008-04-03,1365.68994140625,1375.6600341796875,1358.6800537109375,1369.31005859375,3920100000,0.0,0.0013016381788633,0.015867998960063787,0.9048453370239002
2008-04-04,1369.8499755859375,1380.9100341796875,1362.8299560546875,1370.4000244140625,3703100000,0.0,0.0007959963585104,0.01569317961752781,0.852940099332707
2008-04-07,1373.68994140625,1386.739990234375,1369.02001953125,1372.5400390625,3747780000,0.0,0.0015615985189088,0.015591078801684208,0.8712078788222828
2008-04-08,1370.1600341796875,1370.1600341796875,1360.6199951171875,1365.5400390625,3602500000,0.0,-0.0051000333693589,0.01556478551198002,0.842448536859234
2008-04-09,1365.5,1368.3900146484375,1349.969970703125,1354.489990234375,3556670000,0.0,-0.0080920723757842,0.015502618964125189,0.83385372947022
2008-04-10,1355.3699951171875,1367.239990234375,1350.1099853515625,1360.550048828125,3686150000,0.0,0.0044740519586279,0.01544537205290149,0.8664315440455799
2008-04-11,1357.97998046875,1357.97998046875,1331.2099609375,1332.8299560546875,3723790000,0.0,-0.0203741808670055,0.015334429111882587,0.8794917781303501
2008-04-14,1332.199951171875,1335.6400146484375,1326.1600341796875,1328.3199462890625,3565020000,0.0,-0.0033837848145122,0.015324473887676705,0.8476196667011736
2008-04-15,1331.719970703125,1337.719970703125,1324.3499755859375,1334.4300537109375,3581230000,0.0,0.0045998762865413,0.014867179995418318,0.8558263886641855
2008-04-16,1337.02001953125,1365.489990234375,1337.02001953125,1364.7099609375,4260370000,0.0,0.0226912659396096,0.015125727332124158,1.0144171879349888
2008-04-17,1363.3699951171875,1368.5999755859375,1357.25,1365.56005859375,3713880000,0.0,0.0006229145243916,0.015047720771551771,0.8868367397815627
2008-04-18,1369.0,1395.9000244140625,1369.0,1390.3299560546875,4222380000,0.0,0.0181390026056016,0.01497678410745381,1.0072307026288025
2008-04-21,1387.719970703125,1390.22998046875,1379.25,1388.1700439453125,3420570000,0.0,-0.0015535248305402,0.014929258070637596,0.820537047479061
2008-04-22,1386.4300537109375,1386.4300537109375,1369.8399658203125,1375.93994140625,3821900000,0.0,-0.0088102337263404,0.014825086961772954,0.9165744792128323
2008-04-23,1378.4000244140625,1387.8699951171875,1372.239990234375,1379.9300537109375,4103610000,0.0,0.002899917492481,0.014662075070650557,0.9817309398703944
2008-04-24,1380.52001953125,1397.719970703125,1371.0899658203125,1388.8199462890625,4461660000,0.0,0.0064422776750301,0.014663994134217843,1.065263817574735
2008-04-25,1387.8800048828125,1399.1099853515625,1379.97998046875,1397.8399658203125,3891150000,0.0,0.0064947364525915,0.014668482737942662,0.9288950714168878
2008-04-28,1397.9599609375,1402.9000244140625,1394.4000244140625,1396.3699951171875,3607000000,0.0,-0.0010516015703287,0.014515390227706851,0.8612180636608955
2008-04-29,1395.6099853515625,1397.0,1386.699951171875,1390.93994140625,3815320000,0.0,-0.0038886926315555,0.014440032042753641,0.9099489841671186
2008-04-30,1391.219970703125,1404.5699462890625,1384.25,1385.5899658203125,4508890000,0.0,-0.0038463023648085,0.0143835531823595,1.070791468378987
2008-05-01,1385.969970703125,1410.0699462890625,1383.0699462890625,1409.3399658203125,4448780000,0.0,0.0171407130434431,0.013912910076902789,1.0536224426189067
2008-05-02,1409.1600341796875,1422.719970703125,1406.25,1413.9000244140625,3953030000,0.0,0.003235598723049,0.013869688283221486,0.9350764748608266
2008-05-05,1415.3399658203125,1415.3399658203125,1404.3699951171875,1407.489990234375,3410090000,0.0,-0.0045335837534509,0.013860260141390105,0.80726664738747
2008-05-06,1405.5999755859375,1421.5699462890625,1397.0999755859375,1418.260009765625,3924100000,0.0,0.0076519333039495,0.013870024145687576,0.9286937129274515
2008-05-07,1417.489990234375,1419.5400390625,1391.1600341796875,1392.5699462890625,4075860000,0.0,-0.0181137896434151,0.014075625484815687,0.964702098706237
2008-05-08,1394.2900390625,1402.3499755859375,1389.3900146484375,1397.6800537109375,3827550000,0.0,0.0036695517058173,0.01405504665140714,0.9062613828731124
2008-05-09,1394.9000244140625,1394.9000244140625,1384.1099853515625,1388.280029296875,3518620000,0.0,-0.0067254479228667,0.013983289662091548,0.8347751505367242
2008-05-12,1389.4000244140625,1404.06005859375,1386.199951171875,1403.5799560546875,3370630000,0.0,0.0110207785424685,0.013931215778142512,0.8036926326748672
2008-05-13,1404.4000244140625,1406.300048828125,1396.260009765625,1403.0400390625,4018590000,0.0,-0.0003846713469072,0.01393199063482267,0.9586446363763533
2008-05-14,1405.6500244140625,1420.18994140625,1405.6500244140625,1408.6600341796875,3979370000,0.0,0.0040055842746602,0.013936620075190866,0.9528245112158256
2008-05-15,1408.3599853515625,1424.4000244140625,1406.8699951171875,1423.5699462890625,3836480000,0.0,0.0105844644893737,0.013960133868043425,0.9205558886034467
2008-05-16,1423.8900146484375,1425.8199462890625,1414.3499755859375,1425.3499755859375,3842590000,0.0,0.0012503981989189,0.013843388481583523,0.924154620951077
2008-05-19,1425.280029296875,1440.239990234375,1421.6300048828125,1426.6300048828125,3683970000,0.0,0.0008980456160241,0.013814669973760801,0.8897784921397188
2008-05-20,1424.489990234375,1424.489990234375,1409.0899658203125,1413.4000244140625,3854320000,0.0,-0.0092735891040205,0.013772500098245525,0.9327560954325318
2008-05-21,1414.06005859375,1419.1199951171875,1388.81005859375,1390.7099609375,4517990000,0.0,-0.0160535326762633,0.01391220765978268,1.096503064876041
2008-05-22,1390.8299560546875,1399.0699462890625,1390.22998046875,1394.3499755859375,3955960000,0.0,0.0026173787135195,0.013914843328947178,0.9622406715709978
2008-05-23,1392.199951171875,1392.199951171875,1373.719970703125,1375.9300537109375,3516380000,0.0,-0.0132104006867138,0.013973509902673969,0.8618459293847016
2008-05-27,1375.969970703125,1387.4000244140625,1373.0699462890625,1385.3499755859375,3588860000,0.0,0.0068462214700479,0.013530149231875436,0.886410104036843
2008-05-28,1386.5400390625,1391.25,1378.1600341796875,1390.8399658203125,3927240000,0.0,0.0039628904833617,0.013536413314663345,0.9784727718407215
2008-05-29,1390.5,1406.3199462890625,1388.5899658203125,1398.260009765625,3894440000,0.0,0.0053349372520627,0.013536986819281399,0.9773192196342779
2008-05-30,1398.3599853515625,1404.4599609375,1398.0799560546875,1400.3800048828125,3845630000,0.0,0.0015161665944682,0.013525594037935783,0.9724544857122425
2008-06-02,1399.6199951171875,1399.6199951171875,1377.7900390625,1385.6700439453125,3714320000,0.0,-0.0105042637614145,0.013274353869935744,0.9509408024040498
2008-06-03,1386.4200439453125,1393.1199951171875,1370.1199951171875,1377.6500244140625,4396380000,0.0,-0.0057878277489604,0.013246815595886531,1.1261536569934092
2008-06-04,1376.260009765625,1388.1800537109375,1371.739990234375,1377.199951171875,4338640000,0.0,-0.0003266963555412,0.013068218046849813,1.1102625432204083
2008-06-05,1377.47998046875,1404.050048828125,1377.47998046875,1404.050048828125,4350790000,0.0,0.0194961506013726,0.012433723554010304,1.111692606731474
2008-06-06,1400.06005859375,1400.06005859375,1359.9000244140625,1360.6800537109375,4771660000,0.0,-0.0308892087952176,0.01304133028222546,1.2146767230330062
2008-06-09,1360.8299560546875,1370.6300048828125,1350.6199951171875,1361.760009765625,4404570000,0.0,0.0007936884587542,0.013028569776019494,1.1171486710136826
2008-06-10,1358.97998046875,1366.8399658203125,1351.56005859375,1358.43994140625,4635070000,0.0,-0.0024380715658894,0.01272863409699845,1.172957114096358
2008-06-11,1357.0899658203125,1357.0899658203125,1335.469970703125,1335.489990234375,4779980000,0.0,-0.0168943436307661,0.012873899425134007,1.2094148532958464
2008-06-12,1335.780029296875,1353.030029296875,1331.2900390625,1339.8699951171875,4734240000,0.0,0.0032796987733647,0.011666520960516947,1.1953388692172668
2008-06-13,1341.81005859375,1360.030029296875,1341.7099609375,1360.030029296875,4080420000,0.0,0.0150462613933854,0.011369651479034258,1.0294237556052408
2008-06-16,1358.8499755859375,1364.699951171875,1352.0699462890625,1360.1400146484375,3706940000,0.0,8.086979639654324e-05,0.010957517491721991,0.9351826922960487
2008-06-17,1360.7099609375,1366.5899658203125,1350.5400390625,1350.9300537109375,3801960000,0.0,-0.0067713329791864,0.010819250508046118,0.9588921002500208
2008-06-18,1349.5899658203125,1349.5899658203125,1333.4000244140625,1337.81005859375,4573570000,0.0,-0.0097118241474808,0.01088819294007885,1.1478771988219374
2008-06-19,1336.8900146484375,1347.6600341796875,1330.5,1342.8299560546875,4811670000,0.0,0.0037523245012929,0.01083973602087035,1.2000756608313683
2008-06-20,1341.02001953125,1341.02001953125,1314.4599609375,1317.9300537109375,5324900000,0.0,-0.0185428558779753,0.011004827533609788,1.3173118160611257
2008-06-23,1319.77001953125,1323.780029296875,1315.31005859375,1318.0,4186370000,0.0,5.307283862721057e-05,0.010955708786785558,1.0332892113901158
2008-06-24,1317.22998046875,1326.02001953125,1304.4200439453125,1314.2900390625,4705050000,0.0,-0.0028148413789833,0.010937108431570915,1.154812039586487
2008-06-25,1314.5400390625,1335.6300048828125,1314.5400390625,1321.969970703125,4825640000,0.0,0.0058434070200388,0.009902306703487684,1.177218627417784
2008-06-26,1316.2900390625,1316.2900390625,1283.1500244140625,1283.1500244140625,5231280000,0.0,-0.0293652254963212,0.010577582738356819,1.2701579743319935
2008-06-27,1283.5999755859375,1289.449951171875,1272.0,1278.3800048828125,6208260000,0.0,-0.0037174293266512,0.01057887288250198,1.4893294541380346
2008-06-30,1278.06005859375,1290.31005859375,1274.8599853515625,1280.0,5032330000,0.0,0.0012672250121246,0.010580471054813495,1.202556727944926
2008-07-01,1276.68994140625,1285.31005859375,1260.6800537109375,1284.9100341796875,5846290000,0.0,0.0038359642028809,0.010594165881635148,1.3810546652244817
2008-07-02,1285.8199462890625,1292.1700439453125,1261.510009765625,1261.52001953125,5276090000,0.0,-0.0182036205074623,0.010812027484504175,1.2378531862656197
2008-07-03,1262.9599609375,1271.47998046875,1252.010009765625,1262.9000244140625,3247590000,0.0,0.0010939223012293,0.010778658382181937,0.7650081968444987
2008-07-07,1262.9000244140625,1273.949951171875,1240.6800537109375,1252.31005859375,5265420000,0.0,-0.0083854348052814,0.010793605691601234,1.2356528445885797
2008-07-08,1251.8399658203125,1274.1700439453125,1242.8399658203125,1273.699951171875,6034110000,0.0,0.0170803487773181,0.010756141242888283,1.4019431590951577
2008-07-09,1273.3800048828125,1277.3599853515625,1244.5699462890625,1244.68994140625,5181000000,0.0,-0.0227761724721228,0.011123276212473894,1.1949945573660354
2008-07-10,1245.25,1257.6500244140625,1236.760009765625,1253.3900146484375,5840430000,0.0,0.0069897513852792,0.011148000638577698,1.3346238927436265
2008-07-11,1248.6600341796875,1257.27001953125,1225.3499755859375,1239.489990234375,6742200000,0.0,-0.0110899434745866,0.0107790643507926,1.5251247920885875
2008-07-14,1241.6099853515625,1253.5,1225.010009765625,1228.300048828125,5434860000,0.0,-0.0090278594376821,0.010818095820436099,1.2239367386540168
2008-07-15,1226.8299560546875,1234.3499755859375,1200.43994140625,1214.9100341796875,7363640000,0.0,-0.0109012571164613,0.010561767392007631,1.6332116925930629
2008-07-16,1214.6500244140625,1245.52001953125,1211.3900146484375,1245.3599853515625,6738630000,0.0,0.0250635440610504,0.011132526709072681,1.4728416603253116
2008-07-17,1246.31005859375,1262.31005859375,1241.489990234375,1260.3199462890625,7365210000,0.0,0.0120125595116795,0.011232705244321673,1.5859352804402715
2008-07-18,1258.219970703125,1262.22998046875,1251.81005859375,1260.6800537109375,5653280000,0.0,0.0002857269877662,0.01122080959312296,1.2090952826403092
2008-07-21,1261.8199462890625,1267.739990234375,1255.699951171875,1260.0,4630640000,0.0,-0.0005394340212933,0.011173753360608414,0.9869876313226151
2008-07-22,1257.0799560546875,1277.4200439453125,1248.8299560546875,1277.0,6180230000,0.0,0.0134920634920634,0.011295097777499713,1.3024934318206525
2008-07-23,1278.8699951171875,1291.1700439453125,1276.06005859375,1282.18994140625,6705830000,0.0,0.0040641671153092,0.011317387449616773,1.3936722682239946
2008-07-24,1283.219970703125,1283.219970703125,1251.47998046875,1252.5400390625,6127980000,0.0,-0.0231244228224339,0.011657641654499422,1.26250820488795
2008-07-25,1253.510009765625,1263.22998046875,1251.75,1257.760009765625,4672560000,0.0,0.0041675080558958,0.011678269066239694,0.9599156295841931
2008-07-28,1257.760009765625,1260.0899658203125,1234.3699951171875,1234.3699951171875,4282960000,0.0,-0.0185965641035097,0.011620321908993895,0.8782663127648948
2008-07-29,1236.3800048828125,1263.199951171875,1236.3800048828125,1263.199951171875,5414240000,0.0,0.0233560084648285,0.012060083250721786,1.10313680384538
2008-07-30,1264.52001953125,1284.3299560546875,1264.52001953125,1284.260009765625,5631330000,0.0,0.0166719912981412,0.012287339470633363,1.1383351759361595
2008-07-31,1281.3699951171875,1284.9300537109375,1265.969970703125,1267.3800048828125,5346050000,0.0,-0.0131437596393685,0.012319459507619685,1.0741894697383403
2008-08-01,1269.4200439453125,1270.52001953125,1254.5400390625,1260.31005859375,4684870000,0.0,-0.0055783950053056,0.012143104209500523,0.940706762060125
2008-08-04,1253.27001953125,1260.489990234375,1247.449951171875,1249.010009765625,4562280000,0.0,-0.0089660863619017,0.012159915696391053,0.9138658757184234
2008-08-05,1254.8699951171875,1284.8800048828125,1254.6700439453125,1284.8800048828125,1219310000,0.0,0.0287187411123457,0.012762579568495675,0.2465072794763519
2008-08-06,1283.989990234375,1291.6700439453125,1276.0,1289.18994140625,4873420000,0.0,0.0033543494389038,0.012676149109026515,0.9801658716871721
2008-08-07,1286.510009765625,1286.510009765625,1264.2900390625,1266.0699462890625,5319380000,0.0,-0.0179337383690476,0.012855007701571419,1.063901788979365
2008-08-08,1266.2900390625,1297.8499755859375,1262.1099853515625,1296.3199462890625,4966810000,0.0,0.0238928347431868,0.013252984552182904,0.9891430674231043
2008-08-11,1294.4200439453125,1313.1500244140625,1291.4100341796875,1305.3199462890625,5067310000,0.0,0.0069427304777374,0.01320589992604081,1.004270952414342
2008-08-12,1304.7900390625,1304.7900390625,1285.6400146484375,1289.5899658203125,4711290000,0.0,-0.0120506704225805,0.013272834845533762,0.9300374566259284
2008-08-13,1288.6400146484375,1294.030029296875,1274.8599853515625,1285.8299560546875,4787600000,0.0,-0.0029156630132689,0.013269897356783716,0.9436439795017412
2008-08-14,1282.1099853515625,1300.1099853515625,1276.8399658203125,1292.9300537109375,4064000000,0.0,0.0055218014036904,0.013263177755323506,0.801889364997545
2008-08-15,1293.8499755859375,1302.050048828125,1290.739990234375,1298.199951171875,4041820000,0.0,0.0040759339190947,0.013140177341256158,0.7984864984381012
2008-08-18,1298.1400146484375,1300.219970703125,1274.510009765625,1278.5999755859375,3829290000,0.0,-0.01509780952329,0.01325463817112614,0.759327178800572
2008-08-19,1276.6500244140625,1276.6500244140625,1263.1099853515625,1266.68994140625,4159760000,0.0,-0.0093149025552182,0.013205039959154235,0.8256591889518521
2008-08-20,1267.3399658203125,1276.010009765625,1261.1600341796875,1274.5400390625,4555030000,0.0,0.0061973316433971,0.013198526003047517,0.9044025948936435
2008-08-21,1271.0699462890625,1281.4000244140625,1265.219970703125,1277.719970703125,4032590000,0.0,0.0024949640993341,0.013189957624673896,0.803055353803257
2008-08-22,1277.5899658203125,1293.0899658203125,1277.5899658203125,1292.199951171875,3741070000,0.0,0.0113326713213863,0.013263824250017011,0.747960321777266
2008-08-25,1290.469970703125,1290.469970703125,1264.8699951171875,1266.8399658203125,3420600000,0.0,-0.0196254343830952,0.013468940901973444,0.6856971858110277
2008-08-26,1267.030029296875,1275.6500244140625,1263.2099609375,1271.510009765625,3587570000,0.0,0.0036863724474374,0.01343411738029188,0.7195125179699132
2008-08-27,1271.2900390625,1285.050048828125,1270.030029296875,1281.6600341796875,3499610000,0.0,0.0079826539595495,0.013474463675619707,0.7027237596296434
2008-08-28,1283.7900390625,1300.6800537109375,1283.7900390625,1300.6800537109375,3854280000,0.0,0.0148401440506986,0.013630833777444342,0.7761838501367547
2008-08-29,1296.489990234375,1297.5899658203125,1282.739990234375,1282.8299560546875,3288120000,0.0,-0.0137236652513601,0.013463592916475444,0.6662576059101215
2008-09-02,1287.8299560546875,1303.0400390625,1272.199951171875,1277.5799560546875,4783560000,0.0,-0.0040925143470661,0.012902027637843335,0.9714032304646427
2008-09-03,1276.6099853515625,1280.5999755859375,1265.5899658203125,1274.97998046875,5056980000,0.0,-0.0020350785667978,0.012900649800968745,1.0233086221974144
2008-09-04,1271.800048828125,1271.800048828125,1232.8299560546875,1236.8299560546875,5212500000,0.0,-0.0299220575997095,0.013429149434724928,1.0526172092544046
2008-09-05,1233.2099609375,1244.93994140625,1217.22998046875,1242.31005859375,5017080000,0.0,0.0044307647241528,0.013295623284283013,1.0123711517444085
2008-09-08,1249.5,1274.4200439453125,1247.1199951171875,1267.7900390625,7351340000,0.0,0.020510161929778,0.013575351838838675,1.4708055500124186
2008-09-09,1267.97998046875,1268.6600341796875,1224.510009765625,1224.510009765625,7380630000,0.0,-0.0341381679642155,0.014076143715850621,1.4697707114437173
2008-09-10,1227.5,1243.9000244140625,1221.5999755859375,1232.0400390625,6543440000,0.0,0.0061494224112681,0.014110553609145435,1.2952581931399203
2008-09-11,1229.0400390625,1249.97998046875,1211.5400390625,1249.050048828125,6869250000,0.0,0.013806377411702,0.014231033800665416,1.3542669211257832
2008-09-12,1245.8800048828125,1255.0899658203125,1233.81005859375,1251.699951171875,6273260000,0.0,0.0021215341580878,0.014193105179104479,1.2319242782672193
2008-09-15,1250.9200439453125,1250.9200439453125,1192.699951171875,1192.699951171875,8279510000,0.0,-0.047135897021297,0.015375017809325993,1.5943955758527364
2008-09-16,1188.31005859375,1214.8399658203125,1169.280029296875,1213.5999755859375,9459830000,0.0,0.0175232877250706,0.015416577547752672,1.7927306837662136
2008-09-17,1210.3399658203125,1210.3399658203125,1155.8800048828125,1156.3900146484375,9431870000,0.0,-0.0471407070603132,0.016513557810817626,1.7647057943057367
2008-09-18,1157.0799560546875,1211.1400146484375,1133.5,1206.510009765625,10082690000,0.0,0.043341774386062,0.017521312583011494,1.8524956564319826
2008-09-19,1213.1099853515625,1265.1199951171875,1213.1099853515625,1255.0799560546875,9387170000,0.0,0.0402565630586833,0.01830398993240927,1.7025188479769429
2008-09-22,1255.3699951171875,1255.3699951171875,1205.6099853515625,1207.0899658203125,5368130000,0.0,-0.0382365999893985,0.018573318752694072,0.9784762671844834
2008-09-23,1207.6099853515625,1221.1500244140625,1187.06005859375,1188.219970703125,5185730000,0.0,-0.0156326335662676,0.01866798158382945,0.94608853572898
2008-09-24,1188.7900390625,1197.4100341796875,1179.7900390625,1185.8699951171875,4820360000,0.0,-0.0019777277304529,0.018665866368878726,0.8876676737934551
2008-09-25,1187.8699951171875,1220.030029296875,1187.8699951171875,1209.1800537109375,5877640000,0.0,0.0196565042455993,0.018847633112959113,1.0858085514711242
2008-09-26,1204.469970703125,1215.77001953125,1187.5400390625,1213.27001953125,5383610000,0.0,0.0033824291161275,0.018716068017964493,1.0018788823060247
2008-09-29,1209.0699462890625,1209.0699462890625,1106.4200439453125,1106.4200439453125,7305060000,0.0,-0.0880677622176959,0.02186414160943883,1.3511501439346878
2008-09-30,1113.780029296875,1168.030029296875,1113.780029296875,1166.3599853515625,4937680000,0.0,0.0541746705821724,0.023014120631297486,0.9122413841457248
2008-10-01,1164.1700439453125,1167.030029296875,1140.77001953125,1161.06005859375,5782130000,0.0,-0.0045439888408166,0.022896471916578467,1.069828081271506
2008-10-02,1160.6400146484375,1160.6400146484375,1111.4300537109375,1114.280029296875,6285640000,0.0,-0.0402907919798171,0.023283544227340677,1.1648002481096207
2008-10-03,1115.1600341796875,1153.8199462890625,1098.1400146484375,1099.22998046875,6716120000,0.0,-0.0135065229856284,0.023306139516548977,1.2418660705027094
2008-10-06,1097.56005859375,1097.56005859375,1007.969970703125,1056.8900146484375,7956020000,0.0,-0.0385178411912102,0.023753856081629054,1.4534844846219317
2008-10-07,1057.5999755859375,1072.9100341796875,996.22998046875,996.22998046875,7069210000,0.0,-0.0573948408433637,0.02478203224277229,1.2784580485251293
2008-10-08,988.9099731445312,1021.0599975585938,970.969970703125,984.9400024414062,8716330000,0.0,-0.011332702537251,0.024784373899835545,1.5577327961038567
2008-10-09,988.4199829101562,1005.25,909.1900024414062,909.9199829101562,6819000000,0.0,-0.0761670958081661,0.026232133069748274,1.213501396247339
2008-10-10,902.3099975585938,936.3599853515624,839.7999877929688,899.219970703125,11456230000,0.0,-0.0117592891770657,0.026152197260441098,1.995344336465708
2008-10-13,912.75,1006.9299926757812,912.75,1003.3499755859376,7263370000,0.0,0.115800369515137,0.03046436836024672,1.2538075364857015
2008-10-14,1009.969970703125,1044.31005859375,972.0700073242188,998.010009765625,8161990000,0.0,-0.0053221367919944,0.03046316645652239,1.3916331136384918
2008-10-15,994.5999755859376,994.5999755859376,903.989990234375,907.8400268554688,6542330000,0.0,-0.0903497780862258,0.032375663970150036,1.0955915165637982
2008-10-16,909.530029296875,947.7100219726562,865.8300170898438,946.4299926757812,7984500000,0.0,0.0425074513997565,0.03293670508556976,1.3233115774026478
2008-10-17,942.2899780273438,984.6400146484376,918.739990234375,940.5499877929688,6581780000,0.0,-0.0062128260181065,0.03284696923449266,1.0862861543036062
2008-10-20,943.510009765625,985.4000244140624,943.510009765625,985.4000244140624,5175640000,0.0,0.0476849047931366,0.03350931934788813,0.853622151254356
2008-10-21,980.4000244140624,985.4400024414062,952.469970703125,955.0499877929688,5121830000,0.0,-0.0307997116593744,0.03363925141619054,0.8445953355352905
2008-10-22,951.6699829101562,951.6699829101562,875.8099975585938,896.780029296875,6147980000,0.0,-0.0610124697564262,0.03424660628278981,1.0090275765442145
2008-10-23,899.0800170898438,922.8300170898438,858.4400024414062,908.1099853515624,7189900000,0.0,0.0126340414422148,0.03420701157770755,1.1707987590077038
2008-10-24,895.219970703125,896.2999877929688,852.8499755859375,876.77001953125,6550050000,0.0,-0.034511200543819,0.03440197640035641,1.0580395352272947
2008-10-27,874.280029296875,893.780029296875,846.75,848.9199829101562,5558050000,0.0,-0.0317643578141315,0.034568195794228665,0.8934239381580021
2008-10-28,848.9199829101562,940.510009765625,845.27001953125,940.510009765625,7096950000,0.0,0.1078900587797353,0.037559276462356274,1.1289334788321492
2008-10-29,939.510009765625,969.969970703125,922.260009765625,930.0900268554688,7077800000,0.0,-0.0110790770985551,0.037321850682701135,1.1155310519159307
2008-10-30,939.3800048828124,963.22998046875,928.5,954.0900268554688,6175830000,0.0,0.0258039537109555,0.037515893088491216,0.9684239319696077
2008-10-31,953.1099853515624,984.3800048828124,944.5900268554688,968.75,6394350000,0.0,0.0153653981614798,0.037557307691530865,0.995317562704376
2008-11-03,968.6699829101562,975.5700073242188,958.8200073242188,966.2999877929688,4492280000,0.0,-0.0025290448588709,0.03738205722371474,0.697617913761103
2008-11-04,971.3099975585938,1007.510009765625,971.3099975585938,1005.75,5531290000,1.0,0.0408258436359243,0.037806779856152904,0.8533742075730483
2008-11-05,1001.8400268554688,1001.8400268554688,949.8599853515624,952.77001953125,5426640000,1.0,-0.0526770872172508,0.038320339709043236,0.8325044810489804
2008-11-06,952.4000244140624,952.4000244140624,899.72998046875,904.8800048828124,6102230000,0.0,-0.0502639815136068,0.03877587808170423,0.9287309140586754
2008-11-07,907.4400024414062,931.4600219726562,906.9000244140624,930.989990234375,4931640000,0.0,0.0288546384168848,0.03900058981421124,0.7481192120631348
2008-11-10,936.75,951.9500122070312,907.469970703125,919.2100219726562,4572000000,0.0,-0.012653163176065,0.03899648273673249,0.6908714872350613
2008-11-11,917.1500244140624,917.1500244140624,884.9000244140625,898.9500122070312,4998340000,0.0,-0.0220406754510207,0.039037254742498785,0.7548054566155165
2008-11-12,893.3900146484375,893.3900146484375,850.47998046875,852.2999877929688,5764180000,0.0,-0.0518939026426297,0.039499298757253554,0.8686006481873079
2008-11-13,853.1300048828125,913.010009765625,818.6900024414062,911.2899780273438,7849120000,0.0,0.0692127080596698,0.04064533928742484,1.1734544238854439
2008-11-14,904.3599853515624,916.8800048828124,869.8800048828125,873.2899780273438,5881030000,0.0,-0.0416991308104343,0.04091106041166851,0.8769568294890283
2008-11-17,873.22998046875,882.2899780273438,848.97998046875,850.75,4927490000,0.0,-0.0258104164647106,0.04093297891459881,0.7401186709661678
2008-11-18,852.3400268554688,865.9000244140625,826.8400268554688,859.1199951171875,6679470000,0.0,0.0098383721624302,0.040944989065012635,1.0053871654312518
2008-11-19,859.030029296875,864.5700073242188,806.1799926757812,806.5800170898438,6548600000,0.0,-0.0611555758519821,0.041546160149586134,0.9856734324810689
2008-11-20,805.8699951171875,820.52001953125,747.780029296875,752.4400024414062,9093740000,0.0,-0.0671229307710544,0.04222182427691664,1.3596545499552322
2008-11-21,755.8400268554688,801.2000122070312,741.02001953125,800.030029296875,9495900000,0.0,0.0632476033983515,0.043117964529948566,1.4062322571633745
2008-11-24,801.2000122070312,865.5999755859375,801.2000122070312,851.8099975585938,7879440000,0.0,0.0647225308620311,0.04409380415727772,1.1682376081878993
2008-11-25,853.4000244140625,868.9400024414062,834.989990234375,857.3900146484375,6952700000,0.0,0.0065507767058814,0.04412239717104223,1.0385563775072293
2008-11-26,852.9000244140625,887.6799926757812,841.3699951171875,887.6799926757812,5793260000,1.0,0.0353281208199791,0.04443715650074079,0.8748757325981465
2008-11-28,886.8900146484375,896.25,881.2100219726562,896.239990234375,2740860000,1.0,0.0096431119651474,0.04435531137997481,0.423300646038275
2008-12-01,888.6099853515625,888.6099853515625,815.6900024414062,816.2100219726562,6052010000,1.0,-0.0892952436107991,0.045670275686188866,0.9444063304956041
2008-12-02,817.9400024414062,850.5399780273438,817.9400024414062,848.8099975585938,6170100000,1.0,0.039940670548431,0.0459292608484499,0.9604302010024861
2008-12-03,843.5999755859375,873.1199951171875,827.5999755859375,870.739990234375,6221880000,1.0,0.0258361620843978,0.045950917534697704,0.9653761821741883
2008-12-04,869.75,875.5999755859375,833.5999755859375,845.219970703125,5860390000,1.0,-0.0293084271050659,0.04603786201138599,0.9063628344700935
2008-12-05,844.4299926757812,879.4199829101562,818.4099731445312,876.0700073242188,6165370000,1.0,0.036499417536751,0.04628935623827536,0.9526828876033927
2008-12-08,882.7100219726562,918.5700073242188,882.7100219726562,909.7000122070312,6553600000,1.0,0.0383873487297306,0.04661744467466373,1.0090244066092453
2008-12-09,906.47998046875,916.260009765625,885.3800048828125,888.6699829101562,5693110000,1.0,-0.0231175431622275,0.04634516578296155,0.8809117038703477
2008-12-10,892.1699829101562,908.27001953125,885.4500122070312,899.239990234375,5942130000,1.0,0.0118941874120748,0.046306872202370654,0.9165941341171548
2008-12-11,898.3499755859375,904.6300048828124,868.72998046875,873.5900268554688,5513840000,1.0,-0.0285240465920793,0.04607423095373665,0.8512334783508403
2008-12-12,871.7899780273438,883.239990234375,851.3499755859375,879.72998046875,5959590000,1.0,0.0070284154174495,0.0456837217432187,0.9209760829855302
2008-12-15,881.0700073242188,884.6300048828125,857.719970703125,868.5700073242188,4982390000,1.0,-0.0126856801431103,0.0453198086794162,0.7741107776124924
2008-12-16,871.530029296875,914.6599731445312,871.530029296875,913.1799926757812,6009780000,1.0,0.0513602645444681,0.04568439717632089,0.9394170436560736
2008-12-17,908.1599731445312,918.8499755859376,895.9400024414062,904.4199829101562,5907380000,1.0,-0.0095928621256325,0.04566411971115582,0.9267766759984737
2008-12-18,905.97998046875,911.02001953125,877.4400024414062,885.280029296875,5675000000,1.0,-0.0211626832389245,0.04572030567979108,0.8988978039839531
2008-12-19,886.9600219726562,905.469970703125,883.02001953125,887.8800048828125,6705310000,1.0,0.0029368962361011,0.045625555271023674,1.0624775412455945
2008-12-22,887.2000122070312,887.3699951171875,857.0900268554688,871.6300048828125,4869850000,1.0,-0.018302022695223,0.04565104773921023,0.7880926951137298
2008-12-23,874.3099975585938,880.4400024414062,860.0999755859375,863.1599731445312,4051970000,1.0,-0.0097174623301546,0.04432057509415397,0.6626217008120512
2008-12-24,863.8699951171875,869.7899780273438,861.4400024414062,868.1500244140625,1546550000,1.0,0.0057811430381233,0.04369525662505939,0.25850156842615324
2008-12-26,869.510009765625,873.739990234375,866.52001953125,872.7999877929688,1880050000,1.0,0.0053561749100272,0.043711763739421775,0.319220462628479
2008-12-29,872.3699951171875,873.7000122070312,857.0700073242188,869.4199829101562,3323430000,1.0,-0.0038725995990896,0.04344868022556886,0.5733727241014154
2008-12-30,870.5800170898438,891.1199951171875,870.5800170898438,890.6400146484375,3627800000,1.0,0.0244071129665697,0.04357182549733369,0.6323290947518254
2008-12-31,890.5900268554688,910.3200073242188,889.6699829101562,903.25,4172940000,1.0,0.0141583413547168,0.04336546931538727,0.7298988425768342
2009-01-02,902.989990234375,934.72998046875,899.3499755859375,931.7999877929688,4048270000,1.0,0.0316080684118114,0.04294807125397948,0.7107618388205006
2009-01-05,929.1699829101562,936.6300048828124,919.530029296875,927.4500122070312,5413910000,1.0,-0.0046683576335311,0.04292743221400654,0.9529860944449211
2009-01-06,931.1699829101562,943.8499755859376,927.280029296875,934.7000122070312,5392620000,1.0,0.0078171328961949,0.04175837084336693,0.9552829131616934
2009-01-07,927.4500122070312,927.4500122070312,902.3699951171876,906.6500244140624,4704940000,1.0,-0.0300096153061308,0.041921261342189896,0.838947188982887
2009-01-08,905.72998046875,910.0,896.8099975585938,909.72998046875,4991550000,1.0,0.0033970727091505,0.03912199755824309,0.8918549790255821
2009-01-09,909.9099731445312,911.9299926757812,888.3099975585938,890.3499755859375,4716500000,1.0,-0.0213030297988274,0.03920707936859564,0.8499409555487999
2009-01-12,890.4000244140625,890.4000244140625,864.3200073242188,870.260009765625,4725050000,1.0,-0.0225641223914128,0.03753394542346099,0.8587636769163495
2009-01-13,869.7899780273438,877.02001953125,862.02001953125,871.7899780273438,5567460000,1.0,0.0017580587922576,0.03711786755430946,1.0141117648629598
2009-01-14,867.280029296875,867.280029296875,836.9299926757812,842.6199951171875,5407880000,1.0,-0.0334598741042665,0.03735247931840647,0.9885970261142383
2009-01-15,841.989990234375,851.5900268554688,817.0399780273438,843.739990234375,7807350000,1.0,0.0013291817470242,0.0368006552302118,1.410144922876821
2009-01-16,844.4500122070312,858.1300048828125,830.6599731445312,850.1199951171875,6786040000,1.0,0.0075615769747268,0.036623212113458106,1.2201479070900785
2009-01-20,849.6400146484375,849.6400146484375,804.469970703125,805.219970703125,6375230000,0.0,-0.0528161020467152,0.036411305872936894,1.1423862995713707
2009-01-21,806.77001953125,841.719970703125,804.2999877929688,840.239990234375,6467830000,0.0,0.0434912456290301,0.03682477869480329,1.1574628591938056
2009-01-22,839.739990234375,839.739990234375,811.2899780273438,827.5,5843830000,0.0,-0.0151623231248745,0.03660711888010136,1.0423904956907208
2009-01-23,822.1599731445312,838.6099853515625,806.0700073242188,831.9500122070312,5832160000,0.0,0.005377658256231,0.036379484235880055,1.0356529737163742
2009-01-26,832.5,852.530029296875,827.6900024414062,836.5700073242188,6039940000,0.0,0.0055532123918495,0.03353835084340789,1.0685967366712994
2009-01-27,837.2999877929688,850.4500122070312,835.4000244140625,845.7100219726562,5353260000,0.0,0.0109255825195933,0.033550952985126975,0.9484872248360117
2009-01-28,845.72998046875,877.8599853515625,845.72998046875,874.0900268554688,6199180000,0.0,0.0335576073896048,0.033670766560836965,1.1048263917057768
2009-01-29,868.8900146484375,868.8900146484375,844.1500244140625,845.1400146484375,5067060000,0.0,-0.0331201721991711,0.03385515971063543,0.9056861078190189
2009-01-30,845.6900024414062,851.6599731445312,821.6699829101562,825.8800048828125,5350580000,0.0,-0.0227891348555265,0.03396437085171393,0.9549181843401257
2009-02-02,823.0900268554688,830.780029296875,812.8699951171875,825.4400024414062,5673270000,0.0,-0.0005327680035899,0.03349604951601677,1.0161582427521436
2009-02-03,825.6900024414062,842.5999755859375,821.97998046875,838.510009765625,5886310000,0.0,0.0158339882796587,0.03292754808813292,1.0568238589318224
2009-02-04,837.77001953125,851.8499755859375,829.1799926757812,832.22998046875,6420450000,0.0,-0.0074895102309278,0.03231319350018748,1.163895448182547
2009-02-05,831.75,850.5499877929688,819.9099731445312,845.8499755859375,6624030000,0.0,0.0163656626615591,0.032158274523883645,1.2134348613200814
2009-02-06,846.0900268554688,870.75,845.4199829101562,868.5999755859375,6484100000,0.0,0.0268960225295751,0.03232206917375372,1.1939049624325295
2009-02-09,868.239990234375,875.010009765625,861.6500244140625,869.8900146484375,5574370000,0.0,0.0014851935283901,0.0321978865947085,1.0316344683841123
2009-02-10,866.8699951171875,868.0499877929688,822.989990234375,827.1599731445312,6770170000,0.0,-0.049121200133761,0.0321241000066681,1.2484239734607587
2009-02-11,827.4099731445312,838.219970703125,822.2999877929688,833.739990234375,5926460000,0.0,0.0079549510414884,0.030835057895186303,1.080153055613504
2009-02-12,829.9099731445312,835.47998046875,808.0599975585938,835.1900024414062,6476460000,0.0,0.0017391659558319,0.03036995440108475,1.1785722396726845
2009-02-13,833.9500122070312,839.4299926757812,825.2100219726562,826.8400268554688,5296650000,0.0,-0.0099976958075755,0.030212904049812948,0.9669468533302283
2009-02-17,818.6099853515625,818.6099853515625,789.1699829101562,789.1699829101562,5907820000,0.0,-0.0455590473632177,0.030748183655848214,1.079759087222665
2009-02-18,791.0599975585938,796.1699829101562,780.4299926757812,788.4199829101562,5740710000,0.0,-0.000950365594538,0.029715006033642362,1.0496759699973155
2009-02-19,787.9099731445312,797.5800170898438,777.030029296875,778.9400024414062,5746940000,0.0,-0.0120240235841793,0.0284271308151318,1.0524255117786085
2009-02-20,775.8699951171875,778.6900024414062,754.25,770.0499877929688,8210590000,0.0,-0.011412964567969,0.02726545396947781,1.494518786607846
2009-02-23,773.25,777.8499755859375,742.3699951171875,743.3300170898438,6509300000,0.0,-0.0346990080211634,0.026251032437577097,1.1813342331071364
2009-02-24,744.6900024414062,775.489990234375,744.6900024414062,773.1400146484375,7234490000,0.0,0.0401033146425333,0.02678655786855558,1.306814585505189
2009-02-25,770.6400146484375,780.1199951171875,752.8900146484375,764.9000244140625,7483640000,0.0,-0.0106578240399598,0.026373560646910262,1.342268156323578
2009-02-26,765.760009765625,779.4199829101562,751.75,752.8300170898438,7599970000,0.0,-0.0157798495737593,0.0263853920227328,1.3551588712509115
2009-02-27,749.9299926757812,751.27001953125,734.52001953125,735.0900268554688,8926480000,0.0,-0.0235644034266209,0.023977666813904504,1.5696129151623592
2009-03-02,729.5700073242188,729.5700073242188,699.7000122070312,700.8200073242188,7868290000,0.0,-0.0466201666180243,0.024048418111006158,1.3745590584750251
2009-03-03,704.4400024414062,711.6699829101562,692.2999877929688,696.3300170898438,7583230000,0.0,-0.0064067666268805,0.023753773472165337,1.3170485099949019
2009-03-04,698.5999755859375,724.1199951171875,698.5999755859375,712.8699951171875,7673620000,0.0,0.0237530734298498,0.023762124380059275,1.3235587285741985
2009-03-05,708.27001953125,708.27001953125,677.9299926757812,682.5499877929688,7507250000,0.0,-0.0425323095822465,0.023750945742471722,1.2912907293022897
2009-03-06,684.0399780273438,699.0900268554688,666.7899780273438,683.3800048828125,7331830000,0.0,0.0012160531897855,0.023105964014458084,1.2505261388366582
2009-03-09,680.760009765625,695.27001953125,672.8800048828125,676.530029296875,7277320000,0.0,-0.0100236699010708,0.022988612248793137,1.2277209736470491
2009-03-10,679.280029296875,719.5999755859375,679.280029296875,719.5999755859375,8618330000,0.0,0.0636630222221259,0.02452585078483023,1.4200719901805567
2009-03-11,719.5900268554688,731.9199829101562,713.8499755859375,721.3599853515625,7287810000,0.0,0.0024458168779006,0.024313358144110647,1.1798120604931703
2009-03-12,720.8900146484375,752.6300048828125,714.760009765625,750.739990234375,7326630000,0.0,0.0407286313067307,0.024927992370886474,1.1709197690069517
2009-03-13,751.969970703125,758.2899780273438,742.4600219726562,756.5499877929688,6787090000,0.0,0.0077390276715909,0.024923692611159873,1.0738482295852323
2009-03-16,758.8400268554688,774.530029296875,753.3699951171875,753.8900146484375,7883540000,0.0,-0.0035159251701146,0.023919262971904914,1.2328518581384496
2009-03-17,753.8800048828125,778.1199951171875,749.9299926757812,778.1199951171875,6156800000,1.0,0.0321399408374565,0.02432491640739449,0.9565110612748742
2009-03-18,776.010009765625,803.0399780273438,765.6400146484375,794.3499755859375,9098450000,1.0,0.0208579403827113,0.02437493361221919,1.3975218055150136
2009-03-19,797.9199829101562,803.239990234375,781.8200073242188,784.0399780273438,9033870000,1.0,-0.0129791626807677,0.02441227094585479,1.372252413863795
2009-03-20,784.5800170898438,788.9099731445312,766.2000122070312,768.5399780273438,7643720000,1.0,-0.0197694000744684,0.024429834531203592,1.1508129351896648
2009-03-23,772.3099975585938,823.3699951171875,772.3099975585938,822.9199829101562,7715770000,1.0,0.0707575486474922,0.026137343517713522,1.1522089845651062
2009-03-24,820.5999755859375,823.6500244140625,805.47998046875,806.1199951171875,6767980000,1.0,-0.0204150927694788,0.026249862595827497,1.0045191920281549
2009-03-25,806.8099975585938,826.780029296875,791.3699951171875,813.8800048828125,7687180000,1.0,0.009626370531222,0.02627288343405199,1.1310041422001589
2009-03-26,814.0599975585938,832.97998046875,814.0599975585938,832.8599853515625,6992960000,1.0,0.0233203670748525,0.026453364430238015,1.024566829771958
2009-03-27,828.6799926757812,828.6799926757812,813.4299926757812,815.9400024414062,5600210000,1.0,-0.0203155190641246,0.02637325615656808,0.8200472358781813
2009-03-30,809.0700073242188,809.0700073242188,779.8099975585938,787.530029296875,5912660000,1.0,-0.0348187036540978,0.026648919936457193,0.8706307592967008
2009-03-31,790.8800048828125,810.47998046875,790.8800048828125,797.8699951171875,6089100000,1.0,0.0131296146631312,0.026359914482225084,0.8984553491107902
2009-04-01,793.5900268554688,813.6199951171875,783.3200073242188,811.0800170898438,6034140000,1.0,0.0165566095397735,0.02646900223977096,0.8912430182536928
2009-04-02,814.530029296875,845.6099853515625,814.530029296875,834.3800048828125,7542810000,1.0,0.0287271136041165,0.026735274539145513,1.1105471777124307
2009-04-03,835.1300048828125,842.5,826.7000122070312,842.5,5855640000,1.0,0.009731770979253,0.02650933816093131,0.8621108491836916
2009-04-06,839.75,839.75,822.7899780273438,835.47998046875,6210000000,1.0,-0.0083323673961424,0.02652052444985798,0.9132662914500098
2009-04-07,834.1199951171875,834.1199951171875,814.530029296875,815.5499877929688,5155580000,1.0,-0.0238545424686291,0.02655553457108655,0.7601765947389018
2009-04-08,816.760009765625,828.4199829101562,814.8400268554688,825.1599731445312,5938460000,1.0,0.0117834412303394,0.026455366349246657,0.8741017158915515
2009-04-09,829.2899780273438,856.9099731445312,829.2899780273438,856.5599975585938,7600710000,1.0,0.0380532568665477,0.026919766618940025,1.114176830845907
2009-04-13,855.3300170898438,864.3099975585938,845.3499755859375,858.72998046875,6434890000,1.0,0.0025333694269418,0.026558729004158593,0.9395133999531505
2009-04-14,856.8800048828125,856.8800048828125,840.25,841.5,7569840000,1.0,-0.0200644915871515,0.026692880666931266,1.0981034120201258
2009-04-15,839.4400024414062,852.9299926757812,835.5800170898438,852.0599975585938,6241100000,1.0,0.012549016706588,0.02672361014103891,0.9038634074423798
2009-04-16,854.5399780273438,870.3499755859375,847.0399780273438,865.2999877929688,6598670000,1.0,0.015538800404093,0.025860101586763735,0.9536804903923195
2009-04-17,865.1799926757812,875.6300048828125,860.8699951171875,869.5999755859375,7352010000,1.0,0.004969360746134,0.025272103514992414,1.059704372286439
2009-04-20,868.27001953125,868.27001953125,832.3900146484375,832.3900146484375,6973960000,1.0,-0.0427897446897096,0.025815290116947928,1.0041999817993108
2009-04-21,831.25,850.0900268554688,826.8300170898438,850.0800170898438,7436490000,1.0,0.0212520598879093,0.025947918182844552,1.067872066787062
2009-04-22,847.260009765625,861.780029296875,840.5700073242188,843.5499877929688,7327860000,1.0,-0.007681664273476,0.02596211908072492,1.0470002355795538
2009-04-23,844.6199951171875,852.8699951171875,835.4500122070312,851.9199829101562,6563100000,1.0,0.0099223463200877,0.02595559247749608,0.9382869899820269
2009-04-24,853.9099731445312,871.7999877929688,853.9099731445312,866.22998046875,7114440000,1.0,0.0167973493352167,0.025682011634321524,1.0136655724295913
2009-04-27,862.8200073242188,868.8300170898438,854.6500244140625,857.510009765625,5613460000,1.0,-0.0100665768903615,0.025345729544622927,0.8017776437576063
2009-04-28,854.47998046875,864.47998046875,847.1199951171875,855.1599731445312,6328000000,1.0,-0.0027405354973477,0.025164238864160044,0.9011812595084734
2009-04-29,856.8499755859375,882.0599975585938,856.8499755859375,873.6400146484375,6101620000,1.0,0.0216100403249146,0.025304980311877872,0.8684627172864791
2009-04-30,876.5900268554688,888.7000122070312,868.510009765625,872.8099975585938,6862540000,1.0,-0.0009500676204463,0.02523381058240979,0.973657500487287
2009-05-01,872.739990234375,880.47998046875,866.0999755859375,877.52001953125,5312170000,1.0,0.005396388659423,0.025215332023671114,0.7546219112915782
2009-05-04,879.2100219726562,907.8499755859376,879.2100219726562,907.239990234375,7038840000,1.0,0.0338681398049478,0.02549351691704453,1.0032444056700063
2009-05-05,906.0999755859376,907.7000122070312,897.3400268554688,903.7999877929688,6882860000,1.0,-0.0037917226736418,0.025282062160995128,0.9799690703339944
2009-05-06,903.9500122070312,920.280029296875,903.9500122070312,919.530029296875,8555040000,1.0,0.017404339141803,0.025370879147282033,1.2134878738021633
2009-05-07,919.5800170898438,929.5800170898438,901.3599853515624,907.3900146484376,9120100000,1.0,-0.0132024123863799,0.02457365239487818,1.287660770167441
2009-05-08,909.030029296875,930.1699829101562,909.030029296875,929.22998046875,8163280000,1.0,0.0240689951043533,0.02472918836868662,1.1507375589914264
2009-05-11,922.989990234375,922.989990234375,908.6799926757812,909.239990234375,6150600000,1.0,-0.021512424969641,0.02491653860475869,0.8738587842727015
2009-05-12,910.52001953125,915.5700073242188,896.4600219726562,908.3499755859376,6871750000,1.0,-0.0009788555914791,0.024871813474285027,0.9790901089465448
2009-05-13,905.4000244140624,905.4000244140624,882.7999877929688,883.9199829101562,7091820000,1.0,-0.0268949120189303,0.02438042357674051,1.011862722185268
2009-05-14,884.239990234375,898.3599853515625,882.52001953125,893.0700073242188,6134870000,1.0,0.0103516433511747,0.024399468259426894,0.8791853369128232
2009-05-15,892.760009765625,896.969970703125,878.9400024414062,882.8800048828125,5439720000,1.0,-0.0114100824771141,0.024393457553116837,0.7842108999277508
2009-05-18,886.0700073242188,910.0,886.0700073242188,909.7100219726562,5702150000,1.0,0.0303892000514893,0.02458900550092276,0.8259246854138237
2009-05-19,909.6699829101562,916.3900146484376,905.219970703125,908.1300048828124,6616270000,1.0,-0.0017368359715523,0.02409394564183011,0.9601685903648808
2009-05-20,908.6199951171876,924.5999755859376,901.3699951171876,903.469970703125,8205060000,1.0,-0.0051314615249263,0.02363658374791437,1.1921675123608197
2009-05-21,900.4199829101562,900.4199829101562,879.6099853515625,888.3300170898438,6019840000,1.0,-0.0167575615175107,0.023708771718284973,0.8778971558438661
2009-05-22,888.6799926757812,896.6500244140625,883.75,887.0,5155320000,1.0,-0.0014972105684336,0.023590768492514836,0.7566124113600291
2009-05-26,887.0,911.760009765625,881.4600219726562,910.3300170898438,5667050000,1.0,0.0263021613188767,0.02351701198981441,0.8344590405999689
2009-05-27,909.9500122070312,913.8400268554688,891.8699951171875,893.0599975585938,5698800000,1.0,-0.0189711634319815,0.022770530970640402,0.8445680585984522
2009-05-28,892.9600219726562,909.4500122070312,887.5999755859375,906.8300170898438,5738980000,1.0,0.0154189187388236,0.02277091277064516,0.8515773927330741
2009-05-29,907.02001953125,920.02001953125,903.5599975585938,919.1400146484376,6050420000,1.0,0.0135747574811193,0.02266395822446722,0.90598556135955
2009-06-01,923.260009765625,947.77001953125,923.260009765625,942.8699951171876,6370440000,1.0,0.0258175904547321,0.021967191798670686,0.9615750362535542
2009-06-02,942.8699951171876,949.3800048828124,938.4600219726562,944.739990234375,5987340000,1.0,0.0019833011198484,0.021964799644141355,0.9082904750360975
2009-06-03,942.510009765625,942.510009765625,923.8499755859376,931.760009765625,5323770000,1.0,-0.013739209309357,0.022014908813508302,0.8135298114100193
2009-06-04,932.489990234375,942.469970703125,929.3200073242188,942.4600219726562,5352890000,1.0,0.0114836568374754,0.020671383411553976,0.8215326458428442
2009-06-05,945.6699829101562,951.6900024414062,934.1300048828124,940.0900268554688,5277910000,1.0,-0.0025146903443468,0.020690524489341732,0.8160600764048115
2009-06-08,938.1199951171876,946.3300170898438,926.4400024414062,939.1400146484376,4483430000,1.0,-0.0010105544999864,0.02015097625941827,0.6986408523554591
2009-06-09,940.3499755859376,946.9199829101562,936.1500244140624,942.4299926757812,4439950000,1.0,0.0035031816087351,0.02014484892679625,0.6943763483994366
2009-06-10,942.72998046875,949.77001953125,927.969970703125,939.1500244140624,5379420000,1.0,-0.0034803309393902,0.02014462837011544,0.8427082726625005
2009-06-11,939.0399780273438,956.22998046875,939.0399780273438,944.8900146484376,5500840000,1.0,0.006111899148335,0.01980281564082531,0.8633203724266192
2009-06-12,943.4400024414062,946.2999877929688,935.6599731445312,946.2100219726562,4528120000,1.0,0.001396995738927,0.01967151673449378,0.714033795169128
2009-06-15,942.4500122070312,942.4500122070312,919.6500244140624,923.719970703125,4697880000,1.0,-0.0237685616800422,0.019869392807812584,0.7475099073846891
2009-06-16,925.5999755859376,928.0,911.5999755859376,911.969970703125,4951200000,1.0,-0.0127203052577243,0.019753407925461798,0.7900913430614527
2009-06-17,911.8900146484376,918.4400024414062,903.780029296875,910.7100219726562,5523650000,1.0,-0.0013815682214813,0.017645135981090625,0.8833754989012921
2009-06-18,910.8599853515624,921.9299926757812,907.9400024414062,918.3699951171876,4684010000,1.0,0.0084109902819993,0.017419794375557202,0.7502267813475441
2009-06-19,919.9600219726562,927.0900268554688,915.7999877929688,921.22998046875,5713390000,1.0,0.003114197291689,0.01739379599479647,0.9157603800917121
2009-06-22,918.1300048828124,918.1300048828124,893.0399780273438,893.0399780273438,4903940000,1.0,-0.0306003962518266,0.017675590045845426,0.7928734934168383
2009-06-23,893.4600219726562,898.6900024414062,888.8599853515625,895.0999755859375,5071020000,1.0,0.0023067249051313,0.017446108145756995,0.8235190527388876
2009-06-24,896.3099975585938,910.8499755859376,896.3099975585938,900.9400024414062,4636720000,1.0,0.0065244408610847,0.016783404598918146,0.7602324166085186
2009-06-25,899.4500122070312,921.4199829101562,896.27001953125,920.260009765625,4911240000,1.0,0.0214442773901308,0.016907506070956813,0.8087693917728903
2009-06-26,918.8400268554688,922.0,913.030029296875,918.9000244140624,6076660000,1.0,-0.0014778272848224,0.01681381960285778,1.002410935663161
2009-06-29,919.8599853515624,927.989990234375,916.1799926757812,927.22998046875,4211760000,1.0,0.009065138571521,0.01647669457857383,0.7020489496019146
2009-06-30,927.1500244140624,930.010009765625,912.8599853515624,919.3200073242188,4627570000,1.0,-0.008530756458643,0.016498115066358,0.7774407658738319
2009-07-01,920.8200073242188,931.9199829101562,920.8200073242188,923.3300170898438,3919400000,1.0,0.0043619302676731,0.01645004911998418,0.6663413561666803
2009-07-02,921.239990234375,921.239990234375,896.4199829101562,896.4199829101562,3931000000,1.0,-0.0291445460253774,0.01660334604586647,0.6761227533452252
2009-07-06,894.27001953125,898.719970703125,886.3599853515625,898.719970703125,4712580000,1.0,0.0025657480163505,0.01655114645378915,0.8157454672238948
2009-07-07,898.5999755859375,898.5999755859375,879.9299926757812,881.030029296875,4673300000,1.0,-0.019683485382449,0.016064671862615152,0.8158409558269947
2009-07-08,881.9000244140625,886.7999877929688,869.3200073242188,879.5599975585938,5721780000,1.0,-0.0016685376087061,0.016065245300810098,0.9985016315362184
2009-07-09,881.280029296875,887.8599853515625,878.4500122070312,882.6799926757812,4347170000,1.0,0.003547222617954,0.015839912232393127,0.7639011212160872
2009-07-10,880.030029296875,883.5700073242188,872.8099975585938,879.1300048828125,3912080000,1.0,-0.0040218287742166,0.015778061754761732,0.6927764374693154
2009-07-13,879.5700073242188,901.0499877929688,875.3200073242188,901.0499877929688,4499440000,1.0,0.0249337217344529,0.015973786413330058,0.8035149331656671
2009-07-14,900.77001953125,905.8400268554688,896.5,905.8400268554688,4149030000,1.0,0.005316063622877,0.01597538258529944,0.7440292487995016
2009-07-15,910.1500244140624,933.9500122070312,910.1500244140624,932.6799926757812,5238830000,1.0,0.0296299181142223,0.01534921775120844,0.9455631434491646
2009-07-16,930.1699829101562,943.9600219726562,927.4500122070312,940.739990234375,4898640000,1.0,0.0086417609704163,0.015166572757696391,0.8905404779937802
2009-07-17,940.5599975585938,941.8900146484376,934.6500244140624,940.3800048828124,5141380000,1.0,-0.0003826618994616,0.015118401088246866,0.946415559077829
2009-07-20,942.0700073242188,951.6199951171876,940.989990234375,951.1300048828124,4853150000,1.0,0.0114315488889404,0.015133180629506346,0.9076165092603197
2009-07-21,951.969970703125,956.530029296875,943.219970703125,954.5800170898438,5309300000,1.0,0.0036272772274241,0.015009181990031118,1.0036374651194724
2009-07-22,953.4000244140624,959.8300170898438,947.75,954.0700073242188,4634100000,1.0,-0.0005342765996504,0.014932446334123802,0.8810532317300995
2009-07-23,954.0700073242188,979.4199829101562,953.27001953125,976.2899780273438,5761650000,1.0,0.0232896648385825,0.015171862055725235,1.1000709953570442
2009-07-24,972.1599731445312,979.7899780273438,965.9500122070312,979.260009765625,4458300000,1.0,0.0030421614531805,0.014959680584300986,0.859869722109115
2009-07-27,978.6300048828124,982.489990234375,972.2899780273438,982.1799926757812,4631290000,1.0,0.0029818259512661,0.0149550882582038,0.8984450870061742
2009-07-28,981.47998046875,982.3499755859376,969.3499755859376,979.6199951171876,5490350000,1.0,-0.0026064444171982,0.014960689668434099,1.0648888720620882
2009-07-29,977.6599731445312,977.760009765625,968.6500244140624,975.1500244140624,5178770000,1.0,-0.0045629639303049,0.014382332665745866,1.0064993710994474
2009-07-30,976.010009765625,996.6799926757812,976.010009765625,986.75,6035180000,1.0,0.0118955804702027,0.014430608890009616,1.1755988869485106
2009-07-31,986.7999877929688,993.1799926757812,982.8499755859376,987.47998046875,5139070000,1.0,0.0007397825880415,0.01428020891239036,1.0131462761023557
2009-08-03,990.219970703125,1003.6099853515624,990.219970703125,1002.6300048828124,5603440000,1.0,0.0153421079046796,0.014264710933691872,1.1065115947503772
2009-08-04,1001.4099731445312,1007.1199951171876,996.6799926757812,1005.6500244140624,5713700000,1.0,0.0030120976995926,0.013962498391707677,1.125801949414436
2009-08-05,1005.4099731445312,1006.6400146484376,994.3099975585938,1002.719970703125,7242120000,1.0,-0.0029135918458755,0.013647793234544922,1.4181526801505777
2009-08-06,1004.0599975585938,1008.0,992.489990234375,997.0800170898438,6753380000,1.0,-0.0056246547172351,0.013676535912120832,1.3170081100356963
2009-08-07,999.8300170898438,1018.0,999.8300170898438,1010.47998046875,6827090000,1.0,0.013439205629671,0.01323397700241288,1.3257562002413477
2009-08-10,1008.8900146484376,1010.1199951171876,1000.989990234375,1007.0999755859376,5406080000,1.0,-0.0033449498734694,0.013211175472985373,1.052443253882117
2009-08-11,1005.77001953125,1005.77001953125,992.4000244140624,994.3499755859376,5773160000,1.0,-0.0126601135032119,0.013233792809406567,1.1265253282433674
2009-08-12,994.0,1012.780029296875,993.3599853515624,1005.8099975585938,5498170000,1.0,0.0115251392910258,0.012765380395973669,1.0749181910495593
2009-08-13,1005.8599853515624,1013.1400146484376,1000.8200073242188,1012.72998046875,5250660000,1.0,0.0068800100684554,0.012773895790670167,1.0268223522196267
2009-08-14,1012.22998046875,1012.5999755859376,994.5999755859376,1004.0900268554688,4940750000,1.0,-0.0085313496982504,0.012813091542392407,0.9677761822559121
2009-08-17,998.1799926757812,998.1799926757812,978.510009765625,979.72998046875,4088570000,1.0,-0.0242608189855322,0.013032437756901862,0.8046031208817315
2009-08-18,980.6199951171876,991.2000122070312,980.6199951171876,989.6699829101562,4198970000,1.0,0.0101456550677876,0.013070389760525844,0.8272552915460367
2009-08-19,986.8800048828124,999.6099853515624,980.6199951171876,996.4600219726562,4257000000,1.0,0.0068609124048943,0.012690948934126702,0.8392930301810325
2009-08-20,996.4099731445312,1008.9199829101562,996.3900146484376,1007.3699951171876,4893160000,1.0,0.0109487314131613,0.012455088840548698,0.9665690634372529
2009-08-21,1009.0599975585938,1027.5899658203125,1009.0599975585938,1026.1300048828125,5885550000,1.0,0.0186227601145123,0.012519918217662927,1.1608362367963518
2009-08-24,1026.5899658203125,1035.8199462890625,1022.47998046875,1025.5699462890625,6302450000,1.0,-0.0005457969176273,0.012433734576814534,1.2344235179788332
2009-08-25,1026.6300048828125,1037.75,1026.2099609375,1028.0,5768740000,1.0,0.0023694665778091,0.012031354081076013,1.1251689779993708
2009-08-26,1027.3499755859375,1032.469970703125,1021.5700073242188,1028.1199951171875,5080060000,1.0,0.000116726767692,0.012032530772932024,0.9903469604505324
2009-08-27,1027.81005859375,1033.3299560546875,1016.2000122070312,1030.97998046875,5785880000,1.0,0.0027817622117509,0.011866190451274862,1.1267930178514902
2009-08-28,1031.6199951171875,1039.469970703125,1023.1300048828124,1028.9300537109375,5785780000,1.0,-0.0019883283833314,0.011806336602134154,1.121958805908096
2009-08-31,1025.2099609375,1025.2099609375,1014.6199951171876,1020.6199951171876,5004560000,1.0,-0.0080764076856136,0.011860363037225836,0.9731425217757109
2009-09-01,1019.52001953125,1028.449951171875,996.280029296875,998.0399780273438,6862360000,1.0,-0.0221238239480613,0.012241390936121093,1.3243075182563255
2009-09-02,996.0700073242188,1000.3400268554688,991.969970703125,994.75,5842730000,1.0,-0.0032964391204514,0.012250126172071897,1.1241895282957515
2009-09-03,996.1199951171876,1003.4299926757812,992.25,1003.239990234375,4624280000,1.0,0.0085347979234733,0.012274244310052203,0.8897922761009108
2009-09-04,1003.8400268554688,1016.47998046875,1001.6500244140624,1016.4000244140624,4097370000,1.0,0.0131175334992508,0.012355057056432372,0.7908826739141034
2009-09-08,1018.6699829101562,1026.0699462890625,1018.6699829101562,1025.3900146484375,5235160000,1.0,0.0088449331153428,0.01239348621276969,1.0137945824086008
2009-09-09,1025.3599853515625,1036.3399658203125,1023.969970703125,1033.3699951171875,5202550000,1.0,0.0077823855847534,0.01196887754934282,1.0036283444375391
2009-09-10,1032.989990234375,1044.1400146484375,1028.0400390625,1044.1400146484375,5191380000,1.0,0.0104222297745626,0.011860773186993315,0.9992997521586933
2009-09-11,1043.9200439453125,1048.1800537109375,1038.4000244140625,1042.72998046875,4922600000,1.0,-0.001350426341205,0.011860608802572595,0.9439161625422635
2009-09-14,1040.1500244140625,1049.739990234375,1035.0,1049.3399658203125,4979610000,1.0,0.0063391150876768,0.011845605330185636,0.9510234233642357
2009-09-15,1049.030029296875,1056.0400390625,1043.4200439453125,1052.6300048828125,6185620000,1.0,0.0031353414238139,0.011845630471840816,1.1747417365534705
2009-09-16,1053.989990234375,1068.760009765625,1052.8699951171875,1068.760009765625,6793530000,1.0,0.0153235275528824,0.011147244943284196,1.2798856742248197
2009-09-17,1067.8699951171875,1074.77001953125,1061.199951171875,1065.489990234375,6668110000,1.0,-0.0030596387415048,0.011174879828556085,1.2517932750449328
2009-09-18,1066.5999755859375,1071.52001953125,1064.27001953125,1068.300048828125,5607970000,1.0,0.0026373392706691,0.011165186716691693,1.0478148422047429
2009-09-21,1067.1400146484375,1067.280029296875,1057.4599609375,1064.6600341796875,4615280000,1.0,-0.0034072961546995,0.010924140544304921,0.8600767108338492
2009-09-22,1066.3499755859375,1073.81005859375,1066.3499755859375,1071.6600341796875,5246600000,1.0,0.0065748687611755,0.01092402200395763,0.9750106911838264
2009-09-23,1072.68994140625,1080.1500244140625,1060.3900146484375,1060.8699951171875,5531930000,1.0,-0.010068528001755,0.011011761176695825,1.022778519870627
2009-09-24,1062.56005859375,1066.2900390625,1045.8499755859375,1050.780029296875,5505610000,1.0,-0.0095110295010256,0.011028826235314254,1.0169091500009937
2009-09-25,1049.47998046875,1053.469970703125,1041.1700439453125,1044.3800048828125,4507090000,1.0,-0.0060907366295732,0.011077986946166756,0.8336841938593902
2009-09-28,1045.3800048828125,1065.1300048828125,1045.3800048828125,1062.97998046875,3726950000,1.0,0.0178095860692244,0.010474293689217727,0.6930065754506295
2009-09-29,1063.68994140625,1069.6199951171875,1057.8299560546875,1060.6099853515625,4949900000,1.0,-0.0022295764367475,0.010495147841090678,0.9200765920685714
2009-09-30,1061.02001953125,1063.4000244140625,1046.469970703125,1057.0799560546875,5998860000,1.0,-0.003328301020761,0.010105990123276317,1.1122038736745712
2009-10-01,1054.9100341796875,1054.9100341796875,1029.449951171875,1029.8499755859375,5791450000,1.0,-0.0257596223566471,0.010755966989802947,1.0691612143250784
2009-10-02,1029.7099609375,1030.5999755859375,1019.9500122070312,1025.2099609375,5583240000,1.0,-0.0045055248419048,0.010795250686416959,1.0314029199695665
2009-10-05,1026.8699951171875,1042.5799560546875,1025.9200439453125,1040.4599609375,4313310000,1.0,0.014875001786029,0.010875472725375588,0.7972333168045148
2009-10-06,1042.02001953125,1060.550048828125,1042.02001953125,1054.719970703125,5029840000,1.0,0.0137054863243137,0.010582028215806045,0.9283026024637824
2009-10-07,1053.6500244140625,1058.02001953125,1050.0999755859375,1057.5799560546875,4238220000,1.0,0.0027116063324901,0.01057638447318559,0.7858339479256841
2009-10-08,1060.030029296875,1070.6700439453125,1060.030029296875,1065.47998046875,4988400000,1.0,0.007469907470196,0.009988471060280545,0.9255827670159886
2009-10-09,1065.280029296875,1071.510009765625,1063.0,1071.489990234375,3763780000,1.0,0.005640659492242,0.009963507180411196,0.7042946935253908
2009-10-12,1071.6300048828125,1079.4599609375,1071.6300048828125,1076.18994140625,3710430000,1.0,0.0043863696485366,0.009961412972848235,0.6980438187519347
2009-10-13,1074.9599609375,1075.300048828125,1066.7099609375,1073.18994140625,4320480000,1.0,-0.0027876120046986,0.009909485025218224,0.816755325815709
2009-10-14,1078.6800537109375,1093.1700439453125,1078.6800537109375,1092.02001953125,5406420000,1.0,0.0175458950913443,0.010107664266495276,1.0232331587789518
2009-10-15,1090.3599853515625,1096.56005859375,1086.4100341796875,1096.56005859375,5369780000,1.0,0.0041574687105543,0.01010355506712275,1.0235527809848506
2009-10-16,1094.6700439453125,1094.6700439453125,1081.530029296875,1087.6800537109375,4894740000,1.0,-0.0080980561103058,0.009810524771365566,0.9396618289397506
2009-10-19,1088.219970703125,1100.1700439453125,1086.47998046875,1097.9100341796875,4619240000,1.0,0.0094053213845812,0.00985791187359452,0.8943544788354719
2009-10-20,1098.6400146484375,1098.6400146484375,1086.1600341796875,1091.06005859375,5396930000,1.0,-0.0062391046376176,0.009913365523692872,1.0449640078128772
2009-10-21,1090.3599853515625,1101.3599853515625,1080.77001953125,1081.4000244140625,5616290000,1.0,-0.0088538060793263,0.009992944270179277,1.0880979008156981
2009-10-22,1080.9599609375,1095.2099609375,1074.31005859375,1092.9100341796875,5192410000,1.0,0.0106436189252552,0.010024247880666054,1.0071687997226082
2009-10-23,1095.6199951171875,1095.8299560546875,1075.489990234375,1079.5999755859375,4767460000,1.0,-0.0121785491737571,0.010100981038655562,0.9264781935422286
2009-10-26,1080.3599853515625,1091.75,1065.22998046875,1066.949951171875,6363380000,1.0,-0.0117173255836698,0.010244919301598031,1.2298192109442465
2009-10-27,1067.5400390625,1072.47998046875,1060.6199951171875,1063.4100341796875,5337380000,1.0,-0.0033177910438061,0.010094866831009925,1.026573927563392
2009-10-28,1061.510009765625,1063.260009765625,1042.18994140625,1042.6300048828125,6600350000,1.0,-0.0195409377652757,0.010434057383636132,1.2578698455798891
2009-10-29,1043.68994140625,1066.8299560546875,1043.68994140625,1066.1099853515625,5595040000,1.0,0.02251995469034,0.010796913649739177,1.0608712377356957
2009-10-30,1065.4100341796875,1065.4100341796875,1033.3800048828125,1036.18994140625,6512420000,1.0,-0.0280646878431084,0.011404636131808733,1.2272788091338933
2009-11-02,1036.1800537109375,1052.1800537109375,1029.3800048828125,1042.8800048828125,6202640000,1.0,0.0064564065035057,0.011307708762291532,1.1675048230366156
2009-11-03,1040.9200439453125,1046.3599853515625,1033.93994140625,1045.4100341796875,5487500000,1.0,0.0024260023061419,0.01129821737791822,1.036074695406312
2009-11-04,1047.1400146484375,1061.0,1045.1500244140625,1046.5,5635510000,1.0,0.0010426203926459,0.011161547408202075,1.0645554899815977
2009-11-05,1047.300048828125,1066.6500244140625,1047.300048828125,1066.6300048828125,4848350000,1.0,0.0192355517274844,0.011328921749309932,0.9166623496398465
2009-11-06,1064.949951171875,1071.47998046875,1059.3199462890625,1069.300048828125,4277130000,1.0,0.0025032522365671,0.011304761163981365,0.813303545435513
2009-11-09,1072.31005859375,1093.18994140625,1072.31005859375,1093.0799560546875,4460030000,1.0,0.0222387600679749,0.011561482003778167,0.8523798821353845
2009-11-10,1091.8599853515625,1096.4200439453125,1087.4000244140625,1093.010009765625,4394770000,1.0,-6.399009393143196e-05,0.0110594189946737,0.8418699325445866
2009-11-11,1096.0400390625,1105.3699951171875,1093.81005859375,1098.510009765625,4286700000,1.0,0.0050319758747492,0.011014295932212084,0.8293518626898071
2009-11-12,1098.31005859375,1101.969970703125,1084.9000244140625,1087.239990234375,4160250000,1.0,-0.0102593689916895,0.011102379462935581,0.8101617939985964
2009-11-13,1087.5899658203125,1097.7900390625,1085.3299560546875,1093.47998046875,3792610000,1.0,0.0057392942592462,0.011047588146423315,0.740968167719459
2009-11-16,1094.1300048828125,1113.68994140625,1094.1300048828125,1109.300048828125,4565850000,1.0,0.0144676341971923,0.010950573259928606,0.8904073417842774
2009-11-17,1109.219970703125,1110.52001953125,1102.18994140625,1110.3199462890625,3824070000,1.0,0.0009194063067201,0.010947887299310162,0.7498764903081219
2009-11-18,1109.43994140625,1111.0999755859375,1102.699951171875,1109.800048828125,4293340000,1.0,-0.0004682411251595,0.010949683936090488,0.8449102254104152
2009-11-19,1106.43994140625,1106.43994140625,1088.4000244140625,1094.9000244140625,4178030000,1.0,-0.0134258639020569,0.011113594633022807,0.8255102408967008
2009-11-20,1094.6600341796875,1094.6600341796875,1086.81005859375,1091.3800048828125,3751230000,1.0,-0.00321492323752,0.011125265875848446,0.744628345054109
2009-11-23,1094.8599853515625,1112.3800048828125,1094.8599853515625,1106.239990234375,3827920000,1.0,0.013615775701478,0.011235815210298252,0.7633416990259453
2009-11-24,1105.8299560546875,1107.56005859375,1097.6300048828125,1105.6500244140625,3700820000,1.0,-0.0005333072620051,0.01117147684646298,0.745382962798284
2009-11-25,1106.489990234375,1111.1800537109375,1104.75,1110.6300048828125,3036350000,1.0,0.0045041200730666,0.010741940685661729,0.6209497972513582
2009-11-27,1105.469970703125,1105.469970703125,1083.739990234375,1091.489990234375,2362910000,1.0,-0.0172334752026234,0.011002420357300152,0.4918892635364942
2009-11-30,1091.0699462890625,1097.239990234375,1086.25,1095.6300048828125,3895520000,1.0,0.0037929936925473,0.010968797890925964,0.8167573639036151
2009-12-01,1098.8900146484375,1112.280029296875,1098.8900146484375,1108.8599853515625,4249310000,1.0,0.0120752264996293,0.010950943683163768,0.8923043867724821
2009-12-02,1109.030029296875,1115.5799560546875,1105.2900390625,1109.239990234375,3941340000,1.0,0.0003426987066288,0.010909367624370515,0.8321962795230526
2009-12-03,1110.5899658203125,1117.280029296875,1098.739990234375,1099.9200439453125,4810030000,1.0,-0.008402100871871,0.010948134350465424,1.0187218733386307
2009-12-04,1100.4300537109375,1119.1300048828125,1096.52001953125,1105.97998046875,5781140000,1.0,0.0055094336691066,0.010895475311136434,1.2229670743181271
2009-12-07,1105.52001953125,1110.719970703125,1100.8299560546875,1103.25,4103360000,1.0,-0.0024683814508043,0.010900548774655825,0.8695275902136782
2009-12-08,1103.0400390625,1103.0400390625,1088.6099853515625,1091.93994140625,4748030000,1.0,-0.0102515826818491,0.010972983078135918,1.0018019239117257
2009-12-09,1091.0699462890625,1097.0400390625,1085.8900146484375,1095.949951171875,4115410000,1.0,0.0036723720907769,0.010975203167257553,0.8713919708647413
2009-12-10,1098.68994140625,1106.25,1098.68994140625,1102.3499755859375,3996490000,1.0,0.0058397050040643,0.010828807185207689,0.8534488881603525
2009-12-11,1103.9599609375,1108.5,1101.3399658203125,1106.4100341796875,3791090000,1.0,0.0036830940115837,0.010825449779029911,0.8165621143041787
2009-12-14,1107.8399658203125,1114.760009765625,1107.8399658203125,1114.1099853515625,4548490000,1.0,0.0069594010665168,0.010852999238870384,0.9840848987713332
2009-12-15,1114.1099853515625,1114.1099853515625,1105.3499755859375,1107.9300537109375,5045100000,1.0,-0.0055469672849892,0.01087041911951684,1.0880831228130123
2009-12-16,1108.6099853515625,1116.2099609375,1107.9599609375,1109.1800537109375,4829820000,1.0,0.0011282300681465,0.010843425896711258,1.0425528966371949
2009-12-17,1106.3599853515625,1106.3599853515625,1095.8800048828125,1096.0799560546875,7615070000,1.0,-0.0118106141671242,0.010874849358757509,1.6201508575295622
2009-12-18,1097.8599853515625,1103.739990234375,1093.8800048828125,1102.469970703125,6325890000,1.0,0.0058298800312326,0.010813203230850518,1.3382540021492826
2009-12-21,1105.31005859375,1117.6800537109375,1105.31005859375,1114.050048828125,3977340000,1.0,0.0105037583178928,0.010844630542787557,0.8406542059827904
2009-12-22,1114.510009765625,1120.27001953125,1114.510009765625,1118.02001953125,3641130000,1.0,0.0035635478920368,0.010627134184206195,0.7698180693719798
2009-12-23,1118.8399658203125,1121.5799560546875,1116.0,1120.5899658203125,3166870000,1.0,0.0022986585608189,0.01062062820595444,0.672830731869325
2009-12-24,1121.0799560546875,1126.47998046875,1121.0799560546875,1126.47998046875,1267710000,1.0,0.0052561729339828,0.010619525999093795,0.2741580611155068
2009-12-28,1127.530029296875,1130.3800048828125,1123.510009765625,1127.780029296875,2716400000,1.0,0.0011540807210652,0.010016359188189015,0.5942755192045897
2009-12-29,1128.550048828125,1130.3800048828125,1126.0799560546875,1126.199951171875,2491020000,1.0,-0.0014010516979849,0.009992461894248753,0.5507609837241818
2009-12-30,1125.530029296875,1126.4200439453125,1121.93994140625,1126.4200439453125,2277300000,1.0,0.0001954295711064,0.009840887068483049,0.5087766826258963
2009-12-31,1126.5999755859375,1127.6400146484375,1114.81005859375,1115.0999755859375,2076990000,1.0,-0.0100495977679215,0.00981407914717198,0.4710121148890481
2010-01-04,1116.56005859375,1133.8699951171875,1116.56005859375,1132.989990234375,3991400000,1.0,0.0160434176666868,0.010003147500779777,0.9118752133245178
2010-01-05,1132.6600341796875,1136.6300048828125,1129.6600341796875,1136.52001953125,2491020000,1.0,0.0031156756258232,0.009972621811426474,0.5762106885091095
2010-01-06,1135.7099609375,1139.18994140625,1133.949951171875,1137.1400146484375,4972660000,1.0,0.0005455206301101,0.009955198548750977,1.149160722536659
2010-01-07,1136.27001953125,1142.4599609375,1131.3199462890625,1141.68994140625,5270680000,1.0,0.0040012018741766,0.009953128321195725,1.224214618990178
2010-01-08,1140.52001953125,1145.3900146484375,1136.219970703125,1144.97998046875,4389590000,1.0,0.0028817272914287,0.009943139565853201,1.0240737192913663
2010-01-11,1145.9599609375,1149.739990234375,1142.02001953125,1146.97998046875,4255780000,1.0,0.0017467554316374,0.009707400870261245,1.0038379444412078
2010-01-12,1143.81005859375,1143.81005859375,1131.77001953125,1136.219970703125,4716160000,1.0,-0.0093811661483642,0.009786600858341281,1.1170622052267358
2010-01-13,1137.31005859375,1148.4000244140625,1133.1800537109375,1145.6800537109375,4170360000,1.0,0.008325925658531,0.009767741358686294,0.9988670424413825
2010-01-14,1145.6800537109375,1150.4100341796875,1143.800048828125,1148.4599609375,3915200000,1.0,0.0024264254383745,0.009706261674131501,0.9481415123486763
2010-01-15,1147.719970703125,1147.77001953125,1131.3900146484375,1136.030029296875,4758730000,1.0,-0.0108231301598693,0.009780340685261754,1.156500758487846
2010-01-19,1136.030029296875,1150.449951171875,1135.77001953125,1150.22998046875,4724830000,1.0,0.0124996265993635,0.009814491701604275,1.1533674023063882
2010-01-20,1147.949951171875,1147.949951171875,1129.25,1138.0400390625,4810560000,1.0,-0.0105978296629707,0.00984659052259967,1.1745114491281134
2010-01-21,1138.6800537109375,1141.5799560546875,1114.8399658203125,1116.47998046875,6874290000,1.0,-0.0189449033897883,0.010033815629595618,1.6573580628177302
2010-01-22,1115.489990234375,1115.489990234375,1090.1800537109375,1091.760009765625,6208650000,1.0,-0.0221409887643004,0.010336536068044916,1.484359837141078
2010-01-25,1092.4000244140625,1102.969970703125,1092.4000244140625,1096.780029296875,4481390000,1.0,0.0045980980127011,0.010338331568086372,1.070964113134632
2010-01-26,1095.800048828125,1103.68994140625,1089.8599853515625,1092.1700439453125,4731910000,1.0,-0.0042031995736809,0.010017328945503537,1.1284322448921968
2010-01-27,1091.93994140625,1099.510009765625,1083.1099853515625,1097.5,5319120000,1.0,0.0048801522109449,0.009620772759533401,1.2614934065866827
2010-01-28,1096.9300537109375,1100.219970703125,1078.4599609375,1084.530029296875,5452400000,1.0,-0.0118177409595672,0.009011694039153889,1.2830015704556674
2010-01-29,1087.6099853515625,1096.449951171875,1071.5899658203125,1073.8699951171875,5412850000,1.0,-0.0098291738280392,0.009083415221275627,1.2686381063229288
2010-02-01,1073.8900146484375,1089.3800048828125,1073.8900146484375,1089.18994140625,4077610000,1.0,0.0142661088946718,0.009252371286408455,0.9545564273121203
2010-02-02,1090.050048828125,1104.72998046875,1087.9599609375,1103.3199462890625,4749540000,1.0,0.0129729483771849,0.009386511188061886,1.1094835033958623
2010-02-03,1100.6700439453125,1102.719970703125,1093.969970703125,1097.280029296875,4285450000,1.0,-0.0054743114293386,0.009107442109348671,1.0005708141563778
2010-02-04,1097.25,1097.25,1062.780029296875,1063.1099853515625,5859690000,1.0,-0.0311406778880394,0.009977025273366793,1.3547869884738057
2010-02-05,1064.1199951171875,1067.1300048828125,1044.5,1066.18994140625,6438900000,1.0,0.0028971189219608,0.009547982865756323,1.4709436710517718
2010-02-08,1065.510009765625,1071.199951171875,1056.510009765625,1056.739990234375,4089820000,1.0,-0.0088632904934471,0.009610575747713736,0.9326471423938936
2010-02-09,1060.06005859375,1079.280029296875,1060.06005859375,1070.52001953125,5114260000,1.0,0.0130401323165774,0.009743626228615852,1.1553127157771144
2010-02-10,1069.6800537109375,1073.6700439453125,1059.3399658203125,1068.1300048828125,4251450000,1.0,-0.0022325735201887,0.009660476897642887,0.9522784507032473
2010-02-11,1067.0999755859375,1080.0400390625,1060.5899658203125,1078.469970703125,4400870000,1.0,0.0096804375619492,0.009715130843939228,0.9835203514943202
2010-02-12,1075.949951171875,1077.81005859375,1062.969970703125,1075.510009765625,4160680000,1.0,-0.0027445928193718,0.00952748126434615,0.9302104297375084
2010-02-16,1079.1300048828125,1095.6700439453125,1079.1300048828125,1094.8699951171875,4080770000,1.0,0.0180007486455484,0.009820417931387838,0.9117763637980475
2010-02-17,1096.1400146484375,1101.030029296875,1094.719970703125,1099.510009765625,4259230000,1.0,0.0042379594555796,0.009836905109842498,0.9539982215691852
2010-02-18,1099.030029296875,1108.239990234375,1097.47998046875,1106.75,3878620000,1.0,0.0065847424489735,0.009716183338156785,0.8762154699103114
2010-02-19,1105.489990234375,1112.4200439453125,1100.800048828125,1109.1700439453125,3944280000,1.0,0.0021866220422972,0.009708781660731861,0.8916895639486383
2010-02-22,1110.0,1112.2900390625,1105.3800048828125,1108.010009765625,3814440000,1.0,-0.0010458578339902,0.009551605163565638,0.8659919247281465
2010-02-23,1107.489990234375,1108.5799560546875,1092.1800537109375,1094.5999755859375,4521050000,1.0,-0.0121028095969314,0.009679945108636099,1.0245264988208218
2010-02-24,1095.8900146484375,1106.4200439453125,1095.5,1105.239990234375,4168360000,1.0,0.0097204594242219,0.009745393528265698,0.9438672990091789
2010-02-25,1101.239990234375,1103.5,1086.02001953125,1102.93994140625,4521130000,1.0,-0.0020810401799135,0.009484988711901008,1.020373664942305
2010-02-26,1103.0999755859375,1107.239990234375,1097.56005859375,1104.489990234375,3945190000,1.0,0.0014053791778985,0.009474740497032398,0.8928210955068436
2010-03-01,1105.3599853515625,1116.1099853515625,1105.3599853515625,1115.7099609375,3847640000,1.0,0.0101585082728945,0.009437106093051527,0.8754899493542657
2010-03-02,1117.010009765625,1123.4599609375,1116.510009765625,1118.31005859375,4134680000,1.0,0.0023304422719907,0.009441294082447857,0.9437884917462447
2010-03-03,1119.3599853515625,1125.6400146484375,1116.5799560546875,1118.7900390625,3951320000,1.0,0.0004292016020615,0.009373834673225931,0.9172766995161786
2010-03-04,1119.1199951171875,1123.72998046875,1116.6600341796875,1122.969970703125,3945010000,1.0,0.0037361180334851,0.009360003013029278,0.926048555431295
2010-03-05,1125.1199951171875,1139.3800048828125,1125.1199951171875,1138.699951171875,4133000000,1.0,0.0140074809470649,0.00951783526521925,0.9694687025337404
2010-03-08,1138.4000244140625,1141.050048828125,1136.77001953125,1138.5,3774680000,1.0,-0.0001755960133915,0.009411927980638456,0.8848639753831774
2010-03-09,1137.56005859375,1145.3699951171875,1134.9000244140625,1140.449951171875,5185570000,1.0,0.0017127370855292,0.009404977106114928,1.2042088662387818
2010-03-10,1140.219970703125,1148.260009765625,1140.0899658203125,1145.6099853515625,5469120000,1.0,0.0045245599549417,0.00939433932358575,1.2457470936052824
2010-03-11,1143.9599609375,1150.239990234375,1138.989990234375,1150.239990234375,4669060000,1.0,0.0040415193146134,0.00939639159554689,1.0541337337831094
2010-03-12,1151.7099609375,1153.4100341796875,1146.969970703125,1149.989990234375,4928160000,1.0,-0.0002173459470393,0.009360860522975559,1.1005198939086818
2010-03-15,1148.530029296875,1150.97998046875,1141.449951171875,1150.510009765625,4164110000,1.0,0.000452194832708,0.009326373233560168,0.9221272177747417
2010-03-16,1150.8299560546875,1160.280029296875,1150.3499755859375,1159.4599609375,4369770000,1.0,0.0077791163013856,0.00937130734995991,0.9579424050328778
2010-03-17,1159.93994140625,1169.8399658203125,1159.93994140625,1166.2099609375,4963200000,1.0,0.0058216758037441,0.00924532497997064,1.083418131816222
2010-03-18,1166.1300048828125,1167.77001953125,1161.1600341796875,1165.8299560546875,4234510000,1.0,-0.0003258460273372,0.009225816267372785,0.9173694399733306
2010-03-19,1166.6800537109375,1169.199951171875,1155.3299560546875,1159.9000244140625,5212410000,1.0,-0.0050864464494398,0.009172251723878975,1.128051081891625
2010-03-22,1157.25,1167.8199462890625,1152.8800048828125,1165.81005859375,4261680000,1.0,0.0050952961938879,0.00918244332178724,0.9263431070811315
2010-03-23,1166.469970703125,1174.719970703125,1163.8299560546875,1174.1700439453125,4411640000,1.0,0.0071709669083201,0.009217940866197647,0.9588473557800458
2010-03-24,1172.699951171875,1173.0400390625,1166.010009765625,1167.719970703125,4705750000,1.0,-0.0054933042070419,0.009234720327604005,1.0207740507446668
2010-03-25,1170.030029296875,1180.68994140625,1165.0899658203125,1165.72998046875,5668900000,1.0,-0.0017041673383189,0.009239402682122332,1.2246392165212425
2010-03-26,1167.5799560546875,1173.9300537109375,1161.47998046875,1166.5899658203125,4708420000,1.0,0.0007377225995479,0.00923570048115342,1.0147898680071847
2010-03-29,1167.7099609375,1174.8499755859375,1167.7099609375,1173.219970703125,4375580000,1.0,0.0056832349643523,0.009258473618564692,0.9411862184033506
2010-03-30,1173.75,1177.8299560546875,1168.9200439453125,1173.27001953125,4085000000,1.0,4.265937281555665e-05,0.00915052717100971,0.8812366911147828
2010-03-31,1171.75,1174.56005859375,1165.77001953125,1169.4300537109375,4484340000,1.0,-0.0032728747486845,0.008945837299438566,0.9683891139894149
2010-04-01,1171.22998046875,1181.4300537109375,1170.68994140625,1178.0999755859375,4006870000,1.0,0.0074138011482498,0.008983718519767508,0.8682938592448038
2010-04-05,1178.7099609375,1187.72998046875,1178.7099609375,1187.43994140625,3881620000,1.0,0.0079279908444673,0.009032838284379322,0.8522053906279845
2010-04-06,1186.010009765625,1191.800048828125,1182.77001953125,1189.43994140625,4086180000,1.0,0.0016842957106795,0.009023703748561377,0.905555838975596
2010-04-07,1188.22998046875,1189.5999755859375,1177.25,1182.449951171875,5101430000,1.0,-0.0058767071720416,0.00905896923186997,1.1274512815682403
2010-04-08,1181.75,1188.550048828125,1175.1199951171875,1186.43994140625,4726970000,1.0,0.0033743417473361,0.009064965014193224,1.044715845874018
2010-04-09,1187.469970703125,1194.6600341796875,1187.1500244140625,1194.3699951171875,4511570000,1.0,0.006683906562972,0.009002057613813176,1.0006819126096076
2010-04-12,1194.93994140625,1199.199951171875,1194.7099609375,1196.47998046875,4607090000,1.0,0.0017666094762833,0.008949681586380983,1.0257148616478613
2010-04-13,1195.93994140625,1199.0400390625,1188.8199462890625,1197.300048828125,5403580000,1.0,0.0006854008197059,0.00894701879074804,1.2030937319377193
2010-04-14,1198.68994140625,1210.6500244140625,1198.68994140625,1210.6500244140625,5760040000,1.0,0.0111500668516668,0.008915595491647917,1.2729222197328711
2010-04-15,1210.77001953125,1213.9200439453125,1208.5,1211.6700439453125,5995330000,1.0,0.0008425387276917,0.008789088263293731,1.317664096304493
2010-04-16,1210.1700439453125,1210.1700439453125,1186.77001953125,1192.1300048828125,8108470000,1.0,-0.0161265347444554,0.008939433214916432,1.7526412597120267
2010-04-19,1192.06005859375,1197.8699951171875,1183.6800537109375,1197.52001953125,6597740000,1.0,0.0045213312527665,0.00856585640991211,1.4215622037262945
2010-04-20,1199.0400390625,1208.5799560546875,1199.0400390625,1207.1700439453125,5316590000,1.0,0.0080583407848495,0.00804205417594481,1.1510900929854604
2010-04-21,1207.1600341796875,1210.989990234375,1198.8499755859375,1205.93994140625,5724310000,1.0,-0.0010189969053922,0.00804053621147585,1.230655049258579
2010-04-22,1202.52001953125,1210.27001953125,1190.18994140625,1208.6700439453125,6035780000,1.0,0.0022638793569429,0.008004492129846111,1.2924959396032065
2010-04-23,1207.8699951171875,1217.280029296875,1205.0999755859375,1217.280029296875,5326060000,1.0,0.0071235200993795,0.008024706517212746,1.1352922268103294
2010-04-26,1217.0699462890625,1219.800048828125,1211.0699462890625,1212.050048828125,5647760000,1.0,-0.0042964480997613,0.007866196834458019,1.1974996129375994
2010-04-27,1209.9200439453125,1211.3800048828125,1181.6199951171875,1183.7099609375,7454540000,1.0,-0.0233819452571498,0.008385705206083723,1.5588192057540393
2010-04-28,1184.5899658203125,1195.050048828125,1181.81005859375,1191.3599853515625,6342310000,1.0,0.006462752419523,0.008246219289795284,1.3138144001189211
2010-04-29,1193.300048828125,1209.3599853515625,1193.300048828125,1206.780029296875,6059410000,1.0,0.0129432280208421,0.008245521086617752,1.2459191660230504
2010-04-30,1206.77001953125,1207.989990234375,1186.3199462890625,1186.68994140625,6048260000,1.0,-0.0166476801097963,0.008527706328217484,1.2326286416262238
2010-05-03,1188.5799560546875,1205.1300048828125,1188.5799560546875,1202.260009765625,4938050000,1.0,0.0131205867818549,0.007525672033006516,1.0023091442469418
2010-05-04,1197.5,1197.5,1168.1199951171875,1173.5999755859375,6594720000,1.0,-0.0238384658450667,0.00823458970811704,1.3236351748412654
2010-05-05,1169.239990234375,1175.949951171875,1158.1500244140625,1165.8699951171875,6795940000,1.0,-0.0065865547286593,0.008190522982428141,1.351678883132645
2010-05-06,1164.3800048828125,1167.5799560546875,1065.7900390625,1128.1500244140625,10617810000,1.0,-0.0323534964113503,0.009161630298138221,2.0590055860591696
2010-05-07,1127.0400390625,1135.1300048828125,1094.1500244140625,1110.8800048828125,9472910000,1.0,-0.0153082649980171,0.0093904507927388,1.8023720682302773
2010-05-10,1122.27001953125,1163.8499755859375,1122.27001953125,1159.72998046875,6893700000,1.0,0.043974124451984,0.010873069037226948,1.2970829716527057
2010-05-11,1156.3900146484375,1170.47998046875,1147.7099609375,1155.7900390625,5842550000,1.0,-0.0033972920184899,0.010877478768298632,1.0911129910900206
2010-05-12,1155.4300537109375,1172.8699951171875,1155.4300537109375,1171.6700439453125,5225460000,1.0,0.0137395239153412,0.01077978706624962,0.971909977774329
2010-05-13,1170.0400390625,1173.5699462890625,1156.1400146484375,1157.43994140625,4870640000,1.0,-0.0121451449685835,0.010907942477967798,0.9028277223259421
2010-05-14,1157.18994140625,1157.18994140625,1126.1400146484375,1135.6800537109375,6126400000,1.0,-0.0188000145120921,0.011173351649643662,1.1264871242617311
2010-05-17,1136.52001953125,1141.8800048828125,1114.9599609375,1136.93994140625,5922920000,1.0,0.0011093685155389,0.011171446953064861,1.0819505594342669
2010-05-18,1138.780029296875,1148.6600341796875,1117.199951171875,1120.800048828125,6170840000,1.0,-0.0141959060371843,0.011329632852645082,1.1174561019954758
2010-05-19,1119.5699462890625,1124.27001953125,1100.6600341796875,1115.050048828125,6765800000,1.0,-0.0051302638735714,0.011236108879218186,1.2182232572644516
2010-05-20,1107.3399658203125,1107.3399658203125,1071.5799560546875,1071.5899658203125,8328570000,0.0,-0.038975903416611,0.01226125305055944,1.4843250285376175
2010-05-21,1067.260009765625,1090.1600341796875,1055.9000244140625,1087.68994140625,5452130000,0.0,0.0150243806861449,0.01242030456960695,0.9689787740414573
2010-05-24,1084.780029296875,1089.949951171875,1072.699951171875,1073.6500244140625,5224040000,0.0,-0.0129080140007874,0.012526809955126785,0.927466101764125
2010-05-25,1067.4200439453125,1074.75,1040.780029296875,1074.030029296875,7329580000,0.0,0.0003539373857135,0.012450532065713353,1.2868160650336873
2010-05-26,1075.510009765625,1090.75,1065.5899658203125,1067.949951171875,4521050000,0.0,-0.0056609945338124,0.012461849405937883,0.7933157265163332
2010-05-27,1074.27001953125,1103.52001953125,1074.27001953125,1103.06005859375,5698460000,0.0,0.032876173067238,0.013193811793170529,0.9973442122003541
2010-05-28,1102.5899658203125,1102.5899658203125,1084.780029296875,1089.4100341796875,4871210000,0.0,-0.0123746883115906,0.013277053303156676,0.8506630782142162
2010-06-01,1087.300048828125,1094.77001953125,1069.8900146484375,1070.7099609375,5271480000,0.0,-0.0171653212798507,0.013312832785181467,0.9203726494136341
2010-06-02,1073.010009765625,1098.56005859375,1072.030029296875,1098.3800048828125,5026360000,0.0,0.025842707133391,0.013754519397288608,0.8752389408786226
2010-06-03,1098.8199462890625,1105.6700439453125,1091.81005859375,1102.8299560546875,4995970000,0.0,0.0040513767112408,0.013764219918107293,0.8681804028541132
2010-06-04,1098.4300537109375,1098.4300537109375,1060.5,1064.8800048828125,6180580000,0.0,-0.0344114257719647,0.014426852004940786,1.0685601296702243
2010-06-07,1065.8399658203125,1071.3599853515625,1049.8599853515625,1050.469970703125,5467560000,0.0,-0.013532073204129,0.014498607266000036,0.9459447021415018
2010-06-08,1050.81005859375,1063.1500244140625,1042.1700439453125,1062.0,6192750000,0.0,0.0109760674921126,0.014585933034982703,1.0659353684197264
2010-06-09,1062.75,1077.739990234375,1052.25,1055.68994140625,5983200000,0.0,-0.0059416747587099,0.014596853958662887,1.024198100919803
2010-06-10,1058.77001953125,1087.8499755859375,1058.77001953125,1086.8399658203125,5144780000,0.0,0.0295067928492038,0.015087866684126865,0.8774944550042024
2010-06-11,1082.6500244140625,1092.25,1077.1199951171875,1091.5999755859375,4059280000,0.0,0.0043796786236438,0.01507801754384044,0.6933567545011703
2010-06-14,1095.0,1105.9100341796875,1089.030029296875,1089.6300048828125,4425830000,0.0,-0.0018046635646612,0.015078122991721846,0.7548859421773364
2010-06-15,1091.2099609375,1115.5899658203125,1091.2099609375,1115.22998046875,4644490000,0.0,0.0234941911210408,0.015395408977743533,0.7901252117666017
2010-06-16,1114.02001953125,1118.739990234375,1107.1300048828125,1114.6099853515625,5002600000,0.0,-0.0005559347650669,0.015377638792557973,0.8484018819305967
2010-06-17,1115.97998046875,1117.719970703125,1105.8699951171875,1116.0400390625,4557760000,0.0,0.0012830081640498,0.01534575413224545,0.7743884990558182
2010-06-18,1116.1600341796875,1121.010009765625,1113.9300537109375,1117.510009765625,4555360000,0.0,0.0013171307943036,0.015335108884626423,0.7744323358073089
2010-06-21,1122.7900390625,1131.22998046875,1108.239990234375,1113.199951171875,4514360000,0.0,-0.003856841152281,0.015340213783297347,0.7674548653013316
2010-06-22,1113.9000244140625,1118.5,1094.1800537109375,1095.31005859375,4514380000,0.0,-0.0160706911272248,0.015467344970850793,0.7677002595404322
2010-06-23,1095.5699462890625,1099.6400146484375,1085.31005859375,1092.0400390625,4526150000,0.0,-0.0029854738442266,0.015444970056529622,0.7720056885688986
2010-06-24,1090.9300537109375,1090.9300537109375,1071.5999755859375,1073.68994140625,4814830000,0.0,-0.0168035026188263,0.015576826861622291,0.8239011713533326
2010-06-25,1075.0999755859375,1083.56005859375,1067.8900146484375,1076.760009765625,5128840000,0.0,0.0028593621314492,0.015584165010297638,0.8802440471660766
2010-06-28,1077.5,1082.5999755859375,1071.449951171875,1074.5699462890625,3896410000,0.0,-0.0020339383490284,0.0155427589319418,0.6785368870854059
2010-06-29,1071.0999755859375,1071.0999755859375,1035.1800537109375,1041.239990234375,6136700000,0.0,-0.0310170186406103,0.015953809652266355,1.0703889907351796
2010-06-30,1040.56005859375,1048.0799560546875,1028.3299560546875,1030.7099609375,5067080000,0.0,-0.0101129704925228,0.0159795298576727,0.8845913360787877
2010-07-01,1031.0999755859375,1033.5799560546875,1010.9099731445312,1027.3699951171875,6435770000,0.0,-0.003240451675925,0.015973036534735946,1.120747945227808
2010-07-02,1027.6500244140625,1032.949951171875,1015.9299926757812,1022.5800170898438,3968500000,0.0,-0.0046623690102973,0.015959062992385472,0.696100720380489
2010-07-06,1028.0899658203125,1042.5,1018.3499755859376,1028.06005859375,4691240000,0.0,0.0053590344152254,0.015947265501462853,0.8247106751445377
2010-07-07,1028.5400390625,1060.8900146484375,1028.5400390625,1060.27001953125,4931220000,0.0,0.0313308163937027,0.016523595092801754,0.8690881991935306
2010-07-08,1062.9200439453125,1071.25,1058.239990234375,1070.25,4548460000,0.0,0.0094126781715115,0.01658484342058784,0.8099262557306103
2010-07-09,1070.5,1078.1600341796875,1068.0999755859375,1077.9599609375,3506570000,0.0,0.0072038878182667,0.016540654546264886,0.6307711757160122
2010-07-12,1077.22998046875,1080.780029296875,1070.449951171875,1078.75,3426990000,0.0,0.0007329020475055,0.016540363892847992,0.6223501010836079
2010-07-13,1080.6500244140625,1099.4599609375,1080.6500244140625,1095.3399658203125,4640460000,0.0,0.0153788790918307,0.016577898764747356,0.8470504792771754
2010-07-14,1095.6099853515625,1099.0799560546875,1087.6800537109375,1095.1700439453125,4521050000,0.0,-0.0001551316306374,0.016561168989188135,0.8265121092099816
2010-07-15,1094.4599609375,1098.6600341796875,1080.530029296875,1096.47998046875,4552470000,0.0,0.0011961033180916,0.016518712534888364,0.8385173787809003
2010-07-16,1093.8499755859375,1093.8499755859375,1063.3199462890625,1064.8800048828125,5297350000,0.0,-0.028819473359129,0.016891603037462895,0.981132823308857
2010-07-19,1066.8499755859375,1074.699951171875,1061.1099853515625,1071.25,4089500000,0.0,0.0059818900608321,0.016914057241309198,0.7761947752933682
2010-07-20,1064.530029296875,1083.93994140625,1056.8800048828125,1083.47998046875,4713280000,0.0,0.0114165511960326,0.01696175524140802,0.9110499991958958
2010-07-21,1086.6700439453125,1088.9599609375,1065.25,1069.5899658203125,4747180000,0.0,-0.0128198166083587,0.017018636471489608,0.9252808404467001
2010-07-22,1072.1400146484375,1097.5,1072.1400146484375,1093.6700439453125,4826900000,0.0,0.0225133732500304,0.017069875218355002,0.9445589362390527
2010-07-23,1092.1700439453125,1103.72998046875,1087.8800048828125,1102.6600341796875,4524570000,0.0,0.0082200205483771,0.017084702116993828,0.8878324586289622
2010-07-26,1102.8900146484375,1115.010009765625,1101.300048828125,1115.010009765625,4009650000,0.0,0.0112001661465177,0.017061806521530408,0.7894599744491914
2010-07-27,1117.3599853515625,1120.949951171875,1109.780029296875,1113.8399658203125,4725690000,0.0,-0.001049357346629,0.016940445836025855,0.9356016000114038
2010-07-28,1112.8399658203125,1114.6600341796875,1103.1099853515625,1106.1300048828125,4002390000,0.0,-0.0069219647113504,0.016856403624059796,0.7984732890825662
2010-07-29,1108.0699462890625,1115.9000244140625,1092.8199462890625,1101.530029296875,4612420000,0.0,-0.0041586211074934,0.016598888891060808,0.9259312420140182
2010-07-30,1098.43994140625,1106.43994140625,1088.010009765625,1101.5999755859375,4006450000,0.0,6.349921218862242e-05,0.01658260712798032,0.8132945529189042
2010-08-02,1107.530029296875,1127.300048828125,1107.530029296875,1125.8599853515625,4144180000,0.0,0.0220225220618048,0.016313137561087238,0.8557916924986549
2010-08-03,1125.3399658203125,1125.43994140625,1116.760009765625,1120.4599609375,4071820000,0.0,-0.0047963552167423,0.01620094959978833,0.8456700278967141
2010-08-04,1121.06005859375,1128.75,1119.4599609375,1127.239990234375,4057850000,0.0,0.0060511125191855,0.015174311781814552,0.846870934144022
2010-08-05,1125.780029296875,1126.56005859375,1118.81005859375,1125.81005859375,3685560000,0.0,-0.0012685245848381,0.015169578013053348,0.7810541369891766
2010-08-06,1122.0699462890625,1123.06005859375,1107.1700439453125,1121.6400146484375,3857890000,0.0,-0.0037040386284354,0.01506224297710585,0.8198792860156696
2010-08-09,1122.800048828125,1129.239990234375,1120.9100341796875,1127.7900390625,3979360000,0.0,0.0054830643822831,0.015005351517141085,0.8519189649378108
2010-08-10,1122.9200439453125,1127.1600341796875,1111.5799560546875,1121.06005859375,3979360000,0.0,-0.0059674054882985,0.014827911839063623,0.8551845931297087
2010-08-11,1116.8900146484375,1116.8900146484375,1088.550048828125,1089.469970703125,4511860000,0.0,-0.0281787649541732,0.015262871686697712,0.972797646722575
2010-08-12,1081.47998046875,1086.719970703125,1076.68994140625,1083.6099853515625,4521050000,0.0,-0.0053787488495717,0.015171884101980108,0.9769077635109863
2010-08-13,1082.219970703125,1086.25,1079.0,1079.25,3328890000,0.0,-0.004023574358396,0.015166768185729755,0.7245258290784262
2010-08-16,1077.489990234375,1082.6199951171875,1069.489990234375,1079.3800048828125,3142450000,0.0,0.0001204585432592,0.014297619399483989,0.6931138872280359
2010-08-17,1081.1600341796875,1100.1400146484375,1081.1600341796875,1092.5400390625,3968210000,0.0,0.0121922160130401,0.014252523228012265,0.8810749824848987
2010-08-18,1092.0799560546875,1099.77001953125,1085.760009765625,1094.1600341796875,3724260000,0.0,0.0014827787168125,0.0141493564686503,0.8360747817130614
2010-08-19,1092.43994140625,1092.43994140625,1070.6600341796875,1075.6300048828125,4290540000,0.0,-0.0169353921894682,0.014325551056778348,0.9705776006034288
2010-08-20,1075.6300048828125,1075.6300048828125,1063.9100341796875,1071.68994140625,3761570000,0.0,-0.0036630286052607,0.014314189666114058,0.8562760898701886
2010-08-23,1073.3599853515625,1081.5799560546875,1067.0799560546875,1067.3599853515625,3210950000,0.0,-0.0040403067038268,0.013662624715805646,0.7337680708340589
2010-08-24,1063.199951171875,1063.199951171875,1046.6800537109375,1051.8699951171875,4436330000,0.0,-0.0145124329625988,0.013696976230177519,1.0137439376406476
2010-08-25,1048.97998046875,1059.3800048828125,1039.8299560546875,1055.3299560546875,4360190000,0.0,0.0032893427453595,0.013528466287772224,0.9976414587079092
2010-08-26,1056.280029296875,1061.449951171875,1045.4000244140625,1047.219970703125,3646710000,0.0,-0.0076847864547324,0.013122948237970208,0.8396018382180772
2010-08-27,1049.27001953125,1065.2099609375,1039.699951171875,1064.5899658203125,4102460000,0.0,0.0165867683993123,0.013298641407694661,0.9465160279891844
2010-08-30,1062.9000244140625,1064.4000244140625,1048.7900390625,1048.9200439453125,2917990000,0.0,-0.0147192086888829,0.012675981831343676,0.6783614599355745
2010-08-31,1046.8800048828125,1055.1400146484375,1040.8800048828125,1049.3299560546875,4038770000,0.0,0.0003907944287471,0.012554129237429695,0.9409962453532897
2010-09-01,1049.719970703125,1081.300048828125,1049.719970703125,1080.2900390625,4396880000,0.0,0.0295046213339962,0.013045481055864542,1.024993793221615
2010-09-02,1080.6600341796875,1090.0999755859375,1080.3900146484375,1090.0999755859375,3704210000,0.0,0.0090808358577023,0.013066469335416896,0.8668415446858395
2010-09-03,1093.6099853515625,1105.0999755859375,1093.6099853515625,1104.510009765625,3534500000,0.0,0.0132190023873195,0.012617612320076408,0.8321131204875314
2010-09-07,1102.5999755859375,1102.5999755859375,1091.1500244140625,1091.8399658203125,3107380000,0.0,-0.0114711897884937,0.012697435367588912,0.7385879184360185
2010-09-08,1092.3599853515625,1103.260009765625,1092.3599853515625,1098.8699951171875,3224640000,0.0,0.0064386993670755,0.012721240402098637,0.768914731547265
2010-09-09,1101.1500244140625,1110.27001953125,1101.1500244140625,1104.1800537109375,3387770000,0.0,0.0048322900955937,0.012365726097872105,0.818543857551715
2010-09-10,1104.5699462890625,1110.8800048828125,1103.9200439453125,1109.550048828125,3061160000,0.0,0.0048633328406357,0.012382051340899577,0.7468688531709647
2010-09-13,1113.3800048828125,1123.8699951171875,1113.3800048828125,1121.9000244140625,4521050000,0.0,0.0111306160537609,0.012464344219377844,1.1134593956068368
2010-09-14,1121.1600341796875,1127.3599853515625,1115.5799560546875,1121.0999755859375,4521050000,0.0,-0.0007131195389205,0.012463915738347067,1.1104371438860587
2010-09-15,1119.4300537109375,1126.4599609375,1114.6300048828125,1125.0699462890625,3369840000,0.0,0.00354113887216,0.012460400346136019,0.833090522475402
2010-09-16,1123.8900146484375,1125.43994140625,1118.8800048828125,1124.6600341796875,3364080000,0.0,-0.0003643436665667,0.012275256875748585,0.8381610744829923
2010-09-17,1126.3900146484375,1131.469970703125,1122.4300537109375,1125.5899658203125,4086140000,0.0,0.0008268557718451,0.012266694594884584,1.0204132087389728
2010-09-20,1126.5699462890625,1144.8599853515625,1126.5699462890625,1142.7099609375,3364080000,0.0,0.0152097972059574,0.012193841321665374,0.8406947352069485
2010-09-21,1142.8199462890625,1148.5899658203125,1136.219970703125,1139.780029296875,4175660000,0.0,-0.0025640203908096,0.012200768518742626,1.0396211049313573
2010-09-22,1139.489990234375,1144.3800048828125,1131.5799560546875,1134.280029296875,3911070000,0.0,-0.0048254925148959,0.01221792864007033,0.9772951732427718
2010-09-23,1131.0999755859375,1136.77001953125,1122.7900390625,1124.8299560546875,3847850000,0.0,-0.0083313405844281,0.01154352431569142,0.9647435662785111
2010-09-24,1131.68994140625,1148.9000244140625,1131.68994140625,1148.6700439453125,4123950000,0.0,0.0211943927722582,0.011722632304404795,1.0361946891714935
2010-09-27,1148.6400146484375,1149.9200439453125,1142.0,1142.1600341796875,3587860000,0.0,-0.0056674323492107,0.011744749093925366,0.9093067937853501
2010-09-28,1142.31005859375,1150.0,1132.0899658203125,1147.699951171875,4025840000,0.0,0.0048503859585371,0.011719739588898024,1.0206377297356444
2010-09-29,1146.75,1148.6300048828125,1140.260009765625,1144.72998046875,3990280000,0.0,-0.0025877588476783,0.011725958417118284,1.015344674641508
2010-09-30,1145.969970703125,1157.1600341796875,1136.0799560546875,1141.199951171875,4284160000,0.0,-0.0030837222376489,0.011084120608568889,1.0926985416998132
2010-10-01,1143.489990234375,1150.300048828125,1139.4200439453125,1146.239990234375,4298910000,0.0,0.0044164382037734,0.011040724064710728,1.0994217212225519
2010-10-04,1144.9599609375,1148.1600341796875,1131.8699951171875,1137.030029296875,3604110000,0.0,-0.0080349324888034,0.011075580982118258,0.926090662022582
2010-10-05,1140.6800537109375,1162.760009765625,1140.6800537109375,1160.75,4068840000,0.0,0.020861340590796,0.0113698301847652,1.045186990509103
2010-10-06,1159.81005859375,1162.3299560546875,1154.8499755859375,1159.969970703125,4073160000,0.0,-0.0006720045633211,0.011220455008933792,1.0498160819217173
2010-10-07,1161.5699462890625,1163.8699951171875,1151.4100341796875,1158.06005859375,3910550000,0.0,-0.0016465185803191,0.011224748523915706,1.0083823726752061
2010-10-08,1158.3599853515625,1167.72998046875,1155.5799560546875,1165.1500244140625,3871420000,0.0,0.0061222781734844,0.011244258883823586,1.0021218553586917
2010-10-11,1165.3199462890625,1168.6800537109375,1162.02001953125,1165.3199462890625,2505900000,0.0,0.0001458369063549,0.010538682546546404,0.6537337696810805
2010-10-12,1164.280029296875,1172.5799560546875,1155.7099609375,1169.77001953125,4076170000,0.0,0.0038187566053071,0.010526984970048983,1.0637598804713628
2010-10-13,1171.3199462890625,1184.3800048828125,1171.3199462890625,1178.0999755859375,4969410000,1.0,0.0071210202993794,0.010473019867708743,1.290821759885193
2010-10-14,1177.8199462890625,1178.8900146484375,1166.7099609375,1173.81005859375,4969410000,1.0,-0.0036413861990395,0.01032706837218699,1.2847377321805757
2010-10-15,1177.469970703125,1181.199951171875,1167.1199951171875,1176.18994140625,5724910000,1.0,0.0020274854479873,0.00995600451835586,1.4646127620661942
2010-10-18,1176.8299560546875,1185.530029296875,1174.550048828125,1184.7099609375,4450050000,1.0,0.0072437445954209,0.009945231616772111,1.135024345871139
2010-10-19,1178.6400146484375,1178.6400146484375,1159.7099609375,1165.9000244140625,5600120000,1.0,-0.0158772502499705,0.010099018187958149,1.4166472725065014
2010-10-20,1166.739990234375,1182.93994140625,1166.739990234375,1178.1700439453125,5027880000,1.0,0.0105240751988289,0.010173462223155657,1.2651777139011624
2010-10-21,1179.8199462890625,1189.4300537109375,1171.1700439453125,1180.260009765625,4625470000,1.0,0.0017739084702186,0.01012068476712671,1.163253202846268
2010-10-22,1180.52001953125,1183.9300537109375,1178.989990234375,1183.0799560546875,3177890000,1.0,0.002389258524164,0.010097946844229676,0.804639237461208
2010-10-25,1184.739990234375,1196.1400146484375,1184.739990234375,1185.6199951171875,4221380000,1.0,0.0021469715968907,0.010097411010960757,1.0640410886048408
2010-10-26,1184.8800048828125,1187.1099853515625,1177.719970703125,1185.6400146484375,4203680000,1.0,1.688528477283846e-05,0.009723807238868854,1.0539411750754124
2010-10-27,1183.8399658203125,1183.8399658203125,1171.699951171875,1182.449951171875,4335670000,1.0,-0.0026905835136716,0.009706650685490682,1.085034271523966
2010-10-28,1184.469970703125,1189.530029296875,1177.0999755859375,1183.780029296875,4283460000,1.0,0.0011248494058304,0.009683527980493536,1.0689763859700874
2010-10-29,1183.8699951171875,1185.4599609375,1179.699951171875,1183.260009765625,3537880000,1.0,-0.0004392872986367,0.009681027056077566,0.8862394213166297
2010-11-01,1185.7099609375,1195.81005859375,1177.6500244140625,1184.3800048828125,4129180000,1.0,0.0009465333975153,0.009662336259903388,1.0324586446951842
2010-11-02,1187.8599853515625,1195.8800048828125,1187.8599853515625,1193.5699462890625,3866200000,1.0,0.0077592844934588,0.009684864764369604,0.9635459047554487
2010-11-03,1193.7900390625,1198.300048828125,1183.56005859375,1197.9599609375,4665480000,1.0,0.003678053944041,0.009647379461969146,1.161418293107337
2010-11-04,1198.3399658203125,1221.25,1198.3399658203125,1221.06005859375,5695470000,1.0,0.0192828628747927,0.009133777768658565,1.4084590983103942
2010-11-05,1221.199951171875,1227.0799560546875,1220.2900390625,1225.8499755859375,5637460000,1.0,0.0039227529870264,0.009086211809378065,1.3805208799173156
2010-11-08,1223.239990234375,1224.5699462890625,1217.550048828125,1223.25,3937230000,1.0,-0.0021209574072836,0.009067786693098101,0.9649434963862685
2010-11-09,1223.5899658203125,1226.8399658203125,1208.93994140625,1213.4000244140625,4848040000,1.0,-0.0080522996819435,0.00915940346092292,1.1770312787169106
2010-11-10,1213.1400146484375,1218.75,1204.3299560546875,1218.7099609375,4561300000,1.0,0.0043760807784734,0.009067012521517929,1.1046124380334048
2010-11-11,1213.0400390625,1215.449951171875,1204.489990234375,1213.5400390625,3931120000,1.0,-0.0042421265442214,0.009101143593017611,0.9541538576250755
2010-11-12,1209.0699462890625,1210.5,1194.0799560546875,1199.2099609375,4213620000,1.0,-0.0118084922324198,0.008945299745448982,1.0201989029766296
2010-11-15,1200.43994140625,1207.4300537109375,1197.1500244140625,1197.75,3503370000,1.0,-0.0012174356326716,0.00892528714724936,0.8483615251168887
2010-11-16,1194.7900390625,1194.7900390625,1173.0,1178.3399658203125,5116380000,1.0,-0.016205413633636,0.009196438296908962,1.227022614294567
2010-11-17,1178.3299560546875,1183.56005859375,1175.8199462890625,1178.5899658203125,3904780000,1.0,0.0002121628793485,0.008949864747738503,0.9334087560538733
2010-11-18,1183.75,1200.2900390625,1183.75,1196.68994140625,4687260000,1.0,0.0153573134939595,0.009114858483211063,1.113536772446713
2010-11-19,1196.1199951171875,1199.969970703125,1189.43994140625,1199.72998046875,3675390000,1.0,0.0025403732055502,0.009023220068679007,0.8706093846423082
2010-11-22,1198.0699462890625,1198.93994140625,1184.5799560546875,1197.8399658203125,3689500000,1.0,-0.0015753666901773,0.008838862684784204,0.8774082233852086
2010-11-23,1192.510009765625,1192.510009765625,1176.9100341796875,1180.72998046875,4133070000,1.0,-0.0142840327921811,0.008825073895153527,0.9847117102182373
2010-11-24,1183.699951171875,1198.6199951171875,1183.699951171875,1198.3499755859375,3384250000,1.0,0.0149229674935436,0.008977894183961914,0.806248574755973
2010-11-26,1194.1600341796875,1194.1600341796875,1186.9300537109375,1189.4000244140625,1613820000,1.0,-0.0074685620680209,0.008320673557587982,0.38770249264292106
2010-11-29,1189.0799560546875,1190.3399658203125,1173.6400146484375,1187.760009765625,3673450000,1.0,-0.0013788587647334,0.00827153969554836,0.8842593152035119
2010-11-30,1182.9599609375,1187.4000244140625,1174.1400146484375,1180.550048828125,4284700000,1.0,-0.0060702169446862,0.008181302185948125,1.0268460065547318
2010-12-01,1186.5999755859375,1207.6099853515625,1186.5999755859375,1206.0699462890625,4548110000,1.0,0.021616955152617,0.008428062001231787,1.0880309632534804
2010-12-02,1206.81005859375,1221.8900146484375,1206.81005859375,1221.530029296875,4970800000,1.0,0.0128185625181866,0.008528575988361481,1.1831508916308713
2010-12-03,1219.9300537109375,1225.5699462890625,1216.8199462890625,1224.7099609375,3735780000,1.0,0.0026032365675492,0.008519997809907084,0.889665799366071
2010-12-06,1223.8699951171875,1225.800048828125,1220.6700439453125,1223.1199951171875,3527370000,1.0,-0.0012982386614177,0.008519137690500781,0.8424272658152173
2010-12-07,1227.25,1235.050048828125,1223.25,1223.75,6970630000,1.0,0.0005150801927265,0.00842889376658387,1.6382955350586825
2010-12-08,1225.02001953125,1228.9300537109375,1219.5,1228.280029296875,4607590000,1.0,0.0037017604060265,0.008428657817027205,1.079960975437796
2010-12-09,1230.1400146484375,1234.7099609375,1226.8499755859375,1233.0,4522510000,1.0,0.0038427480627742,0.008429950628893053,1.0573811729472438
2010-12-10,1233.8499755859375,1240.4000244140625,1232.5799560546875,1240.4000244140625,4547310000,1.0,0.0060016418605535,0.008445332748117134,1.0618728675254103
2010-12-13,1242.52001953125,1246.72998046875,1240.3399658203125,1240.4599609375,4361240000,1.0,4.832031784740565e-05,0.008447246140973062,1.0181260349658607
2010-12-14,1241.8399658203125,1246.5899658203125,1238.1700439453125,1241.5899658203125,4132350000,1.0,0.000910956353608,0.008257959231005899,0.9623185460104632
2010-12-15,1241.5799560546875,1244.25,1234.010009765625,1235.22998046875,4407340000,1.0,-0.0051224522802586,0.008285426309820527,1.0247411129806292
2010-12-16,1236.3399658203125,1243.75,1232.8499755859375,1242.8699951171875,4736820000,1.0,0.0061850948966915,0.008267684632568408,1.0979593590788974
2010-12-17,1243.6300048828125,1245.81005859375,1239.8699951171875,1243.9100341796875,4632470000,1.0,0.0008368043854836,0.008165901457619381,1.0701901922214954
2010-12-20,1245.760009765625,1250.199951171875,1241.510009765625,1247.0799560546875,3548140000,1.0,0.0025483530061645,0.007756403804057343,0.8209151676879809
2010-12-21,1249.4300537109375,1255.8199462890625,1249.4300537109375,1254.5999755859375,3479670000,1.0,0.0060301021556312,0.0077226771988593455,0.8014622822337932
2010-12-22,1254.93994140625,1259.3900146484375,1254.93994140625,1258.8399658203125,1285590000,1.0,0.0033795554893063,0.007714499921263578,0.2999622011087675
2010-12-23,1257.530029296875,1258.5899658203125,1254.050048828125,1256.77001953125,2515020000,1.0,-0.0016443283858672,0.007706837703369092,0.5936198015073905
2010-12-27,1254.6600341796875,1258.4300537109375,1251.47998046875,1257.5400390625,1992470000,1.0,0.000612697247136,0.007683610506736181,0.4769854468052793
2010-12-28,1259.0999755859375,1259.9000244140625,1256.219970703125,1258.510009765625,2478450000,1.0,0.0007713239125555,0.007675758362157159,0.6026942398582277
2010-12-29,1258.780029296875,1262.5999755859375,1258.780029296875,1259.780029296875,2214380000,1.0,0.0010091453555356,0.00757169078766775,0.5443986371423455
2010-12-30,1259.43994140625,1261.0899658203125,1256.3199462890625,1257.8800048828125,1970720000,1.0,-0.0015082191889665,0.007153289932315725,0.49329874461537104
2010-12-31,1256.760009765625,1259.3399658203125,1254.18994140625,1257.6400146484375,1799770000,1.0,-0.0001907894500615,0.007151236397973632,0.4579077363883143
2011-01-03,1257.6199951171875,1276.1700439453125,1257.6199951171875,1271.8699951171875,4286670000,1.0,0.0113148280135852,0.007253500991963969,1.0925224980876198
2011-01-04,1272.949951171875,1274.1199951171875,1262.6600341796875,1270.199951171875,4796420000,1.0,-0.0013130618315739,0.00723824505562722,1.2124372019601948
2011-01-05,1268.780029296875,1277.6300048828125,1265.3599853515625,1276.56005859375,4764920000,1.0,0.005007170261664,0.007250420798713082,1.2011739182825016
2011-01-06,1276.2900390625,1278.1700439453125,1270.4300537109375,1273.8499755859375,4844100000,1.0,-0.0021229577014949,0.00725943096351242,1.2172040144589997
2011-01-07,1274.4100341796875,1276.8299560546875,1261.699951171875,1271.5,4963110000,1.0,-0.0018447820630185,0.007232894546732912,1.2431882907333902
2011-01-10,1270.8399658203125,1271.52001953125,1262.1800537109375,1269.75,4036450000,1.0,-0.0013763271726306,0.007212559453140315,1.0123258754100202
2011-01-11,1272.5799560546875,1277.25,1269.6199951171875,1274.47998046875,4050750000,1.0,0.0037251273626697,0.007218646111513253,1.013305515033619
2011-01-12,1275.6500244140625,1286.8699951171875,1275.6500244140625,1285.9599609375,4226940000,1.0,0.0090075800676976,0.007246533939035165,1.0568629861076175
2011-01-13,1285.780029296875,1286.699951171875,1280.469970703125,1283.760009765625,4310840000,1.0,-0.001710746243041,0.006896616717169659,1.0754492980306098
2011-01-14,1282.9000244140625,1293.239990234375,1281.239990234375,1293.239990234375,4661590000,1.0,0.0073845425910101,0.0068396642142874746,1.1629754292223302
2011-01-18,1293.219970703125,1296.06005859375,1290.1600341796875,1295.02001953125,5284990000,1.0,0.0013764106510134,0.0068396630320301695,1.3212075334721125
2011-01-19,1294.52001953125,1294.5999755859375,1278.9200439453125,1281.9200439453125,4743710000,1.0,-0.0101156548843771,0.007002870769621005,1.1912147064746879
2011-01-20,1280.8499755859375,1283.3499755859375,1271.260009765625,1280.260009765625,4935320000,1.0,-0.0012949592195925,0.007010427028493113,1.2331493632089767
2011-01-21,1283.6300048828125,1291.2099609375,1282.0699462890625,1283.3499755859375,4935320000,1.0,0.00241354552727,0.007009791798707326,1.2326117481786876
2011-01-24,1283.2900390625,1291.9300537109375,1282.469970703125,1290.8399658203125,3902470000,1.0,0.0058362803419662,0.007013027574443165,0.977872277898378
2011-01-25,1288.1700439453125,1291.260009765625,1281.0699462890625,1291.1800537109375,4595380000,1.0,0.0002634624737614,0.007014662832942417,1.147679531435827
2011-01-26,1291.969970703125,1299.739990234375,1291.969970703125,1296.6300048828125,4730980000,1.0,0.0042209071896761,0.007018933718277733,1.178499690564679
2011-01-27,1297.510009765625,1301.2900390625,1294.4100341796875,1299.5400390625,4309190000,1.0,0.0022443057531671,0.007019041416198585,1.06913847662945
2011-01-28,1299.6300048828125,1302.6700439453125,1275.0999755859375,1276.3399658203125,5618630000,1.0,-0.0178525266977723,0.00740457924337039,1.390553601513608
2011-01-31,1276.5,1287.1700439453125,1276.5,1286.1199951171875,4167160000,1.0,0.0076625582202067,0.007445437001356503,1.0299919062107141
2011-02-01,1289.1400146484375,1308.8599853515625,1289.1400146484375,1307.5899658203125,5164500000,1.0,0.0166935984081086,0.007345754476827973,1.2734988211906062
2011-02-02,1305.9100341796875,1307.6099853515625,1302.6199951171875,1304.030029296875,4098260000,1.0,-0.0027225174683901,0.007353612421335873,1.0084746855446662
2011-02-03,1302.77001953125,1308.5999755859375,1294.8299560546875,1307.0999755859375,4370990000,1.0,0.0023541990752451,0.00734351592469624,1.0719910202704621
2011-02-04,1307.010009765625,1311.0,1301.6700439453125,1310.8699951171875,3925950000,1.0,0.0028842625672607,0.0072467759856607045,0.9638235539185132
2011-02-07,1311.8499755859375,1322.8499755859375,1311.8499755859375,1319.050048828125,3902270000,1.0,0.0062401715970363,0.007264099696038521,0.9555795938563275
2011-02-08,1318.760009765625,1324.8699951171875,1316.030029296875,1324.5699462890625,3881530000,1.0,0.0041847520993167,0.007235644907054809,0.9400602912689454
2011-02-09,1322.47998046875,1324.5400390625,1314.8900146484375,1320.8800048828125,3922240000,1.0,-0.0027857656113878,0.007045937208217089,0.9487764169805396
2011-02-10,1318.1300048828125,1322.780029296875,1311.739990234375,1321.8699951171875,4184610000,1.0,0.0007494929370688,0.007037005010371018,1.012733215353237
2011-02-11,1318.6600341796875,1330.7900390625,1316.0799560546875,1329.1500244140625,4219300000,1.0,0.0055073716203306,0.006649870759860132,1.022756421273159
2011-02-14,1328.72998046875,1332.9599609375,1326.9000244140625,1332.3199462890625,3567040000,1.0,0.0023849240618247,0.0066457133306616735,0.8705735055261394
2011-02-15,1330.4300537109375,1330.4300537109375,1324.6099853515625,1328.010009765625,3926860000,1.0,-0.0032349110552927,0.00644597695335062,0.9574982884138381
2011-02-16,1329.510009765625,1337.6099853515625,1329.510009765625,1336.3199462890625,1966450000,1.0,0.00625743515661,0.006471442497582067,0.4831633975095801
2011-02-17,1334.3699951171875,1341.5,1331.0,1340.4300537109375,1966450000,1.0,0.0030756911421465,0.006457933646172727,0.4953443500314847
2011-02-18,1340.3800048828125,1344.0699462890625,1338.1199951171875,1343.010009765625,1162310000,1.0,0.0019247226272978,0.006098616633835701,0.2979549387727479
2011-02-22,1338.9100341796875,1338.9100341796875,1312.3299560546875,1315.43994140625,1322780000,1.0,-0.0205285650582651,0.006542964827620974,0.3447464876140107
2011-02-23,1315.43994140625,1317.9100341796875,1299.550048828125,1307.4000244140625,1330340000,1.0,-0.0061119605229505,0.006513457829191031,0.3526298002054273
2011-02-24,1307.0899658203125,1310.9100341796875,1294.260009765625,1306.0999755859375,1222900000,1.0,-0.0009943772402082,0.006510667418220793,0.3296352405059579
2011-02-25,1307.3399658203125,1320.6099853515625,1307.3399658203125,1319.8800048828125,3836030000,1.0,0.010550516464632,0.00653211947026776,1.0356643175773377
2011-02-28,1321.6099853515625,1329.3800048828125,1320.550048828125,1327.219970703125,1252850000,1.0,0.0055610856995778,0.006018641713955131,0.34410996137706606
2011-03-01,1328.6400146484375,1332.0899658203125,1306.1400146484375,1306.3299560546875,1180420000,1.0,-0.0157396777546758,0.006242635986930727,0.3306763511026374
2011-03-02,1305.469970703125,1314.18994140625,1302.5799560546875,1308.43994140625,1025000000,1.0,0.0016152009236127,0.006240009269577857,0.2930610631180336
2011-03-03,1312.3699951171875,1332.280029296875,1312.3699951171875,1330.969970703125,4340470000,1.0,0.0172190014871151,0.006567596061490846,1.2354005133244865
2011-03-04,1330.72998046875,1331.0799560546875,1312.5899658203125,1321.1500244140625,4223740000,1.0,-0.0073780374502926,0.006664581173511373,1.1971059316339014
2011-03-07,1322.719970703125,1327.6800537109375,1303.989990234375,1310.1300048828125,3964730000,1.0,-0.0083412325077444,0.006771484962880896,1.1068866326282596
2011-03-08,1311.050048828125,1325.739990234375,1306.8599853515625,1321.8199462890625,4531420000,1.0,0.0089227338986832,0.006837814213958098,1.2510120221299554
2011-03-09,1319.9200439453125,1323.2099609375,1312.27001953125,1320.02001953125,3709520000,1.0,-0.0013617034323515,0.006815908044136343,1.0144878864317906
2011-03-10,1315.719970703125,1315.719970703125,1294.2099609375,1295.1099853515625,4723020000,1.0,-0.0188709518121802,0.007285003194912568,1.2759967361854554
2011-03-11,1293.4300537109375,1308.3499755859375,1291.989990234375,1304.280029296875,3740400000,1.0,0.0070805136621838,0.007330782492088177,1.002262566747166
2011-03-14,1301.18994140625,1301.18994140625,1286.3699951171875,1296.3900146484375,4050370000,1.0,-0.0060493256595295,0.007344540329479435,1.0733582061153462
2011-03-15,1288.4599609375,1288.4599609375,1261.1199951171875,1281.8699951171875,5201400000,1.0,-0.0112003481723728,0.007471631211773499,1.3539735116404394
2011-03-16,1279.4599609375,1280.9100341796875,1249.050048828125,1256.8800048828125,5833000000,1.0,-0.0194949490428555,0.007906464517446558,1.506258837295227
2011-03-17,1261.6099853515625,1278.8800048828125,1261.6099853515625,1273.719970703125,4134950000,1.0,0.0133982287528573,0.008083100006188738,1.0714306998794334
2011-03-18,1276.7099609375,1288.8800048828125,1276.1800537109375,1279.2099609375,4685500000,1.0,0.0043102018973169,0.008065771077126391,1.2145867789397107
2011-03-21,1281.6500244140625,1300.5799560546875,1281.6500244140625,1298.3800048828125,4223730000,1.0,0.0149858463666614,0.008275950990735081,1.0984184467869622
2011-03-22,1298.2900390625,1299.3499755859375,1292.699951171875,1293.77001953125,3576550000,1.0,-0.0035505671176587,0.008288165001558979,0.9368700151301148
2011-03-23,1292.18994140625,1300.510009765625,1284.050048828125,1297.5400390625,3842350000,1.0,0.0029139796674342,0.00829393537499121,1.007520315077078
2011-03-24,1300.6099853515625,1311.3399658203125,1297.739990234375,1309.6600341796875,4223740000,1.0,0.0093407484565519,0.008371131876274729,1.1065224976106394
2011-03-25,1311.800048828125,1319.1800537109375,1310.1500244140625,1313.800048828125,4223740000,1.0,0.0031611368907891,0.008377092310280792,1.1065410504581819
2011-03-28,1315.449951171875,1319.739990234375,1310.18994140625,1310.18994140625,3215170000,1.0,-0.0027478362670904,0.008384243130533675,0.8471781001469137
2011-03-29,1309.3699951171875,1319.449951171875,1305.260009765625,1319.43994140625,3482580000,1.0,0.0070600450420736,0.008423146401346471,0.9233761983928082
2011-03-30,1321.8900146484375,1331.739990234375,1321.8900146484375,1328.260009765625,3809570000,1.0,0.0066847062019166,0.008346365865744656,1.018039831389299
2011-03-31,1327.43994140625,1329.77001953125,1325.030029296875,1325.8299560546875,3566270000,1.0,-0.0018295015230987,0.008348803448390781,0.9590575807815754
2011-04-01,1329.47998046875,1337.8499755859375,1328.8900146484375,1332.4100341796875,4223740000,1.0,0.0049629879721382,0.00834842345173621,1.140231333272179
2011-04-04,1333.56005859375,1336.739990234375,1329.0999755859375,1332.8699951171875,4223740000,1.0,0.0003452097520288,0.008340112481551863,1.1446289182173541
2011-04-05,1332.030029296875,1338.2099609375,1330.030029296875,1332.6300048828125,3852280000,1.0,-0.0001800552456384,0.0083339673649769,1.0442477300376682
2011-04-06,1335.93994140625,1339.3800048828125,1331.0899658203125,1335.5400390625,4223740000,1.0,0.0021836775166588,0.008330758101980694,1.1472518909635097
2011-04-07,1334.8199462890625,1338.800048828125,1326.56005859375,1333.510009765625,4005600000,1.0,-0.001520006317669,0.008327878966767645,1.0923050089940094
2011-04-08,1336.1600341796875,1339.4599609375,1322.93994140625,1328.1700439453125,3582810000,1.0,-0.0040044437471085,0.008279516508509837,0.9808984334360917
2011-04-11,1329.010009765625,1333.77001953125,1321.06005859375,1324.4599609375,3478970000,1.0,-0.0027933795260068,0.008285753585766137,0.963760519042288
2011-04-12,1321.9599609375,1321.9599609375,1309.510009765625,1314.1600341796875,4275490000,1.0,-0.0077766992295651,0.008305081026739283,1.1837057476987383
2011-04-13,1314.030029296875,1321.3499755859375,1309.18994140625,1314.4100341796875,3850860000,1.0,0.000190235582804,0.008303890629746177,1.0739551091081565
2011-04-14,1311.1300048828125,1316.7900390625,1302.4200439453125,1314.52001953125,3872630000,1.0,8.367659155239515e-05,0.008191067086736812,1.0813874132685202
2011-04-15,1314.5400390625,1322.8800048828125,1313.6800537109375,1319.6800537109375,4223740000,1.0,0.0039254131569084,0.008199920097614962,1.180401556862163
2011-04-18,1313.3499755859375,1313.3499755859375,1294.699951171875,1305.1400146484375,4223740000,1.0,-0.0110178516539773,0.008330173341818107,1.178440093446231
2011-04-19,1305.989990234375,1312.699951171875,1303.969970703125,1312.6199951171875,3886300000,1.0,0.0057311708972196,0.008329003485991316,1.0843896387229923
2011-04-20,1319.1199951171875,1332.6600341796875,1319.1199951171875,1330.3599853515625,4236280000,1.0,0.0135149474336562,0.008501569970360945,1.1797086590684638
2011-04-21,1333.22998046875,1337.489990234375,1332.8299560546875,1337.3800048828125,3587240000,1.0,0.005276781930114,0.00851041933110467,1.0008329765878226
2011-04-25,1337.1400146484375,1337.550048828125,1331.469970703125,1335.25,2142130000,1.0,-0.0015926699031209,0.008511899994796155,0.6045400175559958
2011-04-26,1336.75,1349.550048828125,1336.75,1347.239990234375,3908060000,1.0,0.0089795845230293,0.008232271153369618,1.1048518876619229
2011-04-27,1348.4300537109375,1357.489990234375,1344.25,1355.6600341796875,4051570000,1.0,0.0062498470995118,0.008214704482361633,1.1422942804848872
2011-04-28,1353.8599853515625,1361.7099609375,1353.5999755859375,1360.47998046875,4036820000,1.0,0.0035554240499382,0.007957976344264796,1.1374304331799843
2011-04-29,1360.1400146484375,1364.56005859375,1358.68994140625,1363.6099853515625,3479070000,1.0,0.0023006622131507,0.00794785876183216,0.9719912893005274
2011-05-02,1365.2099609375,1370.5799560546875,1358.5899658203125,1361.219970703125,3846250000,1.0,-0.0017527113134341,0.007951720711506299,1.0634053045490495
2011-05-03,1359.760009765625,1360.8399658203125,1349.52001953125,1356.6199951171875,4223740000,1.0,-0.003379303628319,0.007963766129131869,1.1483337206660702
2011-05-04,1355.9000244140625,1355.9000244140625,1341.5,1347.3199462890625,4223740000,1.0,-0.0068553086801006,0.007986076960830249,1.1305011608156597
2011-05-05,1344.1600341796875,1348.0,1329.1700439453125,1335.0999755859375,3846250000,1.0,-0.0090698358150064,0.008062146300045172,1.015783982407744
2011-05-06,1340.239990234375,1354.3599853515625,1335.5799560546875,1340.199951171875,4223740000,1.0,0.0038199203649145,0.008066283761874514,1.0980732879050337
2011-05-09,1340.199951171875,1349.43994140625,1338.6400146484375,1346.2900390625,4265250000,1.0,0.0045441636416265,0.008084928882905499,1.1063957234254784
2011-05-10,1348.3399658203125,1359.43994140625,1348.3399658203125,1357.1600341796875,4223740000,1.0,0.0080740366501983,0.008119463723403688,1.0789977129153963
2011-05-11,1354.510009765625,1354.510009765625,1336.3599853515625,1342.0799560546875,3846250000,1.0,-0.011111495877577,0.008248901680017042,0.9693610581811201
2011-05-12,1339.3900146484375,1351.050048828125,1332.030029296875,1348.6500244140625,3777210000,1.0,0.0048954373617866,0.008259040953778723,0.9389355444280493
2011-05-13,1348.68994140625,1350.469970703125,1333.3599853515625,1337.77001953125,3426660000,1.0,-0.0080673300603242,0.008290620115249316,0.8556835737251159
2011-05-16,1334.77001953125,1343.3299560546875,1327.3199462890625,1329.469970703125,3846250000,1.0,-0.0062043914177665,0.008319766257626642,0.9622750646853996
2011-05-17,1326.0999755859375,1330.4200439453125,1318.510009765625,1328.97998046875,4053970000,1.0,-0.0003685605881837,0.008315560928601888,1.0137908586497006
2011-05-18,1328.5400390625,1341.8199462890625,1326.5899658203125,1340.6800537109375,3922030000,1.0,0.0088037994658585,0.007950884759777245,0.9837946037196784
2011-05-19,1342.4000244140625,1346.8199462890625,1336.3599853515625,1343.5999755859375,3626110000,1.0,0.0021779408643529,0.007908642291200165,0.9099473551448408
2011-05-20,1342.0,1342.0,1330.6700439453125,1333.27001953125,4066020000,1.0,-0.0076882675218735,0.007976801628240845,1.0237153342134657
2011-05-23,1333.0699462890625,1333.0699462890625,1312.8800048828125,1317.3699951171875,3255580000,1.0,-0.0119255846011242,0.008018469662028,0.821674117540402
2011-05-24,1317.699951171875,1323.719970703125,1313.8699951171875,1316.280029296875,3846250000,1.0,-0.0008273801774386,0.007985721770378037,0.9717542586648772
2011-05-25,1316.3599853515625,1325.8599853515625,1311.800048828125,1320.469970703125,4109670000,1.0,0.0031831687125787,0.007727337016292649,1.0440668689355104
2011-05-26,1320.6400146484375,1328.510009765625,1314.4100341796875,1325.68994140625,3259470000,1.0,0.0039531157988739,0.007740432184513196,0.839043964506479
2011-05-27,1325.68994140625,1334.6199951171875,1325.68994140625,1331.0999755859375,3124560000,1.0,0.0040809196862041,0.007431880148662982,0.8085215944479737
2011-05-31,1331.0999755859375,1345.199951171875,1331.0999755859375,1345.199951171875,4696240000,1.0,0.0105927246972796,0.007490207148752507,1.2151472263482619
2011-06-01,1345.199951171875,1345.199951171875,1313.7099609375,1314.550048828125,4241090000,1.0,-0.0227846442583121,0.007989040269153641,1.09727905923189
2011-06-02,1314.550048828125,1318.030029296875,1305.6099853515625,1312.93994140625,3762170000,1.0,-0.0012248353901096,0.007905810365432362,0.9724361194945401
2011-06-03,1312.93994140625,1312.93994140625,1297.9000244140625,1300.1600341796875,3505030000,1.0,-0.0097338094634201,0.008002084958070187,0.9075538125607998
2011-06-06,1300.260009765625,1300.260009765625,1284.719970703125,1286.1700439453125,3555980000,1.0,-0.0107602063335239,0.007746105314959227,0.9239412771216354
2011-06-07,1286.31005859375,1296.219970703125,1284.739990234375,1284.93994140625,3846250000,1.0,-0.0009564073932939,0.007689362297826296,1.0013256419027803
2011-06-08,1284.6300048828125,1287.0400390625,1277.4200439453125,1279.56005859375,3970810000,1.0,-0.0041868749185368,0.007669163170231795,1.0297020634546723
2011-06-09,1279.6300048828125,1294.5400390625,1279.6300048828125,1289.0,3332510000,1.0,0.0073774898980705,0.007591686469665319,0.8648525846648563
2011-06-10,1288.5999755859375,1288.5999755859375,1268.280029296875,1270.97998046875,3846250000,1.0,-0.013979844477308,0.007380610573390328,0.9979883253853201
2011-06-13,1271.31005859375,1277.0400390625,1265.6400146484375,1271.8299560546875,4132520000,1.0,0.0006687560771996,0.0071752668374162375,1.0691253109697287
2011-06-14,1272.219970703125,1292.5,1272.219970703125,1287.8699951171875,3500280000,1.0,0.012611779574887,0.0073379704797553345,0.9089608790641713
2011-06-15,1287.8699951171875,1287.8699951171875,1261.9000244140625,1265.4200439453125,4070500000,1.0,-0.0174318458050823,0.007419275161502012,1.0578788781312096
2011-06-16,1265.530029296875,1274.1099853515625,1258.0699462890625,1267.6400146484375,3846250000,1.0,0.0017543350239683,0.0074127156734239774,0.999630062156523
2011-06-17,1268.5799560546875,1279.8199462890625,1267.4000244140625,1271.5,4916460000,1.0,0.00304501696614,0.007413701733484077,1.2731903678124499
2011-06-20,1271.5,1280.4200439453125,1267.56005859375,1278.3599853515625,3464660000,1.0,0.0053951909961167,0.0073438117369161926,0.8997459948284848
2011-06-21,1278.4000244140625,1297.6199951171875,1278.4000244140625,1295.52001953125,4056150000,1.0,0.0134234756847213,0.007544367202914068,1.050768205945439
2011-06-22,1295.47998046875,1298.6099853515625,1286.7900390625,1287.1400146484375,3718420000,1.0,-0.0064684487746045,0.007580821046184984,0.9620837943983345
2011-06-23,1286.5999755859375,1286.5999755859375,1262.8699951171875,1283.5,4983450000,1.0,-0.0028279865492579,0.007526109287830556,1.2846843771944387
2011-06-24,1283.0400390625,1283.9300537109375,1267.239990234375,1268.449951171875,3665340000,1.0,-0.011725787945559,0.007605909088643852,0.945793243848863
2011-06-27,1268.43994140625,1284.9100341796875,1267.530029296875,1280.0999755859375,3479070000,1.0,0.0091844573002659,0.007711324530206761,0.8995557488910787
2011-06-28,1280.2099609375,1296.800048828125,1280.2099609375,1296.6700439453125,3681500000,1.0,0.012944354874931,0.007875232434379724,0.9545731560597336
2011-06-29,1296.8499755859375,1309.2099609375,1296.8499755859375,1307.4100341796875,4347540000,1.0,0.0082827472451643,0.007954616553518819,1.1265468855819287
2011-06-30,1307.6400146484375,1321.969970703125,1307.6400146484375,1320.6400146484375,4200500000,1.0,0.0101192281861679,0.008067360048530939,1.0866759992400383
2011-07-01,1320.6400146484375,1341.010009765625,1318.1800537109375,1339.6700439453125,3796930000,1.0,0.0144097021790914,0.00827814557732605,0.9845097997220712
2011-07-05,1339.5899658203125,1340.8900146484375,1334.300048828125,1337.8800048828125,3722320000,1.0,-0.0013361790618444,0.008277575400256365,0.9644884730215966
2011-07-06,1337.56005859375,1340.93994140625,1330.9200439453125,1339.219970703125,3564190000,1.0,0.0010015590452223,0.008260835653095988,0.9167595337780358
2011-07-07,1339.6199951171875,1356.47998046875,1339.6199951171875,1353.219970703125,4069530000,1.0,0.0104538464974126,0.008356716907036278,1.045871302160953
2011-07-08,1352.3900146484375,1352.3900146484375,1333.7099609375,1343.800048828125,3594360000,1.0,-0.0069611165065096,0.008343857058512458,0.9259283588705794
2011-07-11,1343.31005859375,1343.31005859375,1316.4200439453125,1319.489990234375,3879130000,1.0,-0.0180905326018925,0.008678911000412761,1.000099310477967
2011-07-12,1319.6099853515625,1327.1700439453125,1313.3299560546875,1313.6400146484375,4227890000,1.0,-0.0044335126671922,0.008698637657734641,1.0858224774798977
2011-07-13,1314.449951171875,1331.47998046875,1314.449951171875,1317.719970703125,4060080000,1.0,0.0031058402676469,0.008693052508582372,1.0415808854484216
2011-07-14,1317.739990234375,1326.8800048828125,1306.510009765625,1308.8699951171875,4358570000,1.0,-0.0067161276923011,0.008617953371454982,1.1173830997885914
2011-07-15,1308.8699951171875,1317.699951171875,1307.52001953125,1316.1400146484375,4242760000,1.0,0.0055544244717742,0.008616020399518061,1.0875874515402781
2011-07-18,1315.93994140625,1315.93994140625,1295.9200439453125,1305.43994140625,4118160000,1.0,-0.0081298897709189,0.008496322199793313,1.0541779843046728
2011-07-19,1307.0699462890625,1328.1400146484375,1307.0699462890625,1326.72998046875,4304600000,1.0,0.0163087081888775,0.008734628514891271,1.1014474389824576
2011-07-20,1328.6600341796875,1330.4300537109375,1323.6500244140625,1325.8399658203125,3767420000,1.0,-0.0006708332980633,0.008732761220578478,0.966457727793344
2011-07-21,1325.6500244140625,1347.0,1325.6500244140625,1343.800048828125,4837430000,1.0,0.0135461922032953,0.008832392345942793,1.2370528241857952
2011-07-22,1343.800048828125,1346.0999755859375,1336.949951171875,1345.02001953125,3522830000,1.0,0.0009078513609139,0.008795127167640028,0.9023690957354022
2011-07-25,1344.3199462890625,1344.3199462890625,1331.0899658203125,1337.4300537109375,3536890000,1.0,-0.0056430132712504,0.008810605121788601,0.907087313857304
2011-07-26,1337.3900146484375,1338.510009765625,1329.5899658203125,1331.93994140625,4007050000,1.0,-0.0041049715381034,0.008818023368721587,1.024616467853833
2011-07-27,1331.9100341796875,1331.9100341796875,1303.489990234375,1304.8900146484375,3479040000,1.0,-0.0203086685194329,0.009185669564405944,0.8912762555207128
2011-07-28,1304.8399658203125,1316.3199462890625,1299.1600341796875,1300.6700439453125,4951800000,1.0,-0.0032339665839667,0.009184960141679657,1.2627656173592199
2011-07-29,1300.1199951171875,1304.1600341796875,1282.8599853515625,1292.280029296875,5061190000,1.0,-0.0064505326985068,0.009180480273302647,1.2832059218452727
2011-08-01,1292.5899658203125,1307.3800048828125,1274.72998046875,1286.93994140625,4967390000,1.0,-0.0041322993233366,0.009125724190612075,1.2509161416605825
2011-08-02,1286.56005859375,1286.56005859375,1254.030029296875,1254.050048828125,5206290000,1.0,-0.0255566647051034,0.009658636971114054,1.303590784431997
2011-08-03,1254.25,1261.199951171875,1234.56005859375,1260.3399658203125,6446940000,1.0,0.0050156825862455,0.009663465216692464,1.5888420893140145
2011-08-04,1260.22998046875,1260.22998046875,1199.5400390625,1200.0699462890625,4266530000,0.0,-0.0478204462016106,0.011320755339394348,1.0493084696318025
2011-08-05,1200.280029296875,1218.1099853515625,1168.0899658203125,1199.3800048828125,5454590000,0.0,-0.0005749176607442,0.011258325184834323,1.3326832054292927
2011-08-08,1198.47998046875,1198.47998046875,1119.280029296875,1119.4599609375,2615150000,0.0,-0.0666344641564382,0.01399175752755126,0.640959999576476
2011-08-09,1120.22998046875,1172.8800048828125,1101.5400390625,1172.530029296875,2366660000,0.0,0.0474068481332115,0.015412067427493598,0.5822193927920085
2011-08-10,1171.77001953125,1171.77001953125,1118.010009765625,1120.760009765625,5018070000,0.0,-0.0441524039791925,0.016335324435327606,1.2325381403582476
2011-08-11,1121.300048828125,1186.2900390625,1121.300048828125,1172.6400146484375,3685050000,0.0,0.0462900214414874,0.01751650878333687,0.9076009277944665
2011-08-12,1172.8699951171875,1189.0400390625,1170.739990234375,1178.81005859375,5640380000,0.0,0.0052616692831877,0.017485657371508485,1.3764498177034565
2011-08-15,1178.8599853515625,1204.489990234375,1178.8599853515625,1204.489990234375,4272850000,0.0,0.0217846220885318,0.01774614237223987,1.0388316907643722
2011-08-16,1204.219970703125,1204.219970703125,1180.530029296875,1192.760009765625,5071600000,0.0,-0.0097385454124592,0.01775990873446918,1.2240063371458314
2011-08-17,1192.8900146484375,1208.469970703125,1184.3599853515625,1193.8900146484375,4388340000,0.0,0.0009473866272851,0.01771194695228233,1.056340774358154
2011-08-18,1189.6199951171875,1189.6199951171875,1131.030029296875,1140.6500244140625,3234810000,0.0,-0.0445937143129993,0.01856515827076237,0.7814372932572325
2011-08-19,1140.469970703125,1154.5400390625,1122.050048828125,1123.530029296875,5167560000,0.0,-0.0150089815024392,0.018624005079585264,1.2373638897566233
2011-08-22,1123.550048828125,1145.489990234375,1121.0899658203125,1123.8199462890625,5436260000,0.0,0.0002580411601182,0.018608354483513282,1.291866742761805
2011-08-23,1124.3599853515625,1162.3499755859375,1124.3599853515625,1162.3499755859375,5013170000,0.0,0.0342848775945863,0.019190952028908758,1.186358564988828
2011-08-24,1162.1600341796875,1178.56005859375,1156.300048828125,1177.5999755859375,5315310000,0.0,0.0131199727451385,0.01922197269513478,1.2471459269439888
2011-08-25,1176.68994140625,1190.6800537109375,1155.469970703125,1159.27001953125,5748420000,0.0,-0.0155655200702319,0.019112149989725404,1.338230632645376
2011-08-26,1158.8499755859375,1181.22998046875,1135.9100341796875,1176.800048828125,5035320000,0.0,0.0151216101525366,0.019238196405132392,1.1657671035642425
2011-08-29,1177.9100341796875,1210.280029296875,1177.9100341796875,1210.0799560546875,4228070000,0.0,0.0282800015684083,0.019589829592908448,0.9820043482469794
2011-08-30,1209.760009765625,1220.0999755859375,1195.77001953125,1212.9200439453125,4572570000,0.0,0.0023470249849313,0.019552253048691424,1.056579723213393
2011-08-31,1213.0,1230.7099609375,1209.3499755859375,1218.8900146484375,5267840000,0.0,0.0049219820654511,0.01956611285363764,1.210456974714192
2011-09-01,1219.1199951171875,1229.2900390625,1203.8499755859375,1204.4200439453125,4780410000,0.0,-0.0118714326388985,0.019614487967010156,1.0931191308481716
2011-09-02,1203.9000244140625,1203.9000244140625,1170.56005859375,1173.969970703125,4401740000,0.0,-0.0252819383032204,0.01983515016220512,1.0092148917375405
2011-09-06,1173.969970703125,1173.969970703125,1140.1300048828125,1165.239990234375,5103980000,0.0,-0.0074362894167738,0.01978251409781425,1.1625526476238095
2011-09-07,1165.8499755859375,1198.6199951171875,1165.8499755859375,1198.6199951171875,4441040000,0.0,0.0286464635290266,0.020154794670796894,1.0071388058811297
2011-09-08,1197.97998046875,1204.4000244140625,1183.3399658203125,1185.9000244140625,4465170000,0.0,-0.0106121796356996,0.020116098837423622,1.0090245163058482
2011-09-09,1185.3699951171875,1185.3699951171875,1148.3699951171875,1154.22998046875,4586370000,0.0,-0.0267054922787106,0.0202781130035476,1.0352953976863715
2011-09-12,1153.5,1162.52001953125,1136.0699462890625,1162.27001953125,5168550000,0.0,0.0069657167103169,0.020302683979922177,1.1616358443393808
2011-09-13,1162.5899658203125,1176.4100341796875,1157.43994140625,1172.8699951171875,4681370000,0.0,0.0091200628148462,0.020339535125322702,1.0479754383463955
2011-09-14,1173.3199462890625,1202.3800048828125,1162.72998046875,1188.6800537109375,4986740000,0.0,0.0134798048032342,0.020410216435010547,1.110051729727511
2011-09-15,1189.43994140625,1209.1099853515625,1189.43994140625,1209.1099853515625,4479730000,0.0,0.0171870736594299,0.02046103067386529,0.9931429103501483
2011-09-16,1209.2099609375,1220.06005859375,1204.4599609375,1216.010009765625,5248890000,0.0,0.0057066970727697,0.020465667592927696,1.1576100217914895
2011-09-19,1214.989990234375,1214.989990234375,1188.3599853515625,1204.0899658203125,4254190000,0.0,-0.0098025870260805,0.02049751543656755,0.9355123861013961
2011-09-20,1204.5,1220.3900146484375,1201.2900390625,1202.0899658203125,4315610000,0.0,-0.0016610054537223,0.02044817221246038,0.9472005608917343
2011-09-21,1203.6300048828125,1206.300048828125,1166.2099609375,1166.760009765625,4728550000,0.0,-0.0293904425286323,0.020736900036000164,1.0355577671749114
2011-09-22,1164.550048828125,1164.550048828125,1114.219970703125,1129.56005859375,6703140000,0.0,-0.0318831215164355,0.021019486084087102,1.4511952008810127
2011-09-23,1128.8199462890625,1141.719970703125,1121.3599853515625,1136.4300537109375,5639930000,0.0,0.0060820095973828,0.0210030142666585,1.2142787170254108
2011-09-26,1136.9100341796875,1164.18994140625,1131.0699462890625,1162.949951171875,4762830000,0.0,0.0233361458317109,0.02120186605512928,1.0231475470520741
2011-09-27,1163.3199462890625,1195.8599853515625,1163.3199462890625,1175.3800048828125,5548130000,0.0,0.0106883823318553,0.0211587630326445,1.1845674715572756
2011-09-28,1175.3900146484375,1184.7099609375,1150.4000244140625,1151.06005859375,4787920000,0.0,-0.0206911349419179,0.02129624467197124,1.0201514818160926
2011-09-29,1151.739990234375,1175.8699951171875,1139.9300537109375,1160.4000244140625,5285740000,0.0,0.0081142297924254,0.021334575627461702,1.1189809633896552
2011-09-30,1159.9300537109375,1159.9300537109375,1131.3399658203125,1131.4200439453125,4416790000,0.0,-0.0249741294889952,0.02146938034903239,0.9366941518281844
2011-10-03,1131.2099609375,1138.989990234375,1098.9200439453125,1099.22998046875,5670340000,0.0,-0.0284510281118181,0.021718618863933392,1.1916870208055657
2011-10-04,1097.4200439453125,1125.1199951171875,1074.77001953125,1123.949951171875,3714670000,0.0,0.0224884429485661,0.021875430412699622,0.7800976000344071
2011-10-05,1124.030029296875,1146.0699462890625,1115.6800537109375,1144.030029296875,2510620000,0.0,0.0178656337002049,0.022029740056927573,0.5305763700758663
2011-10-06,1144.1099853515625,1165.550048828125,1134.949951171875,1164.969970703125,5098330000,0.0,0.0183036641259493,0.022177033367933693,1.070120288175781
2011-10-07,1165.030029296875,1171.4000244140625,1150.260009765625,1155.4599609375,5580380000,0.0,-0.008163308930517,0.02218324846750107,1.168218155704251
2011-10-10,1158.1500244140625,1194.9100341796875,1158.1500244140625,1194.8900146484375,4446800000,0.0,0.0341249848925491,0.02264629225737073,0.9333109961069506
2011-10-11,1194.5999755859375,1199.239990234375,1187.300048828125,1195.5400390625,4424500000,0.0,0.0005440035535435,0.022629993992028072,0.9307516560626822
2011-10-12,1196.18994140625,1220.25,1196.18994140625,1207.25,5355360000,0.0,0.0097947041126975,0.02256003650740807,1.1258641609116906
2011-10-13,1206.9599609375,1207.4599609375,1190.5799560546875,1203.6600341796875,4436270000,0.0,-0.0029736722471008,0.022560873040047117,0.9405945926141782
2011-10-14,1205.6500244140625,1224.6099853515625,1205.6500244140625,1224.5799560546875,4116690000,0.0,0.017380257947384,0.02260918078182569,0.873390989541432
2011-10-17,1224.469970703125,1224.469970703125,1198.550048828125,1200.8599853515625,4300700000,0.0,-0.0193698831879832,0.022726958493200312,0.9169196633226719
2011-10-18,1200.75,1233.0999755859375,1191.47998046875,1225.3800048828125,4840170000,0.0,0.0204187164451745,0.02289740879472502,1.0222374022430059
2011-10-19,1223.4599609375,1229.6400146484375,1206.31005859375,1209.8800048828125,4846390000,0.0,-0.0126491373600324,0.022942321317972723,1.0129411948634177
2011-10-20,1209.9200439453125,1219.530029296875,1197.3399658203125,1215.3900146484375,4870290000,0.0,0.0045541787147385,0.022818103719529744,1.0185657373717498
2011-10-21,1215.3900146484375,1239.030029296875,1215.3900146484375,1238.25,4980770000,0.0,0.0188087651503168,0.02295733178237,1.0360562562299374
2011-10-24,1238.719970703125,1256.550048828125,1238.719970703125,1254.18994140625,4309380000,0.0,0.0128729589390268,0.0230087534352231,0.9013908097620237
2011-10-25,1254.18994140625,1254.18994140625,1226.7900390625,1229.050048828125,4473970000,0.0,-0.0200447250836162,0.02314572086855198,0.9350313147723566
2011-10-26,1229.1700439453125,1246.280029296875,1221.06005859375,1242.0,4873530000,0.0,0.0105365531568242,0.022951717201610617,1.019380769997446
2011-10-27,1243.969970703125,1292.6600341796875,1243.969970703125,1284.5899658203125,6367610000,1.0,0.0342914378585446,0.02336544440367988,1.320955285082431
2011-10-28,1284.3900146484375,1287.0799560546875,1277.010009765625,1285.0899658203125,4536690000,1.0,0.0003892292585989,0.022484877791941103,0.936076290994566
2011-10-31,1284.9599609375,1284.9599609375,1253.1600341796875,1253.300048828125,4310210000,1.0,-0.0247375030836032,0.02273567526015493,0.8925033166996215
2011-11-01,1251.0,1251.0,1215.4200439453125,1218.280029296875,5645540000,1.0,-0.0279422470014222,0.021287733576557007,1.1679941217344343
2011-11-02,1219.6199951171875,1242.47998046875,1219.6199951171875,1237.9000244140625,4110530000,1.0,0.0161046677655145,0.02051654464766856,0.8536072133010657
2011-11-03,1238.25,1263.2099609375,1234.81005859375,1261.1500244140625,4849140000,1.0,0.0187818075300587,0.019757911211603127,1.008943026097517
2011-11-04,1260.8199462890625,1260.8199462890625,1238.9200439453125,1253.22998046875,3830650000,1.0,-0.0062800172794605,0.018915485974971166,0.803441333461135
2011-11-07,1253.2099609375,1261.699951171875,1240.75,1261.1199951171875,3429740000,1.0,0.0062957436156181,0.018919641526084913,0.7242321575261429
2011-11-08,1261.1199951171875,1277.550048828125,1254.989990234375,1275.9200439453125,3908490000,1.0,0.0117356388649993,0.01877920650028995,0.8264415802102459
2011-11-09,1275.1800537109375,1275.1800537109375,1226.6400146484375,1229.0999755859375,4659740000,1.0,-0.0366951429139722,0.01935730307481371,0.9849286516766534
2011-11-10,1229.5899658203125,1246.219970703125,1227.699951171875,1239.699951171875,4002760000,1.0,0.0086241768745332,0.019384416936659935,0.8506119418031793
2011-11-11,1240.1199951171875,1266.97998046875,1240.1199951171875,1263.8499755859375,3370180000,1.0,0.0194805399413251,0.01858915311610153,0.7205031194836086
2011-11-14,1263.8499755859375,1263.8499755859375,1246.6800537109375,1251.780029296875,3219680000,1.0,-0.0095501416483129,0.01851831073450822,0.6918246858900451
2011-11-15,1251.699951171875,1264.25,1244.3399658203125,1257.81005859375,3599300000,1.0,0.0048171636835123,0.018520511928532917,0.7784286274183615
2011-11-16,1257.81005859375,1259.6099853515625,1235.6700439453125,1236.9100341796875,4085010000,1.0,-0.0166162007302033,0.01818152908097867,0.884836849047593
2011-11-17,1236.56005859375,1237.72998046875,1209.4300537109375,1216.1300048828125,4596450000,1.0,-0.016799952076269,0.018259191643933973,0.9950518120985762
2011-11-18,1216.18994140625,1223.510009765625,1211.3599853515625,1215.6500244140625,3827610000,1.0,-0.0003946785843806,0.01813473606925815,0.831342368116292
2011-11-21,1215.6199951171875,1215.6199951171875,1183.1600341796875,1192.97998046875,4050070000,1.0,-0.0186484954469025,0.01821145679109368,0.8839546110029626
2011-11-22,1192.97998046875,1196.81005859375,1181.6500244140625,1188.0400390625,3911710000,1.0,-0.0041408418306474,0.01784727972896485,0.8566346321712226
2011-11-23,1187.47998046875,1187.47998046875,1161.7900390625,1161.7900390625,3798940000,1.0,-0.0220952149228188,0.018066934321254342,0.8362895612595851
2011-11-25,1161.4100341796875,1172.6600341796875,1158.6600341796875,1158.6700439453125,1664200000,1.0,-0.0026855068577668,0.01805452410893201,0.37095134866738594
2011-11-28,1158.6700439453125,1197.3499755859375,1158.6700439453125,1192.550048828125,3920750000,1.0,0.0292404253133617,0.018399559240071153,0.8791432181760918
2011-11-29,1192.56005859375,1203.6700439453125,1191.800048828125,1195.18994140625,3992650000,1.0,0.0022136534904502,0.0180991203110524,0.8963165188351847
2011-11-30,1196.719970703125,1247.1099853515625,1196.719970703125,1246.9599609375,5801910000,1.0,0.0433153072475978,0.01889238420779641,1.293846107530047
2011-12-01,1246.9100341796875,1251.0899658203125,1239.72998046875,1244.5799560546875,3818680000,1.0,-0.0019086457924624,0.018551656114870786,0.8550487797057508
2011-12-02,1246.030029296875,1260.0799560546875,1243.3499755859375,1244.280029296875,4144310000,1.0,-0.0002409863314554,0.01849177382474541,0.9387181159270926
2011-12-05,1244.3299560546875,1266.72998046875,1244.3299560546875,1257.0799560546875,4148060000,1.0,0.0102870145436999,0.01816725623389679,0.9459607013289506
2011-12-06,1257.18994140625,1266.030029296875,1253.030029296875,1258.469970703125,3734230000,1.0,0.0011057487964409,0.01815359128785309,0.8556011939736026
2011-12-07,1258.1400146484375,1267.06005859375,1244.800048828125,1261.010009765625,4160540000,1.0,0.0020183549243377,0.01812611974179876,0.95937929574927
2011-12-08,1260.8699951171875,1260.8699951171875,1231.469970703125,1234.3499755859375,4298370000,1.0,-0.0211418101150859,0.018284462019761583,0.9934043444594903
2011-12-09,1234.47998046875,1258.25,1234.47998046875,1255.18994140625,3830610000,1.0,0.0168833525600549,0.018279887880176378,0.8912942607789063
2011-12-12,1255.050048828125,1255.050048828125,1227.25,1236.469970703125,3600570000,1.0,-0.0149140541089359,0.018379415974532635,0.8409635187518489
2011-12-13,1236.8299560546875,1249.8599853515625,1219.4300537109375,1225.72998046875,4121570000,1.0,-0.0086860097607285,0.018369427557574602,0.9696656379578678
2011-12-14,1225.72998046875,1225.72998046875,1209.469970703125,1211.8199462890625,4298290000,1.0,-0.0113483674229523,0.018430881223821544,1.0084724742190543
2011-12-15,1212.1199951171875,1225.5999755859375,1212.1199951171875,1215.75,3810340000,1.0,0.0032431003656709,0.01801668118632404,0.8885695195333995
2011-12-16,1216.0899658203125,1231.0400390625,1215.199951171875,1219.6600341796875,5345800000,1.0,0.0032161498496299,0.01749837252978462,1.2452008708067177
2011-12-19,1219.739990234375,1224.5699462890625,1202.3699951171875,1205.3499755859375,3659820000,1.0,-0.0117328256995602,0.017569101942809404,0.8601805518465953
2011-12-20,1205.719970703125,1242.8199462890625,1205.719970703125,1241.300048828125,4055590000,1.0,0.0298254232964261,0.017727359231356824,0.9549559027609681
2011-12-21,1241.25,1245.0899658203125,1229.510009765625,1243.719970703125,2959020000,1.0,0.0019495059855065,0.017684274915127595,0.7015923073946523
2011-12-22,1243.719970703125,1255.219970703125,1243.719970703125,1254.0,3492250000,1.0,0.0082655497531838,0.017473485637414674,0.8354034721877684
2011-12-23,1254.0,1265.4200439453125,1254.0,1265.3299560546875,2233830000,1.0,0.0090350526751894,0.017479726613519476,0.5400594826261924
2011-12-27,1265.02001953125,1269.3699951171875,1262.300048828125,1265.4300537109375,2130590000,1.0,7.9107947907886e-05,0.01713005514104313,0.5200944229924899
2011-12-28,1265.3800048828125,1265.8499755859375,1248.6400146484375,1249.6400146484375,2349980000,1.0,-0.0124780022540123,0.016768928751854636,0.5791651285799425
2011-12-29,1249.75,1263.5400390625,1249.75,1263.02001953125,2278130000,1.0,0.0107070874219539,0.016596346922611922,0.5686384014095437
2011-12-30,1262.8199462890625,1264.1199951171875,1257.4599609375,1257.5999755859375,2271850000,1.0,-0.004291336527923,0.016485311407027504,0.5744540316161738
2012-01-03,1258.8599853515625,1284.6199951171875,1258.8599853515625,1277.06005859375,3943710000,1.0,0.0154739848804035,0.016441029214091,1.0018908778291717
2012-01-04,1277.030029296875,1278.72998046875,1268.0999755859375,1277.300048828125,3592580000,1.0,0.0001879239999402,0.01639169217287558,0.919170284931582
2012-01-05,1277.300048828125,1283.050048828125,1265.260009765625,1281.06005859375,4315950000,1.0,0.0029437169199786,0.01583442499519939,1.1042091271463441
2012-01-06,1280.9300537109375,1281.8399658203125,1273.3399658203125,1277.81005859375,3656830000,1.0,-0.0025369614626558,0.015841860140209493,0.9395056146612646
2012-01-09,1277.8299560546875,1281.989990234375,1274.550048828125,1280.699951171875,3371600000,1.0,0.0022615979258335,0.015802657749590946,0.8729619280268833
2012-01-10,1280.77001953125,1296.4599609375,1280.77001953125,1292.0799560546875,4221960000,1.0,0.0088857697483313,0.01582490007420385,1.1054160611301398
2012-01-11,1292.02001953125,1293.800048828125,1285.4100341796875,1292.47998046875,3968120000,1.0,0.0003095972599744,0.015683814906937193,1.0420568571885358
2012-01-12,1292.47998046875,1296.8199462890625,1285.77001953125,1295.5,4019890000,1.0,0.0023366083629046,0.015454170780213567,1.057264150526553
2012-01-13,1294.8199462890625,1294.8199462890625,1277.5799560546875,1289.0899658203125,3692370000,1.0,-0.0049479229484272,0.015270450804395234,0.9812045869640953
2012-01-17,1290.219970703125,1303.0,1290.219970703125,1293.6700439453125,4010490000,1.0,0.0035529546008725,0.015168639132193342,1.066308239439215
2012-01-18,1293.6500244140625,1308.1099853515625,1290.989990234375,1308.0400390625,4096160000,1.0,0.0111079290924624,0.01521650681127277,1.0934644400087068
2012-01-19,1308.0699462890625,1315.489990234375,1308.0699462890625,1314.5,4465890000,1.0,0.0049386568794407,0.015051062650702557,1.1881337789645336
2012-01-20,1314.489990234375,1315.3800048828125,1309.1700439453125,1315.3800048828125,3912620000,1.0,0.0006694597815233,0.014971623381483818,1.0382706086746076
2012-01-23,1315.2900390625,1322.280029296875,1309.8900146484375,1316.0,3770910000,1.0,0.0004713429692453,0.014717184335461875,1.0013969967570533
2012-01-24,1315.9599609375,1315.9599609375,1306.06005859375,1314.6500244140625,3693560000,1.0,-0.0010258173145422,0.01466909426768366,0.9859153200183497
2012-01-25,1314.4000244140625,1328.300048828125,1307.6500244140625,1326.06005859375,4410910000,1.0,0.0086791419524545,0.014044849880700722,1.1748363718650592
2012-01-26,1326.280029296875,1333.469970703125,1313.5999755859375,1318.4300537109375,4522070000,1.0,-0.0057538908840252,0.01406897993366859,1.1970981223533939
2012-01-27,1318.25,1320.06005859375,1311.719970703125,1316.3299560546875,4007380000,1.0,-0.0015928775670267,0.013676428491920044,1.0564417512377018
2012-01-30,1316.1600341796875,1316.1600341796875,1300.489990234375,1313.010009765625,3659010000,1.0,-0.0025221231757218,0.013151141380399769,0.9642994598356537
2012-01-31,1313.530029296875,1321.4100341796875,1306.68994140625,1312.4100341796875,4235550000,1.0,-0.0004569466961219,0.013008894289322904,1.115356434794644
2012-02-01,1312.449951171875,1330.52001953125,1312.449951171875,1324.0899658203125,4504360000,1.0,0.0088996055626209,0.012842177382458138,1.1867183111334103
2012-02-02,1324.239990234375,1329.18994140625,1321.5699462890625,1325.5400390625,4120920000,1.0,0.0010951470667548,0.0128076075592322,1.0840218755178863
2012-02-03,1326.2099609375,1345.3399658203125,1326.2099609375,1344.9000244140625,4608550000,1.0,0.0146053568968425,0.012910186251527477,1.2087430582942245
2012-02-06,1344.3199462890625,1344.3599853515625,1337.52001953125,1344.3299560546875,3379700000,1.0,-0.0004238741534883,0.012836496337613468,0.8889176687648214
2012-02-07,1344.3299560546875,1349.239990234375,1335.9200439453125,1347.050048828125,3742460000,1.0,0.0020233818053272,0.011846938801791749,0.9846221554639366
2012-02-08,1347.0400390625,1351.0,1341.949951171875,1349.9599609375,4096730000,1.0,0.0021602108339675,0.011811288912188092,1.0642072274018612
2012-02-09,1349.969970703125,1354.3199462890625,1344.6300048828125,1351.949951171875,4209890000,1.0,0.0014741105602813,0.011572757256567251,1.0919624483755428
2012-02-10,1351.2099609375,1351.2099609375,1337.3499755859375,1342.6400146484375,3877580000,1.0,-0.0068863026440938,0.01153591044497569,1.0063685268091305
2012-02-13,1343.06005859375,1353.3499755859375,1343.06005859375,1351.77001953125,3618040000,1.0,0.0068000393129972,0.011549183563855625,0.9497752433450578
2012-02-14,1351.300048828125,1351.300048828125,1340.8299560546875,1350.5,3889520000,1.0,-0.0009395233752043,0.011312669888575105,1.02066211515896
2012-02-15,1350.52001953125,1355.8699951171875,1340.800048828125,1343.22998046875,4080340000,1.0,-0.0053832058728249,0.011093055152993574,1.0710954382538944
2012-02-16,1342.6099853515625,1359.02001953125,1341.219970703125,1358.0400390625,4108880000,1.0,0.0110257058054807,0.011153999623548927,1.078809138465534
2012-02-17,1358.06005859375,1363.4000244140625,1357.239990234375,1361.22998046875,3717640000,1.0,0.0023489303072772,0.010822567126931235,0.9761719556608016
2012-02-21,1361.219970703125,1367.760009765625,1358.1099853515625,1362.2099609375,3795200000,1.0,0.0007199227777898,0.010792003155782687,0.9984531763028588
2012-02-22,1362.1099853515625,1362.699951171875,1355.530029296875,1357.6600341796875,3633710000,1.0,-0.0033401068031253,0.010334176138021268,0.9593228382677544
2012-02-23,1357.530029296875,1364.239990234375,1352.280029296875,1363.4599609375,3786450000,1.0,0.0042720022772981,0.010312281231202652,0.999880324376921
2012-02-24,1363.4599609375,1368.9200439453125,1363.4599609375,1365.739990234375,3505360000,1.0,0.0016722378083675,0.009709323483724552,0.9261191350380806
2012-02-27,1365.199951171875,1371.93994140625,1354.9200439453125,1367.5899658203125,3648890000,1.0,0.001354559139489,0.009710099095210213,0.966453747318202
2012-02-28,1367.56005859375,1373.0899658203125,1365.969970703125,1372.1800537109375,3579120000,1.0,0.0033563334079245,0.008082893024351369,0.9515995322722074
2012-02-29,1372.199951171875,1378.0400390625,1363.81005859375,1365.6800537109375,4482370000,1.0,-0.0047369876733168,0.008112063886138644,1.1875077922110264
2012-03-01,1365.9000244140625,1376.1700439453125,1365.9000244140625,1374.0899658203125,3919240000,1.0,0.006158039788692,0.008129748758130214,1.0462267216796775
2012-03-02,1374.0899658203125,1374.530029296875,1366.4200439453125,1369.6300048828125,3283490000,1.0,-0.0032457561356525,0.008074666426803071,0.8782802335282969
2012-03-05,1369.5899658203125,1369.5899658203125,1359.1300048828125,1364.3299560546875,3429480000,1.0,-0.0038696938656644,0.008103883588397242,0.920413096796568
2012-03-06,1363.6300048828125,1363.6300048828125,1340.030029296875,1343.3599853515625,4191060000,1.0,-0.0153701607225316,0.008386628148385674,1.1174183212495155
2012-03-07,1343.3900146484375,1354.8499755859375,1343.3900146484375,1352.6300048828125,3580380000,1.0,0.0069006220464606,0.007893607831189729,0.9541507280889749
2012-03-08,1352.6500244140625,1368.719970703125,1352.6500244140625,1365.9100341796875,3543060000,1.0,0.0098179319170326,0.007711695229655784,0.9376621131587362
2012-03-09,1365.969970703125,1374.760009765625,1365.969970703125,1370.8699951171875,3639470000,1.0,0.003631250092162,0.007410934601772136,0.9555453884256415
2012-03-12,1370.780029296875,1373.0400390625,1366.68994140625,1371.0899658203125,3081870000,1.0,0.0001604606592227,0.007286789372063785,0.8060493389959685
2012-03-13,1371.9200439453125,1396.1300048828125,1371.9200439453125,1395.949951171875,4386470000,1.0,0.0181315493303089,0.0073720299770376535,1.1347470431960656
2012-03-14,1395.949951171875,1399.4200439453125,1389.969970703125,1394.280029296875,4502280000,1.0,-0.001196261996068,0.007385556279818081,1.151418952486693
2012-03-15,1394.1700439453125,1402.6300048828125,1392.780029296875,1402.5999755859375,4271650000,1.0,0.0059671989229153,0.007399784709908021,1.0906079979060246
2012-03-16,1402.550048828125,1405.8800048828125,1401.469970703125,1404.1700439453125,5163950000,1.0,0.0011193985360786,0.007167325515318454,1.3079292382155296
2012-03-19,1404.1700439453125,1414.0,1402.4300537109375,1409.75,3932570000,1.0,0.0039738463861609,0.0062150572477716205,0.9979824997716037
2012-03-20,1409.5899658203125,1409.5899658203125,1397.6800537109375,1405.52001953125,3695280000,1.0,-0.0030005181548147,0.006250410368627267,0.9375815881555501
2012-03-21,1405.52001953125,1407.75,1400.6400146484375,1402.8900146484375,3573590000,1.0,-0.0018711970276237,0.006216727883706062,0.905777485516543
2012-03-22,1402.8900146484375,1402.8900146484375,1388.72998046875,1392.780029296875,3740590000,1.0,-0.0072065416718331,0.00625385870126312,0.9504252532979255
2012-03-23,1392.780029296875,1399.1800537109375,1386.8699951171875,1397.1099853515625,3472950000,1.0,0.0031088585157796,0.006253438192309031,0.8846481657996668
2012-03-26,1397.1099853515625,1416.5799560546875,1397.1099853515625,1416.510009765625,3576950000,1.0,0.0138858247507125,0.00616809289272261,0.913200286591122
2012-03-27,1416.550048828125,1419.1500244140625,1411.949951171875,1412.52001953125,3513640000,1.0,-0.0028167751776319,0.0060952710240238725,0.8978565401240661
2012-03-28,1412.52001953125,1413.6500244140625,1397.199951171875,1405.5400390625,3892800000,1.0,-0.0049415090563221,0.006107003096611334,0.9953437101222017
2012-03-29,1405.3900146484375,1405.3900146484375,1391.56005859375,1403.280029296875,3832000000,1.0,-0.0016079298367995,0.005855203757808133,0.9811232099238052
2012-03-30,1403.31005859375,1410.8900146484375,1401.4200439453125,1408.469970703125,3676890000,1.0,0.0036984360198231,0.005858505659926965,0.9452286709466214
2012-04-02,1408.469970703125,1422.3800048828125,1404.4599609375,1419.0400390625,3572010000,1.0,0.0075046458776102,0.00590501551609411,0.9198777874188987
2012-04-03,1418.97998046875,1419.0,1404.6199951171875,1413.3800048828125,3822090000,1.0,-0.0039886359960829,0.005925705172113438,0.9840199641672753
2012-04-04,1413.0899658203125,1413.0899658203125,1394.0899658203125,1398.9599609375,3938290000,1.0,-0.0102025243710081,0.006120916228355117,1.012660252355483
2012-04-05,1398.7900390625,1401.5999755859375,1392.9200439453125,1398.0799560546875,3303740000,1.0,-0.000629042222354,0.006048930317716867,0.854361707184201
2012-04-09,1397.449951171875,1397.449951171875,1378.239990234375,1382.199951171875,3468980000,1.0,-0.0113584382738918,0.0062660482031139855,0.9020064337429421
2012-04-10,1382.1800537109375,1383.010009765625,1357.3800048828125,1358.5899658203125,4631730000,1.0,-0.0170814543377354,0.00669021966553002,1.2004477371251863
2012-04-11,1358.97998046875,1374.7099609375,1358.97998046875,1368.7099609375,3743040000,1.0,0.0074488958197751,0.006700649813107026,0.9696954624022284
2012-04-12,1368.77001953125,1388.1300048828125,1368.77001953125,1387.5699462890625,3618280000,1.0,0.0137793878102883,0.0068934230597653716,0.940381954733859
2012-04-13,1387.6099853515625,1387.6099853515625,1369.8499755859375,1370.260009765625,3631160000,1.0,-0.0124750010402945,0.006990094200608243,0.9480324116197805
2012-04-16,1370.27001953125,1379.6600341796875,1365.3800048828125,1369.5699462890625,3574780000,1.0,-0.0005036003909072,0.006970747653361765,0.9359817670527653
2012-04-17,1369.5699462890625,1392.760009765625,1369.5699462890625,1390.780029296875,3456200000,1.0,0.0154866738024461,0.007227106545828618,0.9104279269407008
2012-04-18,1390.780029296875,1390.780029296875,1383.2900390625,1385.1400146484375,3463140000,1.0,-0.0040552887801307,0.007255811571524352,0.9118552077755698
2012-04-19,1385.0799560546875,1390.4599609375,1370.300048828125,1376.9200439453125,4180020000,1.0,-0.0059343969679566,0.007305164117166484,1.0980816552729418
2012-04-20,1376.9599609375,1387.4000244140625,1376.9599609375,1378.530029296875,3833320000,1.0,0.001169265680053,0.00723180673985867,1.008399930488559
2012-04-23,1378.530029296875,1378.530029296875,1358.7900390625,1366.93994140625,3654860000,1.0,-0.0084075701249225,0.007279731929477303,0.9642697335928035
2012-04-24,1366.969970703125,1375.5699462890625,1366.8199462890625,1371.969970703125,3617100000,1.0,0.0036797734446916,0.007284285966759005,0.9556208928195516
2012-04-25,1372.1099853515625,1391.3699951171875,1372.1099853515625,1390.68994140625,3998430000,1.0,0.0136445921578962,0.007459365268121688,1.0542475145979648
2012-04-26,1390.6400146484375,1402.0899658203125,1387.280029296875,1399.97998046875,4034700000,1.0,0.0066801655681107,0.007492800743038893,1.0629968496595708
2012-04-27,1400.18994140625,1406.6400146484375,1397.31005859375,1403.3599853515625,3645830000,1.0,0.0024143237260298,0.007424918317862537,0.9627479957482897
2012-04-30,1403.260009765625,1403.260009765625,1394.0,1397.9100341796875,3574010000,1.0,-0.0038835019016946,0.007451570198176636,0.9464562040666149
2012-05-01,1397.8599853515625,1415.3199462890625,1395.72998046875,1405.8199462890625,3807950000,1.0,0.0056583842421709,0.007259994017363183,1.0079252338348428
2012-05-02,1405.5,1405.5,1393.9200439453125,1402.31005859375,3803860000,1.0,-0.002496683664631,0.007270668763404781,1.0067964970238592
2012-05-03,1402.3199462890625,1403.0699462890625,1388.7099609375,1391.5699462890625,4004910000,1.0,-0.0076588713308223,0.007348506352928602,1.0579311273208176
2012-05-04,1391.510009765625,1391.510009765625,1367.9599609375,1369.0999755859375,3975140000,1.0,-0.0161472089585192,0.007654987593533267,1.0490213780124524
2012-05-07,1368.7900390625,1373.9100341796875,1363.93994140625,1369.5799560546875,3559390000,1.0,0.0003505810220649,0.007653349975938797,0.9390390612221208
2012-05-08,1369.1600341796875,1369.1600341796875,1347.75,1363.719970703125,4261670000,1.0,-0.0042786734178289,0.007619498060841753,1.1206912239242923
2012-05-09,1363.199951171875,1363.72998046875,1343.1300048828125,1354.5799560546875,4288540000,1.0,-0.0067022664805039,0.007623305784554122,1.1235650673949358
2012-05-10,1354.5799560546875,1365.8800048828125,1354.5799560546875,1357.989990234375,3727990000,1.0,0.0025174107770054,0.0076286606919462865,0.9805812821471337
2012-05-11,1358.1099853515625,1365.6600341796875,1348.8900146484375,1353.3900146484375,3869070000,1.0,-0.0033873413051768,0.007608579007443361,1.0179585262416224
2012-05-14,1351.9300537109375,1351.9300537109375,1336.6099853515625,1338.3499755859375,3688120000,1.0,-0.0111128639192796,0.007609227271894657,0.9682886338795059
2012-05-15,1338.3599853515625,1344.93994140625,1328.4100341796875,1330.6600341796875,4114040000,1.0,-0.0057458374465044,0.007634717365470653,1.0762422026827418
2012-05-16,1330.780029296875,1341.780029296875,1324.7900390625,1324.800048828125,4280420000,1.0,-0.0044038185569877,0.007651186356467088,1.1192443018274316
2012-05-17,1324.8199462890625,1326.3599853515625,1304.8599853515625,1304.8599853515625,4664280000,1.0,-0.0150513758617392,0.007872722718808943,1.2127417602732353
2012-05-18,1305.050048828125,1312.239990234375,1291.97998046875,1295.219970703125,4512470000,1.0,-0.0073877770463167,0.007893537749910792,1.1673853669101726
2012-05-21,1295.72998046875,1316.3900146484375,1295.72998046875,1315.989990234375,3786750000,1.0,0.0160359012376676,0.008183050193006679,0.9788941452164744
2012-05-22,1316.0899658203125,1328.489990234375,1310.0400390625,1316.6300048828125,4123680000,1.0,0.0004863370186602,0.00818032883775076,1.06028131003756
2012-05-23,1316.02001953125,1320.7099609375,1296.530029296875,1318.8599853515625,4108330000,1.0,0.0016937032123527,0.008169509277656712,1.057847563330059
2012-05-24,1318.719970703125,1324.1400146484375,1310.5,1320.6800537109375,3937670000,1.0,0.0013800315269174,0.00815551296052,1.016861219865731
2012-05-25,1320.81005859375,1324.199951171875,1314.22998046875,1317.8199462890625,2872660000,1.0,-0.0021656323299791,0.008110565736531572,0.7472328821798122
2012-05-29,1318.9000244140625,1334.9300537109375,1318.9000244140625,1332.4200439453125,3441640000,1.0,0.0110789775927762,0.00824304158225594,0.9033292029215074
2012-05-30,1331.25,1331.25,1310.760009765625,1313.3199462890625,3534290000,1.0,-0.014334892170861,0.008425846367663456,0.9295906291486548
2012-05-31,1313.0899658203125,1319.739990234375,1298.9000244140625,1310.3299560546875,4557620000,1.0,-0.0022766655169013,0.00820344512254957,1.1933340947429172
2012-06-01,1309.8699951171875,1309.8699951171875,1277.25,1278.0400390625,4669350000,1.0,-0.0246425847497299,0.008723109538032741,1.2156133347030629
2012-06-04,1278.2900390625,1282.550048828125,1266.739990234375,1278.1800537109375,4011960000,1.0,0.0001095541956104,0.008610099270852095,1.0429954462344004
2012-06-05,1277.8199462890625,1287.6199951171875,1274.1600341796875,1285.5,3403230000,1.0,0.0057268506638095,0.008633708088272074,0.885063806109071
2012-06-06,1285.6099853515625,1315.1300048828125,1285.6099853515625,1315.1300048828125,4268360000,1.0,0.0230494009201185,0.009176039415955637,1.1060768301993418
2012-06-07,1316.1500244140625,1329.050048828125,1312.6800537109375,1314.989990234375,4258140000,1.0,-0.000106464492421,0.008839129442242728,1.099187263187529
2012-06-08,1314.989990234375,1325.81005859375,1307.77001953125,1325.6600341796875,3497190000,1.0,0.0081141636244781,0.008916242557707782,0.9046048377200706
2012-06-11,1325.719970703125,1335.52001953125,1307.72998046875,1308.9300537109375,3537530000,1.0,-0.0126201137828692,0.008999588811936802,0.916435519625543
2012-06-12,1309.4000244140625,1324.31005859375,1306.6199951171875,1324.1800537109375,3442920000,1.0,0.0116507371473095,0.009145353357411744,0.8930083215888209
2012-06-13,1324.02001953125,1327.280029296875,1310.510009765625,1314.8800048828125,3506510000,1.0,-0.0070232509559875,0.009155479594791023,0.9098111324136358
2012-06-14,1314.8800048828125,1333.6800537109375,1314.1400146484375,1329.0999755859375,3687720000,1.0,0.0108146527822456,0.009280234804092482,0.9574961464864311
2012-06-15,1329.18994140625,1343.3199462890625,1329.18994140625,1342.8399658203125,4401570000,1.0,0.0103378154290596,0.009391516484814342,1.1401005489750033
2012-06-18,1342.4200439453125,1348.219970703125,1334.4599609375,1344.780029296875,3259430000,1.0,0.001444746601191,0.00935604639977729,0.8444557587912077
2012-06-19,1344.8299560546875,1363.4599609375,1344.8299560546875,1357.97998046875,3815350000,1.0,0.0098156954180652,0.009440082797221036,0.9867130521497898
2012-06-20,1358.0400390625,1361.5699462890625,1346.449951171875,1355.68994140625,3695700000,1.0,-0.0016863570122068,0.009252030192085738,0.9604194005498535
2012-06-21,1355.4300537109375,1358.27001953125,1324.4100341796875,1325.510009765625,4094470000,1.0,-0.0222616770390134,0.009659414329117542,1.0621096825320653
2012-06-22,1325.9200439453125,1337.8199462890625,1325.9200439453125,1335.02001953125,5271490000,1.0,0.0071746042621787,0.009702448691242049,1.355801312888313
2012-06-25,1334.9000244140625,1334.9000244140625,1309.27001953125,1313.719970703125,3501820000,1.0,-0.0159548534977054,0.009897250091152957,0.9012505017356269
2012-06-26,1314.0899658203125,1324.239990234375,1310.300048828125,1319.989990234375,3412940000,1.0,0.0047727214863713,0.00990695346244277,0.8791081189599214
2012-06-27,1320.7099609375,1334.4000244140625,1320.7099609375,1331.8499755859375,3286910000,1.0,0.0089849055214854,0.00993038878063081,0.8473842180306334
2012-06-28,1331.52001953125,1331.52001953125,1313.2900390625,1329.0400390625,3969370000,1.0,-0.002109799583246,0.009923789786655004,1.0206622017136269
2012-06-29,1330.1199951171875,1362.1700439453125,1330.1199951171875,1362.1600341796875,4590480000,1.0,0.0249202387766662,0.010395053298231484,1.1778846869345654
2012-07-02,1362.3299560546875,1366.3499755859375,1355.699951171875,1365.510009765625,3301650000,1.0,0.0024593113157624,0.010401499065526508,0.8494978451805905
2012-07-03,1365.75,1374.81005859375,1363.530029296875,1374.02001953125,2116390000,1.0,0.0062321108631679,0.010333337807875433,0.5488818360023371
2012-07-05,1373.719970703125,1373.8499755859375,1363.02001953125,1367.5799560546875,3041520000,1.0,-0.0046870230309741,0.010108459494385073,0.7911746536933085
2012-07-06,1367.0899658203125,1367.0899658203125,1348.030029296875,1354.6800537109375,2745140000,1.0,-0.0094326494671396,0.010137046768527731,0.7187653973559266
2012-07-09,1354.6600341796875,1354.8699951171875,1346.6500244140625,1352.4599609375,2904860000,1.0,-0.0016388318166757,0.009972792356776936,0.7651120333401586
2012-07-10,1352.9599609375,1361.5400390625,1336.27001953125,1341.469970703125,3470600000,1.0,-0.0081259264982284,0.009898910816661962,0.914967064243838
2012-07-11,1341.4000244140625,1345.0,1333.25,1341.449951171875,3426290000,1.0,-1.4923577632885989e-05,0.00989894623946404,0.9039895545012073
2012-07-12,1341.2900390625,1341.2900390625,1325.4100341796875,1334.760009765625,3654440000,1.0,-0.0049870972826125,0.00969642951037729,0.9649661243667809
2012-07-13,1334.81005859375,1357.699951171875,1334.81005859375,1356.780029296875,3212930000,1.0,0.0164973623498927,0.009933812799640004,0.8510399229856985
2012-07-16,1356.5,1357.260009765625,1348.510009765625,1353.6400146484375,2862720000,1.0,-0.0023143137285598,0.009909952831795335,0.7628925596709354
2012-07-17,1353.6800537109375,1365.3599853515625,1345.0699462890625,1363.6700439453125,3566680000,1.0,0.0074096725778898,0.00995758264960116,0.952566174302186
2012-07-18,1363.5799560546875,1375.260009765625,1358.9599609375,1372.780029296875,3642630000,1.0,0.0066804909237472,0.009935538447730588,0.9724180559134976
2012-07-19,1373.010009765625,1380.3900146484375,1371.2099609375,1376.510009765625,4043360000,1.0,0.0027170998915686,0.009930467800666748,1.0806544949246635
2012-07-20,1376.510009765625,1376.510009765625,1362.18994140625,1362.6600341796875,3925020000,1.0,-0.0100616599136069,0.009853883940675216,1.0510685496720416
2012-07-23,1362.3399658203125,1362.3399658203125,1337.56005859375,1350.52001953125,3717180000,1.0,-0.0089090560696936,0.009872448305741563,0.9954693741551172
2012-07-24,1350.52001953125,1351.530029296875,1329.239990234375,1338.31005859375,3891290000,1.0,-0.009040932945028,0.009924750080901677,1.0419724270353672
2012-07-25,1338.3499755859375,1343.97998046875,1331.5,1337.8900146484375,3719170000,1.0,-0.0003138614573022,0.00991629643150794,0.9957182058336835
2012-07-26,1338.1700439453125,1363.1300048828125,1338.1700439453125,1360.02001953125,4429300000,1.0,0.0165409746993496,0.010131438774770277,1.1838400131884048
2012-07-27,1360.050048828125,1389.18994140625,1360.050048828125,1385.969970703125,4399010000,1.0,0.0190805655793353,0.0104377334745093,1.1749994030193918
2012-07-30,1385.93994140625,1391.739990234375,1381.3699951171875,1385.300048828125,3212060000,1.0,-0.0004833595887074,0.010391149012245856,0.864666639280684
2012-07-31,1385.27001953125,1387.1600341796875,1379.1700439453125,1379.3199462890625,3821570000,1.0,-0.0043168283608459,0.010190289631074045,1.032583875536892
2012-08-01,1379.3199462890625,1385.030029296875,1373.3499755859375,1375.3199462890625,4440920000,1.0,-0.0028999798130677,0.01019797795365856,1.1957045834355127
2012-08-02,1375.1300048828125,1375.1300048828125,1354.6500244140625,1365.0,4193740000,1.0,-0.007503669467536,0.010230007589102454,1.128726265672881
2012-08-03,1365.449951171875,1394.1600341796875,1365.449951171875,1390.989990234375,3751170000,1.0,0.019040285885989,0.010478101621471062,1.011555315950148
2012-08-06,1391.0400390625,1399.6300048828125,1391.0400390625,1394.22998046875,3122050000,1.0,0.0023292692665812,0.010477514598284025,0.8456241196522173
2012-08-07,1394.4599609375,1407.1400146484375,1394.4599609375,1401.3499755859375,3682490000,1.0,0.0051067580075947,0.010481580739288635,0.9930658064765272
2012-08-08,1401.22998046875,1404.1400146484375,1396.1300048828125,1402.219970703125,3221790000,1.0,0.0006208264404641,0.010367528500691794,0.8698591805446418
2012-08-09,1402.260009765625,1405.949951171875,1398.800048828125,1402.800048828125,3119610000,1.0,0.0004136855394443,0.010331744402726497,0.8441616005226663
2012-08-10,1402.5799560546875,1405.97998046875,1395.6199951171875,1405.8699951171875,2767980000,1.0,0.0021884418179392,0.01030905912680686,0.7563365503371843
2012-08-13,1405.8699951171875,1405.8699951171875,1397.3199462890625,1404.1099853515625,2499990000,1.0,-0.0012519007957618,0.01009564435928082,0.6913052913714136
2012-08-14,1404.3599853515625,1410.030029296875,1400.5999755859375,1403.9300537109375,2930900000,1.0,-0.0001281464005684,0.010033403280388313,0.815336618381291
2012-08-15,1403.8900146484375,1407.72998046875,1401.8299560546875,1405.530029296875,2655750000,1.0,0.0011396405267545,0.00984752453152062,0.7418789293813388
2012-08-16,1405.5699462890625,1417.43994140625,1404.1500244140625,1415.510009765625,3114100000,1.0,0.0071005103133532,0.009876999081460941,0.8755645157299645
2012-08-17,1415.8399658203125,1418.7099609375,1414.6700439453125,1418.1600341796875,2922990000,1.0,0.0018721339981915,0.009877160098707807,0.8280486387745994
2012-08-20,1417.8499755859375,1418.1300048828125,1412.1199951171875,1418.1300048828125,2766320000,1.0,-2.1174829462955454e-05,0.009878524355797964,0.7869244779846505
2012-08-21,1418.1300048828125,1426.6800537109375,1410.8599853515625,1413.1700439453125,3282950000,1.0,-0.0034975361359129,0.00988778810673912,0.9352428341018604
2012-08-22,1413.0899658203125,1416.1199951171875,1406.780029296875,1413.489990234375,3062690000,1.0,0.0002264032488046,0.009803151751846397,0.8743896995774811
2012-08-23,1413.489990234375,1413.489990234375,1400.5,1402.0799560546875,3008240000,1.0,-0.0080722426465825,0.009669185878840789,0.8612948374418515
2012-08-24,1401.989990234375,1413.4599609375,1398.0400390625,1411.1300048828125,2598790000,1.0,0.0064547309082079,0.009682641992805123,0.7487331442919883
2012-08-27,1411.1300048828125,1416.1700439453125,1409.1099853515625,1410.43994140625,2472500000,1.0,-0.0004890148137838,0.009069214861576153,0.7203551355188311
2012-08-28,1410.43994140625,1413.6300048828125,1405.5899658203125,1409.300048828125,2629090000,1.0,-0.0008081822874276,0.009072689434724448,0.7688009104817694
2012-08-29,1409.3199462890625,1413.949951171875,1406.5699462890625,1410.489990234375,2571220000,1.0,0.0008443492265819,0.009057562721742253,0.7573894233887646
2012-08-30,1410.0799560546875,1410.0799560546875,1397.010009765625,1399.47998046875,2530280000,1.0,-0.0078058049627105,0.008686737254798887,0.7504826433760032
2012-08-31,1400.0699462890625,1413.0899658203125,1398.9599609375,1406.5799560546875,2938250000,1.0,0.0050732955705157,0.008700537971679748,0.8775053588079319
2012-09-04,1406.5400390625,1409.31005859375,1396.56005859375,1404.93994140625,3200310000,1.0,-0.0011659590635981,0.008657196515852181,0.9677413502131395
2012-09-05,1404.93994140625,1408.81005859375,1401.25,1403.43994140625,3389110000,1.0,-0.0010676612969652,0.008475585098185098,1.0255316099797176
2012-09-06,1403.739990234375,1432.1199951171875,1403.739990234375,1432.1199951171875,3952870000,1.0,0.0204355404636695,0.008731238366446223,1.1922274708497884
2012-09-07,1432.1199951171875,1437.9200439453125,1431.449951171875,1437.9200439453125,3717620000,1.0,0.0040499740579702,0.008668175853967645,1.118367908813676
2012-09-10,1437.9200439453125,1438.739990234375,1428.97998046875,1429.0799560546875,3223670000,1.0,-0.0061478299352235,0.008636743992904847,0.9741439830660489
2012-09-11,1429.1300048828125,1437.760009765625,1429.1300048828125,1433.56005859375,3509630000,1.0,0.003134955829505,0.00855792945755461,1.067530198016399
2012-09-12,1433.56005859375,1439.1500244140625,1432.989990234375,1436.56005859375,3641200000,1.0,0.0020926922328896,0.008558747206407074,1.105266998534122
2012-09-13,1436.56005859375,1463.760009765625,1435.3399658203125,1459.989990234375,4606550000,1.0,0.0163097473721778,0.008710084405376519,1.377469984846649
2012-09-14,1460.0699462890625,1474.510009765625,1460.0699462890625,1465.77001953125,5041990000,1.0,0.0039589513185271,0.008708372379494187,1.489852817496923
2012-09-17,1465.4200439453125,1465.6300048828125,1457.550048828125,1461.18994140625,3482430000,1.0,-0.0031246908205044,0.008162680119629154,1.0245557031167714
2012-09-18,1461.18994140625,1461.469970703125,1456.1300048828125,1459.3199462890625,3377390000,1.0,-0.0012797755200721,0.008138775001253762,0.9908970634634275
2012-09-19,1459.5,1465.1500244140625,1457.8800048828125,1461.050048828125,3451360000,1.0,0.0011855539585148,0.007809251445523147,1.0127135550789168
2012-09-20,1461.050048828125,1461.22998046875,1449.97998046875,1460.260009765625,3382520000,1.0,-0.0005407337436069,0.0078051289101633715,0.9927692195168969
2012-09-21,1460.3399658203125,1467.0699462890625,1459.510009765625,1460.1500244140625,4833870000,1.0,-7.531901909729743e-05,0.007749527795732061,1.4089855118931893
2012-09-24,1459.760009765625,1460.719970703125,1452.06005859375,1456.8900146484375,3008920000,1.0,-0.0022326539815202,0.007750530920899753,0.8780899725003741
2012-09-25,1456.93994140625,1463.239990234375,1441.5899658203125,1441.5899658203125,3739900000,1.0,-0.0105018557847808,0.007275614358923602,1.0858518317300427
2012-09-26,1441.5999755859375,1441.5999755859375,1430.530029296875,1433.3199462890625,3565380000,1.0,-0.0057367349435899,0.007323976075449296,1.0351890770941747
2012-09-27,1433.3599853515625,1450.199951171875,1433.3599853515625,1447.1500244140625,3150330000,1.0,0.0096489818346607,0.007379730024727956,0.9173038494423551
2012-09-28,1447.1300048828125,1447.1300048828125,1435.5999755859375,1440.6700439453125,3509230000,1.0,-0.004477753072888,0.007377097896606946,1.0249955763634746
2012-10-01,1440.9000244140625,1457.1400146484375,1440.9000244140625,1444.489990234375,3505080000,1.0,0.002651506710448,0.007254303375092445,1.026301110751613
2012-10-02,1444.989990234375,1451.52001953125,1439.010009765625,1445.75,3321790000,1.0,0.0008722869484341,0.00724549541496819,0.974890378063028
2012-10-03,1446.050048828125,1454.300048828125,1441.989990234375,1450.989990234375,3531640000,1.0,0.0036244096381636,0.007149014045451256,1.038670540294908
2012-10-04,1451.0799560546875,1463.1400146484375,1451.0799560546875,1461.4000244140625,3615860000,1.0,0.0071744355576195,0.007186177459099267,1.0640866275387806
2012-10-05,1461.4000244140625,1470.9599609375,1456.8900146484375,1460.9300537109375,3172940000,1.0,-0.0003215893631269,0.0071403994848727595,0.9406987475217619
2012-10-08,1460.9300537109375,1460.9300537109375,1453.0999755859375,1455.8800048828125,2328720000,1.0,-0.0034567355331607,0.006891900457060956,0.6989889105837964
2012-10-09,1455.9000244140625,1455.9000244140625,1441.1800537109375,1441.47998046875,3216320000,1.0,-0.0098909418123519,0.0070254786735089066,0.9653863583468587
2012-10-10,1441.47998046875,1442.52001953125,1430.6400146484375,1432.56005859375,3225060000,1.0,-0.0061880303548158,0.007036899937241099,0.971488473390748
2012-10-11,1432.8199462890625,1443.9000244140625,1432.8199462890625,1432.8399658203125,3672540000,1.0,0.0001953895230313,0.0069954465533917775,1.1114284040298004
2012-10-12,1432.8399658203125,1438.4300537109375,1425.530029296875,1428.5899658203125,3134750000,1.0,-0.0029661372528556,0.007006660265109497,0.9547958422771994
2012-10-15,1428.75,1441.31005859375,1427.239990234375,1440.1300048828125,3483810000,1.0,0.0080779225240277,0.006927840033932223,1.0628450888356922
2012-10-16,1440.31005859375,1455.510009765625,1440.31005859375,1454.9200439453125,3568770000,1.0,0.0102699332784914,0.006907876249172379,1.085805192716525
2012-10-17,1454.219970703125,1462.199951171875,1453.3499755859375,1460.9100341796875,3655320000,1.0,0.0041170580193066,0.006782879515273419,1.1123220988188691
2012-10-18,1460.93994140625,1464.02001953125,1452.6300048828125,1457.3399658203125,3880030000,1.0,-0.002443729097514,0.006798006616534626,1.1759907463579726
2012-10-19,1457.3399658203125,1457.3399658203125,1429.8499755859375,1433.18994140625,3875170000,1.0,-0.0165713045551927,0.006895399409451422,1.169162943812886
2012-10-22,1433.2099609375,1435.4599609375,1422.06005859375,1433.8199462890625,3216220000,1.0,0.0004395822665308,0.00646899125496294,0.9677361505848505
2012-10-23,1433.739990234375,1433.739990234375,1407.56005859375,1413.1099853515625,3587670000,1.0,-0.0144439062876063,0.006752952301773295,1.07248270417728
2012-10-24,1413.199951171875,1420.0400390625,1407.0999755859375,1408.75,3385970000,1.0,-0.0030853828766044,0.006740376350653292,1.0094409501922634
2012-10-25,1409.739990234375,1421.1199951171875,1405.1400146484375,1412.969970703125,3512640000,1.0,0.0029955426464063,0.00673480644450128,1.0418812139619866
2012-10-26,1412.969970703125,1417.0899658203125,1403.280029296875,1411.93994140625,3284910000,1.0,-0.0007289817322603,0.006655135844777961,0.9733481385073532
2012-10-31,1410.989990234375,1418.760009765625,1405.949951171875,1412.1600341796875,3577110000,1.0,0.0001558796992584,0.006198436890123901,1.0558367262027712
2012-11-01,1412.199951171875,1428.3499755859375,1412.199951171875,1427.5899658203125,3929890000,1.0,0.010926475234507,0.006344480447837573,1.152051618047555
2012-11-02,1427.5899658203125,1434.27001953125,1412.9100341796875,1414.199951171875,3732480000,1.0,-0.0093794541633271,0.0064378169941995645,1.091304410624336
2012-11-05,1414.02001953125,1419.9000244140625,1408.1300048828125,1417.260009765625,2921040000,1.0,0.0021638090082058,0.0064427181641703345,0.8547631808764149
2012-11-06,1417.260009765625,1433.3800048828125,1417.260009765625,1428.3900146484375,3306970000,1.0,0.0078531848821818,0.006518081999521194,0.9660062613664506
2012-11-07,1428.27001953125,1428.27001953125,1388.1400146484375,1394.530029296875,4356490000,1.0,-0.0237050000380297,0.007212615238410513,1.2596486299450034
2012-11-08,1394.530029296875,1401.22998046875,1377.510009765625,1377.510009765625,3779520000,1.0,-0.0122048426162838,0.007378717979143467,1.0846238600604723
2012-11-09,1377.550048828125,1391.3900146484375,1373.030029296875,1379.8499755859375,3647350000,1.0,0.0016986924259887,0.007383172916350599,1.040612875006227
2012-11-12,1379.8599853515625,1384.8699951171875,1377.18994140625,1380.030029296875,2567540000,1.0,0.0001304878893526,0.007381076205174956,0.7325513829356047
2012-11-13,1380.030029296875,1388.81005859375,1371.3900146484375,1374.530029296875,3455550000,1.0,-0.0039854205221913,0.007331826388019598,0.980733679783266
2012-11-14,1374.6400146484375,1380.1300048828125,1352.5,1355.489990234375,4109510000,1.0,-0.0138520357188847,0.007525410420976085,1.1586336619884614
2012-11-15,1355.4100341796875,1360.6199951171875,1348.050048828125,1353.3299560546875,3928870000,1.0,-0.0015935449138314,0.00752565528955654,1.1031720404444283
2012-11-16,1353.3599853515625,1362.030029296875,1343.3499755859375,1359.8800048828125,4045910000,1.0,0.0048399496359483,0.00755101939974002,1.1318604832027161
2012-11-19,1359.8800048828125,1386.8900146484375,1359.8800048828125,1386.8900146484375,3374800000,1.0,0.0198620537610982,0.008000135393131748,0.947178120398722
2012-11-20,1386.8199462890625,1389.77001953125,1377.0400390625,1387.81005859375,3207160000,1.0,0.0006633863793055,0.007935242094092139,0.9027145216411843
2012-11-21,1387.7900390625,1391.25,1386.3900146484375,1391.030029296875,2667090000,1.0,0.0023201811250652,0.007894856903352461,0.7530613154190412
2012-11-23,1391.030029296875,1409.1600341796875,1391.030029296875,1409.1500244140625,1504960000,1.0,0.0130263148426397,0.008077413639443372,0.42979572822525575
2012-11-26,1409.1500244140625,1409.1500244140625,1397.6800537109375,1406.2900390625,2948960000,1.0,-0.0020295818770267,0.008081066360204359,0.845525232833684
2012-11-27,1406.2900390625,1409.010009765625,1398.030029296875,1398.93994140625,3323120000,1.0,-0.005226587298556,0.008108231560789474,0.9598686561197577
2012-11-28,1398.77001953125,1410.31005859375,1385.4300537109375,1409.9300537109375,3359250000,1.0,0.0078560286824322,0.008108208424315972,0.9798296127566363
2012-11-29,1409.9599609375,1419.699951171875,1409.0400390625,1415.949951171875,3356850000,1.0,0.0042696426287907,0.008100608493048207,0.9798474008481182
2012-11-30,1415.949951171875,1418.8599853515625,1411.6300048828125,1416.1800537109375,3966000000,1.0,0.0001625075369875,0.008098785609862295,1.1536908157484207
2012-12-03,1416.3399658203125,1423.72998046875,1408.4599609375,1409.4599609375,3074280000,1.0,-0.0047452248432875,0.008122155734693109,0.8962598755985649
2012-12-04,1409.4599609375,1413.1400146484375,1403.6500244140625,1407.050048828125,3247710000,1.0,-0.0017098123935156,0.0076733423543844746,0.9475655922449069
2012-12-05,1407.050048828125,1415.56005859375,1398.22998046875,1409.280029296875,4253920000,1.0,0.0015848622233496,0.007656426363422036,1.2453561744655612
2012-12-06,1409.4300537109375,1413.949951171875,1405.9300537109375,1413.93994140625,3229700000,1.0,0.0033065906083264,0.0076314163195403,0.9442900174069575
2012-12-07,1413.949951171875,1420.3399658203125,1410.9000244140625,1418.0699462890625,3125160000,1.0,0.0029209195962771,0.007629905195851526,0.9170213572582765
2012-12-10,1418.0699462890625,1421.6400146484375,1415.6400146484375,1418.550048828125,2999430000,1.0,0.0003385605486661,0.007624515694405551,0.8830611349291789
2012-12-11,1418.550048828125,1434.27001953125,1418.550048828125,1427.8399658203125,3650230000,1.0,0.0065488820784729,0.007366446806202357,1.0715089400191826
2012-12-12,1427.8399658203125,1438.5899658203125,1426.760009765625,1428.47998046875,3709050000,1.0,0.0004482397633895,0.007345600005739417,1.0874995184163172
2012-12-13,1428.47998046875,1431.3599853515625,1416.0,1419.449951171875,3349960000,1.0,-0.0063214251654488,0.007377202157532919,0.983108007178711
2012-12-14,1419.449951171875,1419.449951171875,1411.8800048828125,1413.5799560546875,3210170000,1.0,-0.0041354012604257,0.007391803256055473,0.9427016351101525
2012-12-17,1413.5400390625,1430.6700439453125,1413.5400390625,1430.3599853515625,3455610000,1.0,0.0118705908533878,0.007559989267680148,1.0152311257046165
2012-12-18,1430.469970703125,1448.0,1430.469970703125,1446.7900390625,4302240000,1.0,0.0114866564215994,0.007712113418255352,1.2588872128071373
2012-12-19,1446.7900390625,1447.75,1435.800048828125,1435.81005859375,3869800000,1.0,-0.0075892010397479,0.007772063890647617,1.1277508780883174
2012-12-20,1435.81005859375,1443.699951171875,1432.8199462890625,1443.68994140625,3686580000,1.0,0.0054881094928513,0.0078025429100238,1.0659202967406822
2012-12-21,1443.6700439453125,1443.6700439453125,1422.5799560546875,1430.1500244140625,5229160000,1.0,-0.0093786876280365,0.0077785276156265215,1.4945386558355134
2012-12-24,1430.1500244140625,1430.1500244140625,1424.6600341796875,1426.6600341796875,1248960000,1.0,-0.0024402965946211,0.007749649222247478,0.361041678783679
2012-12-26,1426.6600341796875,1429.4200439453125,1416.4300537109375,1419.8299560546875,2285030000,1.0,-0.0047874601946967,0.007667146832771072,0.665884051904587
2012-12-27,1419.8299560546875,1422.800048828125,1401.800048828125,1418.0999755859375,2830180000,1.0,-0.0012184420122794,0.007648487281407015,0.8262136540200766
2012-12-28,1418.0999755859375,1418.0999755859375,1401.5799560546875,1402.4300537109375,2426680000,1.0,-0.0110499415730723,0.0077645249374076655,0.7128196442458117
2012-12-31,1402.4300537109375,1426.739990234375,1398.1099853515625,1426.18994140625,3204330000,1.0,0.0169419413342162,0.008082013583420132,0.9432682574701713
2013-01-02,1426.18994140625,1462.4300537109375,1426.18994140625,1462.4200439453125,4202600000,1.0,0.0254034203209558,0.008720321930321788,1.2331586519961495
2013-01-03,1462.4200439453125,1465.469970703125,1455.530029296875,1459.3699951171875,3829730000,1.0,-0.002085617494613,0.00867605205773066,1.1240801338377786
2013-01-04,1459.3699951171875,1467.93994140625,1458.989990234375,1466.469970703125,3424290000,1.0,0.0048650963153229,0.008698463816885276,1.007745030080584
2013-01-07,1466.469970703125,1466.469970703125,1456.6199951171875,1461.8900146484375,3304970000,1.0,-0.0031231161538831,0.008696257898221288,0.9721221657748946
2013-01-08,1461.8900146484375,1461.8900146484375,1451.6400146484375,1457.1500244140625,3601600000,1.0,-0.003242371304872,0.008608635572499218,1.059285954914112
2013-01-09,1457.1500244140625,1464.72998046875,1457.1500244140625,1461.02001953125,3674390000,1.0,0.0026558659385422,0.00857275409209439,1.0788642391998624
2013-01-10,1461.02001953125,1472.300048828125,1461.02001953125,1472.1199951171875,4081840000,1.0,0.0075974151192663,0.008623396573296385,1.1945059002769127
2013-01-11,1472.1199951171875,1472.75,1467.5799560546875,1472.050048828125,3340650000,1.0,-4.751398615232549e-05,0.008611809480507205,0.9772859170017413
2013-01-14,1472.050048828125,1472.050048828125,1465.68994140625,1470.6800537109375,3003010000,1.0,-0.0009306715612543,0.00855644359254282,0.8814723350990313
2013-01-15,1470.6700439453125,1473.31005859375,1463.760009765625,1472.3399658203125,3135350000,1.0,0.0011286697641588,0.00845828792044243,0.9246309099658659
2013-01-16,1472.3299560546875,1473.9599609375,1467.5999755859375,1472.6300048828125,3384080000,1.0,0.0001969919103148,0.008442907812391426,1.0000376482814801
2013-01-17,1472.6300048828125,1485.1600341796875,1472.6300048828125,1480.93994140625,3706710000,1.0,0.0056429221840408,0.008465022222315209,1.0903159310355781
2013-01-18,1480.949951171875,1485.97998046875,1475.81005859375,1485.97998046875,3795740000,1.0,0.0034032703971196,0.008178061234157118,1.11330260728341
2013-01-22,1485.97998046875,1492.56005859375,1481.1600341796875,1492.56005859375,3570950000,1.0,0.0044281068463145,0.008192635965754497,1.0522196428909236
2013-01-23,1492.56005859375,1496.1300048828125,1489.9000244140625,1494.81005859375,3552010000,1.0,0.001507477027169,0.007947962065866725,1.048043945964045
2013-01-24,1494.81005859375,1502.27001953125,1489.4599609375,1494.8199462890625,3699430000,1.0,6.614683421224399e-06,0.007931240159082609,1.0912058266390814
2013-01-25,1494.8199462890625,1503.260009765625,1494.8199462890625,1502.9599609375,3476290000,1.0,0.0054454816907181,0.007947873597724121,1.0199193345141426
2013-01-28,1502.9599609375,1503.22998046875,1496.3299560546875,1500.1800537109375,3388540000,1.0,-0.00184962161256,0.007953465074455398,0.9945651625179832
2013-01-29,1500.1800537109375,1509.3499755859375,1498.0899658203125,1507.8399658203125,3949640000,1.0,0.0051059951706642,0.007969775784374028,1.1603416991900428
2013-01-30,1507.8399658203125,1509.93994140625,1500.1099853515625,1501.9599609375,3726810000,1.0,-0.0038996213232838,0.007890155695056059,1.096179201582014
2013-01-31,1501.9599609375,1504.18994140625,1496.760009765625,1498.1099853515625,3999880000,1.0,-0.0025633010773032,0.007788389063655069,1.1768168596782675
2013-02-01,1498.1099853515625,1514.4100341796875,1498.1099853515625,1513.1700439453125,3836320000,1.0,0.0100527055696888,0.007874636995658948,1.1256384736723504
2013-02-04,1513.1700439453125,1513.1700439453125,1495.02001953125,1495.7099609375,3390000000,1.0,-0.0115387448209643,0.00799079728892305,0.9936148376064047
2013-02-05,1495.7099609375,1514.9599609375,1495.7099609375,1511.2900390625,3618360000,1.0,0.0104165102405513,0.007410426485852855,1.0546663292536556
2013-02-06,1511.2900390625,1512.530029296875,1504.7099609375,1512.1199951171875,3611570000,1.0,0.0005491705981217,0.007194267123985266,1.0399164696771246
2013-02-07,1512.1199951171875,1512.9000244140625,1498.489990234375,1509.3900146484375,3614580000,1.0,-0.001805399358229,0.007207501505639987,1.0368088987643702
2013-02-08,1509.3900146484375,1518.31005859375,1509.3900146484375,1517.9300537109375,2986150000,1.0,0.0056579406115184,0.007224718176363357,0.8582085884718315
2013-02-11,1517.9300537109375,1518.31005859375,1513.6099853515625,1517.010009765625,2684100000,1.0,-0.0006061174841773,0.007193429870045427,0.7744057695812052
2013-02-12,1517.010009765625,1522.2900390625,1515.6099853515625,1519.4300537109375,3414370000,1.0,0.0015952722327035,0.006898858248836153,0.9847734868405948
2013-02-13,1519.4300537109375,1524.68994140625,1515.9300537109375,1520.3299560546875,3385880000,1.0,0.0005922630933568,0.006885706139171771,0.9798352822888003
2013-02-14,1520.3299560546875,1523.1400146484375,1514.02001953125,1521.3800048828125,3759740000,1.0,0.0006906716689645,0.006877167374764103,1.0837266726114338
2013-02-15,1521.3800048828125,1524.239990234375,1514.1400146484375,1519.7900390625,3838510000,1.0,-0.0010450813177572,0.006468939520947032,1.1026761306875075
2013-02-19,1519.7900390625,1530.93994140625,1519.7900390625,1530.93994140625,3748910000,1.0,0.0073364754717224,0.006510723518935052,1.0800708064055815
2013-02-20,1530.93994140625,1530.93994140625,1511.4100341796875,1511.949951171875,4240570000,1.0,-0.01240413795523,0.006758137728807592,1.2146444199689574
2013-02-21,1511.949951171875,1511.949951171875,1497.2900390625,1502.4200439453125,4274600000,1.0,-0.0063030573328013,0.0066550582997287585,1.2163821688037726
2013-02-22,1502.4200439453125,1515.6400146484375,1502.4200439453125,1515.5999755859375,3419320000,1.0,0.0087724679218301,0.006715063869752058,0.9706836680993817
2013-02-25,1515.5999755859375,1525.8399658203125,1487.8499755859375,1487.8499755859375,4011050000,1.0,-0.0183095806591523,0.007129250390127709,1.13633730218246
2013-02-26,1487.8499755859375,1498.989990234375,1485.010009765625,1496.93994140625,3975280000,1.0,0.0061094639711458,0.007104522522657306,1.124507316618363
2013-02-27,1496.93994140625,1520.0799560546875,1494.8800048828125,1515.989990234375,3551850000,1.0,0.0127259940771098,0.00725235516864452,1.003583271346075
2013-02-28,1515.989990234375,1525.3399658203125,1514.4599609375,1514.6800537109375,3912320000,1.0,-0.0008640799292052,0.007255968576427385,1.101065987859095
2013-03-01,1514.6800537109375,1519.989990234375,1501.47998046875,1518.199951171875,3695610000,1.0,0.0023238554256483,0.007215951864268978,1.0386729530249932
2013-03-04,1518.199951171875,1525.27001953125,1512.2900390625,1525.199951171875,3414430000,1.0,0.0046107233731609,0.0072179237052068124,0.9644587748622627
2013-03-05,1525.199951171875,1543.469970703125,1525.199951171875,1539.7900390625,3610690000,1.0,0.0095660164946995,0.0072950751948376346,1.0213905637247414
2013-03-06,1539.7900390625,1545.25,1538.1099853515625,1541.4599609375,3676890000,1.0,0.0010845127144845,0.007291404818965737,1.0401742181274098
2013-03-07,1541.4599609375,1545.780029296875,1541.4599609375,1544.260009765625,3634710000,1.0,0.0018164914425815,0.007289064012781509,1.0376021627238445
2013-03-08,1544.260009765625,1552.47998046875,1542.93994140625,1551.1800537109375,3652260000,1.0,0.0044811391226551,0.0072979924902765465,1.0284996913594153
2013-03-11,1551.1500244140625,1556.27001953125,1547.3599853515625,1556.219970703125,3091080000,1.0,0.0032490857396794,0.007271816006221686,0.8665339566833942
2013-03-12,1556.219970703125,1556.77001953125,1548.239990234375,1552.47998046875,3274910000,1.0,-0.0024032529493148,0.007287853403991064,0.9157842365348613
2013-03-13,1552.47998046875,1556.3900146484375,1548.25,1554.52001953125,3073830000,1.0,0.0013140517676009,0.007216801516099441,0.856455139524927
2013-03-14,1554.52001953125,1563.3199462890625,1554.52001953125,1563.22998046875,3459260000,1.0,0.0056029905231624,0.007196440133687243,0.9624794232969623
2013-03-15,1563.2099609375,1563.6199951171875,1555.739990234375,1560.699951171875,5175850000,1.0,-0.0016184626244926,0.007083259805720397,1.4323337460913397
2013-03-18,1560.699951171875,1560.699951171875,1545.1300048828125,1552.0999755859375,3164560000,1.0,-0.0055103324501805,0.007015803933736199,0.8789773491734575
2013-03-19,1552.0999755859375,1557.25,1538.5699462890625,1548.3399658203125,3796210000,1.0,-0.0024225306518709,0.006937419319499707,1.0522482773852422
2013-03-20,1548.3399658203125,1561.56005859375,1548.3399658203125,1558.7099609375,3349090000,1.0,0.0066974923764198,0.006951589669421695,0.9280868158238623
2013-03-21,1558.7099609375,1558.7099609375,1543.550048828125,1545.800048828125,3243270000,1.0,-0.0082824338285554,0.006924429035710139,0.9005508646706627
2013-03-22,1545.9000244140625,1557.739990234375,1545.9000244140625,1556.8900146484375,2948380000,1.0,0.0071742563527021,0.006947136546211609,0.8219835419289167
2013-03-25,1556.8900146484375,1564.9100341796875,1546.219970703125,1551.68994140625,3178170000,1.0,-0.0033400389194234,0.006927487176249894,0.8905342062007119
2013-03-26,1551.68994140625,1563.949951171875,1551.68994140625,1563.77001953125,2869260000,1.0,0.0077851108025177,0.0069649128161937655,0.8061060497819919
2013-03-27,1563.75,1564.0699462890625,1551.9000244140625,1562.8499755859375,2914210000,1.0,-0.0005883499068413,0.006769682525006096,0.8191432749810296
2013-03-28,1562.8599853515625,1570.280029296875,1561.0799560546875,1569.18994140625,3304440000,1.0,0.0040566694944186,0.006480330527408651,0.9279493303788185
2013-04-01,1569.1800537109375,1570.5699462890625,1558.469970703125,1562.1700439453125,2753110000,1.0,-0.0044735804606589,0.005725287832285537,0.7758749451160158
2013-04-02,1562.1700439453125,1573.6600341796875,1562.1700439453125,1570.25,3312160000,1.0,0.0051722641117104,0.005733154356365878,0.9355054917338017
2013-04-03,1570.25,1571.469970703125,1549.800048828125,1553.68994140625,4060610000,1.0,-0.0105461287016398,0.00591035932238461,1.1451885447359078
2013-04-04,1553.68994140625,1562.5999755859375,1552.52001953125,1559.97998046875,3350670000,1.0,0.0040484519432537,0.005898466906767735,0.9461441576635286
2013-04-05,1559.97998046875,1559.97998046875,1539.5,1553.280029296875,3515410000,1.0,-0.0042948956113281,0.005913147190400544,0.9928677760559407
2013-04-08,1553.260009765625,1563.0699462890625,1548.6300048828125,1563.0699462890625,2887120000,1.0,0.0063027379529363,0.005948232236675039,0.8191767114023921
2013-04-09,1563.1099853515625,1573.8900146484375,1560.9200439453125,1568.6099853515625,3252780000,1.0,0.0035443321494683,0.005896483406832567,0.9240992987847769
2013-04-10,1568.6099853515625,1589.0699462890625,1568.6099853515625,1587.72998046875,3453350000,1.0,0.0121891326051339,0.0060661485422345155,0.9807191359095792
2013-04-11,1587.72998046875,1597.3499755859375,1586.1700439453125,1593.3699951171875,3393950000,1.0,0.0035522505198095,0.006066069536669502,0.9669018413227458
2013-04-12,1593.300048828125,1593.300048828125,1579.969970703125,1588.8499755859375,3206290000,1.0,-0.0028367670692315,0.0060901254622386025,0.916156568482767
2013-04-15,1588.8399658203125,1588.8399658203125,1552.280029296875,1552.3599853515625,4660130000,1.0,-0.0229662905844324,0.006847544339716252,1.3265674964617789
2013-04-16,1552.3599853515625,1575.3499755859375,1552.3599853515625,1574.5699462890625,3654700000,1.0,0.0143072232903955,0.0070379240059654504,1.0414354352488864
2013-04-17,1574.5699462890625,1574.5699462890625,1543.68994140625,1552.010009765625,4250310000,1.0,-0.0143276813942795,0.007304501741933461,1.2052497872393035
2013-04-18,1552.030029296875,1554.3800048828125,1536.030029296875,1541.6099853515625,3890800000,1.0,-0.0067010034398122,0.007350706607799659,1.1016023461287348
2013-04-19,1541.6099853515625,1555.8900146484375,1539.4000244140625,1555.25,3569870000,1.0,0.0088479023735221,0.0074273316557201,1.0109761457580502
2013-04-22,1555.25,1565.550048828125,1548.18994140625,1562.5,2979880000,1.0,0.0046616299630284,0.0074443857490722465,0.8469374588238237
2013-04-23,1562.5,1579.5799560546875,1562.5,1578.780029296875,3565150000,1.0,0.01041921875,0.007524640045899059,1.0099580792963623
2013-04-24,1578.780029296875,1583.0,1575.800048828125,1578.7900390625,3598240000,1.0,6.340190171760796e-06,0.007517171418541256,1.014079832689679
2013-04-25,1578.9300537109375,1592.6400146484375,1578.9300537109375,1585.1600341796875,3908580000,1.0,0.0040347322693841,0.007508229531277798,1.0984819422370802
2013-04-26,1585.1600341796875,1585.780029296875,1577.56005859375,1582.239990234375,3198620000,1.0,-0.0018421130247733,0.007490793631404407,0.8998993309681653
2013-04-29,1582.3399658203125,1596.6500244140625,1582.3399658203125,1593.6099853515625,2891200000,1.0,0.0071860117222186,0.007520167895994611,0.8174045652180674
2013-04-30,1593.5799560546875,1597.5699462890625,1586.5,1597.5699462890625,3745070000,1.0,0.0024848996767714,0.007429676293652171,1.0593717400883835
2013-05-01,1597.550048828125,1597.550048828125,1581.280029296875,1582.699951171875,3530320000,1.0,-0.0093078836089327,0.007371563464993581,0.9998616747371508
2013-05-02,1582.77001953125,1598.5999755859375,1582.77001953125,1597.5899658203125,3366950000,1.0,0.0094079832613962,0.007350777494321204,0.9583341872226283
2013-05-03,1597.5999755859375,1618.4599609375,1597.5999755859375,1614.4200439453125,3603910000,1.0,0.0105346668951806,0.007453804166919882,1.0297114604433206
2013-05-06,1614.4000244140625,1619.77001953125,1614.2099609375,1617.5,3062240000,1.0,0.0019077786269059,0.007444520708498761,0.8767341412741471
2013-05-07,1617.550048828125,1626.030029296875,1616.6400146484375,1625.9599609375,3309580000,1.0,0.0052302695131376,0.007440365077979136,0.9513701353520194
2013-05-08,1625.949951171875,1632.780029296875,1622.699951171875,1632.68994140625,3554700000,1.0,0.0041390812999291,0.00744634167861622,1.024308975409784
2013-05-09,1632.68994140625,1635.010009765625,1623.0899658203125,1626.6700439453125,3457400000,1.0,-0.0036871039064235,0.0074734033056014955,0.996813966443691
2013-05-10,1626.68994140625,1633.699951171875,1623.7099609375,1633.699951171875,3086470000,1.0,0.0043216553060214,0.00748406138380846,0.8941278592380804
2013-05-13,1632.0999755859375,1636.0,1626.739990234375,1633.77001953125,2910600000,1.0,4.288936859220272e-05,0.0074853153597841645,0.8470321020685032
2013-05-14,1633.75,1651.0999755859375,1633.75,1650.3399658203125,3457790000,1.0,0.0101421534799717,0.0075669213444147084,1.0060194339380115
2013-05-15,1649.1300048828125,1661.489990234375,1646.6800537109375,1658.780029296875,3657440000,1.0,0.0051141362697153,0.007542784494014017,1.0638167911932035
2013-05-16,1658.0699462890625,1660.510009765625,1648.5999755859375,1650.469970703125,3513130000,1.0,-0.0050097411633732,0.007372474807863112,1.0228166133509633
2013-05-17,1652.449951171875,1667.469970703125,1652.449951171875,1667.469970703125,3440710000,1.0,0.0103000965190283,0.007386633100236591,1.0028650372073593
2013-05-20,1665.7099609375,1672.8399658203125,1663.52001953125,1666.2900390625,3275080000,1.0,-0.0007076179249737,0.007335427474480057,0.9566923125998003
2013-05-21,1666.199951171875,1674.9300537109375,1662.6700439453125,1669.1600341796875,3513560000,1.0,0.0017223862892454,0.006853593009795833,1.0238282895462258
2013-05-22,1669.3900146484375,1687.1800537109375,1648.8599853515625,1655.3499755859375,4361020000,1.0,-0.0082736575948135,0.006956110653252603,1.2627795396252959
2013-05-23,1651.6199951171875,1655.5,1635.530029296875,1650.510009765625,3945510000,1.0,-0.0029238323567192,0.006827959692660108,1.1367259299218524
2013-05-24,1646.6700439453125,1649.780029296875,1636.8800048828125,1649.5999755859375,2758080000,1.0,-0.0005513654411685,0.006826289573096474,0.7978434898640656
2013-05-28,1652.6300048828125,1674.2099609375,1652.6300048828125,1660.06005859375,3457400000,1.0,0.006340981548631,0.006854685120729049,1.0101825843517358
2013-05-29,1656.5699462890625,1656.5699462890625,1640.050048828125,1648.3599853515625,3587140000,1.0,-0.0070479818977746,0.006930217174870614,1.0455082324074967
2013-05-30,1649.1400146484375,1661.9100341796875,1648.6099853515625,1654.4100341796875,3498620000,1.0,0.0036703443919348,0.006852662680722225,1.0214801573372927
2013-05-31,1652.1300048828125,1658.989990234375,1630.739990234375,1630.739990234375,4099600000,1.0,-0.014307241527974,0.007139914243788709,1.1917235387433405
2013-06-03,1631.7099609375,1640.4200439453125,1622.719970703125,1640.4200439453125,3952070000,1.0,0.0059359884278953,0.007168002626760557,1.1441228849589762
2013-06-04,1640.72998046875,1646.530029296875,1623.6199951171875,1631.3800048828125,3653840000,1.0,-0.0055108074885248,0.007202513563182718,1.0534823412020626
2013-06-05,1629.050048828125,1629.31005859375,1607.0899658203125,1608.9000244140625,3632350000,1.0,-0.0137797327425039,0.007438658456386362,1.0445506225232415
2013-06-06,1609.2900390625,1622.56005859375,1598.22998046875,1622.56005859375,3547380000,1.0,0.0084902939725308,0.007497265058595711,1.0161527781740358
2013-06-07,1625.27001953125,1644.4000244140625,1625.27001953125,1643.3800048828125,3371990000,1.0,0.0128315412294242,0.0076573280035951525,0.9633854172499756
2013-06-10,1644.6700439453125,1648.68994140625,1639.260009765625,1642.81005859375,2978730000,1.0,-0.000346813449944,0.0076346180125680145,0.8526169411880278
2013-06-11,1638.6400146484375,1640.1300048828125,1622.9200439453125,1626.1300048828125,3435710000,1.0,-0.01015336716724,0.007759997619983119,0.9795927002436814
2013-06-12,1629.93994140625,1637.7099609375,1610.9200439453125,1612.52001953125,3202550000,1.0,-0.0083695555156694,0.007807504956045666,0.9136850045590815
2013-06-13,1612.1500244140625,1639.25,1608.0699462890625,1636.3599853515625,3378620000,1.0,0.0147842913771965,0.008005610296348172,0.9676833038126657
2013-06-14,1635.52001953125,1640.800048828125,1623.9599609375,1626.72998046875,2939400000,1.0,-0.0058850161144361,0.00801738754492804,0.8438726987286616
2013-06-17,1630.6400146484375,1646.5,1630.3399658203125,1639.0400390625,3137080000,1.0,0.007567364431436,0.007975951681825478,0.9025853563015165
2013-06-18,1639.77001953125,1654.18994140625,1639.77001953125,1651.81005859375,3120980000,1.0,0.0077911577672953,0.00798442839253515,0.8967463901632066
2013-06-19,1651.8299560546875,1652.449951171875,1628.9100341796875,1628.9300537109375,3545060000,1.0,-0.0138514744862924,0.008194238745384975,1.0168886716503407
2013-06-20,1624.6199951171875,1624.6199951171875,1584.3199462890625,1588.18994140625,4858850000,1.0,-0.0250103509428631,0.008795095754441767,1.3825967271368664
2013-06-21,1588.6199951171875,1599.18994140625,1577.699951171875,1592.4300537109375,5797280000,1.0,0.0026697765765555,0.008799597036423929,1.6273708022064926
2013-06-24,1588.77001953125,1588.77001953125,1560.3299560546875,1573.0899658203125,4733660000,1.0,-0.0121450156291358,0.008931545562353945,1.3175013992847575
2013-06-25,1577.52001953125,1593.7900390625,1577.0899658203125,1588.030029296875,3761170000,1.0,0.009497272121224,0.008992703041650693,1.0520967724159351
2013-06-26,1592.27001953125,1606.8299560546875,1592.27001953125,1603.260009765625,3558340000,1.0,0.0095904864440714,0.009051062735519588,0.9958968380805757
2013-06-27,1606.43994140625,1620.0699462890625,1606.43994140625,1613.199951171875,3364540000,1.0,0.0061998311850259,0.00896599654917281,0.9463488329993892
2013-06-28,1611.1199951171875,1615.93994140625,1601.06005859375,1606.280029296875,4977190000,1.0,-0.0042895624128758,0.008977297180829926,1.3914374926789475
2013-07-01,1609.780029296875,1626.6099853515625,1609.780029296875,1614.9599609375,3104690000,1.0,0.0054037474676345,0.008976312684523488,0.8702194186555665
2013-07-02,1614.2900390625,1624.260009765625,1606.77001953125,1614.0799560546875,3317130000,1.0,-0.0005449081736377,0.008947212694800475,0.9280101600960415
2013-07-03,1611.47998046875,1618.969970703125,1604.5699462890625,1615.4100341796875,1966050000,1.0,0.0008240472350893,0.00893879888587625,0.5549937382716094
2013-07-05,1618.6500244140625,1632.0699462890625,1614.7099609375,1631.8900146484375,2634140000,1.0,0.0102017321423402,0.008898452346825235,0.74765757763191
2013-07-08,1634.199951171875,1644.6800537109375,1634.199951171875,1640.4599609375,3514590000,1.0,0.0052515464964768,0.008911038472318358,0.9997950110013039
2013-07-09,1642.8900146484375,1654.1800537109375,1642.8900146484375,1652.3199462890625,3155360000,1.0,0.0072296707228287,0.008941388447447742,0.8978258703350463
2013-07-10,1651.56005859375,1657.9200439453125,1647.6600341796875,1652.6199951171875,3011010000,1.0,0.0001815924505412,0.008385367280588493,0.8561687850826151
2013-07-11,1657.4100341796875,1676.6300048828125,1657.4100341796875,1675.02001953125,3446340000,1.0,0.0135542499063578,0.008365773864719792,0.9816207791408789
2013-07-12,1675.260009765625,1680.18994140625,1672.3299560546875,1680.18994140625,3039070000,1.0,0.0030864836328623,0.008121174510175615,0.86804728420853
2013-07-15,1679.5899658203125,1684.510009765625,1677.8900146484375,1682.5,2623200000,1.0,0.0013748794328674,0.008052005836039182,0.7524596498102357
2013-07-16,1682.699951171875,1683.72998046875,1671.8399658203125,1676.260009765625,3081710000,1.0,-0.0037087609119613,0.008020660496814292,0.8866385497348321
2013-07-17,1677.9100341796875,1684.75,1677.9100341796875,1680.9100341796875,3153440000,1.0,0.0027740472164057,0.008010872967505621,0.9068001093874504
2013-07-18,1681.050048828125,1693.1199951171875,1681.050048828125,1689.3699951171875,3452370000,1.0,0.0050329647425946,0.007936209968362003,0.9919455299829089
2013-07-19,1686.1500244140625,1692.0899658203125,1684.0799560546875,1692.0899658203125,3302580000,1.0,0.0016100503211176,0.00793495885340564,0.9502841777215393
2013-07-22,1694.4100341796875,1697.6099853515625,1690.6700439453125,1695.530029296875,2779130000,1.0,0.0020330263437824,0.007926986119404806,0.802800281356926
2013-07-23,1696.6300048828125,1698.780029296875,1691.1300048828125,1692.3900146484375,3096180000,1.0,-0.0018519369130487,0.007927049142666655,0.8943355455874906
2013-07-24,1696.06005859375,1698.3800048828125,1682.5699462890625,1685.93994140625,3336120000,1.0,-0.0038112215188927,0.007912321929348012,0.96127946535421
2013-07-25,1685.2099609375,1690.93994140625,1680.0699462890625,1690.25,3322500000,1.0,0.0025564722015867,0.007912559579825382,0.9581019494296344
2013-07-26,1687.31005859375,1691.8499755859375,1676.030029296875,1691.6500244140625,2762770000,1.0,0.0008282942843145,0.007796735350189542,0.8008260180496805
2013-07-29,1690.3199462890625,1690.9200439453125,1681.8599853515625,1685.3299560546875,2840520000,1.0,-0.0037360377549511,0.007744977813178177,0.8265860081929941
2013-07-30,1687.9200439453125,1693.18994140625,1682.4200439453125,1685.9599609375,3320530000,1.0,0.000373816937478,0.007641605237374435,0.9669443431223927
2013-07-31,1687.760009765625,1698.4300537109375,1684.93994140625,1685.72998046875,3847390000,1.0,-0.0001364092114157,0.007640920577423699,1.1166449784164276
2013-08-01,1689.4200439453125,1707.8499755859375,1689.4200439453125,1706.8699951171875,3775170000,1.0,0.0125405698975342,0.00777126755808834,1.0940229047651753
2013-08-02,1706.0999755859375,1709.6700439453125,1700.6800537109375,1709.6700439453125,3136630000,1.0,0.0016404581697111,0.007759972876947296,0.9154742208007203
2013-08-05,1708.010009765625,1709.239990234375,1703.550048828125,1707.1400146484375,2529300000,1.0,-0.00147983484055,0.007743565306791718,0.7443691138467134
2013-08-06,1705.7900390625,1705.7900390625,1693.2900390625,1697.3699951171875,3141210000,1.0,-0.0057230335223921,0.0077754148724511725,0.922373253069615
2013-08-07,1695.300048828125,1695.300048828125,1684.9100341796875,1690.9100341796875,3010230000,1.0,-0.0038058649299111,0.007796500028738283,0.8862401329411721
2013-08-08,1693.3499755859375,1700.1800537109375,1688.3800048828125,1697.47998046875,3271660000,1.0,0.0038854499389435,0.007708092709785326,0.9650001831685181
2013-08-09,1696.0999755859375,1699.4200439453125,1686.02001953125,1691.4200439453125,2957670000,1.0,-0.0035699605256988,0.007701489470848417,0.8751793459721989
2013-08-12,1688.3699951171875,1691.489990234375,1683.3499755859375,1689.469970703125,2789160000,1.0,-0.00115292073614,0.0076720007637723275,0.8317675092374874
2013-08-13,1690.6500244140625,1696.81005859375,1682.6199951171875,1694.1600341796875,3035560000,1.0,0.0027760561347003,0.007568537013422363,0.9102231011526186
2013-08-14,1693.8800048828125,1695.52001953125,1684.8299560546875,1685.3900146484375,2871430000,1.0,-0.00517661812008,0.007600473347180624,0.8650671958040492
2013-08-15,1679.6099853515625,1679.6099853515625,1658.5899658203125,1661.3199462890625,3426690000,1.0,-0.0142816013801979,0.007824327227733824,1.0336295727692184
2013-08-16,1661.219970703125,1663.5999755859375,1652.6099853515625,1655.8299560546875,3211450000,1.0,-0.003304595389129,0.0077618371688292255,0.9706715701028623
2013-08-19,1655.25,1659.1800537109375,1645.8399658203125,1646.06005859375,2904530000,1.0,-0.0059003023983308,0.00779052403009694,0.8803918022835936
2013-08-20,1646.81005859375,1658.9200439453125,1646.0799560546875,1652.3499755859375,2994090000,1.0,0.0038211953199089,0.007805858536187671,0.9074538271730063
2013-08-21,1650.6600341796875,1656.989990234375,1639.4300537109375,1642.800048828125,2932180000,1.0,-0.0057796029285055,0.0077973300005532474,0.8914108172689603
2013-08-22,1645.030029296875,1659.550048828125,1645.030029296875,1656.9599609375,2537460000,1.0,0.0086193764843602,0.007824504999244022,0.7745443150420372
2013-08-23,1659.9200439453125,1664.8499755859375,1654.81005859375,1663.5,2582670000,1.0,0.0039470109216155,0.007826715789900263,0.7921938051178762
2013-08-26,1664.2900390625,1669.510009765625,1656.02001953125,1656.780029296875,2430670000,1.0,-0.0040396577716411,0.007615283661319194,0.7479043066982739
2013-08-27,1652.5400390625,1652.5400390625,1629.050048828125,1630.47998046875,3219190000,1.0,-0.0158741947410402,0.007858011422778735,0.9900274841734118
2013-08-28,1630.25,1641.1800537109375,1627.469970703125,1634.9599609375,2784010000,1.0,0.0027476451857213,0.007833398920982481,0.8579707818853187
2013-08-29,1633.5,1646.4100341796875,1630.8800048828125,1638.1700439453125,2527550000,1.0,0.0019634016027962,0.007622564643105837,0.7838513503623105
2013-08-30,1638.8900146484375,1640.0799560546875,1628.050048828125,1632.969970703125,2734300000,1.0,-0.0031743183568806,0.00755937980729913,0.8592925498459131
2013-09-03,1635.949951171875,1651.3499755859375,1633.4100341796875,1639.77001953125,3731610000,1.0,0.0041642216024322,0.007393636416720284,1.1881373294071034
2013-09-04,1640.719970703125,1655.719970703125,1637.4100341796875,1653.0799560546875,3312150000,1.0,0.0081169532098424,0.007467466477405791,1.0642154918210454
2013-09-05,1653.280029296875,1659.1700439453125,1653.0699462890625,1655.0799560546875,2957110000,1.0,0.0012098628337211,0.007345303178759822,0.9550736748789181
2013-09-06,1657.43994140625,1664.8299560546875,1640.6199951171875,1655.1700439453125,3123880000,1.0,5.443114110303959e-05,0.00725634928068054,1.0117757209972449
2013-09-09,1656.8499755859375,1672.4000244140625,1656.8499755859375,1671.7099609375,3102780000,1.0,0.0099928808237506,0.007121155843017012,1.006648634601515
2013-09-10,1675.1099853515625,1684.0899658203125,1675.1099853515625,1683.989990234375,3691800000,1.0,0.0073457893915929,0.007128672390787523,1.2078208213940604
2013-09-11,1681.0400390625,1689.1300048828125,1678.699951171875,1689.1300048828125,3135460000,1.0,0.0030522833735622,0.0070775444528104504,1.0256003984829751
2013-09-12,1689.2099609375,1689.969970703125,1681.9599609375,1683.4200439453125,3106290000,1.0,-0.0033804153149811,0.007029980416139489,1.0174623608465152
2013-09-13,1685.0400390625,1688.72998046875,1682.219970703125,1687.989990234375,2736500000,1.0,0.0027146797411015,0.006784168217175116,0.8918367136763853
2013-09-16,1691.699951171875,1704.949951171875,1691.699951171875,1697.5999755859375,3079800000,1.0,0.0056931530442476,0.005921516956661161,1.0008124004809411
2013-09-17,1697.72998046875,1705.52001953125,1697.72998046875,1704.760009765625,2774240000,1.0,0.0042177393276741,0.005931710598417377,0.9058763562888144
2013-09-18,1705.739990234375,1729.43994140625,1700.3499755859375,1725.52001953125,3989760000,1.0,0.0121776728963034,0.005837812779333834,1.295721167414322
2013-09-19,1727.3399658203125,1729.8599853515625,1720.199951171875,1722.3399658203125,3740130000,1.0,-0.0018429538196846,0.005759510935226971,1.2089256728552675
2013-09-20,1722.43994140625,1725.22998046875,1708.8900146484375,1709.9100341796875,5074030000,1.0,-0.0072168862636273,0.0057616632099031515,1.6230054966911227
2013-09-23,1711.43994140625,1711.43994140625,1697.0999755859375,1701.8399658203125,3126950000,1.0,-0.0047195865268119,0.005769981370402375,0.9996404178058658
2013-09-24,1702.5999755859375,1707.6300048828125,1694.9000244140625,1697.4200439453125,3268930000,1.0,-0.0025971430708935,0.005748236476773374,1.040732579358593
2013-09-25,1698.02001953125,1701.7099609375,1691.8800048828125,1692.77001953125,3148730000,1.0,-0.0027394659504871,0.00573709606412286,1.0020367690240535
2013-09-26,1694.050048828125,1703.8499755859375,1693.1099853515625,1698.6700439453125,2813930000,1.0,0.0034854258676535,0.005744662817114564,0.8974308600663184
2013-09-27,1695.52001953125,1695.52001953125,1687.1099853515625,1691.75,2951700000,1.0,-0.0040738011304656,0.005779987198588998,0.9443849806794132
2013-09-30,1687.260009765625,1687.260009765625,1674.989990234375,1681.550048828125,3308630000,1.0,-0.0060292307798877,0.005711269277084031,1.0585423716406637
2013-10-01,1682.4100341796875,1696.550048828125,1682.0699462890625,1695.0,3238690000,1.0,0.007998543475556,0.005760672761042215,1.0331282148387617
2013-10-02,1691.9000244140625,1693.8699951171875,1680.3399658203125,1693.8699951171875,3148600000,1.0,-0.000666669547382,0.005695584725598191,1.0040541004222474
2013-10-03,1692.3499755859375,1692.3499755859375,1670.3599853515625,1678.6600341796875,3279650000,1.0,-0.0089794145839673,0.005823705737373261,1.0462213120543236
2013-10-04,1678.7900390625,1691.93994140625,1677.3299560546875,1690.5,2880270000,1.0,0.0070532243451535,0.005629746106400214,0.9214172577046935
2013-10-07,1687.1500244140625,1687.1500244140625,1674.699951171875,1676.1199951171875,2678490000,1.0,-0.0085063619537488,0.005726028932859389,0.8573288139863836
2013-10-08,1676.219970703125,1676.7900390625,1655.030029296875,1655.449951171875,3569230000,1.0,-0.0123320788520676,0.005938740606367325,1.1371315177825523
2013-10-09,1656.989990234375,1662.469970703125,1646.469970703125,1656.4000244140625,3577840000,1.0,0.0005739063518743,0.005922212288112929,1.1380087886960966
2013-10-10,1660.8800048828125,1692.56005859375,1660.8800048828125,1692.56005859375,3362300000,1.0,0.0218304960436588,0.0065600461903744895,1.07276206607663
2013-10-11,1691.0899658203125,1703.43994140625,1688.52001953125,1703.199951171875,2944670000,1.0,0.0062862718070784,0.0065778737114699426,0.944520203418244
2013-10-14,1699.8599853515625,1711.030029296875,1692.1300048828125,1710.1400146484375,2580580000,1.0,0.0040747203355586,0.006594774752823234,0.8306994062928655
2013-10-15,1709.1700439453125,1711.5699462890625,1695.9300537109375,1698.06005859375,3327740000,1.0,-0.0070637234093202,0.006656158391384041,1.0657349809619496
2013-10-16,1700.489990234375,1721.760009765625,1700.489990234375,1721.5400390625,3486180000,1.0,0.0138275323949348,0.006884241855344031,1.114015126943554
2013-10-17,1720.1700439453125,1733.449951171875,1714.1199951171875,1733.1500244140625,3453590000,1.0,0.0067439531397044,0.006912004482621568,1.100482682993217
2013-10-18,1736.719970703125,1745.31005859375,1735.739990234375,1744.5,3664890000,1.0,0.0065487554026228,0.00695139816947761,1.1648939193191552
2013-10-21,1745.199951171875,1747.7900390625,1740.6700439453125,1744.6600341796875,3052710000,1.0,9.173641713244862e-05,0.006951549439301827,0.9697251817938894
2013-10-22,1746.47998046875,1759.3299560546875,1746.47998046875,1754.6700439453125,3850840000,1.0,0.0057375130796364,0.006960406195039991,1.2150638075415465
2013-10-23,1752.27001953125,1752.27001953125,1740.5,1746.3800048828125,3713380000,1.0,-0.004724557241463,0.006995438511981176,1.1667002219676879
2013-10-24,1747.47998046875,1753.93994140625,1745.5,1752.0699462890625,3671700000,1.0,0.0032581347646796,0.007003013756266638,1.1478327416030518
2013-10-25,1756.010009765625,1759.8199462890625,1752.449951171875,1759.77001953125,3175720000,1.0,0.0043948435155207,0.006846140834974782,0.9943416470880567
2013-10-28,1759.4200439453125,1764.989990234375,1757.6700439453125,1762.1099853515625,3282300000,1.0,0.0013296997870981,0.0068454054285244864,1.027256874558988
2013-10-29,1762.9300537109375,1772.0899658203125,1762.9300537109375,1771.949951171875,3358460000,1.0,0.0055841950287509,0.0068710099399471,1.0481145385469817
2013-10-30,1772.27001953125,1775.219970703125,1757.239990234375,1763.31005859375,3523040000,1.0,-0.0048759235961551,0.006858563479200159,1.0958589816272915
2013-10-31,1763.239990234375,1768.530029296875,1755.719970703125,1756.5400390625,3826530000,1.0,-0.0038393812241105,0.006858934604306241,1.183675264786684
2013-11-01,1758.699951171875,1765.6700439453125,1752.699951171875,1761.6400146484375,3686290000,1.0,0.0029034211987899,0.006852270903103459,1.1322469082047288
2013-11-04,1763.4000244140625,1768.780029296875,1761.56005859375,1767.9300537109375,3194870000,1.0,0.0035705586897418,0.0068398821736924045,0.9776302368152401
2013-11-05,1765.6700439453125,1767.030029296875,1755.760009765625,1762.969970703125,3516680000,1.0,-0.0028055878101066,0.006851037167921529,1.068999122714757
2013-11-06,1765.0,1773.739990234375,1764.4000244140625,1770.489990234375,3322100000,1.0,0.0042655403417057,0.006861256412148016,1.009219345247191
2013-11-07,1770.739990234375,1774.5400390625,1746.199951171875,1747.1500244140625,4143200000,1.0,-0.0131827719721944,0.0070537749326492994,1.248351881446343
2013-11-08,1748.3699951171875,1770.780029296875,1747.6300048828125,1770.6099853515625,3837170000,1.0,0.0134275595167436,0.006967870268170609,1.1470919920443114
2013-11-11,1769.9599609375,1773.43994140625,1767.8499755859375,1771.8900146484375,2534060000,1.0,0.0007229312538983,0.006944213273951331,0.7584454523023333
2013-11-12,1769.510009765625,1771.780029296875,1762.2900390625,1767.68994140625,3221030000,1.0,-0.0023703916199453,0.006898241720084039,0.9670114371079152
2013-11-13,1764.3699951171875,1782.0,1760.6400146484375,1782.0,3327480000,1.0,0.0080953442447977,0.006947533123880787,0.9988777079955065
2013-11-14,1782.75,1791.530029296875,1780.219970703125,1790.6199951171875,3139060000,1.0,0.0048372587638538,0.006899630157274059,0.9412875680208954
2013-11-15,1790.6600341796875,1798.219970703125,1790.6600341796875,1798.1800537109375,3254820000,1.0,0.0042220340520966,0.00684543929048219,0.9752338623278355
2013-11-18,1798.8199462890625,1802.3299560546875,1788.0,1791.530029296875,3168520000,1.0,-0.003698197185726,0.00686809802953302,0.9490021418530156
2013-11-19,1790.7900390625,1795.510009765625,1784.719970703125,1787.8699951171875,3224450000,1.0,-0.002042965576817,0.006846789980742147,0.9684649467920201
2013-11-20,1789.5899658203125,1795.72998046875,1777.22998046875,1781.3699951171875,3109140000,1.0,-0.0036356111002209,0.006500216939679121,0.9339792048935543
2013-11-21,1783.52001953125,1797.1600341796875,1783.52001953125,1795.8499755859375,3256630000,1.0,0.0081285642558481,0.006554656664325,0.9774020696626808
2013-11-22,1797.2099609375,1804.8399658203125,1794.699951171875,1804.760009765625,3055140000,1.0,0.0049614579730026,0.006568989315410367,0.9151790969851877
2013-11-25,1806.3299560546875,1808.0999755859373,1800.5799560546875,1802.47998046875,2998540000,1.0,-0.0012633420978621,0.006549873192228278,0.89866184637496
2013-11-26,1802.8699951171875,1808.4200439453125,1800.77001953125,1802.75,3427120000,1.0,0.0001498044550707,0.006544448137829989,1.0231034156844532
2013-11-27,1803.47998046875,1808.27001953125,1802.77001953125,1807.22998046875,2613590000,1.0,0.0024850813860768,0.006489574023739866,0.786703077809976
2013-11-29,1808.68994140625,1813.550048828125,1803.97998046875,1805.81005859375,1598300000,1.0,-0.000785689641244,0.0064962363954292265,0.48738022774985607
2013-12-02,1806.550048828125,1810.02001953125,1798.5999755859375,1800.9000244140625,3095430000,1.0,-0.0027190202847309,0.006516347765518687,0.9554392561165391
2013-12-03,1800.0999755859375,1800.0999755859375,1787.8499755859375,1795.1500244140625,3475680000,1.0,-0.0031928479771501,0.006444557423402347,1.0705031248879657
2013-12-04,1793.1500244140625,1799.800048828125,1779.0899658203125,1792.81005859375,3610540000,1.0,-0.0013034931835718,0.006401539337713428,1.109704602704336
2013-12-05,1792.8199462890625,1792.8199462890625,1783.3800048828125,1785.030029296875,3336880000,1.0,-0.0043395725384191,0.006433679108929566,1.024410017463181
2013-12-06,1788.3599853515625,1806.0400390625,1788.3599853515625,1805.0899658203125,3150030000,1.0,0.0112378706207756,0.006543114447440564,0.9650562288486199
2013-12-09,1806.2099609375,1811.52001953125,1806.2099609375,1808.3699951171875,3129500000,1.0,0.0018171001772671,0.0065405827588775915,0.9577231998476212
2013-12-10,1807.5999755859373,1808.52001953125,1801.75,1802.6199951171875,3117150000,1.0,-0.0031796590385405,0.00653688145244924,0.955063030513975
2013-12-11,1802.760009765625,1802.969970703125,1780.0899658203125,1782.219970703125,3472240000,1.0,-0.0113168745877226,0.006713416219657678,1.0623386294637243
2013-12-12,1781.7099609375,1782.989990234375,1772.280029296875,1775.5,3306640000,1.0,-0.0037705618911193,0.006567957290890262,1.0106955889322806
2013-12-13,1777.97998046875,1780.9200439453125,1772.449951171875,1775.3199462890625,3061070000,1.0,-0.0001014101441495,0.006561285158382192,0.9368874293517028
2013-12-16,1777.47998046875,1792.219970703125,1777.47998046875,1786.5400390625,3209890000,1.0,0.0063200398310685,0.006523148744898541,0.9804577984589852
2013-12-17,1786.469970703125,1786.77001953125,1777.050048828125,1781.0,3270030000,1.0,-0.0031009879103561,0.006503455317852766,0.995231030568408
2013-12-18,1781.4599609375,1811.0799560546875,1767.989990234375,1810.6500244140625,4327770000,1.0,0.0166479642976207,0.0068018718702545205,1.3110997215219187
2013-12-19,1809.0,1810.8800048828125,1801.3499755859375,1809.5999755859373,3497210000,1.0,-0.0005799292044109,0.006786910576969126,1.0599990737310114
2013-12-20,1810.3900146484373,1823.75,1810.25,1818.3199462890625,5097700000,1.0,0.0048187283492318,0.006796910419047163,1.529019975491049
2013-12-23,1822.9200439453125,1829.75,1822.9200439453125,1827.989990234375,2851540000,1.0,0.005318120149893,0.006782518636649273,0.8557778676109352
2013-12-24,1828.02001953125,1833.3199462890625,1828.02001953125,1833.3199462890625,1307630000,1.0,0.0029157468493599,0.006716353720532805,0.395455331750258
2013-12-26,1834.9599609375,1842.8399658203125,1834.9599609375,1842.02001953125,1982270000,1.0,0.0047455291477069,0.006675711955421614,0.6043995145216933
2013-12-27,1842.969970703125,1844.8900146484373,1839.81005859375,1841.4000244140625,2052920000,1.0,-0.0003365843533803,0.006674108112248834,0.6314599128520603
2013-12-30,1841.469970703125,1842.469970703125,1838.77001953125,1841.0699462890625,2293860000,1.0,-0.0001792538941152,0.006537107575918071,0.7106409455534025
2013-12-31,1842.6099853515625,1849.43994140625,1842.4100341796875,1848.3599853515625,2312840000,1.0,0.0039596752297184,0.006505179566950416,0.7225742242536929
2014-01-02,1845.8599853515625,1845.8599853515625,1827.739990234375,1831.97998046875,3080600000,1.0,-0.0088619127294605,0.006514613424985408,0.9622690332541636
2014-01-03,1833.2099609375,1838.239990234375,1829.1300048828125,1831.3699951171875,2774270000,1.0,-0.0003329650749821,0.006261955222743982,0.8724503045762829
2014-01-06,1832.31005859375,1837.1600341796875,1823.72998046875,1826.77001953125,3294850000,1.0,-0.002511767473641,0.006284024214114983,1.0388966749252464
2014-01-07,1828.7099609375,1840.0999755859373,1828.7099609375,1837.8800048828125,3511750000,1.0,0.0060817646626438,0.00573153370983914,1.1084052706528877
2014-01-08,1837.9000244140625,1840.02001953125,1831.4000244140625,1837.489990234375,3652140000,1.0,-0.0002122089839386,0.005698746221889369,1.1492599169430355
2014-01-09,1839.0,1843.22998046875,1830.3800048828125,1838.1300048828125,3581150000,1.0,0.0003483091890779,0.0056880857864185855,1.1248051068598617
2014-01-10,1840.06005859375,1843.1500244140625,1832.4300537109373,1842.3699951171875,3335710000,1.0,0.0023066868083931,0.005584500011795411,1.047864492054103
2014-01-13,1841.260009765625,1843.449951171875,1815.52001953125,1819.199951171875,3591350000,1.0,-0.0125762165073898,0.0056268101501482015,1.1276860868088596
2014-01-14,1821.3599853515625,1839.260009765625,1821.3599853515625,1838.8800048828125,3353270000,1.0,0.0108179717673475,0.005721867363821801,1.056067537529423
2014-01-15,1840.52001953125,1850.8399658203125,1840.52001953125,1848.3800048828125,3777800000,1.0,0.0051661881007865,0.00570190641621038,1.1890821996428032
2014-01-16,1847.989990234375,1847.989990234375,1840.300048828125,1845.8900146484373,3491310000,1.0,-0.0013471203041568,0.005708729220648972,1.0968611068611038
2014-01-17,1844.22998046875,1846.0400390625,1835.22998046875,1838.699951171875,3626120000,1.0,-0.0038951743709019,0.005707443214837837,1.1384313738540792
2014-01-21,1841.050048828125,1849.31005859375,1832.3800048828125,1843.800048828125,3782470000,1.0,0.0027737519941737,0.005666461562746652,1.184095077468763
2014-01-22,1844.7099609375,1846.8699951171875,1840.8800048828125,1844.8599853515625,3374170000,1.0,0.0005748652214816,0.005658285551115559,1.0613879776532151
2014-01-23,1842.2900390625,1842.2900390625,1820.06005859375,1828.4599609375,3972250000,1.0,-0.0088895767398506,0.005776931690540406,1.2484606587723577
2014-01-24,1826.9599609375,1826.9599609375,1790.2900390625,1790.2900390625,4618450000,1.0,-0.0208754485689854,0.006409580798262478,1.4327856931456975
2014-01-27,1791.030029296875,1795.97998046875,1772.8800048828125,1781.56005859375,4045200000,1.0,-0.0048762939402385,0.006405252365908037,1.2485611391549354
2014-01-28,1783.0,1793.8699951171875,1779.489990234375,1792.5,3437830000,1.0,0.006140652600219,0.006417781236056858,1.0603725416677925
2014-01-29,1790.1500244140625,1790.1500244140625,1770.449951171875,1774.199951171875,3964020000,1.0,-0.0102092322611575,0.006538858234333387,1.21648111229267
2014-01-30,1777.1700439453125,1798.77001953125,1777.1700439453125,1794.18994140625,3547510000,1.0,0.0112670447438414,0.006685238765409074,1.0867100589765613
2014-01-31,1790.8800048828125,1793.8800048828125,1772.260009765625,1782.5899658203125,4059690000,1.0,-0.0064652996420466,0.006728125237166437,1.2368533170064353
2014-02-03,1782.6800537109375,1784.8299560546875,1739.6600341796875,1741.8900146484375,4726040000,1.0,-0.0228319198201846,0.007346091997695956,1.4268132224312946
2014-02-04,1743.8199462890625,1758.72998046875,1743.8199462890625,1755.199951171875,4068410000,1.0,0.0076410889387432,0.007393439759435184,1.2211983226724379
2014-02-05,1753.3800048828125,1755.7900390625,1737.9200439453125,1751.6400146484375,3984290000,1.0,-0.0020282227794392,0.0071969765956391,1.1907467303470558
2014-02-06,1752.989990234375,1774.06005859375,1752.989990234375,1773.4300537109375,3825410000,1.0,0.0124397929256447,0.0071669671404043555,1.1380242434764583
2014-02-07,1776.010009765625,1798.030029296875,1776.010009765625,1797.02001953125,3775990000,1.0,0.0133018867989465,0.00736808895881567,1.1181500395499244
2014-02-10,1796.199951171875,1799.93994140625,1791.8299560546875,1799.8399658203125,3312160000,1.0,0.0015692347655638,0.007361788566972249,0.9814684476692791
2014-02-11,1800.449951171875,1823.5400390625,1800.4100341796875,1819.75,3699380000,1.0,0.0110621136088691,0.007424544397800072,1.0892016645084102
2014-02-12,1820.1199951171875,1826.550048828125,1815.969970703125,1819.260009765625,3326380000,1.0,-0.0002692623900948,0.007401778220199478,0.9695142705465891
2014-02-13,1814.8199462890625,1830.25,1809.219970703125,1829.8299560546875,3289510000,1.0,0.005810025082904,0.007418890109963077,0.9576845897590974
2014-02-14,1828.4599609375,1841.6500244140625,1825.5899658203125,1838.6300048828125,3114750000,1.0,0.0048092167247599,0.007422128229701653,0.9087159358798249
2014-02-18,1839.030029296875,1842.8699951171875,1835.010009765625,1840.760009765625,3421110000,1.0,0.0011584739056558,0.0074153356653269605,0.9991996729296159
2014-02-19,1838.9000244140625,1847.5,1826.989990234375,1828.75,3661570000,1.0,-0.0065244842901351,0.00745201803947402,1.0674060677296504
2014-02-20,1829.239990234375,1842.7900390625,1824.5799560546875,1839.780029296875,3404980000,1.0,0.0060314582621325,0.007420315255658146,0.9911327301893816
2014-02-21,1841.0699462890625,1846.1300048828125,1835.5999755859373,1836.25,3403880000,1.0,-0.0019187235651341,0.007402241271573709,0.9892323896331998
2014-02-24,1836.780029296875,1858.7099609375,1836.780029296875,1847.6099853515625,4014530000,1.0,0.006186513465793,0.007437708126394523,1.1606450900757361
2014-02-25,1847.6600341796875,1852.9100341796875,1840.18994140625,1845.1199951171875,3515560000,1.0,-0.0013476817370097,0.007441208438043281,1.0161328093408977
2014-02-26,1845.7900390625,1852.6500244140625,1840.6600341796875,1845.1600341796875,3716730000,1.0,2.169997756573672e-05,0.007436385048264948,1.0717380176348745
2014-02-27,1844.9000244140625,1854.530029296875,1841.1300048828125,1854.2900390625,3547460000,1.0,0.0049480829378962,0.007458046118671337,1.020066802117346
2014-02-28,1855.1199951171875,1867.9200439453125,1847.6700439453125,1859.449951171875,3917450000,1.0,0.0027826887923012,0.007452003656700136,1.1218917188700215
2014-03-03,1857.6800537109373,1857.6800537109373,1834.43994140625,1845.72998046875,3428220000,1.0,-0.0073785103462872,0.007507126101696893,0.9808957349567775
2014-03-04,1849.22998046875,1876.22998046875,1849.22998046875,1873.9100341796875,3765770000,1.0,0.0152677011313326,0.007741166184345123,1.0809532442806158
2014-03-05,1874.050048828125,1876.530029296875,1871.1099853515625,1873.81005859375,3392990000,1.0,-5.335132643191631e-05,0.007712966946107272,0.9745309198059503
2014-03-06,1874.1800537109373,1881.93994140625,1874.1800537109373,1877.030029296875,3360450000,1.0,0.0017184082710823,0.00759239250614143,0.9749138926876105
2014-03-07,1878.52001953125,1883.5699462890625,1870.56005859375,1878.0400390625,3564740000,1.0,0.0005380892952486,0.007590941079087228,1.0299193010206509
2014-03-10,1877.8599853515625,1877.8699951171875,1867.0400390625,1877.1700439453125,3021350000,1.0,-0.0004632463094992,0.007575746163164022,0.8643645059179939
2014-03-11,1878.260009765625,1882.3499755859373,1863.8800048828125,1867.6300048828125,3392400000,1.0,-0.0050821389853683,0.007449780974059849,0.9627487413090386
2014-03-12,1866.1500244140625,1868.3800048828125,1854.3800048828125,1868.199951171875,3270860000,1.0,0.0003051708783712,0.0074258698743273404,0.9218832951204666
2014-03-13,1869.06005859375,1874.4000244140625,1841.8599853515625,1846.3399658203125,3670990000,1.0,-0.0117010951305561,0.007600679051877596,1.026688893847239
2014-03-14,1845.0699462890625,1852.43994140625,1839.5699462890625,1841.1300048828125,3285460000,1.0,-0.0028217776974703,0.0075773447247363184,0.913893367776587
2014-03-17,1842.81005859375,1862.300048828125,1842.81005859375,1858.8299560546875,2860490000,1.0,0.0096136346292403,0.007651503907949775,0.7966579739990872
2014-03-18,1858.9200439453125,1873.760009765625,1858.9200439453125,1872.25,2930190000,1.0,0.0072196189337276,0.007412384442983293,0.8153615735491373
2014-03-19,1872.25,1874.1400146484373,1850.3499755859373,1860.77001953125,3289210000,1.0,-0.0061316493356923,0.007461657945272158,0.9152920538577
2014-03-20,1860.0899658203125,1873.489990234375,1854.6300048828125,1872.010009765625,3327540000,1.0,0.006040504799839,0.007475319504883462,0.9269084571977344
2014-03-21,1874.530029296875,1883.969970703125,1863.4599609375,1866.52001953125,5270710000,1.0,-0.0029326714097337,0.007461298157738785,1.4550706550072037
2014-03-24,1867.6700439453125,1873.3399658203125,1849.68994140625,1857.43994140625,3409000000,1.0,-0.0048647097432581,0.0074839715981371,0.9420087893924228
2014-03-25,1859.47998046875,1871.8699951171875,1855.9599609375,1865.6199951171875,3200560000,1.0,0.0044039398144655,0.007480619512537413,0.885071652818825
2014-03-26,1867.0899658203125,1875.9200439453125,1852.56005859375,1852.56005859375,3480850000,1.0,-0.0070003197637347,0.007538564580857329,0.9631707053325487
2014-03-27,1852.1099853515625,1855.550048828125,1842.1099853515625,1849.0400390625,3733430000,1.0,-0.0019000838946738,0.007543028311627573,1.030892166574754
2014-03-28,1850.0699462890625,1866.6300048828125,1850.0699462890625,1857.6199951171875,2955520000,1.0,0.0046402218845611,0.007549439333728693,0.8198148249033843
2014-03-31,1859.1600341796875,1875.1800537109373,1859.1600341796875,1872.3399658203125,3274300000,1.0,0.0079241022070266,0.007522249451257837,0.9093341401244946
2014-04-01,1873.9599609375,1885.8399658203125,1873.9599609375,1885.52001953125,3336190000,1.0,0.0070393485966973,0.007570278792657174,0.9280166054329274
2014-04-02,1886.6099853515625,1893.1700439453125,1883.7900390625,1890.9000244140625,3131660000,1.0,0.0028533268419763,0.00756561715554272,0.8742887048340516
2014-04-03,1891.4300537109373,1893.800048828125,1882.6500244140625,1888.77001953125,3055600000,1.0,-0.0011264502910314,0.00753431686038214,0.8545745468344105
2014-04-04,1890.25,1897.280029296875,1863.260009765625,1865.0899658203125,3583750000,1.0,-0.0125372880054578,0.0077193466799130965,1.0044676140862194
2014-04-07,1863.9200439453125,1864.0400390625,1841.47998046875,1845.0400390625,3801540000,1.0,-0.0107501123941728,0.007849505663547782,1.0704124334691398
2014-04-08,1845.47998046875,1854.949951171875,1837.489990234375,1851.9599609375,3721450000,1.0,0.0037505537703756,0.007858615453929949,1.0497751592018183
2014-04-09,1852.6400146484373,1872.4300537109373,1852.3800048828125,1872.1800537109373,3308650000,1.0,0.0109182127043403,0.007800544919875048,0.934010077197084
2014-04-10,1872.280029296875,1872.530029296875,1830.8699951171875,1833.0799560546875,3758780000,1.0,-0.0208847955509127,0.008156002581880182,1.0623097678755455
2014-04-11,1830.6500244140625,1835.0699462890625,1814.3599853515625,1815.68994140625,3743460000,1.0,-0.0094867736625443,0.008217233272189794,1.056809502765463
2014-04-14,1818.1800537109373,1834.18994140625,1815.800048828125,1830.6099853515625,3111540000,1.0,0.0082172862255087,0.008288329047855933,0.8831411138895947
2014-04-15,1831.449951171875,1844.02001953125,1816.2900390625,1842.97998046875,3736440000,1.0,0.0067573077914855,0.00831978867918184,1.0664960778345418
2014-04-16,1846.010009765625,1862.31005859375,1846.010009765625,1862.31005859375,3155080000,1.0,0.0104884905586892,0.00842123212244419,0.90527785701747
2014-04-17,1861.72998046875,1869.6300048828125,1856.719970703125,1864.8499755859373,3341430000,1.0,0.0013638529097057,0.008422440942486216,0.9622967046227208
2014-04-21,1865.7900390625,1871.8900146484373,1863.1800537109373,1871.8900146484373,2642500000,1.0,0.003775123551313,0.00834878466347295,0.7662327976749902
2014-04-22,1872.5699462890625,1884.8900146484373,1872.5699462890625,1879.550048828125,3215440000,1.0,0.0040921390251267,0.00787803552887219,0.9354062240598475
2014-04-23,1879.3199462890625,1879.75,1873.9100341796875,1875.3900146484373,3085720000,1.0,-0.0022133138632203,0.0078527355231905,0.8988534936851705
2014-04-24,1881.969970703125,1884.06005859375,1870.239990234375,1878.6099853515625,3191830000,1.0,0.0017169605671216,0.00782327782091495,0.9325201589342059
2014-04-25,1877.719970703125,1877.719970703125,1859.699951171875,1863.4000244140625,3213020000,1.0,-0.0080963909784891,0.007777446987062149,0.9393331939398447
2014-04-28,1865.0,1877.010009765625,1850.6099853515625,1869.4300537109373,4034680000,1.0,0.0032360358580389,0.0076633609336458275,1.1744301931731407
2014-04-29,1870.780029296875,1880.5999755859373,1870.780029296875,1878.3299560546875,3647820000,1.0,0.0047607570692913,0.00762204143418175,1.0585364732560099
2014-04-30,1877.0999755859373,1885.199951171875,1872.68994140625,1883.949951171875,3779230000,1.0,0.0029920169771406,0.006959499469845602,1.0943948616669466
2014-05-01,1884.3900146484373,1888.5899658203125,1878.0400390625,1883.6800537109373,3416740000,1.0,-0.0001432614814261,0.006912277635155335,0.9908294468036635
2014-05-02,1885.300048828125,1891.3299560546875,1878.5,1881.1400146484373,3159560000,1.0,-0.0013484450597095,0.006907449404444629,0.9175551880306262
2014-05-05,1879.449951171875,1885.510009765625,1866.77001953125,1884.6600341796875,2733730000,1.0,0.0018712161263063,0.006749247881804582,0.7969937481997358
2014-05-06,1883.68994140625,1883.68994140625,1867.719970703125,1867.719970703125,3327260000,1.0,-0.0089883921605711,0.006675759722710888,0.9739348336007079
2014-05-07,1868.530029296875,1878.8299560546875,1859.7900390625,1878.2099609375,3632950000,1.0,0.0056164684208124,0.006705429362123212,1.0626841952787038
2014-05-08,1877.3900146484373,1889.0699462890625,1870.050048828125,1875.6300048828125,3393420000,1.0,-0.0013736249452109,0.006571598031833941,0.9944996586061695
2014-05-09,1875.27001953125,1878.5699462890625,1867.02001953125,1878.47998046875,3025020000,1.0,0.0015194764311288,0.006571988774515709,0.8892568313727971
2014-05-12,1880.030029296875,1897.1300048828125,1880.030029296875,1896.6500244140625,3005740000,1.0,0.0096727376039313,0.00664287294962214,0.8883509326363678
2014-05-13,1896.75,1902.1700439453125,1896.06005859375,1897.449951171875,2915680000,1.0,0.0004217577030636,0.006620082613474684,0.864352240969433
2014-05-14,1897.1300048828125,1897.1300048828125,1885.77001953125,1888.530029296875,2822060000,1.0,-0.0047010050881663,0.006654034720316618,0.8413059437925373
2014-05-15,1888.1600341796875,1888.1600341796875,1862.3599853515625,1870.8499755859373,3552640000,1.0,-0.009361807033336,0.006714242733524676,1.0580975568901967
2014-05-16,1871.18994140625,1878.280029296875,1864.8199462890625,1877.8599853515625,3173650000,1.0,0.0037469652067796,0.006688203064767834,0.946274315282805
2014-05-19,1876.6600341796875,1886.0,1872.4200439453125,1885.0799560546875,2664250000,1.0,0.0038447864907102,0.006696252676766537,0.798677413585607
2014-05-20,1884.8800048828125,1884.8800048828125,1868.1400146484373,1872.8299560546875,3007700000,1.0,-0.0064983980974675,0.006712602287566225,0.9017091731437509
2014-05-21,1873.3399658203125,1888.800048828125,1873.3399658203125,1888.030029296875,2777140000,1.0,0.0081160989512405,0.006785262204225739,0.835670102621254
2014-05-22,1888.18994140625,1896.3299560546875,1885.3900146484373,1892.489990234375,2759800000,1.0,0.0023622298736216,0.006789742302960341,0.8330143904609318
2014-05-23,1893.3199462890625,1901.260009765625,1893.3199462890625,1900.530029296875,2396280000,1.0,0.0042483918562254,0.0067824739322027375,0.728898969799185
2014-05-27,1902.010009765625,1912.280029296875,1902.010009765625,1911.9100341796875,2911020000,1.0,0.0059878058790907,0.006813840741585381,0.8874939215772955
2014-05-28,1911.77001953125,1914.4599609375,1907.300048828125,1909.780029296875,2976450000,1.0,-0.0011140717108722,0.006738862976798435,0.9068006530171149
2014-05-29,1910.5999755859373,1920.030029296875,1909.8199462890625,1920.030029296875,2709050000,1.0,0.0053671102654548,0.0064900157918030615,0.8264485753162031
2014-05-30,1920.3299560546875,1924.030029296875,1916.6400146484373,1923.5699462890625,3263490000,1.0,0.0018436779311643,0.006492261016816921,0.9957475788171636
2014-06-02,1923.8699951171875,1925.8800048828125,1915.97998046875,1924.969970703125,2509020000,1.0,0.0007278261010281,0.006490259928168226,0.7693886699175967
2014-06-03,1923.0699462890625,1925.0699462890625,1918.7900390625,1924.239990234375,2867180000,1.0,-0.0003792165487565,0.006491108150264345,0.8923723912895979
2014-06-04,1923.06005859375,1928.6300048828125,1918.5999755859373,1927.8800048828125,2793920000,1.0,0.0018916635486794,0.0064927600644076305,0.8729133056667505
2014-06-05,1928.52001953125,1941.739990234375,1922.9300537109373,1940.4599609375,3113270000,1.0,0.0065252795935566,0.006497597041821011,0.9732196798025445
2014-06-06,1942.4100341796875,1949.43994140625,1942.4100341796875,1949.43994140625,2864300000,1.0,0.0046277587012986,0.006517544904974912,0.8988555729296572
2014-06-09,1948.969970703125,1955.550048828125,1947.1600341796875,1951.27001953125,2812180000,1.0,0.0009387712266117,0.006309875697175108,0.8876319186905451
2014-06-10,1950.3399658203125,1950.8599853515625,1944.6400146484373,1950.7900390625,2702360000,1.0,-0.0002459836229459,0.006292577791521633,0.8543338578998947
2014-06-11,1949.3699951171875,1949.3699951171875,1940.0799560546875,1943.8900146484373,2710620000,1.0,-0.0035370410325545,0.00621546581308063,0.8600103469528871
2014-06-12,1943.3499755859373,1943.3499755859373,1925.780029296875,1930.1099853515625,3040480000,1.0,-0.0070888935037649,0.006238073541237241,0.9664800086562594
2014-06-13,1930.800048828125,1937.300048828125,1927.68994140625,1936.1600341796875,2598230000,1.0,0.0031345616954687,0.006184916613751784,0.8287119772727201
2014-06-16,1934.8399658203125,1941.1500244140625,1930.9100341796875,1937.780029296875,2926130000,1.0,0.0008367051734305,0.006144843976155675,0.9340679475831762
2014-06-17,1937.1500244140625,1943.68994140625,1933.550048828125,1941.989990234375,2971260000,1.0,0.0021725690603942,0.006130507722173647,0.9521975829052451
2014-06-18,1942.72998046875,1957.739990234375,1939.2900390625,1956.97998046875,3065220000,1.0,0.0077188813071924,0.006152831450428124,0.986966727666385
2014-06-19,1957.5,1959.8699951171875,1952.260009765625,1959.47998046875,2952150000,1.0,0.0012774785766593,0.006135775420651221,0.9552920783323001
2014-06-20,1960.449951171875,1963.9100341796875,1959.1700439453125,1962.8699951171875,4336240000,1.0,0.0017300583227324,0.006049681634297756,1.3939025026879999
2014-06-23,1962.9200439453125,1963.739990234375,1958.8900146484373,1962.6099853515625,2717630000,1.0,-0.0001324640787579,0.006039701931591133,0.8794804676003891
2014-06-24,1961.969970703125,1968.1700439453125,1948.3399658203125,1949.97998046875,3089700000,1.0,-0.0064353106205918,0.006095921554950984,1.0041388186085964
2014-06-25,1949.27001953125,1960.8299560546875,1947.489990234375,1959.530029296875,3106710000,1.0,0.0048975112174378,0.006048539735321824,1.009698692345763
2014-06-26,1959.8900146484373,1959.8900146484373,1944.68994140625,1957.219970703125,2778840000,1.0,-0.0011788839972913,0.00599715597482833,0.9087958582424452
2014-06-27,1956.56005859375,1961.469970703125,1952.1800537109373,1960.9599609375,4290590000,1.0,0.001910868625069,0.005992492944705379,1.392855781728414
2014-06-30,1960.7900390625,1964.239990234375,1958.219970703125,1960.22998046875,3037350000,1.0,-0.0003722566922789,0.005989548682806894,0.9879665424667693
2014-07-01,1962.2900390625,1978.5799560546875,1962.2900390625,1973.3199462890625,3188240000,1.0,0.0066777704405798,0.005783361486452839,1.033378129128704
2014-07-02,1973.06005859375,1976.6700439453125,1972.5799560546875,1974.6199951171875,2851480000,1.0,0.0006588129971369,0.005575749826191829,0.9264125966226038
2014-07-03,1975.8800048828125,1985.5899658203125,1975.8800048828125,1985.43994140625,1998090000,1.0,0.0054795081158998,0.005593870295072241,0.6537764852622252
2014-07-07,1984.219970703125,1984.219970703125,1974.8800048828125,1977.6500244140625,2681260000,1.0,-0.0039235218501094,0.005482817728729715,0.8802512763719016
2014-07-08,1976.3900146484373,1976.3900146484373,1959.4599609375,1963.7099609375,3302430000,1.0,-0.0070488020147511,0.004798018692402672,1.083543801755283
2014-07-09,1965.0999755859373,1974.1500244140625,1965.0999755859373,1972.8299560546875,2858800000,1.0,0.0046442678901692,0.004609710765541231,0.94528059372139
2014-07-10,1966.6700439453125,1969.8399658203125,1952.8599853515625,1964.6800537109373,3165690000,1.0,-0.0041310718740548,0.004575476454769073,1.050103882892199
2014-07-11,1965.760009765625,1968.6700439453125,1959.6300048828125,1967.5699462890625,2684630000,1.0,0.0014709227452411,0.004516958040362638,0.8970437449457065
2014-07-14,1969.8599853515625,1979.8499755859373,1969.8599853515625,1977.0999755859373,2744920000,1.0,0.0048435529902501,0.004374659375085695,0.9213255041542754
2014-07-15,1977.3599853515625,1982.52001953125,1965.3399658203125,1973.280029296875,3328740000,1.0,-0.0019320956634629,0.004390763851564914,1.1160157653143639
2014-07-16,1976.3499755859373,1983.93994140625,1975.6700439453125,1981.5699462890625,3390950000,1.0,0.0042010849292086,0.004395747630779695,1.1318846287133357
2014-07-17,1979.75,1981.800048828125,1955.5899658203125,1958.1199951171875,3381680000,1.0,-0.0118340264575521,0.004675304550414037,1.128380398010953
2014-07-18,1961.5400390625,1979.9100341796875,1960.8199462890625,1978.219970703125,3106060000,1.0,0.0102649355688411,0.00481912982809157,1.0400701206685734
2014-07-21,1976.9300537109373,1976.9300537109373,1965.77001953125,1973.6300048828125,2611160000,1.0,-0.0023202504717819,0.004835707259684279,0.8789566108163408
2014-07-22,1975.6500244140625,1986.239990234375,1975.6500244140625,1983.530029296875,2890480000,1.0,0.0050161501343055,0.0047201819483006415,0.9738621081226558
2014-07-23,1985.3199462890625,1989.22998046875,1982.43994140625,1987.010009765625,2869720000,1.0,0.0017544380056517,0.004712435793285098,0.967754641426422
2014-07-24,1988.0699462890625,1991.3900146484373,1985.7900390625,1987.97998046875,3203530000,1.0,0.0004881559218916,0.00468728951399118,1.0782319544502004
2014-07-25,1984.5999755859373,1984.5999755859373,1974.3699951171875,1978.3399658203125,2638960000,1.0,-0.0048491507676875,0.004738614225612448,0.8893072376957137
2014-07-28,1978.25,1981.52001953125,1967.31005859375,1978.9100341796875,2803320000,1.0,0.0002881549022029,0.00473744546349426,0.949490371884745
2014-07-29,1980.030029296875,1984.8499755859373,1969.949951171875,1969.949951171875,3183300000,1.0,-0.0045277869398073,0.0047798538111565834,1.0781199198005853
2014-07-30,1973.2099609375,1978.9000244140625,1962.4200439453125,1970.0699462890625,3448250000,1.0,6.091277451791832e-05,0.004778564793647462,1.1616840502371713
2014-07-31,1965.1400146484373,1965.1400146484373,1930.6700439453125,1930.6700439453125,4193000000,1.0,-0.019999240340662,0.005337625761965087,1.4013915654476266
2014-08-01,1929.800048828125,1937.3499755859373,1916.3699951171875,1925.1500244140625,3789660000,1.0,-0.0028591211370172,0.005313818381705553,1.2580718024415023
2014-08-04,1926.6199951171875,1942.9200439453125,1921.199951171875,1938.989990234375,3072920000,1.0,0.0071890323584131,0.005379261917754219,1.0180157366206457
2014-08-05,1936.3399658203125,1936.3399658203125,1913.77001953125,1920.2099609375,3462520000,1.0,-0.0096854699567607,0.005537835933040366,1.139037948939551
2014-08-06,1917.2900390625,1927.9100341796875,1911.449951171875,1920.239990234375,3539150000,1.0,1.563854864095049e-05,0.0054018833284592204,1.159454731452639
2014-08-07,1923.030029296875,1928.8900146484373,1904.780029296875,1909.5699462890625,3230520000,1.0,-0.0055566200056119,0.005453001726107788,1.0565860899250095
2014-08-08,1910.3499755859373,1932.3800048828125,1909.010009765625,1931.5899658203125,2902280000,1.0,0.0115314024364712,0.005610128627449502,0.9480323888745054
2014-08-11,1933.4300537109373,1944.9000244140625,1933.4300537109373,1936.9200439453125,2784890000,1.0,0.0027594252503462,0.005469444121369589,0.9125400804417012
2014-08-12,1935.72998046875,1939.6500244140625,1928.2900390625,1933.75,2611700000,1.0,-0.0016366416131744,0.005460984775599727,0.8552144834176411
2014-08-13,1935.5999755859373,1948.4100341796875,1935.5999755859373,1946.719970703125,2718020000,1.0,0.0067071600274726,0.005503008153854182,0.8908997975856465
2014-08-14,1947.4100341796875,1955.22998046875,1947.4100341796875,1955.1800537109373,2609460000,1.0,0.0043458140539631,0.0054453247795393225,0.8563520373286605
2014-08-15,1958.8699951171875,1964.0400390625,1941.5,1955.06005859375,3023380000,1.0,-6.137292417618401e-05,0.005359030678249184,0.9927747689979023
2014-08-18,1958.3599853515625,1971.989990234375,1958.3599853515625,1971.739990234375,2638160000,1.0,0.0085316722457224,0.005451880428605441,0.8675701301420966
2014-08-19,1972.72998046875,1982.5699462890625,1972.72998046875,1981.5999755859373,2656430000,1.0,0.0050006519117109,0.005461039508251044,0.8744740919401485
2014-08-20,1980.4599609375,1988.5699462890625,1977.6800537109373,1986.510009765625,2579560000,1.0,0.0024778129996876,0.005422218617585163,0.8498562476637321
2014-08-21,1986.8199462890625,1994.760009765625,1986.8199462890625,1992.3699951171875,2638920000,1.0,0.0029498896671826,0.005425157360710613,0.8698238063918529
2014-08-22,1992.5999755859373,1993.5400390625,1984.760009765625,1988.4000244140625,2301860000,1.0,-0.0019925870761225,0.005401463884853374,0.7624367051271257
2014-08-25,1991.739990234375,2001.949951171875,1991.739990234375,1997.9200439453125,2233880000,1.0,0.0047877788243617,0.0054262898274055026,0.7417101634094523
2014-08-26,1998.5899658203125,2005.0400390625,1998.5899658203125,2000.02001953125,2451950000,1.0,0.0010510808940034,0.005426532123639485,0.8166870553927625
2014-08-27,2000.5400390625,2002.1400146484373,1996.199951171875,2000.1199951171875,2344350000,1.0,4.9987292607633904e-05,0.0054254322583363376,0.7841226559353337
2014-08-28,1997.4200439453125,1998.550048828125,1990.52001953125,1996.739990234375,2282400000,1.0,-0.0016899010514689,0.00543134345353719,0.7674207433988333
2014-08-29,1998.449951171875,2003.3800048828125,1994.6500244140625,2003.3699951171875,2259130000,1.0,0.0033204147336349,0.005387663543280068,0.7631531280822906
2014-09-02,2004.0699462890625,2006.1199951171875,1994.8499755859373,2002.280029296875,2819980000,1.0,-0.0005440661600049,0.005362569806712695,0.9624726521012804
2014-09-03,2003.5699462890625,2009.280029296875,1998.1400146484373,2000.719970703125,2809980000,1.0,-0.000779141064648,0.005364556113789096,0.9584554036735913
2014-09-04,2001.6700439453125,2011.1700439453125,1992.5400390625,1997.6500244140625,3072410000,1.0,-0.0015344207755288,0.005369889660639908,1.0480912105195759
2014-09-05,1998.0,2007.7099609375,1990.0999755859373,2007.7099609375,2818300000,1.0,0.0050358853655501,0.0053771383577341375,0.9633021627625522
2014-09-08,2007.1700439453125,2007.1700439453125,1995.5999755859373,2001.5400390625,2789090000,1.0,-0.0030731141425024,0.0053049168385248405,0.9532513160356443
2014-09-09,2000.72998046875,2001.010009765625,1984.6099853515625,1988.43994140625,2882830000,1.0,-0.0065450090433294,0.0053738757615788965,0.9948630565996923
2014-09-10,1988.4100341796875,1996.6600341796875,1982.989990234375,1995.68994140625,2912430000,1.0,0.0036460744169486,0.0053894443387738,1.0059453229239812
2014-09-11,1992.8499755859373,1997.6500244140625,1985.9300537109373,1997.449951171875,2941690000,1.0,0.0008819054148185,0.005385250717102358,1.0177850911639885
2014-09-12,1996.739990234375,1996.739990234375,1980.260009765625,1985.5400390625,3206570000,1.0,-0.0059625584622972,0.005363311720216618,1.1067106722821156
2014-09-15,1986.0400390625,1987.1800537109373,1978.47998046875,1984.1300048828125,2776530000,1.0,-0.0007101514711097,0.005363031953373892,0.9531655912758878
2014-09-16,1981.9300537109373,2002.280029296875,1979.06005859375,1998.97998046875,3160310000,1.0,0.007484376300642,0.0054413266844850145,1.0813582004898756
2014-09-17,1999.300048828125,2010.739990234375,1993.2900390625,2001.5699462890625,3209420000,1.0,0.0012956437010964,0.005442444106676473,1.0988615175369933
2014-09-18,2003.0699462890625,2012.3399658203125,2003.0699462890625,2011.3599853515625,3235340000,1.0,0.0048911800862372,0.005399639866454489,1.104887282263604
2014-09-19,2012.739990234375,2019.260009765625,2006.5899658203125,2010.4000244140625,4880220000,1.0,-0.0004772695810254,0.005370477545101085,1.6473323128434685
2014-09-22,2009.0799560546875,2009.0799560546875,1991.010009765625,1994.2900390625,3349670000,1.0,-0.0080133232968189,0.005476852864352288,1.1256369548540837
2014-09-23,1992.780029296875,1995.4100341796875,1982.77001953125,1982.77001953125,3279350000,1.0,-0.0057765015647701,0.005528856259741165,1.098062265908166
2014-09-24,1983.3399658203125,1999.7900390625,1978.6300048828125,1998.300048828125,3313850000,1.0,0.0078324914861009,0.005615266142807833,1.1097249525683293
2014-09-25,1997.3199462890625,1997.3199462890625,1965.989990234375,1965.989990234375,3273050000,1.0,-0.0161687723586344,0.005943005957407352,1.096928232296157
2014-09-26,1966.219970703125,1986.3699951171875,1966.219970703125,1982.8499755859373,2929440000,1.0,0.0085758246152374,0.006045886805145806,0.9847560209004502
2014-09-29,1978.9599609375,1981.280029296875,1964.0400390625,1977.800048828125,3094440000,1.0,-0.0025468022391961,0.0060132647817241385,1.0403034376366591
2014-09-30,1978.2099609375,1985.1700439453125,1968.9599609375,1972.2900390625,3951100000,1.0,-0.0027859286225064,0.006002617030969867,1.3164391804498903
2014-10-01,1971.43994140625,1971.43994140625,1941.719970703125,1946.1600341796875,4188590000,1.0,-0.0132485609952343,0.006176377823476799,1.3835984493459916
2014-10-02,1945.8299560546875,1952.3199462890625,1926.030029296875,1946.1700439453125,4012510000,1.0,5.143341477165109e-06,0.0061445436342833365,1.3155028634450778
2014-10-03,1948.1199951171875,1971.18994140625,1948.1199951171875,1967.9000244140625,3560970000,1.0,0.0111655096821337,0.0062945218160455115,1.1647354768920553
2014-10-06,1970.010009765625,1977.8399658203125,1958.4300537109373,1964.8199462890625,3358220000,1.0,-0.001565159859133,0.006295083058802051,1.0932752027700567
2014-10-07,1962.3599853515625,1962.3599853515625,1934.8699951171875,1935.0999755859373,3687870000,1.0,-0.0151260530305878,0.006556917528437326,1.1937183858209224
2014-10-08,1935.550048828125,1970.3599853515625,1925.25,1968.8900146484373,4441890000,1.0,0.0174616502965272,0.006943549649077922,1.4261653170095328
2014-10-09,1967.6800537109373,1967.6800537109373,1927.56005859375,1928.2099609375,4344020000,1.0,-0.0206614150146934,0.007413727705905123,1.3867651750645702
2014-10-10,1925.6300048828125,1936.97998046875,1906.050048828125,1906.1300048828125,4550540000,1.0,-0.0114510123389012,0.007403898270497032,1.4493850399807622
2014-10-13,1905.6500244140625,1912.0899658203125,1874.1400146484373,1874.739990234375,4352580000,1.0,-0.0164679295578096,0.007552785913655472,1.3813796429926826
2014-10-14,1877.1099853515625,1898.7099609375,1871.7900390625,1877.699951171875,4812010000,1.0,0.0015788647774723,0.007556842326369589,1.5105149451519728
2014-10-15,1874.1800537109373,1874.1800537109373,1820.6600341796875,1862.489990234375,6090800000,1.0,-0.0081003149241216,0.007575378788590208,1.8808978010529669
2014-10-16,1855.949951171875,1876.010009765625,1835.02001953125,1862.760009765625,5073150000,1.0,0.0001449777086941,0.007568232303627676,1.5519342040957371
2014-10-17,1864.9100341796875,1898.1600341796875,1864.9100341796875,1886.760009765625,4482120000,1.0,0.0128841073859105,0.007777168842409702,1.360711665328052
2014-10-20,1885.6199951171875,1905.030029296875,1882.300048828125,1904.010009765625,3331210000,1.0,0.0091426572063835,0.007864224102749284,1.0086838235663709
2014-10-21,1909.3800048828125,1942.449951171875,1909.3800048828125,1941.280029296875,3987090000,1.0,0.0195744871823639,0.008284382145566888,1.1985569303494519
2014-10-22,1941.2900390625,1949.31005859375,1926.8299560546875,1927.1099853515625,3761930000,1.0,-0.0072993302004167,0.008316100023877318,1.1231049862967895
2014-10-23,1931.02001953125,1961.949951171875,1931.02001953125,1950.8199462890625,3789250000,1.0,0.0123033771386817,0.00847458968435151,1.124071441492545
2014-10-24,1951.5899658203125,1965.27001953125,1946.27001953125,1964.5799560546875,3078380000,1.0,0.0070534493928051,0.008111328567463001,0.9106601234238842
2014-10-27,1962.969970703125,1964.6400146484373,1951.3699951171875,1961.6300048828125,3538860000,1.0,-0.00150156839521,0.008104193207075547,1.0436982697871227
2014-10-28,1964.1400146484373,1985.050048828125,1964.1400146484373,1985.050048828125,3653260000,1.0,0.0119390730601673,0.00819487472358378,1.0710248559173914
2014-10-29,1983.2900390625,1991.4000244140625,1969.0400390625,1982.300048828125,3740350000,1.0,-0.0013853554985293,0.008090714246985759,1.0896318991060319
2014-10-30,1979.489990234375,1999.4000244140625,1974.75,1994.6500244140625,3586150000,1.0,0.0062301242403934,0.008123303993705911,1.0386193856078976
2014-10-31,2001.199951171875,2018.18994140625,2001.199951171875,2018.050048828125,4292290000,1.0,0.0117313935415495,0.008205027107632353,1.2313388884423244
2014-11-03,2018.2099609375,2024.4599609375,2013.6800537109373,2017.81005859375,3555440000,1.0,-0.0001189218446362,0.00808749166759127,1.012673572274213
2014-11-04,2015.81005859375,2015.97998046875,2001.010009765625,2012.0999755859373,3956260000,1.0,-0.002829841680833,0.008096259311369708,1.115888079381024
2014-11-05,2015.2900390625,2023.77001953125,2014.4200439453125,2023.5699462890625,3766590000,1.0,0.0057004974118073,0.008116258804464064,1.054569718117856
2014-11-06,2023.3299560546875,2031.6099853515625,2015.8599853515625,2031.2099609375,3669770000,1.0,0.0037755130048497,0.00808880746114196,1.0198925983006024
2014-11-07,2032.3599853515625,2034.260009765625,2025.0699462890625,2031.9200439453125,3704280000,1.0,0.0003495862178053,0.008075059229948924,1.0214110057319878
2014-11-10,2032.010009765625,2038.699951171875,2030.1700439453125,2038.260009765625,3284940000,1.0,0.003120184693883,0.008080592992670992,0.9006877267114914
2014-11-11,2038.199951171875,2041.280029296875,2035.280029296875,2039.6800537109373,2958320000,1.0,0.0006966942090353,0.008015374467181762,0.8105179049189444
2014-11-12,2037.75,2040.3299560546875,2031.949951171875,2038.25,3246650000,1.0,-0.0007011166816753,0.007996049431788393,0.8873909822282371
2014-11-13,2039.2099609375,2046.1800537109373,2030.43994140625,2039.3299560546875,3455270000,1.0,0.0005298447465655,0.007991842006177611,0.9424396308892896
2014-11-14,2039.739990234375,2042.219970703125,2035.199951171875,2039.8199462890625,3227130000,1.0,0.0002402702088106,0.00798523779249866,0.8782547867175996
2014-11-17,2038.2900390625,2043.0699462890625,2034.4599609375,2041.3199462890625,3152890000,1.0,0.0007353590216279,0.00797901040842786,0.8563548636732186
2014-11-18,2041.47998046875,2056.080078125,2041.47998046875,2051.800048828125,3416190000,1.0,0.0051339833121772,0.007982310849047014,0.9251890817727414
2014-11-19,2051.159912109375,2052.139892578125,2040.3699951171875,2048.719970703125,3390850000,1.0,-0.0015011590075549,0.00798598826834371,0.9159528167537909
2014-11-20,2045.8699951171875,2053.840087890625,2040.489990234375,2052.75,3128290000,1.0,0.0019670962134916,0.007988267020535757,0.8441778178839007
2014-11-21,2057.4599609375,2071.4599609375,2056.75,2063.5,3916420000,1.0,0.0052368773596394,0.008006637384378274,1.052823433615929
2014-11-24,2065.070068359375,2070.169921875,2065.070068359375,2069.409912109375,3128060000,1.0,0.0028640233144536,0.008004206046581487,0.8393079212512445
2014-11-25,2070.14990234375,2074.2099609375,2064.75,2067.030029296875,3392940000,1.0,-0.0011500296768531,0.008006020492673604,0.9092443405439409
2014-11-26,2067.360107421875,2073.2900390625,2066.6201171875,2072.830078125,2745260000,1.0,0.0028059818899186,0.00800921839690092,0.7375129657007012
2014-11-28,2074.780029296875,2075.760009765625,2065.06005859375,2067.56005859375,2504640000,1.0,-0.0025424271805323,0.008014873295059007,0.6755226343397684
2014-12-01,2065.780029296875,2065.780029296875,2049.570068359375,2053.43994140625,4159010000,1.0,-0.0068293625274923,0.008049998224941153,1.1261011477377254
2014-12-02,2053.77001953125,2068.77001953125,2053.77001953125,2066.550048828125,3686650000,1.0,0.0063844610974581,0.008073253429279746,0.9963858597180385
2014-12-03,2067.449951171875,2076.280029296875,2066.64990234375,2074.330078125,3612680000,1.0,0.0037647427417917,0.008028955586158206,0.9746380125227663
2014-12-04,2073.639892578125,2077.340087890625,2062.340087890625,2071.919921875,3408340000,1.0,-0.0011618962070774,0.008023418269637261,0.9190420869579473
2014-12-05,2072.780029296875,2079.469970703125,2070.81005859375,2075.3701171875,3419620000,1.0,0.0016652165347093,0.008024428227094281,0.9213554094503095
2014-12-08,2074.840087890625,2075.780029296875,2054.27001953125,2060.31005859375,3800990000,1.0,-0.0072565652116833,0.0080442698523609,1.0193215167887335
2014-12-09,2056.550048828125,2060.60009765625,2034.1700439453125,2059.820068359375,3970150000,1.0,-0.0002378235413311,0.008043149138105783,1.0597083312402438
2014-12-10,2058.860107421875,2058.860107421875,2024.260009765625,2026.1400146484373,4114440000,1.0,-0.0163509688192151,0.008285155552711115,1.0972652854123432
2014-12-11,2027.9200439453125,2055.530029296875,2027.9200439453125,2035.3299560546875,3917950000,1.0,0.004535689211905,0.008302568990085177,1.0463745330447318
2014-12-12,2030.3599853515625,2032.25,2002.3299560546875,2002.3299560546875,4157650000,1.0,-0.0162135873359657,0.008548724443744736,1.1095315071828598
2014-12-15,2005.030029296875,2018.68994140625,1982.260009765625,1989.6300048828125,4361990000,1.0,-0.0063425866118981,0.00858726932764087,1.1591071994858888
2014-12-16,1986.7099609375,2016.8900146484373,1972.56005859375,1972.739990234375,4958680000,1.0,-0.0084890228871635,0.008594880972773462,1.306551798623213
2014-12-17,1973.77001953125,2016.75,1973.77001953125,2012.8900146484373,4942370000,1.0,0.0203524157328469,0.00895892856242755,1.293701766951237
2014-12-18,2018.97998046875,2061.22998046875,2018.97998046875,2061.22998046875,4703380000,1.0,0.0240152047397161,0.00942147495361763,1.2294613162156374
2014-12-19,2061.0400390625,2077.85009765625,2061.030029296875,2070.64990234375,6465530000,1.0,0.0045700489340145,0.009174509928627063,1.6715469769093099
2014-12-22,2069.280029296875,2078.760009765625,2069.280029296875,2078.5400390625,3369520000,1.0,0.0038104639078866,0.009127495303139763,0.8764813930308607
2014-12-23,2081.47998046875,2086.72998046875,2079.77001953125,2082.169921875,3043950000,1.0,0.0017463617463617,0.009117423080137372,0.7972214542626749
2014-12-24,2083.25,2087.56005859375,2081.860107421875,2081.8798828125,1416980000,1.0,-0.0001392965384107,0.009105691262666925,0.3778312881892965
2014-12-26,2084.300048828125,2092.699951171875,2084.300048828125,2088.77001953125,1735230000,1.0,0.0033095745703839,0.008917278775963784,0.4736941069999488
2014-12-29,2087.6298828125,2093.550048828125,2085.75,2090.570068359375,2452360000,1.0,0.0008617745425745,0.008915989063214733,0.6791790451402208
2014-12-30,2088.489990234375,2088.489990234375,2079.530029296875,2080.35009765625,2440280000,1.0,-0.0048886047197381,0.008853524786769507,0.6835644197587731
2014-12-31,2082.110107421875,2085.580078125,2057.93994140625,2058.89990234375,2606070000,1.0,-0.0103108584159301,0.008967151937468762,0.7329827823425309
2015-01-02,2058.89990234375,2072.360107421875,2046.0400390625,2058.199951171875,2708700000,1.0,-0.0003399636723855,0.008721320395729908,0.7673667617071662
2015-01-05,2054.43994140625,2054.43994140625,2017.3399658203125,2020.5799560546875,3799120000,1.0,-0.0182781051451137,0.008802633243588365,1.0760528060978969
2015-01-06,2022.1500244140625,2030.25,1992.43994140625,2002.6099853515625,4460110000,1.0,-0.0088934717229465,0.008447768246414487,1.2584873141117587
2015-01-07,2005.550048828125,2029.6099853515625,2005.550048828125,2025.9000244140625,3805480000,1.0,0.0116298426717429,0.008412075064786976,1.0693856340921088
2015-01-08,2030.6099853515625,2064.080078125,2030.6099853515625,2062.139892578125,3934010000,1.0,0.0178882806295161,0.008368557770204189,1.1030544042769914
2015-01-09,2063.449951171875,2064.429931640625,2038.3299560546875,2044.81005859375,3364140000,1.0,-0.0084038110347154,0.008468102637509304,0.9448007676720381
2015-01-12,2046.1300048828125,2049.300048828125,2022.5799560546875,2028.260009765625,3456460000,1.0,-0.0080936851609125,0.008467975855775578,0.9722787230886084
2015-01-13,2031.5799560546875,2056.929931640625,2008.25,2023.030029296875,4107300000,1.0,-0.0025785552362955,0.00848241677160374,1.1519780882677793
2015-01-14,2018.4000244140625,2018.4000244140625,1988.43994140625,2011.27001953125,4378680000,1.0,-0.0058130673273852,0.008396823892924026,1.2274974361958848
2015-01-15,2013.75,2021.3499755859373,1991.469970703125,1992.6700439453125,4276720000,1.0,-0.0092478759218379,0.008433848363301149,1.1940855919185296
2015-01-16,1992.25,2020.4599609375,1988.1199951171875,2019.4200439453125,4056410000,1.0,0.0134241993958204,0.008236791604975292,1.131940695874482
2015-01-20,2020.760009765625,2028.93994140625,2004.489990234375,2022.550048828125,3944340000,1.0,0.0015499523698385,0.00817024668180444,1.099576771915305
2015-01-21,2020.18994140625,2038.2900390625,2012.0400390625,2032.1199951171875,3730070000,1.0,0.0047316239687653,0.008047721477940127,1.0394945331138006
2015-01-22,2034.300048828125,2064.6201171875,2026.3800048828125,2063.14990234375,4176050000,1.0,0.0152697219165804,0.008225387852649457,1.1607279945450886
2015-01-23,2062.97998046875,2062.97998046875,2050.5400390625,2051.820068359375,3573560000,1.0,-0.0054915224393071,0.00826076962125969,0.9916755597301955
2015-01-26,2050.419921875,2057.6201171875,2040.969970703125,2057.090087890625,3465760000,1.0,0.0025684608570302,0.00813388386531348,0.9590596513319399
2015-01-27,2047.8599853515625,2047.8599853515625,2019.9100341796875,2029.550048828125,3329810000,1.0,-0.013387862410411,0.008329449612702556,0.9210151017478269
2015-01-28,2032.3399658203125,2042.489990234375,2001.489990234375,2002.1600341796875,4067530000,1.0,-0.0134956093663483,0.008484353475322347,1.1212684433859956
2015-01-29,2002.449951171875,2024.6400146484373,1989.1800537109373,2021.25,4127140000,1.0,0.0095346852870998,0.008437914407059459,1.1320833384764986
2015-01-30,2019.3499755859373,2023.3199462890625,1993.3800048828125,1994.989990234375,4568650000,1.0,-0.0129919652520098,0.008604591017287427,1.2435320627484976
2015-02-02,1996.6700439453125,2021.6600341796875,1980.9000244140625,2020.8499755859373,4008330000,1.0,0.0129624637106695,0.008761433035713037,1.0875140709967759
2015-02-03,2022.7099609375,2050.300048828125,2022.7099609375,2050.030029296875,4615900000,1.0,0.0144394952932995,0.008927018287270836,1.2440860162888239
2015-02-04,2048.860107421875,2054.739990234375,2036.719970703125,2041.510009765625,4141920000,1.0,-0.0041560462088314,0.008932736296011583,1.1102716154249352
2015-02-05,2043.449951171875,2063.550048828125,2043.449951171875,2062.52001953125,3821990000,1.0,0.0102914066867774,0.009028693918438722,1.025030989701925
2015-02-06,2062.280029296875,2072.39990234375,2049.969970703125,2055.469970703125,4232970000,1.0,-0.0034181723141418,0.009033401877123773,1.1285644212225792
2015-02-09,2053.469970703125,2056.159912109375,2041.8800048828125,2046.739990234375,3549540000,1.0,-0.0042471943609877,0.009051141115567533,0.9455635892406172
2015-02-10,2049.3798828125,2070.860107421875,2048.6201171875,2068.590087890625,3669850000,1.0,0.0106755610192323,0.009152715675217499,0.9728208717043352
2015-02-11,2068.550048828125,2073.47998046875,2057.989990234375,2068.530029296875,3596860000,1.0,-2.903358867545336e-05,0.009152749141907696,0.9479829395435863
2015-02-12,2069.97998046875,2088.530029296875,2069.97998046875,2088.47998046875,3788350000,1.0,0.0096445064317758,0.009232267123147312,1.0004063577291626
2015-02-13,2088.780029296875,2097.030029296875,2086.699951171875,2096.989990234375,3527450000,1.0,0.0040747384917307,0.009244167585813064,0.9322932238144392
2015-02-17,2096.469970703125,2101.300048828125,2089.800048828125,2100.340087890625,3361750000,1.0,0.0015975744623728,0.009225313844946821,0.8896793385798148
2015-02-18,2099.159912109375,2100.22998046875,2092.14990234375,2099.679931640625,3370020000,1.0,-0.0003143092177338,0.009222371481463005,0.8920489055895453
2015-02-19,2099.25,2102.1298828125,2090.7900390625,2097.449951171875,3247100000,1.0,-0.0010620573331896,0.009222224270493375,0.8602975451568118
2015-02-20,2097.64990234375,2110.610107421875,2085.43994140625,2110.300048828125,3281600000,1.0,0.0061265336267357,0.009230842680940337,0.8718375432119626
2015-02-23,2109.830078125,2110.050048828125,2103.0,2109.659912109375,3093680000,1.0,-0.0003033391953459,0.009225658968216954,0.8257576335897219
2015-02-24,2109.10009765625,2117.93994140625,2105.8701171875,2115.47998046875,3199840000,1.0,0.0027587708928666,0.009228595057118143,0.8582841409109092
2015-02-25,2115.300048828125,2119.590087890625,2109.889892578125,2113.860107421875,3312340000,1.0,-0.0007657236475081,0.009224514804170497,0.8913555566654496
2015-02-26,2113.909912109375,2113.909912109375,2103.760009765625,2110.739990234375,3408690000,1.0,-0.0014760282274807,0.00921983729419173,0.9209959484381255
2015-02-27,2110.8798828125,2112.739990234375,2103.75,2104.5,3547380000,1.0,-0.0029563045487578,0.009181942556937533,0.962706513978103
2015-03-02,2105.22998046875,2117.52001953125,2104.5,2117.389892578125,3409490000,1.0,0.0061249192578403,0.009179160496740174,0.9331314840444038
2015-03-03,2115.760009765625,2115.760009765625,2098.260009765625,2107.780029296875,3262300000,1.0,-0.0045385421527393,0.00919086955132785,0.9011346235959876
2015-03-04,2107.719970703125,2107.719970703125,2094.489990234375,2098.530029296875,3421110000,1.0,-0.0043885034830155,0.009209038104374378,0.951744303989319
2015-03-05,2098.5400390625,2104.25,2095.219970703125,2101.0400390625,3103030000,1.0,0.0011960799848387,0.009208018984805168,0.8797136090691444
2015-03-06,2100.909912109375,2100.909912109375,2067.27001953125,2071.260009765625,3853570000,1.0,-0.0141739465898818,0.00934582754687472,1.0895025879846063
2015-03-09,2072.25,2083.489990234375,2072.2099609375,2079.429931640625,3349090000,1.0,0.0039444211911976,0.009358615980619813,0.9452422794916838
2015-03-10,2076.139892578125,2076.139892578125,2044.1600341796875,2044.1600341796875,3668900000,1.0,-0.0169613300858424,0.009377225824626639,1.0225073120044403
2015-03-11,2044.68994140625,2050.080078125,2039.68994140625,2040.239990234375,3406570000,1.0,-0.0019176795748703,0.009363544815796286,0.9406341574645276
2015-03-12,2041.0999755859373,2066.409912109375,2041.0999755859373,2065.949951171875,3405860000,1.0,0.0126014395662084,0.009251811999181752,0.935512006771122
2015-03-13,2064.56005859375,2064.56005859375,2041.1700439453125,2053.39990234375,3498560000,1.0,-0.0060747109681946,0.009248486948315173,0.9554200485389301
2015-03-16,2055.35009765625,2081.409912109375,2055.35009765625,2081.18994140625,3295600000,1.0,0.013533671171787,0.009319685702745037,0.8966170797554985
2015-03-17,2080.590087890625,2080.590087890625,2065.080078125,2074.280029296875,3221840000,1.0,-0.003320173700583,0.008978566013525513,0.8741089316447597
2015-03-18,2072.840087890625,2106.85009765625,2061.22998046875,2099.5,4128210000,1.0,0.0121584214025691,0.008574531948006574,1.1180173577448094
2015-03-19,2098.68994140625,2098.68994140625,2085.56005859375,2089.27001953125,3305220000,1.0,-0.0048725794087878,0.008582281385082328,0.9007667972151071
2015-03-20,2090.320068359375,2113.919921875,2090.320068359375,2108.10009765625,5554120000,1.0,0.0090127546697984,0.008645570566405431,1.4993656583897927
2015-03-23,2107.989990234375,2114.860107421875,2104.419921875,2104.419921875,3267960000,1.0,-0.0017457310425351,0.008647231981962404,0.8853879452793209
2015-03-24,2103.93994140625,2107.6298828125,2091.5,2091.5,3189820000,1.0,-0.0061394219569488,0.00868599379662823,0.8650345716066399
2015-03-25,2093.10009765625,2097.429931640625,2061.050048828125,2061.050048828125,3521140000,1.0,-0.0145589056523428,0.008878751026463742,0.9545490600546075
2015-03-26,2059.93994140625,2067.14990234375,2045.5,2056.14990234375,3510670000,1.0,-0.0023774999967425,0.008882132700585427,0.9547993416568694
2015-03-27,2055.780029296875,2062.830078125,2052.9599609375,2061.02001953125,3008550000,1.0,0.0023685613495147,0.00886712752938431,0.8243812886286157
2015-03-30,2064.110107421875,2088.969970703125,2064.110107421875,2086.239990234375,2917690000,1.0,0.0122366451873965,0.008905485206792041,0.805483590517319
2015-03-31,2084.050048828125,2084.050048828125,2067.0400390625,2067.889892578125,3376550000,1.0,-0.0087957750508792,0.008981703247263413,0.9356728808576994
2015-04-01,2067.6298828125,2067.6298828125,2048.3798828125,2059.68994140625,3543270000,1.0,-0.003965371271123,0.00866948028276281,0.9840598889371824
2015-04-02,2060.030029296875,2072.169921875,2057.320068359375,2066.9599609375,3095960000,1.0,0.0035296669586522,0.008592831690134342,0.8628692422940266
2015-04-06,2064.8701171875,2086.989990234375,2056.52001953125,2080.6201171875,3302970000,1.0,0.0066088151237357,0.0085072558189767,0.9250666261273004
2015-04-07,2080.7900390625,2089.81005859375,2076.10009765625,2076.330078125,3065510000,1.0,-0.0020619040578628,0.008199632356593801,0.8610111976872452
2015-04-08,2076.93994140625,2086.68994140625,2073.300048828125,2081.89990234375,3265330000,1.0,0.0026825331277673,0.008128273190732666,0.9181684960508404
2015-04-09,2081.2900390625,2093.31005859375,2074.2900390625,2091.179931640625,3172360000,1.0,0.004457481018385,0.008069044806752837,0.8928170884486013
2015-04-10,2091.510009765625,2102.610107421875,2091.510009765625,2102.06005859375,3156200000,1.0,0.0052028650373423,0.008080576192196343,0.8928490603613716
2015-04-13,2102.030029296875,2107.64990234375,2092.330078125,2092.429931640625,2908420000,1.0,-0.0045812805936512,0.008065373810203023,0.8284676905519556
2015-04-14,2092.280029296875,2098.6201171875,2083.239990234375,2095.840087890625,3301270000,1.0,0.0016297588743277,0.007959730794587554,0.9472107341387457
2015-04-15,2097.820068359375,2111.909912109375,2097.820068359375,2106.6298828125,4013760000,1.0,0.0051481956969028,0.007808819135992039,1.1516047139542955
2015-04-16,2105.9599609375,2111.300048828125,2100.02001953125,2104.989990234375,3434120000,1.0,-0.0007784436134247,0.007810485348096962,0.9920250788118185
2015-04-17,2102.580078125,2102.580078125,2072.3701171875,2081.179931640625,3627600000,1.0,-0.0113112455186064,0.007943463247617657,1.0510393833809568
2015-04-20,2084.110107421875,2103.93994140625,2084.110107421875,2100.39990234375,3000160000,1.0,0.0092351316726246,0.007789071276761292,0.8734080076762647
2015-04-21,2102.820068359375,2109.639892578125,2094.3798828125,2097.2900390625,3243410000,1.0,-0.0014806053255762,0.007755417303366061,0.9496948477119785
2015-04-22,2098.27001953125,2109.97998046875,2091.050048828125,2107.9599609375,3348480000,1.0,0.0050874803562075,0.007774178449658627,0.9816159256489726
2015-04-23,2107.2099609375,2120.489990234375,2103.18994140625,2112.929931640625,3636670000,1.0,0.0023577158936711,0.007562468529184169,1.0663070351570196
2015-04-24,2112.800048828125,2120.919921875,2112.800048828125,2117.68994140625,3375780000,1.0,0.0022528005753266,0.00733120415292626,0.991096461343662
2015-04-27,2119.2900390625,2125.919921875,2107.0400390625,2108.919921875,3438750000,1.0,-0.0041413142499162,0.0072725143032272175,1.0116605666464182
2015-04-28,2108.35009765625,2116.0400390625,2094.889892578125,2114.760009765625,3546270000,1.0,0.0027692316953564,0.007049559029778359,1.0431768193048205
2015-04-29,2112.489990234375,2113.64990234375,2097.409912109375,2106.85009765625,4074970000,1.0,-0.003740335580798,0.006897171943053196,1.193691334399139
2015-04-30,2105.52001953125,2105.52001953125,2077.590087890625,2085.510009765625,4509680000,1.0,-0.0101289066148392,0.006797326125912993,1.3122701836528767
2015-05-01,2087.3798828125,2108.409912109375,2087.3798828125,2108.2900390625,3379390000,1.0,0.010923001659165,0.006907319964507384,0.9826109848638381
2015-05-04,2110.22998046875,2120.949951171875,2110.22998046875,2114.489990234375,3091580000,1.0,0.0029407486906458,0.0067960872161290774,0.8999201197836475
2015-05-05,2112.6298828125,2115.239990234375,2088.4599609375,2089.4599609375,3793950000,1.0,-0.0118373836776123,0.006961939490317317,1.099887191949253
2015-05-06,2091.260009765625,2098.419921875,2067.929931640625,2080.14990234375,3792210000,1.0,-0.0044557248130147,0.006964298245346715,1.0956197111179538
2015-05-07,2079.9599609375,2092.89990234375,2074.989990234375,2088.0,3676640000,1.0,0.003773813438832,0.006845907725795465,1.059998686476235
2015-05-08,2092.1298828125,2117.659912109375,2092.1298828125,2116.10009765625,3399440000,1.0,0.0134579011763649,0.007057130227545852,0.9801324411659316
2015-05-11,2115.56005859375,2117.68994140625,2104.580078125,2105.330078125,2992670000,1.0,-0.0050895605284355,0.006986114531769855,0.8656206687077088
2015-05-12,2102.8701171875,2105.06005859375,2085.570068359375,2099.1201171875,3139520000,1.0,-0.0029496376848567,0.00697821730876177,0.9095170305580711
2015-05-13,2099.6201171875,2110.18994140625,2096.0400390625,2098.47998046875,3374260000,1.0,-0.0003049547824864,0.006975345759972007,0.9768873636646516
2015-05-14,2100.429931640625,2121.449951171875,2100.429931640625,2121.10009765625,3225740000,1.0,0.0107792866255731,0.007112308653023102,0.9349467498243138
2015-05-15,2122.070068359375,2123.889892578125,2116.81005859375,2122.72998046875,3092080000,1.0,0.0007684139066803,0.007110754958196717,0.8962636973781892
2015-05-18,2121.300048828125,2131.780029296875,2120.010009765625,2129.199951171875,2888190000,1.0,0.0030479480492833,0.00707847974621985,0.8418761035779946
2015-05-19,2129.449951171875,2133.02001953125,2124.5,2127.830078125,3296030000,1.0,-0.0006433745436266,0.007079003896435698,0.9610543276500628
2015-05-20,2127.7900390625,2134.719970703125,2122.590087890625,2125.85009765625,3025880000,1.0,-0.0009305162517933,0.007072134703894217,0.8856050286097475
2015-05-21,2125.550048828125,2134.280029296875,2122.949951171875,2130.820068359375,3070460000,1.0,0.0023378744854138,0.007076998357428767,0.9004240860613122
2015-05-22,2130.360107421875,2132.14990234375,2126.06005859375,2126.06005859375,2571860000,1.0,-0.0022338863033564,0.007080639254846488,0.7579150590301212
2015-05-26,2125.340087890625,2125.340087890625,2099.179931640625,2104.199951171875,3342130000,1.0,-0.0102819801978378,0.007197226420922136,0.985818918185168
2015-05-27,2105.1298828125,2126.219970703125,2105.1298828125,2123.47998046875,3127960000,1.0,0.0091626412623655,0.007251357798863959,0.9235591495824739
2015-05-28,2122.27001953125,2122.27001953125,2112.860107421875,2120.7900390625,2980350000,1.0,-0.0012667608976734,0.007228351229099971,0.8812326062007481
2015-05-29,2120.659912109375,2120.659912109375,2104.889892578125,2107.389892578125,3927390000,1.0,-0.0063184691730722,0.00725304346365076,1.1626349708251118
2015-06-01,2108.639892578125,2119.14990234375,2102.5400390625,2111.72998046875,3011710000,1.0,0.0020594612823712,0.007256118564359853,0.8931159867260459
2015-06-02,2110.409912109375,2117.590087890625,2099.139892578125,2109.60009765625,3049350000,1.0,-0.001008596189948,0.007011785052863177,0.9179142877835809
2015-06-03,2110.639892578125,2121.919921875,2109.610107421875,2114.070068359375,3099980000,1.0,0.0021188711112078,0.006999785464237732,0.934099573125794
2015-06-04,2112.35009765625,2112.889892578125,2093.22998046875,2095.840087890625,3200050000,1.0,-0.0086231675768898,0.006728817417407806,0.9641936610560311
2015-06-05,2095.090087890625,2100.989990234375,2085.669921875,2092.830078125,3243690000,1.0,-0.0014361829335245,0.006726246441971787,0.9789794473742524
2015-06-08,2092.340087890625,2093.010009765625,2079.110107421875,2079.280029296875,2917150000,1.0,-0.0064745097892824,0.0065914598448641604,0.8835918375457122
2015-06-09,2079.070068359375,2085.6201171875,2072.139892578125,2080.14990234375,3034580000,1.0,0.0004183530042218,0.006540997373878243,0.9190159480875221
2015-06-10,2081.1201171875,2108.5,2081.1201171875,2105.199951171875,3414320000,1.0,0.0120424248271244,0.006492267859969705,1.0309183099476105
2015-06-11,2106.239990234375,2115.02001953125,2106.239990234375,2108.860107421875,3128600000,1.0,0.0017386264178671,0.0064784541203120475,0.9460646962378159
2015-06-12,2107.429931640625,2107.429931640625,2091.330078125,2094.110107421875,2719400000,1.0,-0.0069942998817651,0.006354736530486989,0.8264436186694203
2015-06-15,2091.340087890625,2091.340087890625,2072.489990234375,2084.429931640625,3061570000,1.0,-0.0046225724936533,0.0063515839546567105,0.9306258672268147
2015-06-16,2084.260009765625,2097.39990234375,2082.10009765625,2096.2900390625,2919900000,1.0,0.0056898566086796,0.006285644274227367,0.8896342302026906
2015-06-17,2097.39990234375,2106.7900390625,2088.860107421875,2100.43994140625,3222240000,1.0,0.001979641302692,0.006287252479166822,0.9808143622898574
2015-06-18,2101.580078125,2126.64990234375,2101.580078125,2121.239990234375,3520360000,1.0,0.0099027105789082,0.006362913943890117,1.0698977191201502
2015-06-19,2121.06005859375,2121.639892578125,2109.449951171875,2109.989990234375,4449810000,1.0,-0.0053035017498218,0.006104633517425726,1.3419535262555824
2015-06-22,2112.5,2129.8701171875,2112.5,2122.85009765625,3030020000,1.0,0.006094866554531,0.0061369759433733085,0.9144756618285288
2015-06-23,2123.159912109375,2128.030029296875,2119.889892578125,2124.199951171875,3091190000,1.0,0.0006358685039113,0.006132351842517396,0.9319089839849934
2015-06-24,2123.64990234375,2125.10009765625,2108.580078125,2108.580078125,3102480000,1.0,-0.0073532969616433,0.006018507631420781,0.93643501524686
2015-06-25,2109.9599609375,2116.0400390625,2101.780029296875,2102.31005859375,3214610000,1.0,-0.0029735743006855,0.005917169083983919,0.9749832321967542
2015-06-26,2102.6201171875,2108.919921875,2095.3798828125,2101.489990234375,5025470000,1.0,-0.0003900796440671,0.005891511832606432,1.5096399444432362
2015-06-29,2098.6298828125,2098.6298828125,2056.639892578125,2057.639892578125,3678960000,1.0,-0.0208661939195624,0.006480842671733091,1.1048104432178916
2015-06-30,2061.18994140625,2074.280029296875,2056.320068359375,2063.110107421875,4078540000,1.0,0.0026584898861461,0.006431882184804161,1.2169245043375019
2015-07-01,2067.0,2082.780029296875,2067.0,2077.419921875,3727260000,1.0,0.0069360401084006,0.006490479603150353,1.108910370293105
2015-07-02,2078.030029296875,2085.06005859375,2071.02001953125,2076.780029296875,2996540000,1.0,-0.0003080227407983,0.006481236870435741,0.8933821317491637
2015-07-06,2073.949951171875,2078.610107421875,2058.39990234375,2068.760009765625,3486360000,1.0,-0.0038617568630825,0.006472800228886633,1.0403484610520148
2015-07-07,2069.52001953125,2083.739990234375,2044.02001953125,2081.340087890625,4458660000,1.0,0.0060809751085748,0.006486108062580403,1.3219445897241584
2015-07-08,2077.659912109375,2077.659912109375,2044.6600341796875,2046.6800537109373,3608780000,1.0,-0.0166527490540071,0.006805429137610975,1.0688866427111674
2015-07-09,2049.72998046875,2074.280029296875,2049.72998046875,2051.31005859375,3446810000,1.0,0.0022622025726091,0.006809029337967197,1.021514512677525
2015-07-10,2052.739990234375,2081.31005859375,2052.739990234375,2076.6201171875,3065070000,1.0,0.0123384851001515,0.0069685739082340934,0.9138503574847286
2015-07-13,2080.030029296875,2100.669921875,2080.030029296875,2099.60009765625,3096730000,1.0,0.0110660492396044,0.007118501747352607,0.9311349856321494
2015-07-14,2099.719970703125,2111.97998046875,2098.179931640625,2108.949951171875,3002120000,1.0,0.0044531592116336,0.006984262774620415,0.9047399910735086
2015-07-15,2109.010009765625,2114.139892578125,2102.489990234375,2107.39990234375,3261810000,1.0,-0.000734986066058,0.006884638064444965,0.9819944354822783
2015-07-16,2110.550048828125,2124.419921875,2110.550048828125,2124.2900390625,3227080000,1.0,0.0080146804125622,0.006956937766370038,0.9748661155632686
2015-07-17,2126.800048828125,2128.909912109375,2119.8798828125,2126.639892578125,3362750000,1.0,0.0011061829940426,0.006928820409495253,1.0184932508826539
2015-07-20,2126.85009765625,2132.820068359375,2123.659912109375,2128.280029296875,3245870000,1.0,0.0007712338720222,0.006923357957229935,0.9856651939603208
2015-07-21,2127.550048828125,2128.489990234375,2115.39990234375,2119.2099609375,3343690000,1.0,-0.0042616893616069,0.006940789975568627,1.0157138575716853
2015-07-22,2118.2099609375,2118.510009765625,2110.0,2114.14990234375,3694070000,1.0,-0.0023877098952062,0.006926580629985706,1.1173873981295641
2015-07-23,2114.159912109375,2116.8701171875,2098.6298828125,2102.14990234375,3772810000,1.0,-0.0056760402782682,0.006956438421020407,1.1368493206162111
2015-07-24,2102.239990234375,2106.010009765625,2077.090087890625,2079.64990234375,3870040000,1.0,-0.0107033280428355,0.007075664866979845,1.1626734603748756
2015-07-27,2078.18994140625,2078.18994140625,2063.52001953125,2067.639892578125,3836750000,1.0,-0.0057750151850509,0.006993881155212669,1.148455835388885
2015-07-28,2070.75,2095.60009765625,2069.090087890625,2093.25,4117740000,1.0,0.0123861546267334,0.00703546273275872,1.2250426426843826
2015-07-29,2094.699951171875,2110.60009765625,2094.080078125,2108.570068359375,4038900000,1.0,0.00731879534665,0.007089972688307761,1.1934163625777912
2015-07-30,2106.780029296875,2110.47998046875,2094.969970703125,2108.6298828125,3579410000,1.0,2.836730636679441e-05,0.006918223426665397,1.055877766074023
2015-07-31,2111.60009765625,2114.239990234375,2102.070068359375,2103.840087890625,3681340000,1.0,-0.002271519985995,0.006899159864804363,1.0817625276571816
2015-08-03,2104.489990234375,2105.699951171875,2087.31005859375,2098.0400390625,3476770000,1.0,-0.0027568867336966,0.006893531030063705,1.019215819698087
2015-08-04,2097.679931640625,2102.510009765625,2088.60009765625,2093.320068359375,3546710000,1.0,-0.0022497047793397,0.006672490933136117,1.0338099527632354
2015-08-05,2095.27001953125,2112.659912109375,2095.27001953125,2099.840087890625,3968680000,1.0,0.0031146787487494,0.0066537636067220945,1.1525975789259015
2015-08-06,2100.75,2103.320068359375,2075.530029296875,2083.56005859375,4246570000,1.0,-0.0077529852824311,0.006718172868839403,1.2253417915774283
2015-08-07,2082.610107421875,2082.610107421875,2067.909912109375,2077.570068359375,3602320000,1.0,-0.002874882444434,0.006727675912214151,1.035726753665736
2015-08-10,2080.97998046875,2105.35009765625,2080.97998046875,2104.179931640625,3514460000,1.0,0.0128081664664447,0.006788337475395549,1.0128705917940668
2015-08-11,2102.659912109375,2102.659912109375,2076.489990234375,2084.070068359375,3708880000,1.0,-0.0095571024981548,0.006895703683121225,1.0646244199848152
2015-08-12,2081.10009765625,2089.06005859375,2052.090087890625,2086.050048828125,4269130000,1.0,0.0009500546545004,0.006883836885846495,1.2169210093802967
2015-08-13,2086.18994140625,2092.929931640625,2078.260009765625,2083.389892578125,3221300000,1.0,-0.0012752120935421,0.006884826524760006,0.9176010598857678
2015-08-14,2083.14990234375,2092.449951171875,2080.610107421875,2091.5400390625,2795590000,1.0,0.0039119641087868,0.00690599883860504,0.7981749377540666
2015-08-17,2089.699951171875,2102.8701171875,2079.300048828125,2102.43994140625,2867690000,1.0,0.0052114241851357,0.006934139793217622,0.820522067533977
2015-08-18,2101.989990234375,2103.469970703125,2094.139892578125,2096.919921875,2949990000,1.0,-0.0026255301863975,0.006936271054168696,0.8439116829412487
2015-08-19,2095.68994140625,2096.169921875,2070.530029296875,2079.610107421875,3512920000,1.0,-0.008254876246131,0.006891152847378713,1.0022077602032238
2015-08-20,2076.610107421875,2076.610107421875,2035.72998046875,2035.72998046875,3922470000,1.0,-0.0211001700734777,0.007292146961928273,1.11581385880712
2015-08-21,2034.0799560546875,2034.0799560546875,1970.8900146484373,1970.8900146484373,5018240000,1.0,-0.0318509657186375,0.008329276521415125,1.4123406211277179
2015-08-24,1965.1500244140625,1965.1500244140625,1867.010009765625,1893.2099609375,6612690000,0.0,-0.0394136928664655,0.009663799009414978,1.8211744798888903
2015-08-25,1898.0799560546875,1948.0400390625,1867.0799560546875,1867.6099853515625,5183560000,0.0,-0.0135219949789724,0.009768802268323743,1.411090435381218
2015-08-26,1872.75,1943.0899658203125,1872.75,1940.510009765625,5338250000,0.0,0.0390338587745018,0.011112860318527006,1.4343156385906664
2015-08-27,1942.77001953125,1989.5999755859373,1942.77001953125,1987.6600341796875,5006390000,0.0,0.0242977486211253,0.01158824381281507,1.3323751412111822
2015-08-28,1986.06005859375,1993.47998046875,1975.18994140625,1988.8699951171875,3949080000,0.0,0.0006087363616984,0.011545994218731974,1.0485952029746044
2015-08-31,1986.72998046875,1986.72998046875,1965.97998046875,1972.1800537109373,3915100000,0.0,-0.0083916703692172,0.011587261942803798,1.0425329254910232
2015-09-01,1970.0899658203125,1970.0899658203125,1903.0699462890625,1913.8499755859373,4371850000,0.0,-0.0295764466409867,0.01214525225962368,1.155898393362441
2015-09-02,1916.52001953125,1948.9100341796875,1916.52001953125,1948.8599853515625,3742620000,0.0,0.0182929750044313,0.012404765410491509,0.9861357318758016
2015-09-03,1950.7900390625,1975.010009765625,1944.719970703125,1951.1300048828125,3520700000,0.0,0.0011647935451044,0.012289725975809017,0.9256224611898204
2015-09-04,1947.760009765625,1947.760009765625,1911.2099609375,1921.219970703125,3167090000,0.0,-0.0153295957239322,0.012417629590478917,0.8328634419945111
2015-09-08,1927.300048828125,1970.4200439453125,1927.300048828125,1969.4100341796875,3548650000,0.0,0.0250830535864803,0.012858701178982834,0.9405091675161414
2015-09-09,1971.449951171875,1988.6300048828125,1937.8800048828125,1942.0400390625,3652120000,0.0,-0.0138975605090728,0.01295906620355605,0.968069853540509
2015-09-10,1941.5899658203125,1965.2900390625,1937.18994140625,1952.2900390625,3626320000,0.0,0.0052779550337942,0.012955519216259214,0.963541028691486
2015-09-11,1951.449951171875,1961.050048828125,1939.18994140625,1961.050048828125,3218590000,0.0,0.0044870432109727,0.012969666444758167,0.8575220525005693
2015-09-14,1963.06005859375,1963.06005859375,1948.27001953125,1953.030029296875,3000200000,0.0,-0.0040896557107467,0.012894771659318016,0.7993212829295752
2015-09-15,1955.0999755859373,1983.18994140625,1954.300048828125,1978.0899658203125,3239860000,0.0,0.0128313114225178,0.013011209519395509,0.8643073754962113
2015-09-16,1978.02001953125,1997.260009765625,1977.9300537109373,1995.31005859375,3630680000,0.0,0.0087054143496938,0.013039642616544092,0.9728654078699127
2015-09-17,1995.3299560546875,2020.8599853515625,1986.72998046875,1990.199951171875,4183790000,0.0,-0.0025610593200119,0.013039591243499944,1.1176309522378451
2015-09-18,1989.6600341796875,1989.6600341796875,1953.449951171875,1958.030029296875,6021240000,0.0,-0.0161641657442799,0.013161378365601299,1.586652267117401
2015-09-21,1960.8399658203125,1979.6400146484373,1955.800048828125,1966.969970703125,3269350000,0.0,0.0045657836051984,0.013179635631445313,0.8605773827097267
2015-09-22,1961.3900146484373,1961.3900146484373,1929.219970703125,1942.739990234375,3808260000,0.0,-0.0123184292742856,0.013259652459630797,0.9986914573495814
2015-09-23,1943.239990234375,1949.52001953125,1932.5699462890625,1938.760009765625,3190530000,0.0,-0.0020486428903282,0.013007270955379048,0.8358697810699347
2015-09-24,1934.81005859375,1937.1700439453125,1908.9200439453125,1932.239990234375,4091530000,0.0,-0.0033629843293694,0.013002515993382945,1.067277954338837
2015-09-25,1935.9300537109373,1952.8900146484373,1921.5,1931.3399658203125,3721870000,0.0,-0.0004657932858295,0.012960911332639671,0.9683522985589051
2015-09-28,1929.1800537109373,1929.1800537109373,1879.2099609375,1881.77001953125,4326660000,0.0,-0.0256660904689601,0.013341453918479733,1.1200878205432223
2015-09-29,1881.9000244140625,1899.47998046875,1871.9100341796875,1884.0899658203125,4132390000,0.0,0.001232853252514,0.01334273161381396,1.0649071278341071
2015-09-30,1887.1400146484373,1920.530029296875,1887.1400146484373,1920.030029296875,4525070000,0.0,0.0190755559068616,0.013570877284962281,1.159042682949944
2015-10-01,1919.6500244140625,1927.2099609375,1900.699951171875,1923.8199462890625,3983600000,0.0,0.0019738842280374,0.013424885800411101,1.018840466657374
2015-10-02,1921.77001953125,1951.3599853515625,1893.699951171875,1951.3599853515625,4378570000,0.0,0.0143152892845419,0.013563118121612991,1.116398255177866
2015-10-05,1954.3299560546875,1989.1700439453125,1954.3299560546875,1987.050048828125,4334490000,0.0,0.0182898408005083,0.013681639295705249,1.1025479561773759
2015-10-06,1986.6300048828125,1991.6199951171875,1971.989990234375,1979.9200439453125,4202400000,0.0,-0.0035882361830883,0.013599639367799685,1.0669639731073488
2015-10-07,1982.3399658203125,1999.31005859375,1976.43994140625,1995.8299560546875,4666470000,0.0,0.0080356336398674,0.013631307626462374,1.1814964391066012
2015-10-08,1994.010009765625,2016.5,1987.530029296875,2013.4300537109373,3939140000,0.0,0.008818435459823,0.013688076173676678,0.9978489380822668
2015-10-09,2013.72998046875,2020.1300048828125,2007.6099853515625,2014.8900146484373,3706900000,0.0,0.0007251113267179,0.013641980274364621,0.938412600494752
2015-10-12,2015.6500244140625,2018.6600341796875,2010.550048828125,2017.4599609375,2893250000,0.0,0.0012754772073806,0.0136423964256572,0.7353689474300098
2015-10-13,2015.0,2022.3399658203125,2001.780029296875,2003.68994140625,3401920000,0.0,-0.0068254239478691,0.013662932105251692,0.8649852402383916
2015-10-14,2003.6600341796875,2009.56005859375,1990.72998046875,1994.239990234375,3644590000,0.0,-0.0047162741982138,0.013664946445043664,0.9262264198030731
2015-10-15,1996.469970703125,2024.1500244140625,1996.469970703125,2023.8599853515625,3746290000,0.0,0.0148527736191401,0.013814021408036288,0.9531495822189945
2015-10-16,2024.3699951171875,2033.5400390625,2020.4599609375,2033.1099853515625,3595430000,0.0,0.00457047427537,0.013813958247249937,0.9178080331451681
2015-10-19,2031.72998046875,2034.449951171875,2022.31005859375,2033.6600341796875,3287320000,0.0,0.0002705455347167,0.01374856170119318,0.8405082792872898
2015-10-20,2033.1300048828125,2039.1199951171875,2026.6099853515625,2030.77001953125,3331500000,0.0,-0.0014210903493528,0.013730542688736663,0.8526019933611954
2015-10-21,2033.469970703125,2037.969970703125,2017.219970703125,2018.93994140625,3627790000,0.0,-0.0058254149958992,0.01364848973465186,0.9288144390155779
2015-10-22,2021.8800048828125,2055.199951171875,2021.8800048828125,2052.510009765625,4430850000,0.0,0.0166275715641113,0.013791157346686289,1.13348134834358
2015-10-23,2058.18994140625,2079.739990234375,2058.18994140625,2075.14990234375,4108460000,0.0,0.0110303445393233,0.013869264447714722,1.0462599351096065
2015-10-26,2075.080078125,2075.139892578125,2066.530029296875,2071.179931640625,3385800000,0.0,-0.0019131006866738,0.013868421960740469,0.8596432894200452
2015-10-27,2068.75,2070.3701171875,2058.840087890625,2065.889892578125,4216880000,0.0,-0.0025541185397203,0.013867804588989662,1.0633664937274723
2015-10-28,2066.47998046875,2090.35009765625,2063.110107421875,2090.35009765625,4698110000,0.0,0.011840033278637,0.013950907800920329,1.174364087237261
2015-10-29,2088.35009765625,2092.52001953125,2082.6298828125,2089.409912109375,4008940000,0.0,-0.0004497742019048,0.013945320784120483,0.9996167538175633
2015-10-30,2090.0,2094.320068359375,2079.340087890625,2079.360107421875,4256200000,0.0,-0.0048098770036724,0.013922699701373557,1.0595069401911543
2015-11-02,2080.760009765625,2106.199951171875,2080.760009765625,2104.050048828125,3760020000,0.0,0.0118738170065511,0.013999953756649405,0.9418917976490506
2015-11-03,2102.6298828125,2116.47998046875,2097.510009765625,2109.7900390625,4272060000,0.0,0.0027280673468637,0.013907580530521928,1.082857017278779
2015-11-04,2110.60009765625,2114.590087890625,2096.97998046875,2102.31005859375,4078870000,0.0,-0.0035453672309846,0.013858104276120333,1.0397109333052736
2015-11-05,2101.679931640625,2108.780029296875,2090.409912109375,2099.929931640625,4051890000,0.0,-0.0011321483923818,0.013858902892482592,1.0396516241174525
2015-11-06,2098.60009765625,2101.909912109375,2083.739990234375,2099.199951171875,4369020000,0.0,-0.0003476213457177,0.013857740792260506,1.124700877015539
2015-11-09,2096.56005859375,2096.56005859375,2068.239990234375,2078.580078125,3882350000,0.0,-0.0098227293857185,0.013909076361652496,0.9997626743388229
2015-11-10,2077.18994140625,2083.669921875,2069.909912109375,2081.719970703125,3821440000,0.0,0.0015105949543003,0.013893734454791466,0.9845523716400769
2015-11-11,2083.409912109375,2086.93994140625,2074.85009765625,2075.0,3692410000,0.0,-0.0032280858125481,0.013895830602006467,0.9546514388919247
2015-11-12,2072.2900390625,2072.2900390625,2045.6600341796875,2045.969970703125,4016370000,0.0,-0.013990375564759,0.01397253627476726,1.0369416179745738
2015-11-13,2044.6400146484373,2044.6400146484373,2022.02001953125,2023.0400390625,4278750000,0.0,-0.0112073647066993,0.013778455733642767,1.1003754302233262
2015-11-16,2022.0799560546875,2053.219970703125,2019.3900146484373,2053.18994140625,3741240000,0.0,0.0149032652649434,0.01325953062685022,0.9593098704422435
2015-11-17,2053.669921875,2066.68994140625,2045.9000244140625,2050.43994140625,4427350000,0.0,-0.0013393792481354,0.012170235467285769,1.130146027216421
2015-11-18,2051.989990234375,2085.31005859375,2051.989990234375,2083.580078125,3926390000,0.0,0.0161624517985254,0.01215657414046374,1.0008671961270337
2015-11-19,2083.699951171875,2086.739990234375,2078.760009765625,2081.239990234375,3628110000,0.0,-0.0011231091692577,0.011140340274029131,0.9248248761580289
2015-11-20,2082.820068359375,2097.06005859375,2082.820068359375,2089.169921875,3929600000,0.0,0.0038101956899896,0.010727603035203941,0.9980585404409785
2015-11-23,2089.409912109375,2095.610107421875,2081.389892578125,2086.590087890625,3587980000,0.0,-0.001234860772866,0.010731053650032017,0.9085794792179771
2015-11-24,2084.419921875,2094.1201171875,2070.2900390625,2089.139892578125,3884930000,0.0,0.00122199597434,0.010662179063472332,0.9805722051106275
2015-11-25,2089.300048828125,2093.0,2086.300048828125,2088.8701171875,2852940000,0.0,-0.0001291322766768,0.00987907027572829,0.7229320124017503
2015-11-27,2088.820068359375,2093.2900390625,2084.1298828125,2090.110107421875,1466840000,0.0,0.0005936176807606,0.00963048191039603,0.3768852226172655
2015-11-30,2090.949951171875,2093.81005859375,2080.409912109375,2080.409912109375,4275030000,0.0,-0.0046409972747631,0.009660090243926918,1.1083583111900885
2015-12-01,2082.929931640625,2103.3701171875,2082.929931640625,2102.6298828125,3712120000,0.0,0.0106805733686374,0.009491734700578047,0.9602118854247652
2015-12-02,2101.7099609375,2104.27001953125,2077.110107421875,2079.510009765625,3950640000,0.0,-0.0109956931725662,0.009110734800082594,1.0211575414096308
2015-12-03,2080.7099609375,2085.0,2042.3499755859373,2049.6201171875,4306490000,0.0,-0.014373526666262,0.00912407731756007,1.1067523951806804
2015-12-04,2051.239990234375,2093.840087890625,2051.239990234375,2091.68994140625,4214910000,0.0,0.0205256690573854,0.00945335244058318,1.0825301635556936
2015-12-07,2090.419921875,2090.419921875,2066.780029296875,2077.070068359375,4043820000,0.0,-0.0069895029647873,0.009501577084470393,1.0368737858690582
2015-12-08,2073.389892578125,2073.85009765625,2052.320068359375,2063.590087890625,4173570000,0.0,-0.0064899016523778,0.00952839591684355,1.0709837180358999
2015-12-09,2061.169921875,2080.330078125,2036.530029296875,2047.6199951171875,4385250000,0.0,-0.0077389850179799,0.00946396864812816,1.1238446715321284
2015-12-10,2047.9300537109373,2067.64990234375,2045.6700439453125,2052.22998046875,3715150000,0.0,0.002251387153161,0.009407018522948165,0.9560815241346924
2015-12-11,2047.27001953125,2047.27001953125,2008.800048828125,2012.3699951171875,4301060000,0.0,-0.0194227672974829,0.009746144690589863,1.1050579138873602
2015-12-14,2013.3699951171875,2022.9200439453125,1993.260009765625,2021.93994140625,4612440000,0.0,0.0047555600174336,0.009521265201078398,1.1836373689276176
2015-12-15,2025.550048828125,2053.8701171875,2025.550048828125,2043.4100341796875,4353540000,0.0,0.0106185610827318,0.0095959830981311,1.1170896232500716
2015-12-16,2046.5,2076.719970703125,2042.4300537109373,2073.070068359375,4635450000,0.0,0.0145149694303006,0.00960516288515847,1.1867884025238478
2015-12-17,2073.760009765625,2076.3701171875,2041.6600341796875,2041.8900146484373,4327390000,0.0,-0.0150405209099437,0.00982198297639852,1.109844492664171
2015-12-18,2040.81005859375,2040.81005859375,2005.3299560546875,2005.550048828125,6683070000,0.0,-0.0177972200067637,0.010101253682288239,1.6902157990704239
2015-12-21,2010.27001953125,2022.9000244140625,2005.9300537109373,2021.1500244140625,3760280000,0.0,0.0077784025360287,0.010141519213315447,0.9507560223127846
2015-12-22,2023.1500244140625,2042.739990234375,2020.489990234375,2038.969970703125,3520860000,0.0,0.008816736053143,0.009577154179512893,0.8874042612523226
2015-12-23,2042.199951171875,2064.72998046875,2042.199951171875,2064.2900390625,3484090000,0.0,0.0124180683007526,0.009682461379070034,0.8777731018168325
2015-12-24,2063.52001953125,2067.360107421875,2058.72998046875,2060.989990234375,1411860000,0.0,-0.001598636221499,0.009413033176350897,0.3597477744769317
2015-12-28,2057.77001953125,2057.77001953125,2044.199951171875,2056.5,2492510000,0.0,-0.002178559942382,0.009422693641916169,0.6391858622963505
2015-12-29,2060.5400390625,2081.56005859375,2060.5400390625,2078.360107421875,2542000000,0.0,0.0106297629087648,0.009347164272336724,0.655418360604272
2015-12-30,2077.340087890625,2077.340087890625,2061.969970703125,2063.360107421875,2367430000,0.0,-0.0072172285959659,0.00912934596896721,0.6133173196865007
2015-12-31,2060.590087890625,2062.5400390625,2043.6199951171875,2043.93994140625,2655330000,0.0,-0.0094119130954266,0.009206013642946162,0.6903205122472337
2016-01-04,2038.199951171875,2038.199951171875,1989.6800537109373,2012.6600341796875,4304880000,0.0,-0.0153037310895943,0.009376812456343569,1.1152367240773549
2016-01-05,2013.780029296875,2021.93994140625,2004.1700439453125,2016.7099609375,3706620000,0.0,0.0020122259542274,0.009311517946451764,0.9638663120010044
2016-01-06,2011.7099609375,2011.7099609375,1979.050048828125,1990.260009765625,4336660000,0.0,-0.0131153967026469,0.009465175253127758,1.1263645871676107
2016-01-07,1985.3199462890625,1985.3199462890625,1938.8299560546875,1943.0899658203125,5076590000,0.0,-0.0237004430144116,0.009938310628607812,1.3070672865228652
2016-01-08,1945.969970703125,1960.4000244140625,1918.4599609375,1922.030029296875,4664940000,0.0,-0.0108383743902185,0.009994417077874072,1.1983151549283444
2016-01-11,1926.1199951171875,1935.6500244140625,1901.0999755859373,1923.6700439453125,4607290000,0.0,0.0008532721255336,0.009981810942534907,1.1840586750366748
2016-01-12,1927.8299560546875,1947.3800048828125,1914.3499755859373,1938.6800537109373,4887260000,0.0,0.0078027985167561,0.009837867007383799,1.2503652780956611
2016-01-13,1940.3399658203125,1950.3299560546875,1886.4100341796875,1890.280029296875,5087030000,0.0,-0.0249654523042195,0.010299394249824526,1.2959653552569874
2016-01-14,1891.6800537109373,1934.469970703125,1878.9300537109373,1921.8399658203125,5241110000,0.0,0.0166959053866622,0.010553253211006164,1.3252179408037241
2016-01-15,1916.6800537109373,1916.6800537109373,1857.8299560546875,1880.3299560546875,5468460000,0.0,-0.02159909800185,0.010886787823585686,1.3743881936011275
2016-01-19,1888.6600341796875,1901.43994140625,1864.5999755859373,1881.3299560546875,4928350000,0.0,0.0005318215543925,0.010872167639829964,1.2333758227156175
2016-01-20,1876.1800537109373,1876.1800537109373,1812.2900390625,1859.3299560546875,6416070000,0.0,-0.0116938551524135,0.01070215734980024,1.5869163341623496
2016-01-21,1861.4599609375,1889.8499755859373,1848.97998046875,1868.989990234375,5078810000,0.0,0.0051954383611314,0.01061166604541842,1.2517705118860785
2016-01-22,1877.4000244140625,1908.8499755859373,1877.4000244140625,1906.9000244140625,4901760000,0.0,0.0202837010244947,0.010984028601444174,1.202092537994679
2016-01-25,1906.280029296875,1906.280029296875,1875.969970703125,1877.0799560546875,4401380000,0.0,-0.0156379820533789,0.011137805892749538,1.0763193457482405
2016-01-26,1878.7900390625,1906.72998046875,1878.7900390625,1903.6300048828125,4357940000,0.0,0.0141443355902264,0.011188564147975685,1.0622388911145784
2016-01-27,1902.52001953125,1916.989990234375,1872.699951171875,1882.949951171875,4754040000,0.0,-0.0108634837956395,0.011252637502247817,1.154635253209575
2016-01-28,1885.219970703125,1902.9599609375,1873.6500244140625,1893.3599853515625,4693010000,0.0,0.0055285772057875,0.011282859338682658,1.1375236224104426
2016-01-29,1894.0,1940.239990234375,1894.0,1940.239990234375,5497570000,0.0,0.0247602174153414,0.011658116570081868,1.321288590268518
2016-02-01,1936.93994140625,1947.199951171875,1920.300048828125,1939.3800048828125,4322530000,0.0,-0.0004432365871701,0.011646806211188764,1.0394026202046058
2016-02-02,1935.260009765625,1935.260009765625,1897.2900390625,1903.030029296875,4463190000,0.0,-0.0187430908302749,0.01185899882120519,1.0704624517520922
2016-02-03,1907.0699462890625,1918.010009765625,1872.22998046875,1912.530029296875,5172950000,0.0,0.0049920389346194,0.011889316179672944,1.231566675564443
2016-02-04,1911.6700439453125,1927.3499755859373,1900.52001953125,1915.449951171875,5193320000,0.0,0.0015267325638141,0.011894822255301796,1.2290209606513178
2016-02-05,1913.0699462890625,1913.0699462890625,1872.6500244140625,1880.050048828125,4929940000,0.0,-0.0184812463108693,0.012049565411497163,1.1593273843986027
2016-02-08,1873.25,1873.25,1828.4599609375,1853.43994140625,5636460000,0.0,-0.0141539356563734,0.012150300261601129,1.3146432259439573
2016-02-09,1848.4599609375,1868.25,1834.93994140625,1852.2099609375,5183220000,0.0,-0.0006636203533073,0.012149921380957546,1.1959298487128738
2016-02-10,1857.0999755859373,1881.5999755859373,1850.3199462890625,1851.8599853515625,4471170000,0.0,-0.0001889502774082,0.01204577639085384,1.0175309061838949
2016-02-11,1847.0,1847.0,1810.0999755859373,1829.0799560546875,5500800000,0.0,-0.0123011617925047,0.012061397676655263,1.2449044982540152
2016-02-12,1833.4000244140625,1864.780029296875,1833.4000244140625,1864.780029296875,4696920000,0.0,0.0195180495658551,0.012182568402254077,1.0582585656528707
2016-02-16,1871.43994140625,1895.77001953125,1871.43994140625,1895.5799560546875,4570670000,0.0,0.0165166541221624,0.012403396212109659,1.0269440504033838
2016-02-17,1898.800048828125,1930.6800537109373,1898.800048828125,1926.8199462890625,5011540000,0.0,0.016480439210486,0.012411020287957075,1.1224431334733813
2016-02-18,1927.5699462890625,1930.0,1915.0899658203125,1917.8299560546875,4436490000,0.0,-0.0046657137070276,0.012418941990137532,0.9926629368202234
2016-02-19,1916.739990234375,1918.780029296875,1902.1700439453125,1917.780029296875,4142850000,0.0,-2.6032942938902792e-05,0.012402123965665944,0.9265504906668408
2016-02-22,1924.43994140625,1946.699951171875,1924.43994140625,1945.5,4054710000,0.0,0.0144541971861538,0.012568863396045472,0.9073203229584258
2016-02-23,1942.3800048828125,1942.3800048828125,1919.43994140625,1921.27001953125,3890650000,0.0,-0.0124543718677717,0.012650002761156923,0.8725400947047952
2016-02-24,1917.56005859375,1932.0799560546875,1891.0,1929.800048828125,4317250000,0.0,0.0044397868129728,0.01267100506634402,0.9656042041989922
2016-02-25,1931.8699951171875,1951.8299560546875,1925.4100341796875,1951.699951171875,4118210000,0.0,0.0113482753599518,0.01277304366918418,0.9218405481622799
2016-02-26,1954.949951171875,1962.9599609375,1945.780029296875,1948.050048828125,4348510000,0.0,-0.0018701144822791,0.012764887218366414,0.9745435511608527
2016-02-29,1947.1300048828125,1958.27001953125,1931.81005859375,1932.22998046875,4588180000,0.0,-0.0081209763419023,0.012703543977529968,1.0271756553696703
2016-03-01,1937.0899658203125,1978.3499755859373,1937.0899658203125,1978.3499755859373,4819750000,0.0,0.0238687918018944,0.01304658527035491,1.078128558064708
2016-03-02,1976.5999755859373,1986.510009765625,1968.800048828125,1986.449951171875,4666610000,0.0,0.0040943087350047,0.012937048123374317,1.0422909320659874
2016-03-03,1985.5999755859373,1993.68994140625,1977.3699951171875,1993.4000244140625,5081700000,0.0,0.0034987406745825,0.012653003574682372,1.1431791570074472
2016-03-04,1994.010009765625,2009.1300048828125,1986.77001953125,1999.989990234375,6049930000,0.0,0.0033058923144386,0.012636381272732911,1.3471147363142693
2016-03-07,1996.1099853515625,2006.1199951171875,1989.3800048828125,2001.760009765625,4968180000,0.0,0.0008850141950174,0.01261348640919036,1.0991610925937987
2016-03-08,1996.8800048828125,1996.8800048828125,1977.4300537109373,1979.260009765625,4641650000,0.0,-0.011240108649505,0.012655905757773919,1.021686479458107
2016-03-09,1981.43994140625,1992.68994140625,1979.8399658203125,1989.260009765625,4038120000,0.0,0.0050523932937867,0.012671334334073515,0.8786829495400303
2016-03-10,1990.969970703125,2005.0799560546875,1969.25,1989.5699462890625,4376790000,0.0,0.0001558049334506,0.012423891090494014,0.9446303100288596
2016-03-11,1994.7099609375,2022.3699951171875,1994.7099609375,2022.18994140625,4078620000,0.0,0.0163955005341884,0.012590972556416492,0.8744768087469036
2016-03-14,2019.27001953125,2024.5699462890625,2012.050048828125,2019.6400146484373,3487850000,0.0,-0.0012609729212872,0.012515623361741158,0.7442370572079173
2016-03-15,2015.27001953125,2015.93994140625,2005.22998046875,2015.9300537109373,3560280000,0.0,-0.0018369416879204,0.012368758673333511,0.7567695470635591
2016-03-16,2014.239990234375,2032.02001953125,2010.0400390625,2027.219970703125,4057020000,0.0,0.0056003515456328,0.01224077007106325,0.8632657243065874
2016-03-17,2026.9000244140625,2046.239990234375,2022.1600341796875,2040.5899658203125,4530480000,0.0,0.0065952364866208,0.012044730752159274,0.9606419818153836
2016-03-18,2041.1600341796875,2052.360107421875,2041.1600341796875,2049.580078125,6503140000,0.0,0.0044056436889678,0.012017361934490862,1.36637070799591
2016-03-21,2047.8800048828125,2053.909912109375,2043.1400146484373,2051.60009765625,3376600000,0.0,0.0009855772666846,0.011965753372496758,0.7145599148097971
2016-03-22,2048.639892578125,2056.60009765625,2040.5699462890625,2049.800048828125,3418460000,0.0,-0.0008773877668368,0.011857773471399918,0.7272551043757847
2016-03-23,2048.550048828125,2048.550048828125,2034.8599853515625,2036.7099609375,3639510000,0.0,-0.0063860316025012,0.011884459712867867,0.77748355699961
2016-03-24,2032.47998046875,2036.0400390625,2022.489990234375,2035.93994140625,3407720000,0.0,-0.0003780702927851,0.011881467125824803,0.7325988111489719
2016-03-28,2037.8900146484373,2042.6700439453125,2031.9599609375,2037.050048828125,2809090000,0.0,0.0005452554858313,0.011798175559457544,0.6098774135738687
2016-03-29,2035.75,2055.909912109375,2028.31005859375,2055.010009765625,3822330000,0.0,0.0088166517792884,0.011819628354208227,0.8350045818613516
2016-03-30,2058.27001953125,2072.2099609375,2058.27001953125,2063.949951171875,3590310000,0.0,0.0043503152606394,0.011767281969756162,0.7908080183916811
2016-03-31,2063.77001953125,2067.919921875,2057.4599609375,2059.739990234375,3715280000,0.0,-0.002039759217567,0.011593814851091032,0.8227306878139096
2016-04-01,2056.6201171875,2075.070068359375,2043.97998046875,2072.780029296875,3749990000,0.0,0.0063309151273098,0.011617050761497326,0.8403396182239539
2016-04-04,2073.18994140625,2074.02001953125,2062.570068359375,2066.1298828125,3485710000,0.0,-0.003208322345054,0.011489616876134283,0.7867340813481203
2016-04-05,2062.5,2062.5,2042.56005859375,2045.1700439453125,4154920000,0.0,-0.0101444923872143,0.011129539592614222,0.9409487681916867
2016-04-06,2045.56005859375,2067.330078125,2043.0899658203125,2066.659912109375,3750800000,0.0,0.0105076192699393,0.011088574031061936,0.8519396641011868
2016-04-07,2063.010009765625,2063.010009765625,2033.800048828125,2041.9100341796875,3801250000,0.0,-0.011975786526205,0.011219667529774829,0.8655876156380651
2016-04-08,2045.5400390625,2060.6298828125,2041.68994140625,2047.5999755859373,3359530000,0.0,0.0027865779152878,0.011187187849184637,0.7698924969713326
2016-04-11,2050.22998046875,2062.929931640625,2041.8800048828125,2041.989990234375,3567840000,0.0,-0.0027397858070187,0.01066976415299528,0.821868619607449
2016-04-12,2043.719970703125,2065.050048828125,2039.739990234375,2061.719970703125,4239740000,0.0,0.0096621337827838,0.010536027849142633,0.9823365064748287
2016-04-13,2065.919921875,2083.179931640625,2065.919921875,2082.419921875,4191830000,0.0,0.0100401371020408,0.01015930404299571,0.9718244787846656
2016-04-14,2082.889892578125,2087.840087890625,2078.1298828125,2082.780029296875,3765870000,0.0,0.0001729273803483,0.01016014112815426,0.8759029252074026
2016-04-15,2083.10009765625,2083.219970703125,2076.31005859375,2080.72998046875,3701450000,0.0,-0.0009842848497145,0.01001300938830447,0.8668532028498087
2016-04-18,2078.830078125,2094.659912109375,2073.64990234375,2094.340087890625,3316880000,0.0,0.0065410252890232,0.0100219591027394,0.783677373137488
2016-04-19,2096.050048828125,2104.050048828125,2091.679931640625,2100.800048828125,3896830000,0.0,0.0030844851678346,0.009730362558540276,0.925218608755253
2016-04-20,2101.52001953125,2111.050048828125,2096.320068359375,2102.39990234375,4184880000,0.0,0.0007615448773992,0.009462830719983242,1.0005063161372167
2016-04-21,2102.090087890625,2103.780029296875,2088.52001953125,2091.47998046875,4175290000,0.0,-0.0051940270082901,0.009368799445576531,1.0030477079297198
2016-04-22,2091.489990234375,2094.320068359375,2081.199951171875,2091.580078125,3790580000,0.0,4.785972478082989e-05,0.009227352147854827,0.9136147244253411
2016-04-25,2089.3701171875,2089.3701171875,2077.52001953125,2087.7900390625,3319740000,0.0,-0.0018120458796383,0.009225669023911693,0.8086334519957833
2016-04-26,2089.840087890625,2096.8701171875,2085.800048828125,2091.699951171875,3557190000,0.0,0.0018727515871905,0.008713832534006769,0.8713101727928642
2016-04-27,2092.330078125,2099.889892578125,2082.31005859375,2095.14990234375,4100110000,0.0,0.0016493528003107,0.008710961711573597,1.0066152982565302
2016-04-28,2090.929931640625,2099.300048828125,2071.6201171875,2075.81005859375,4309840000,0.0,-0.0092307685136826,0.0084212655078811,1.0617642575104995
2016-04-29,2071.820068359375,2073.85009765625,2052.280029296875,2065.300048828125,4704720000,0.0,-0.0050630883698217,0.008450276001000599,1.1575163795240118
2016-05-02,2067.169921875,2083.419921875,2066.110107421875,2081.429931640625,3841110000,0.0,0.0078099464635428,0.00849175422696199,0.9464450634311936
2016-05-03,2077.179931640625,2077.179931640625,2054.889892578125,2063.3701171875,4173390000,0.0,-0.0086766381988606,0.008191290306033508,1.0277174084083511
2016-05-04,2060.300048828125,2060.300048828125,2045.550048828125,2051.1201171875,4058560000,0.0,-0.0059368893142145,0.007989908882045668,0.9986141404132344
2016-05-05,2052.949951171875,2060.22998046875,2045.77001953125,2050.6298828125,4008530000,0.0,-0.0002390081258001,0.007987948109741374,0.9878048840591639
2016-05-06,2047.77001953125,2057.719970703125,2039.449951171875,2057.139892578125,3796350000,0.0,0.0031746390805036,0.00798606377213182,0.9370046377947097
2016-05-09,2057.550048828125,2064.14990234375,2054.31005859375,2058.68994140625,3788620000,0.0,0.0007534970439868,0.007770721643458327,0.9376883330119942
2016-05-10,2062.6298828125,2084.8701171875,2062.6298828125,2084.389892578125,3600200000,0.0,0.0124836434350672,0.007551963683905348,0.8954332803216536
2016-05-11,2083.2900390625,2083.2900390625,2064.4599609375,2064.4599609375,3821980000,0.0,-0.0095615180785463,0.007445292897776609,0.9553354589783506
2016-05-12,2067.169921875,2073.989990234375,2053.1298828125,2064.110107421875,3782390000,0.0,-0.0001694649071644,0.007181211312117334,0.9496373522602504
2016-05-13,2062.5,2066.7900390625,2043.1300048828125,2046.6099853515625,3579880000,0.0,-0.0084782890250804,0.007250286997544633,0.9056230247649146
2016-05-16,2046.530029296875,2071.8798828125,2046.530029296875,2066.659912109375,3501360000,0.0,0.009796652464963,0.007334619095308463,0.8973300141943474
2016-05-17,2065.0400390625,2065.68994140625,2040.8199462890625,2047.2099609375,4108960000,0.0,-0.0094112974553336,0.0072543739371425655,1.0577041536902085
2016-05-18,2044.3800048828125,2060.610107421875,2034.489990234375,2047.6300048828125,4101320000,0.0,0.0002051787326786,0.007041070570094835,1.058682522450785
2016-05-19,2044.2099609375,2044.2099609375,2025.9100341796875,2040.0400390625,3846770000,0.0,-0.003706707658226,0.0070538456674376976,0.9939568872359675
2016-05-20,2041.8800048828125,2058.35009765625,2041.8800048828125,2052.320068359375,3507650000,0.0,0.006019504059596,0.006953547438558043,0.9104217090279084
2016-05-23,2052.22998046875,2055.580078125,2047.260009765625,2048.0400390625,3055480000,0.0,-0.0020854589704891,0.006955036876432781,0.7972941244191953
2016-05-24,2052.64990234375,2079.669921875,2052.64990234375,2076.06005859375,3627340000,0.0,0.0136813826862858,0.007046890873194803,0.9458262127056856
2016-05-25,2078.929931640625,2094.72998046875,2078.929931640625,2090.5400390625,3859160000,0.0,0.0069747406433695,0.006437852066913974,1.0047071141144797
2016-05-26,2091.43994140625,2094.300048828125,2087.080078125,2090.10009765625,3230990000,0.0,-0.0002104439035032,0.006426080721742441,0.844800668521521
2016-05-27,2090.06005859375,2099.06005859375,2090.06005859375,2099.06005859375,3079150000,0.0,0.0042868573364247,0.006432350929488498,0.8112564129343225
2016-05-31,2100.1298828125,2103.47998046875,2088.659912109375,2096.949951171875,4514410000,0.0,-0.0010052630048559,0.006428888081294991,1.2019971042861177
2016-06-01,2093.93994140625,2100.969970703125,2085.10009765625,2099.330078125,3525170000,0.0,0.0011350423274503,0.006429018799038703,0.9378621902317411
2016-06-02,2097.7099609375,2105.260009765625,2088.590087890625,2105.260009765625,3632720000,1.0,0.0028246780734553,0.006235565691255566,0.9653749929843478
2016-06-03,2104.070068359375,2104.070068359375,2085.360107421875,2099.1298828125,3627780000,1.0,-0.0029118146569494,0.006233650867297738,0.9641223225446252
2016-06-06,2100.830078125,2113.360107421875,2100.830078125,2109.409912109375,3442020000,1.0,0.0048972811930538,0.00625387841023881,0.9145878248714256
2016-06-07,2110.179931640625,2119.219970703125,2110.179931640625,2112.1298828125,3534730000,1.0,0.0012894462510633,0.005918431209718492,0.9356140873852489
2016-06-08,2112.7099609375,2120.550048828125,2112.7099609375,2119.1201171875,3562060000,1.0,0.0033095665337075,0.005921617158479675,0.9441489883356889
2016-06-09,2115.64990234375,2117.639892578125,2107.72998046875,2115.47998046875,3290320000,1.0,-0.0017177585589538,0.0059207310846785596,0.8735115311157289
2016-06-10,2109.570068359375,2109.570068359375,2089.9599609375,2096.070068359375,3515010000,1.0,-0.0091751811827943,0.006024931565071642,0.9341553877358371
2016-06-13,2091.75,2098.1201171875,2078.4599609375,2079.06005859375,3392030000,1.0,-0.0081151913871557,0.006074881930962303,0.9031904494419121
2016-06-14,2076.64990234375,2081.300048828125,2064.10009765625,2075.320068359375,3759770000,1.0,-0.0017988851350955,0.006057101601277097,0.999649037911882
2016-06-15,2077.60009765625,2085.64990234375,2069.800048828125,2071.5,3544720000,1.0,-0.0018407128700851,0.006062082560709899,0.9455395549504573
2016-06-16,2066.360107421875,2079.6201171875,2050.3701171875,2077.989990234375,3628280000,1.0,0.0031329906996742,0.006072338332431499,0.968461862790328
2016-06-17,2078.199951171875,2078.199951171875,2062.840087890625,2071.219970703125,4952630000,1.0,-0.0032579654199809,0.006027699365129471,1.3138820402862668
2016-06-20,2075.580078125,2100.659912109375,2075.580078125,2083.25,3467440000,1.0,0.0058081852565332,0.00606870906117814,0.919349964447651
2016-06-21,2085.18994140625,2093.659912109375,2083.02001953125,2088.89990234375,3232880000,1.0,0.0027120616074642,0.0060760245086360805,0.8586844105304486
2016-06-22,2089.75,2099.7099609375,2084.360107421875,2085.449951171875,3168160000,1.0,-0.0016515636618127,0.0059808827482276655,0.8463117284173226
2016-06-23,2092.800048828125,2113.320068359375,2092.800048828125,2113.320068359375,3297940000,1.0,0.0133640786593027,0.0061946811290733384,0.8852073946063316
2016-06-24,2103.81005859375,2103.81005859375,2032.5699462890625,2037.4100341796875,7597450000,1.0,-0.0359197999944317,0.007766714408810641,1.9981487776009348
2016-06-27,2031.449951171875,2031.449951171875,1991.6800537109373,2000.5400390625,5431220000,1.0,-0.018096502176123,0.008055983041875426,1.4155451577623857
2016-06-28,2006.6700439453125,2036.0899658203125,2006.6700439453125,2036.0899658203125,4385810000,1.0,0.0177701650872592,0.008387473065382392,1.1367448768581894
2016-06-29,2042.68994140625,2073.1298828125,2042.68994140625,2070.77001953125,4241740000,1.0,0.0170326725700282,0.008573606673893987,1.097441665796059
2016-06-30,2073.169921875,2098.93994140625,2070.0,2098.860107421875,4622820000,1.0,0.0135650447059223,0.008644437313578942,1.1933321345338057
2016-07-01,2099.340087890625,2108.7099609375,2097.89990234375,2102.949951171875,3458890000,1.0,0.0019486023558872,0.008495054930837584,0.8961905740553932
2016-07-05,2095.050048828125,2095.050048828125,2080.860107421875,2088.550048828125,3658380000,1.0,-0.0068474774379322,0.008542532475169163,0.9485277748983809
2016-07-06,2084.429931640625,2100.719970703125,2074.02001953125,2099.72998046875,3909380000,1.0,0.0053529632420816,0.008556538182849932,1.010516152702815
2016-07-07,2100.419921875,2109.080078125,2089.389892578125,2097.89990234375,3604550000,1.0,-0.0008715778419239,0.008473043722284797,0.9314941009809844
2016-07-08,2106.969970703125,2131.7099609375,2106.969970703125,2129.89990234375,3607500000,1.0,0.0152533492967181,0.00860012751299409,0.9346360497427944
2016-07-11,2131.719970703125,2143.159912109375,2131.719970703125,2137.159912109375,3253340000,1.0,0.0034086154741994,0.008608741151982482,0.8475194424556145
2016-07-12,2139.5,2155.39990234375,2139.5,2152.139892578125,4097820000,1.0,0.0070092932137983,0.008647676860344207,1.0708990344028229
2016-07-13,2153.81005859375,2156.449951171875,2146.2099609375,2152.429931640625,3502320000,1.0,0.0001347677553398,0.008612552148845203,0.916898326837005
2016-07-14,2157.8798828125,2168.989990234375,2157.8798828125,2163.75,3465610000,1.0,0.0052592041176209,0.00862820596315201,0.9106625676458521
2016-07-15,2165.1298828125,2169.050048828125,2155.7900390625,2161.739990234375,3122600000,1.0,-0.0009289473209127,0.00863019361363062,0.8245854375982968
2016-07-18,2162.0400390625,2168.35009765625,2159.6298828125,2166.889892578125,3009310000,1.0,0.0023822949878407,0.008600833740986524,0.7988848726649227
2016-07-19,2163.7900390625,2164.6298828125,2159.010009765625,2163.780029296875,2968340000,1.0,-0.0014351736522938,0.00860465672181048,0.7914881045071258
2016-07-20,2166.10009765625,2175.6298828125,2164.889892578125,2173.02001953125,3211860000,1.0,0.0042703001734318,0.008611555579620874,0.8590633853793663
2016-07-21,2172.909912109375,2174.56005859375,2159.75,2165.169921875,3438900000,1.0,-0.0036125289162974,0.008628035475881536,0.9205831896782036
2016-07-22,2166.469970703125,2175.110107421875,2163.239990234375,2175.030029296875,3023280000,1.0,0.0045539647130032,0.008642089752311706,0.8127986482821453
2016-07-25,2173.7099609375,2173.7099609375,2161.949951171875,2168.47998046875,3057240000,1.0,-0.0030114751244342,0.008558329973272202,0.8251459924129234
2016-07-26,2168.969970703125,2173.5400390625,2160.179931640625,2169.179931640625,3442350000,1.0,0.000322784244346,0.008524349619313537,0.9297770447397148
2016-07-27,2169.81005859375,2174.97998046875,2159.070068359375,2166.580078125,3995500000,1.0,-0.0011985421207814,0.008478972795781737,1.0763095526075757
2016-07-28,2166.050048828125,2172.85009765625,2159.739990234375,2170.06005859375,3664240000,1.0,0.0016062090221755,0.008389602782495079,0.9894452761889064
2016-07-29,2168.830078125,2177.090087890625,2163.489990234375,2173.60009765625,4038840000,1.0,0.0016313092573088,0.00834220440595705,1.0909656684705185
2016-08-01,2173.14990234375,2178.2900390625,2166.2099609375,2170.840087890625,3505990000,1.0,-0.0012697872845152,0.00834586302354331,0.9487797131808555
2016-08-02,2169.93994140625,2170.199951171875,2147.580078125,2157.030029296875,3848750000,1.0,-0.0063616194812253,0.00839410889138492,1.0396170330422505
2016-08-03,2156.81005859375,2163.7900390625,2152.56005859375,2163.7900390625,3786530000,1.0,0.0031339432802557,0.008399387014776214,1.0187866921064015
2016-08-04,2163.510009765625,2168.18994140625,2159.070068359375,2164.25,3709200000,1.0,0.0002125718896919,0.008259927717743528,0.9975412163473049
2016-08-05,2168.7900390625,2182.8701171875,2168.7900390625,2182.8701171875,3663070000,1.0,0.0086034964479611,0.008211667129506077,0.9861752874095472
2016-08-08,2183.760009765625,2185.43994140625,2177.85009765625,2180.889892578125,3327550000,1.0,-0.0009071655678379,0.008213943915607097,0.8953807389612178
2016-08-09,2182.239990234375,2187.659912109375,2178.610107421875,2181.739990234375,3334300000,1.0,0.0003897939364765,0.008120653453929195,0.8959667656870767
2016-08-10,2182.81005859375,2183.409912109375,2172.0,2175.489990234375,3254950000,1.0,-0.0028646859974036,0.00805504516661108,0.8806049608228932
2016-08-11,2177.969970703125,2188.449951171875,2177.969970703125,2185.7900390625,3423160000,1.0,0.0047345880120621,0.007954885813996632,0.9266245136734476
2016-08-12,2183.739990234375,2186.280029296875,2179.419921875,2184.050048828125,3000660000,1.0,-0.0007960463737501,0.007957894581580437,0.8150458264653664
2016-08-15,2186.080078125,2193.81005859375,2186.080078125,2190.14990234375,3078530000,1.0,0.002792909218769,0.007935465258164014,0.8386995322889226
2016-08-16,2186.239990234375,2186.239990234375,2178.139892578125,2178.14990234375,3196400000,1.0,-0.005479077019869,0.007956293453294567,0.8719784313281521
2016-08-17,2177.840087890625,2183.080078125,2168.5,2182.219970703125,3388910000,1.0,0.001868589648029,0.007946474654546244,0.9252312989516733
2016-08-18,2181.89990234375,2187.030029296875,2180.4599609375,2187.02001953125,3300570000,1.0,0.0021996173129046,0.00777449134346171,0.9024014168208322
2016-08-19,2184.239990234375,2185.0,2175.1298828125,2183.8701171875,3084800000,1.0,-0.0014402713809749,0.007738833023850781,0.8443571280295911
2016-08-22,2181.580078125,2185.14990234375,2175.9599609375,2182.639892578125,2777550000,1.0,-0.0005633231572211,0.007739715425179738,0.7633397506767012
2016-08-23,2187.81005859375,2193.419921875,2186.800048828125,2186.89990234375,3041490000,1.0,0.0019517694055308,0.007727500708016772,0.8374906489311364
2016-08-24,2185.090087890625,2186.659912109375,2171.25,2175.43994140625,3148280000,1.0,-0.0052402768527348,0.007762723244221593,0.8698250221318731
2016-08-25,2173.2900390625,2179.0,2169.739990234375,2172.469970703125,2969310000,1.0,-0.0013652276243513,0.007766744121694444,0.8229949097715911
2016-08-26,2175.10009765625,2187.93994140625,2160.389892578125,2169.0400390625,3342340000,1.0,-0.0015788165944199,0.007766178885011411,0.9278572486650986
2016-08-29,2170.18994140625,2183.47998046875,2170.18994140625,2180.3798828125,2654780000,1.0,0.0052280472217107,0.007776171611389905,0.7465096866182266
2016-08-30,2179.449951171875,2182.27001953125,2170.409912109375,2176.1201171875,3006800000,1.0,-0.0019536804841114,0.0077632321018376495,0.8476918159285205
2016-08-31,2173.56005859375,2173.7900390625,2161.35009765625,2170.949951171875,3766390000,1.0,-0.002375864261715,0.007771722436634394,1.0586545180416413
2016-09-01,2171.330078125,2173.56005859375,2157.090087890625,2170.860107421875,3392120000,1.0,-4.1384533048027805e-05,0.007763136597505242,0.9522560427098676
2016-09-02,2177.489990234375,2184.8701171875,2173.590087890625,2179.97998046875,3091120000,1.0,0.0042010413364248,0.007772956050423039,0.8687663445957355
2016-09-06,2181.610107421875,2186.570068359375,2175.10009765625,2186.47998046875,3447650000,1.0,0.0029816787577114,0.0076734785968495456,0.9921121380092113
2016-09-07,2185.169921875,2187.8701171875,2179.070068359375,2186.159912109375,3319420000,1.0,-0.0001463852229309,0.007586199640510464,0.9669645826375992
2016-09-08,2182.760009765625,2184.93994140625,2177.489990234375,2181.300048828125,3727840000,1.0,-0.0022230136296667,0.0075889220095324604,1.0901183490057245
2016-09-09,2169.080078125,2169.080078125,2127.81005859375,2127.81005859375,4233960000,1.0,-0.024522068966675,0.008260839968334741,1.238177472104335
2016-09-12,2120.860107421875,2163.300048828125,2119.1201171875,2159.0400390625,4010480000,1.0,0.0146770527484909,0.008455789510684241,1.1770385790589104
2016-09-13,2150.469970703125,2150.469970703125,2120.27001953125,2127.02001953125,4141670000,1.0,-0.0148306742588959,0.008676101493355822,1.2106894329493838
2016-09-14,2127.860107421875,2141.330078125,2119.89990234375,2125.77001953125,3664100000,1.0,-0.0005876766502063,0.008648781684145658,1.0710507615682163
2016-09-15,2125.360107421875,2151.31005859375,2122.360107421875,2147.260009765625,3373720000,1.0,0.0101092733630299,0.008734970652291021,0.9892679273069933
2016-09-16,2146.47998046875,2146.47998046875,2131.199951171875,2139.159912109375,5014360000,1.0,-0.0037722947474507,0.00874809352644357,1.4582918910367146
2016-09-19,2143.989990234375,2153.610107421875,2135.909912109375,2139.1201171875,3141820000,1.0,-1.8603060785604697e-05,0.008582596320489938,0.9161955561444842
2016-09-20,2145.93994140625,2150.800048828125,2139.169921875,2139.760009765625,3117380000,1.0,0.0002991382171499,0.007150553919212677,0.9097899560692433
2016-09-21,2144.580078125,2165.110107421875,2139.570068359375,2163.1201171875,3685450000,1.0,0.0109171623524424,0.006821554755318169,1.078173132467924
2016-09-22,2170.93994140625,2179.989990234375,2170.93994140625,2177.179931640625,3523860000,1.0,0.0064997844277856,0.006509084729802766,1.0307703009120575
2016-09-23,2173.2900390625,2173.75,2163.969970703125,2164.68994140625,3289860000,1.0,-0.0057367744635433,0.006224214834953971,0.9633130195450181
2016-09-26,2158.5400390625,2158.5400390625,2145.0400390625,2146.10009765625,3199910000,1.0,-0.0085877627989177,0.006107625872184146,0.9365504903594342
2016-09-27,2146.0400390625,2161.1298828125,2141.550048828125,2159.929931640625,3414090000,1.0,0.0064441700550121,0.006154472729652394,0.9968747311881645
2016-09-28,2161.85009765625,2172.39990234375,2151.7900390625,2171.3701171875,3860390000,1.0,0.0052965540128355,0.006109458855066665,1.1213476516704766
2016-09-29,2168.89990234375,2172.669921875,2145.199951171875,2151.1298828125,4215620000,1.0,-0.009321411497187,0.006211549977017954,1.2174338847242634
2016-09-30,2156.510009765625,2175.300048828125,2156.510009765625,2168.27001953125,4158800000,1.0,0.0079679692312861,0.006284741499427047,1.196051568838422
2016-10-03,2164.330078125,2164.409912109375,2154.77001953125,2161.199951171875,3113850000,1.0,-0.0032606955294726,0.005999608922327546,0.895062517983316
2016-10-04,2163.3701171875,2165.4599609375,2144.010009765625,2150.489990234375,3716100000,1.0,-0.0049555622707156,0.006022361207964503,1.064145941913055
2016-10-05,2155.14990234375,2163.949951171875,2155.14990234375,2159.72998046875,3883710000,1.0,0.0042966906501935,0.0059798097355575385,1.1093387533129118
2016-10-06,2158.219970703125,2162.929931640625,2150.280029296875,2160.77001953125,3438040000,1.0,0.0004815597652971,0.005980034769799968,0.9851754878582115
2016-10-07,2164.18994140625,2165.860107421875,2144.85009765625,2153.739990234375,3578770000,1.0,-0.0032534833570118,0.0059560598181713845,1.0260044480825012
2016-10-10,2160.389892578125,2169.60009765625,2160.389892578125,2163.659912109375,2881970000,1.0,0.0046059050395961,0.00598516062198532,0.8317548009808229
2016-10-11,2161.35009765625,2161.56005859375,2128.840087890625,2136.72998046875,3393060000,1.0,-0.0124464715965323,0.006189171039094098,0.9798973554733273
2016-10-12,2137.669921875,2145.360107421875,2132.77001953125,2139.179931640625,2959510000,1.0,0.0011465890375803,0.006189516471389042,0.8591029480237942
2016-10-13,2130.260009765625,2138.18994140625,2114.719970703125,2132.550048828125,3538030000,1.0,-0.0030992637479612,0.0061729752196172435,1.0285228060934082
2016-10-14,2139.679931640625,2149.18994140625,2132.97998046875,2132.97998046875,3187910000,1.0,0.000201604478573,0.006157847161758466,0.9295585271294999
2016-10-17,2132.949951171875,2135.610107421875,2124.429931640625,2126.5,2832440000,1.0,-0.0030379940403031,0.00613582164861601,0.8299277008514462
2016-10-18,2138.31005859375,2144.3798828125,2135.489990234375,2139.60009765625,3172940000,1.0,0.0061604033182458,0.006182652333275178,0.930540045446875
2016-10-19,2140.81005859375,2148.43994140625,2138.14990234375,2144.2900390625,3364990000,1.0,0.002191971018971,0.006190059344643484,0.9866856564390799
2016-10-20,2142.510009765625,2147.179931640625,2133.43994140625,2141.340087890625,3339320000,1.0,-0.0013757239543792,0.006190598923679491,0.9786744443558052
2016-10-21,2139.429931640625,2142.6298828125,2130.090087890625,2141.159912109375,3456390000,1.0,-8.414160005176807e-05,0.006186193912415915,1.0127875789993592
2016-10-24,2148.5,2154.7900390625,2146.909912109375,2151.330078125,3359950000,1.0,0.0047498395416929,0.006214913886272011,0.9824601929568837
2016-10-25,2149.719970703125,2151.43994140625,2141.929931640625,2143.159912109375,3756200000,1.0,-0.0037977277864983,0.0062311637142174236,1.093989424865976
2016-10-26,2136.969970703125,2145.72998046875,2131.590087890625,2139.429931640625,3778120000,1.0,-0.0017404116452881,0.0061820118925735475,1.096657570522595
2016-10-27,2144.06005859375,2147.1298828125,2132.52001953125,2133.0400390625,4209400000,1.0,-0.0029867267366989,0.006177944782937387,1.2160509480684942
2016-10-28,2132.22998046875,2140.719970703125,2119.360107421875,2126.409912109375,4028270000,1.0,-0.0031082993435224,0.006188872692032418,1.1588520262987694
2016-10-31,2129.780029296875,2133.25,2125.530029296875,2126.14990234375,3926560000,1.0,-0.0001222764078291,0.006078236651490762,1.1241476977812672
2016-11-01,2128.679931640625,2131.449951171875,2097.85009765625,2111.719970703125,4539190000,1.0,-0.0067868834764276,0.006133363850443165,1.2865621024656912
2016-11-02,2109.429931640625,2111.760009765625,2094.0,2097.93994140625,4289120000,1.0,-0.0065255002974123,0.0061807980883737184,1.2071462409014848
2016-11-03,2098.800048828125,2102.56005859375,2085.22998046875,2088.659912109375,3892100000,1.0,-0.0044234008389461,0.006193596538050138,1.0908402157453863
2016-11-04,2083.7900390625,2099.070068359375,2083.7900390625,2085.179931640625,3841910000,1.0,-0.0016661307322337,0.006154107816555581,1.071532284668563
2016-11-07,2100.590087890625,2132.0,2100.590087890625,2131.52001953125,3739720000,1.0,0.0222235439673372,0.006832391646430247,1.0407239617528128
2016-11-08,2129.919921875,2146.8701171875,2123.56005859375,2139.56005859375,3921850000,1.0,0.0037719744542996,0.006841267877781556,1.0837658107500086
2016-11-09,2131.56005859375,2170.10009765625,2125.35009765625,2163.260009765625,6267590000,1.0,0.0110770207532533,0.006964337086621297,1.7013277413499959
2016-11-10,2167.489990234375,2182.300048828125,2151.169921875,2167.47998046875,6458450000,1.0,0.0019507459501284,0.006964736851311833,1.727883191463086
2016-11-11,2162.7099609375,2165.919921875,2152.489990234375,2164.449951171875,4993990000,1.0,-0.0013979503036608,0.006960183695353733,1.3247293835592637
2016-11-14,2165.639892578125,2171.360107421875,2156.080078125,2164.199951171875,5373670000,1.0,-0.0001155027862227,0.006958119114484858,1.408390054174191
2016-11-15,2168.2900390625,2180.840087890625,2166.3798828125,2180.389892578125,4548110000,1.0,0.0074807974177633,0.007026727485296532,1.1851816682159475
2016-11-16,2177.530029296875,2179.219970703125,2172.199951171875,2176.93994140625,3847900000,1.0,-0.0015822634216101,0.007024961857625178,0.9999613310517268
2016-11-17,2178.610107421875,2188.06005859375,2176.64990234375,2187.1201171875,3811730000,1.0,0.0046763696083751,0.007017473942485594,0.9901300523522891
2016-11-18,2186.85009765625,2189.889892578125,2180.3798828125,2181.89990234375,3580900000,1.0,-0.0023867984216902,0.007022360068864045,0.9333365375046779
2016-11-21,2186.429931640625,2198.699951171875,2186.429931640625,2198.179931640625,3611500000,1.0,0.0074614006258433,0.00708253129384429,0.9432740602532598
2016-11-22,2201.56005859375,2204.800048828125,2194.510009765625,2202.93994140625,3960520000,1.0,0.0021654322729041,0.007057015634609545,1.0354130656364648
2016-11-23,2198.550048828125,2204.719970703125,2194.510009765625,2204.719970703125,3419850000,1.0,0.0008080244329033,0.00705176092073419,0.8952070241337982
2016-11-25,2206.27001953125,2213.35009765625,2206.27001953125,2213.35009765625,1584590000,1.0,0.0039143868916706,0.007058934682520791,0.41871684014396804
2016-11-28,2210.2099609375,2211.139892578125,2200.360107421875,2201.719970703125,3515100000,1.0,-0.0052545356315027,0.0070957827418657035,0.9362589594636708
2016-11-29,2200.760009765625,2210.4599609375,2198.14990234375,2204.659912109375,3709190000,1.0,0.0013352930642269,0.007078429580945516,0.9849784800263554
2016-11-30,2204.969970703125,2214.10009765625,2198.81005859375,2198.81005859375,5538400000,1.0,-0.0026534040390964,0.007078445804853803,1.4520560630393267
2016-12-01,2200.169921875,2202.60009765625,2187.43994140625,2191.080078125,5067470000,1.0,-0.0035155289737457,0.007093928316852125,1.3190290992947038
2016-12-02,2191.1201171875,2197.949951171875,2188.3701171875,2191.949951171875,3782370000,1.0,0.0003970065063159,0.007087684061653868,0.9832028607104716
2016-12-05,2200.64990234375,2209.419921875,2199.969970703125,2204.7099609375,3898530000,1.0,0.0058213052532531,0.006344174696182905,1.0102012307439403
2016-12-06,2207.260009765625,2212.780029296875,2202.2099609375,2212.22998046875,3857290000,1.0,0.0034108883546988,0.006082133638350526,0.99612133266004
2016-12-07,2210.719970703125,2241.6298828125,2208.929931640625,2241.35009765625,4504070000,1.0,0.0131632413648645,0.0059646973941011715,1.156636858393024
2016-12-08,2241.1298828125,2251.68994140625,2237.570068359375,2246.18994140625,4203270000,1.0,0.0021593430473272,0.005963702275535822,1.0774944855974926
2016-12-09,2249.72998046875,2259.800048828125,2249.22998046875,2259.530029296875,3886460000,1.0,0.0059389847869557,0.005878676854270947,0.9979654288789337
2016-12-12,2258.830078125,2264.030029296875,2252.3701171875,2256.9599609375,4038850000,1.0,-0.0011374349205595,0.005853222009232181,1.0377354030504335
2016-12-13,2263.320068359375,2277.530029296875,2263.320068359375,2271.719970703125,3875630000,1.0,0.006539774750587,0.005896651575203733,0.9919149676752269
2016-12-14,2268.35009765625,2276.199951171875,2248.43994140625,2253.280029296875,4409670000,1.0,-0.0081171718539511,0.006013044759909693,1.1246027062771349
2016-12-15,2253.77001953125,2272.1201171875,2253.77001953125,2262.030029296875,4173360000,1.0,0.0038832279549072,0.00588115467146597,1.0627661970390572
2016-12-16,2266.81005859375,2268.050048828125,2254.239990234375,2258.070068359375,5928980000,1.0,-0.0017506226204834,0.0058410502425559055,1.490928465569168
2016-12-19,2259.239990234375,2267.469970703125,2258.2099609375,2262.530029296875,3252840000,1.0,0.0019751207015203,0.00578325334851999,0.8193170665162521
2016-12-20,2266.5,2272.56005859375,2266.139892578125,2270.760009765625,3306250000,1.0,0.0036375121488696,0.005662670096121382,0.8309937325290244
2016-12-21,2270.5400390625,2271.22998046875,2265.14990234375,2265.179931640625,2854880000,1.0,-0.0024573614565177,0.00563300758831807,0.719492742092266
2016-12-22,2262.929931640625,2263.179931640625,2256.080078125,2260.9599609375,2880670000,1.0,-0.0018629737285675,0.005612124057198127,0.7262810066878452
2016-12-23,2260.25,2263.7900390625,2258.840087890625,2263.7900390625,2021230000,1.0,0.0012517152775348,0.00545628964814019,0.5135246910195844
2016-12-27,2266.22998046875,2273.820068359375,2266.14990234375,2268.8798828125,1989730000,1.0,0.0022483727122095,0.005379526945901032,0.5086182616892886
2016-12-28,2270.22998046875,2271.31005859375,2249.110107421875,2249.919921875,2402750000,1.0,-0.0083565291759726,0.00548346911595038,0.6155473674426974
2016-12-29,2249.5,2254.510009765625,2244.56005859375,2249.260009765625,2338700000,1.0,-0.0002933047096294,0.005434996596700893,0.6017106933203552
2016-12-30,2251.610107421875,2253.580078125,2233.6201171875,2238.830078125,2671550000,1.0,-0.0046370502277821,0.005458873223669623,0.6898091519836335
2017-01-03,2251.570068359375,2263.8798828125,2245.1298828125,2257.830078125,3773010000,1.0,0.0084865752812792,0.005552592939629308,0.9720352912025036
2017-01-04,2261.60009765625,2272.820068359375,2261.60009765625,2270.75,3768890000,1.0,0.0057222737885258,0.005563866995945037,0.9694129332462165
2017-01-05,2268.179931640625,2271.5,2260.449951171875,2269.0,3785080000,1.0,-0.0007706704833204,0.0055463941403965985,0.9714526762917071
2017-01-06,2271.139892578125,2282.10009765625,2264.06005859375,2276.97998046875,3342080000,1.0,0.0035169592193697,0.0052761171609380835,0.859582552260185
2017-01-09,2273.590087890625,2275.489990234375,2268.89990234375,2268.89990234375,3219730000,1.0,-0.0035485942758867,0.005309729693291912,0.8304996390118908
2017-01-10,2269.719970703125,2279.27001953125,2265.27001953125,2268.89990234375,3640560000,1.0,0.0,0.005284233801780988,0.9418126411240492
2017-01-11,2268.60009765625,2275.320068359375,2260.830078125,2275.320068359375,3625080000,1.0,0.0028296382793233,0.005287996903495782,0.939768421284038
2017-01-12,2271.139892578125,2271.780029296875,2254.25,2270.43994140625,3466220000,1.0,-0.0021448089967596,0.005277423048379445,0.9007352922069046
2017-01-13,2272.739990234375,2278.679931640625,2271.510009765625,2274.639892578125,3090680000,1.0,0.0018498402425362,0.005236630352750692,0.809239237928244
2017-01-17,2269.139892578125,2272.080078125,2262.81005859375,2267.889892578125,3586950000,1.0,-0.002967502689997,0.005259604305226883,0.9426447717043897
2017-01-18,2269.139892578125,2272.010009765625,2263.35009765625,2271.889892578125,3317670000,1.0,0.0017637540575008,0.005251705718420219,0.874518749380224
2017-01-19,2271.89990234375,2274.330078125,2258.409912109375,2263.68994140625,3168390000,1.0,-0.0036093083554193,0.005283664988553425,0.8381454188478559
2017-01-20,2269.9599609375,2276.9599609375,2265.010009765625,2271.31005859375,3536850000,1.0,0.0033662371547078,0.005269763432362949,0.9366207387907404
2017-01-23,2267.780029296875,2271.780029296875,2257.02001953125,2265.199951171875,3155240000,1.0,-0.0026901247580694,0.005254881362461531,0.8389700475642551
2017-01-24,2267.8798828125,2284.6298828125,2266.679931640625,2280.070068359375,3816950000,1.0,0.0065645936376641,0.00529240785736182,1.0283184340603786
2017-01-25,2288.8798828125,2299.550048828125,2288.8798828125,2298.3701171875,3849340000,1.0,0.0080260905496174,0.005339897178154876,1.0518315609255344
2017-01-26,2298.6298828125,2300.989990234375,2294.080078125,2296.679931640625,3611510000,1.0,-0.0007353844075136,0.005315736767869245,0.9943571660477982
2017-01-27,2299.02001953125,2299.02001953125,2291.6201171875,2294.68994140625,3137420000,1.0,-0.0008664638929263,0.005319974479844415,0.8745958427887337
2017-01-30,2286.010009765625,2286.010009765625,2268.0400390625,2280.89990234375,3595040000,1.0,-0.0060095435176958,0.0053008936028002985,1.0075168044646594
2017-01-31,2274.02001953125,2279.090087890625,2267.2099609375,2278.8701171875,4089730000,1.0,-0.000889905407144,0.005209033515060351,1.1446031477265253
2017-02-01,2285.590087890625,2289.139892578125,2272.43994140625,2279.550048828125,3919190000,1.0,0.0002983634896507,0.00515506062101399,1.0962143085421527
2017-02-02,2276.68994140625,2283.969970703125,2271.64990234375,2280.85009765625,3809760000,1.0,0.0005703094032936,0.005140051672979025,1.0642437552192432
2017-02-03,2288.5400390625,2298.31005859375,2287.8798828125,2297.419921875,3605970000,1.0,0.0072647580986477,0.004432339617574582,1.0073468208305636
2017-02-06,2294.280029296875,2296.179931640625,2288.570068359375,2292.56005859375,3112390000,1.0,-0.0021153569858851,0.004440936651691431,0.873602278177034
2017-02-07,2295.8701171875,2299.39990234375,2290.159912109375,2293.080078125,3452460000,1.0,0.0002268291856959,0.004247006646410687,0.9688775797138005
2017-02-08,2289.550048828125,2295.909912109375,2285.3798828125,2294.669921875,3611950000,1.0,0.00069332238554,0.004245240573011227,1.0022315777463329
2017-02-09,2296.699951171875,2311.080078125,2296.610107421875,2307.8701171875,3681600000,1.0,0.0057525464497805,0.004278172368999684,1.0206147773576102
2017-02-10,2312.27001953125,2319.22998046875,2311.10009765625,2316.10009765625,3496600000,1.0,0.0035660501028451,0.004287143608091001,0.9704728783555017
2017-02-13,2321.719970703125,2331.580078125,2321.419921875,2328.25,3352370000,1.0,0.0052458450979924,0.004240575674146368,0.9418713727766057
2017-02-14,2326.1201171875,2337.580078125,2322.169921875,2337.580078125,3528040000,1.0,0.0040073351766347,0.004241982410130178,0.9998762638811322
2017-02-15,2335.580078125,2351.300048828125,2334.81005859375,2349.25,3785870000,1.0,0.0049923089198982,0.004246569320490116,1.0729261730594688
2017-02-16,2349.639892578125,2351.31005859375,2338.8701171875,2347.219970703125,3675900000,1.0,-0.0008641180363413,0.004229276991968765,1.0430766035185213
2017-02-17,2343.010009765625,2351.159912109375,2339.580078125,2351.159912109375,3516830000,1.0,0.0016785565287558,0.004149936762164347,0.9998706957139212
2017-02-21,2354.909912109375,2366.7099609375,2354.909912109375,2365.3798828125,3587520000,1.0,0.0060480661608284,0.004196361254064323,1.0253121947480415
2017-02-22,2361.110107421875,2365.1298828125,2358.340087890625,2362.820068359375,3473170000,1.0,-0.001082200145408,0.004206399856370672,0.9967908521751448
2017-02-23,2367.5,2368.260009765625,2355.090087890625,2363.81005859375,4021770000,1.0,0.0004189867216857,0.004191836773812371,1.153341871571967
2017-02-24,2355.72998046875,2367.340087890625,2352.8701171875,2367.340087890625,3832410000,1.0,0.0014933641914423,0.004107994924171094,1.1003410577510446
2017-02-27,2365.22998046875,2371.5400390625,2361.8701171875,2369.75,3584680000,1.0,0.0010179830611165,0.0041080453731320195,1.0309365518527425
2017-02-28,2366.080078125,2367.7900390625,2358.9599609375,2363.639892578125,4212460000,1.0,-0.0025783763780462,0.00410685991234383,1.2128588152711388
2017-03-01,2380.1298828125,2400.97998046875,2380.1298828125,2395.9599609375,4347630000,1.0,0.0136738546598662,0.0043629296436091414,1.2505222697909835
2017-03-02,2394.75,2394.75,2380.169921875,2381.919921875,3824030000,1.0,-0.0058598805035984,0.00446336553528899,1.113399813029494
2017-03-03,2380.919921875,2383.889892578125,2375.389892578125,2383.1201171875,3556670000,1.0,0.00050387727206,0.004426647837026815,1.0337266819526314
2017-03-06,2375.22998046875,2378.800048828125,2367.97998046875,2375.31005859375,3251800000,1.0,-0.0032772408480052,0.0044568852014824235,0.9454171197311269
2017-03-07,2370.739990234375,2375.1201171875,2365.510009765625,2368.389892578125,3526300000,1.0,-0.0029133737680216,0.004201143493027696,1.0212372635671962
2017-03-08,2369.81005859375,2373.090087890625,2361.010009765625,2362.97998046875,3814080000,1.0,-0.0022842151650487,0.004218199856634023,1.0986403358001238
2017-03-09,2363.489990234375,2369.080078125,2354.5400390625,2364.8701171875,3718450000,1.0,0.0007998953585612,0.004165035996806728,1.060722887304558
2017-03-10,2372.52001953125,2376.860107421875,2363.0400390625,2372.60009765625,3434400000,1.0,0.0032686701956989,0.004169707047671907,0.9716862003583899
2017-03-13,2371.56005859375,2374.419921875,2368.52001953125,2373.469970703125,3166650000,1.0,0.0003666328125562,0.0041023415317511065,0.8920763036881107
2017-03-14,2368.550048828125,2368.550048828125,2358.179931640625,2365.449951171875,3173760000,1.0,-0.0033790271755046,0.0039725271598408385,0.8898924130121867
2017-03-15,2370.340087890625,2390.010009765625,2368.93994140625,2385.260009765625,3909490000,1.0,0.0083747527965813,0.0040723378061174546,1.0886267824203324
2017-03-16,2387.7099609375,2388.10009765625,2377.179931640625,2381.3798828125,3368880000,1.0,-0.0016267102694209,0.004071005821198144,0.9402059618381673
2017-03-17,2383.7099609375,2385.7099609375,2377.639892578125,2378.25,5179820000,1.0,-0.0013143147950017,0.00407835169363795,1.4343174422052438
2017-03-20,2378.239990234375,2379.550048828125,2369.659912109375,2373.469970703125,3061560000,1.0,-0.0020098935338483,0.004077858508760438,0.8511714881627901
2017-03-21,2379.320068359375,2381.929931640625,2341.89990234375,2344.02001953125,4278890000,1.0,-0.0124079729406268,0.004399955393418028,1.1834476145159514
2017-03-22,2343.0,2351.81005859375,2336.449951171875,2348.449951171875,3575160000,1.0,0.0018898864360001,0.004391306127927179,0.9868709800264045
2017-03-23,2345.969970703125,2358.919921875,2342.1298828125,2345.9599609375,3262400000,1.0,-0.0010602696613281,0.004396010353972029,0.9024221226636855
2017-03-24,2350.419921875,2356.219970703125,2335.739990234375,2343.97998046875,2978530000,1.0,-0.0008439958489141,0.004394531053754466,0.8268575736698109
2017-03-27,2329.110107421875,2344.89990234375,2322.25,2341.590087890625,3242300000,1.0,-0.0010195874529811,0.004241857042525726,0.9012020901284363
2017-03-28,2339.7900390625,2363.780029296875,2337.6298828125,2358.570068359375,3369120000,1.0,0.0072514743535005,0.004323715999747932,0.9350046443292975
2017-03-29,2356.5400390625,2363.360107421875,2352.93994140625,2361.1298828125,3107670000,1.0,0.0010853247429301,0.0042644495934559355,0.8647469509006984
2017-03-30,2361.31005859375,2370.419921875,2358.580078125,2368.06005859375,3159680000,1.0,0.0029351099368557,0.0041558029891125125,0.8799931019378073
2017-03-31,2364.820068359375,2370.35009765625,2362.60009765625,2362.719970703125,3356740000,1.0,-0.0022550474897145,0.004123243084453973,0.9338959140377514
2017-04-03,2362.340087890625,2365.8701171875,2344.72998046875,2358.840087890625,3418730000,1.0,-0.0016421255420062,0.004129934373228621,0.9517680257636307
2017-04-04,2354.760009765625,2360.530029296875,2350.719970703125,2360.159912109375,3208340000,1.0,0.0005595225490382,0.004112820327047005,0.8929318408405228
2017-04-05,2366.590087890625,2378.360107421875,2350.52001953125,2352.949951171875,3780650000,1.0,-0.0030548611983906,0.004104852217128596,1.052427429649667
2017-04-06,2353.7900390625,2364.159912109375,2348.89990234375,2357.489990234375,3203250000,1.0,0.0019295094059432,0.00410751213078589,0.8949144553137007
2017-04-07,2356.590087890625,2363.760009765625,2350.739990234375,2355.5400390625,3054700000,1.0,-0.0008271302020167,0.004101700697804213,0.8560764218667931
2017-04-10,2357.159912109375,2366.3701171875,2351.5,2357.159912109375,2792570000,1.0,0.0006876864837839,0.004086009104878917,0.7841303960577748
2017-04-11,2353.919921875,2355.219970703125,2337.25,2353.780029296875,3120900000,1.0,-0.001433879303282,0.0040914237315762625,0.8786623318311414
2017-04-12,2352.14990234375,2352.719970703125,2341.179931640625,2344.929931640625,3201300000,1.0,-0.0037599510345466,0.004104322917868469,0.9058297542593353
2017-04-13,2341.97998046875,2348.260009765625,2328.949951171875,2328.949951171875,3146380000,1.0,-0.0068146942273749,0.004209919930169554,0.8942004943029881
2017-04-17,2332.6201171875,2349.139892578125,2332.510009765625,2349.010009765625,2826890000,1.0,0.0086133489402193,0.004306152030707898,0.8079150288388589
2017-04-18,2342.530029296875,2348.35009765625,2334.5400390625,2342.18994140625,3272210000,1.0,-0.0029033798625895,0.0043145895765221145,0.9369733979055178
2017-04-19,2346.7900390625,2352.6298828125,2335.050048828125,2338.169921875,3521160000,1.0,-0.0017163507793208,0.004304123138598245,1.0059036232139094
2017-04-20,2342.68994140625,2361.3701171875,2340.909912109375,2355.840087890625,3648990000,1.0,0.0075572634179876,0.004329515499639847,1.0412521312340826
2017-04-21,2354.739990234375,2356.179931640625,2344.510009765625,2348.68994140625,3524160000,1.0,-0.0030350729326357,0.004240547295632104,1.0061355494261348
2017-04-24,2370.330078125,2376.97998046875,2369.18994140625,2374.14990234375,3711170000,1.0,0.0108400689629795,0.004447667365156982,1.0593473976786083
2017-04-25,2381.510009765625,2392.47998046875,2381.14990234375,2388.610107421875,4005820000,1.0,0.006090687476747,0.004500153166552505,1.1401402327345382
2017-04-26,2388.97998046875,2398.159912109375,2386.780029296875,2387.449951171875,4111350000,1.0,-0.0004857034835427,0.004416735707358309,1.1651423617009302
2017-04-27,2389.699951171875,2392.10009765625,2382.679931640625,2388.77001953125,4099940000,1.0,0.0005529198041311,0.004411465337782737,1.1581546608808555
2017-04-28,2393.679931640625,2393.679931640625,2382.360107421875,2384.199951171875,3721350000,1.0,-0.0019131470681601,0.004424902086085412,1.0515935442241804
2017-05-01,2388.5,2394.489990234375,2384.830078125,2388.330078125,3201500000,1.0,0.0017322905115801,0.004426609263003667,0.9071244531681524
2017-05-02,2391.050048828125,2392.929931640625,2385.820068359375,2391.169921875,3861360000,1.0,0.0011890499458222,0.00434441989702365,1.0919595943051232
2017-05-03,2386.5,2389.820068359375,2379.75,2388.1298828125,3896760000,1.0,-0.0012713605313821,0.004336587724816071,1.1000464210352896
2017-05-04,2389.7900390625,2391.429931640625,2380.35009765625,2389.52001953125,4367860000,1.0,0.000582102643895,0.004336186904452703,1.2268396401222452
2017-05-05,2392.3701171875,2399.2900390625,2389.3798828125,2399.2900390625,3543240000,1.0,0.0040886954080285,0.004358249975686149,0.9979038397910396
2017-05-08,2399.93994140625,2401.360107421875,2393.919921875,2399.3798828125,3429990000,1.0,3.744597299082386e-05,0.004309301247747231,0.9682032105824976
2017-05-09,2401.580078125,2403.8701171875,2392.43994140625,2396.919921875,3657840000,1.0,-0.0010252486299153,0.004297524690794195,1.0320934728208389
2017-05-10,2396.7900390625,2399.739990234375,2392.7900390625,2399.6298828125,3649370000,1.0,0.0011306013658478,0.0042544343975032,1.0329860221638378
2017-05-11,2394.840087890625,2395.719970703125,2381.739990234375,2394.43994140625,3727710000,1.0,-0.0021628091246167,0.0042430780452947904,1.058876945234135
2017-05-12,2392.43994140625,2392.43994140625,2387.18994140625,2390.89990234375,3304620000,1.0,-0.0014784413679722,0.004206699411849276,0.9414739827578485
2017-05-15,2393.97998046875,2404.050048828125,2393.93994140625,2402.320068359375,3490080000,1.0,0.0047765136484509,0.004243076747071762,0.9946882584502246
2017-05-16,2404.550048828125,2405.77001953125,2396.050048828125,2400.669921875,3421810000,1.0,-0.0006868970151433,0.004241943572460288,0.9742868518981255
2017-05-17,2382.949951171875,2384.8701171875,2356.2099609375,2357.030029296875,4164760000,1.0,-0.0181782144144334,0.0048064163952074804,1.1815301416204345
2017-05-18,2354.68994140625,2375.739990234375,2352.719970703125,2365.719970703125,4319440000,1.0,0.0036868182832792,0.004828398965417918,1.2219087217686933
2017-05-19,2371.3701171875,2389.06005859375,2370.429931640625,2381.72998046875,3831700000,1.0,0.0067674999424665,0.004905961877290846,1.0832398758473722
2017-05-22,2387.2099609375,2395.4599609375,2386.919921875,2394.02001953125,3176580000,1.0,0.0051601311497457,0.004945811363177109,0.8993453361179259
2017-05-23,2397.0400390625,2400.85009765625,2393.8798828125,2398.419921875,3216560000,1.0,0.0018378719926541,0.004949244383391745,0.9104070849040027
2017-05-24,2401.409912109375,2405.580078125,2397.989990234375,2404.389892578125,3389240000,1.0,0.002489126548973,0.00494404652425821,0.9581133136262617
2017-05-25,2409.5400390625,2418.7099609375,2408.010009765625,2415.070068359375,3538210000,1.0,0.0044419483770987,0.004655944602901246,1.002330095019106
2017-05-26,2414.5,2416.679931640625,2412.199951171875,2415.820068359375,2806930000,1.0,0.0003105499959714,0.004588765014645188,0.7977075240842916
2017-05-30,2411.669921875,2415.260009765625,2409.429931640625,2412.909912109375,3205860000,1.0,-0.001204624586125,0.004592436765644007,0.9214183241951048
2017-05-31,2415.6298828125,2415.989990234375,2403.590087890625,2411.800048828125,4518040000,1.0,-0.000459968801852,0.004570449888967145,1.2877792992707038
2017-06-01,2415.64990234375,2430.06005859375,2413.5400390625,2430.06005859375,3860620000,1.0,0.0075711126113033,0.004646684716705482,1.1030245790979896
2017-06-02,2431.280029296875,2440.22998046875,2427.7099609375,2439.070068359375,3465500000,1.0,0.0037077313104922,0.004651548757490577,0.9907549738730008
2017-06-05,2437.830078125,2439.550048828125,2434.320068359375,2436.10009765625,2916720000,1.0,-0.0012176651838143,0.004656920335418823,0.8355151816539117
2017-06-06,2431.919921875,2436.2099609375,2428.1201171875,2429.330078125,3376750000,1.0,-0.0027790399654609,0.004661544477591536,0.9650922275771928
2017-06-07,2432.030029296875,2435.280029296875,2424.75,2433.139892578125,3576220000,1.0,0.0015682572275503,0.0046639591785660305,1.0201545724360466
2017-06-08,2434.27001953125,2439.27001953125,2427.93994140625,2433.7900390625,3735980000,1.0,0.0002672047284901,0.004637236492538513,1.0635018776488057
2017-06-09,2436.389892578125,2446.199951171875,2415.699951171875,2431.77001953125,4029860000,1.0,-0.0008299892344156,0.00452265495174531,1.14116768673989
2017-06-12,2425.8798828125,2430.3798828125,2419.969970703125,2429.389892578125,4031840000,1.0,-0.0009787631782646,0.004518670553448865,1.1361164971394484
2017-06-13,2434.14990234375,2441.489990234375,2431.280029296875,2440.35009765625,3278240000,1.0,0.0045115051773323,0.00454497517237937,0.9241713442720372
2017-06-14,2443.75,2443.75,2428.340087890625,2437.919921875,3558640000,1.0,-0.0009958307964025,0.004537590422072826,1.002428381232417
2017-06-15,2424.139892578125,2433.949951171875,2418.530029296875,2432.4599609375,3371980000,1.0,-0.0022395981461527,0.004228312677789191,0.9489735152641551
2017-06-16,2431.239990234375,2433.14990234375,2422.8798828125,2433.14990234375,5299380000,1.0,0.0002836393681004,0.004225260387642756,1.4787592127013154
2017-06-19,2442.550048828125,2453.820068359375,2441.7900390625,2453.4599609375,3271480000,1.0,0.0083472286578751,0.004335729253199293,0.9125387806945725
2017-06-20,2450.659912109375,2450.659912109375,2436.60009765625,2437.030029296875,3422700000,1.0,-0.0066966373620162,0.004436995008960597,0.9527637190515331
2017-06-21,2439.31005859375,2442.22998046875,2430.739990234375,2435.610107421875,3599190000,1.0,-0.0005826443900691,0.004434551609443393,0.9974134574040198
2017-06-22,2437.39990234375,2441.6201171875,2433.27001953125,2434.5,3477250000,1.0,-0.0004557820722176,0.004351406985558301,0.9617217991141068
2017-06-23,2434.64990234375,2441.39990234375,2431.110107421875,2438.300048828125,5282460000,1.0,0.0015609155178168,0.004352854621728972,1.4443709409998233
2017-06-26,2443.320068359375,2450.419921875,2437.030029296875,2439.070068359375,3243660000,1.0,0.0003158017946232,0.004341602831758555,0.8864349593249314
2017-06-27,2436.340087890625,2440.14990234375,2419.3798828125,2419.3798828125,3564770000,1.0,-0.0080728248861335,0.004467361284035318,0.9702755352034049
2017-06-28,2428.699951171875,2442.969970703125,2428.02001953125,2440.68994140625,3479980000,1.0,0.0088080663748337,0.004588277305356777,0.9461268985314395
2017-06-29,2442.3798828125,2442.72998046875,2405.699951171875,2419.699951171875,3869560000,1.0,-0.0086000232468206,0.0047388434998210755,1.0500555154481002
2017-06-30,2429.199951171875,2432.7099609375,2421.64990234375,2423.409912109375,3366030000,1.0,0.0015332318107057,0.004718691327525955,0.9148209787942799
2017-07-03,2431.389892578125,2439.169921875,2428.68994140625,2429.010009765625,1901480000,1.0,0.0023108338495552,0.004720901676920685,0.5213837305067887
2017-07-05,2430.780029296875,2434.89990234375,2422.050048828125,2432.5400390625,3368150000,1.0,0.0014532790242456,0.004719139977204666,0.925283599979693
2017-07-06,2423.43994140625,2424.280029296875,2407.699951171875,2409.75,3368710000,1.0,-0.0093688238205867,0.00488957586784931,0.9286882974925463
2017-07-07,2413.52001953125,2426.919921875,2413.52001953125,2425.179931640625,2929390000,1.0,0.0064031254863057,0.0049446762804449445,0.8128736494122311
2017-07-10,2424.510009765625,2432.0,2422.27001953125,2427.429931640625,3009880000,1.0,0.0009277662125786,0.004912994355280144,0.8402921697895607
2017-07-11,2427.35009765625,2429.300048828125,2412.7900390625,2425.530029296875,3108800000,1.0,-0.0007826806116978,0.00481977128663989,0.8708870699714956
2017-07-12,2435.75,2445.760009765625,2435.75,2443.25,3176900000,1.0,0.0073056076358954,0.004786168113055566,0.8900870155387132
2017-07-13,2444.989990234375,2449.320068359375,2441.68994140625,2447.830078125,3068510000,1.0,0.001874584313926,0.004765458728974576,0.8635554232482827
2017-07-14,2449.159912109375,2463.5400390625,2446.68994140625,2459.27001953125,2738460000,1.0,0.0046735030786992,0.004780856231428255,0.7757284574780438
2017-07-17,2459.5,2462.820068359375,2457.159912109375,2459.139892578125,2800580000,1.0,-5.291283677333336e-05,0.004700252826545787,0.8004326013845188
2017-07-18,2455.8798828125,2460.919921875,2450.340087890625,2460.610107421875,2974090000,1.0,0.0005978573436131,0.0046743044725785,0.8527978895754778
2017-07-19,2463.85009765625,2473.830078125,2463.85009765625,2473.830078125,3063810000,1.0,0.0053726393560888,0.004525938719085014,0.8803731956402503
2017-07-20,2475.56005859375,2477.6201171875,2468.429931640625,2473.449951171875,3223820000,1.0,-0.0001536592818101,0.004471245548622518,0.9286677655363211
2017-07-21,2467.39990234375,2472.5400390625,2465.06005859375,2472.5400390625,3066880000,1.0,-0.000367871647835,0.004470790147762802,0.8864337153731772
2017-07-24,2472.0400390625,2473.10009765625,2466.320068359375,2469.909912109375,3019920000,1.0,-0.0010637348279797,0.004475908724568489,0.8764466541546239
2017-07-25,2477.8798828125,2481.239990234375,2474.909912109375,2477.1298828125,4116360000,1.0,0.0029231716783382,0.004474039468933768,1.1890549953967144
2017-07-26,2479.969970703125,2481.68994140625,2474.93994140625,2477.830078125,3597830000,1.0,0.0002826639480466,0.00447199502250139,1.038625471567771
2017-07-27,2482.760009765625,2484.0400390625,2459.929931640625,2475.419921875,4035740000,1.0,-0.0009726882691745,0.004476065198441523,1.1609267853304632
2017-07-28,2469.1201171875,2473.530029296875,2464.659912109375,2472.10009765625,3302850000,1.0,-0.0013411155777705,0.004476565134203967,0.9548374063252713
2017-07-31,2475.93994140625,2477.9599609375,2468.530029296875,2470.300048828125,3475930000,1.0,-0.0007281456077897,0.004479779170031856,1.0097988484342748
2017-08-01,2477.10009765625,2478.510009765625,2471.139892578125,2476.35009765625,3470260000,1.0,0.0024491149692504,0.0044628842291571675,1.0102732727106098
2017-08-02,2480.3798828125,2480.3798828125,2466.47998046875,2477.570068359375,3487150000,1.0,0.0004926487188865,0.004462407769827945,1.0133579062781608
2017-08-03,2476.030029296875,2476.030029296875,2468.85009765625,2472.159912109375,3662410000,1.0,-0.0021836541856442,0.004471810187668348,1.0615373467435727
2017-08-04,2476.8798828125,2480.0,2472.080078125,2476.830078125,3239980000,1.0,0.0018891035295691,0.004474622115810162,0.9399106754437073
2017-08-07,2477.139892578125,2480.949951171875,2475.8798828125,2480.909912109375,2935130000,1.0,0.0016471997899281,0.004462666482898392,0.8544642045136303
2017-08-08,2478.35009765625,2490.8701171875,2470.320068359375,2474.919921875,3347480000,1.0,-0.0024144327873969,0.0044716864318900375,0.9714486136743288
2017-08-09,2465.35009765625,2474.409912109375,2462.080078125,2474.02001953125,3310960000,1.0,-0.0003636086710507,0.004439156233853113,0.9602646336846341
2017-08-10,2465.3798828125,2465.3798828125,2437.75,2438.2099609375,3635820000,1.0,-0.0144744417228017,0.004840362154087358,1.059906391289587
2017-08-11,2441.0400390625,2448.090087890625,2437.85009765625,2441.320068359375,3161830000,1.0,0.0012755699762128,0.004191751958212706,0.9255005201463786
2017-08-14,2454.9599609375,2468.219970703125,2454.9599609375,2465.840087890625,2824320000,1.0,0.0100437545445353,0.004348640093145953,0.8298226566688676
2017-08-15,2468.659912109375,2468.89990234375,2461.610107421875,2464.610107421875,2922430000,1.0,-0.0004988078808476,0.004277409634733071,0.8586198655872956
2017-08-16,2468.6298828125,2474.929931640625,2463.860107421875,2468.110107421875,2956570000,1.0,0.0014201029158569,0.004236578829671406,0.8708003250439661
2017-08-17,2462.949951171875,2465.02001953125,2430.010009765625,2430.010009765625,3164950000,1.0,-0.0154369521609586,0.004706244977973577,0.9344384110623194
2017-08-18,2427.639892578125,2440.27001953125,2420.68994140625,2425.550048828125,3426970000,1.0,-0.0018353673110713,0.004704159349705655,1.0136483157939384
2017-08-21,2425.5,2430.580078125,2417.35009765625,2428.3701171875,2803650000,1.0,0.0011626510699036,0.004672474096552265,0.8353387143330793
2017-08-22,2433.75,2454.77001953125,2433.669921875,2452.510009765625,2780990000,1.0,0.0099407797877546,0.004842074464070089,0.8348096900230307
2017-08-23,2444.8798828125,2448.909912109375,2441.419921875,2444.0400390625,2796950000,1.0,-0.003453592714973,0.004862288976351196,0.8420337009767765
2017-08-24,2447.909912109375,2450.389892578125,2436.18994140625,2438.969970703125,2849680000,1.0,-0.0020744620703185,0.004870605947484422,0.8615861520240841
2017-08-25,2444.719970703125,2453.9599609375,2442.219970703125,2443.050048828125,2593350000,1.0,0.0016728693563305,0.004777920368947562,0.78779526260237
2017-08-28,2447.35009765625,2449.1201171875,2439.030029296875,2444.239990234375,2682920000,1.0,0.0004870720543856,0.004754738576612467,0.8281692370312023
2017-08-29,2431.93994140625,2449.18994140625,2428.199951171875,2446.300048828125,2739460000,1.0,0.0008428217368101,0.004752894437282377,0.8484087187772825
2017-08-30,2446.06005859375,2460.31005859375,2443.77001953125,2457.590087890625,2637780000,1.0,0.0046151489339618,0.0047733034103780705,0.8209095826811101
2017-08-31,2462.64990234375,2475.010009765625,2462.64990234375,2471.64990234375,3353860000,1.0,0.0057209762207304,0.004823265331339576,1.0453587438215597
2017-09-01,2474.419921875,2480.3798828125,2473.85009765625,2476.550048828125,2712780000,1.0,0.0019825406825328,0.004828310069046976,0.8495903878072985
2017-09-05,2470.35009765625,2471.969970703125,2446.550048828125,2457.85009765625,3502190000,1.0,-0.0075508068899006,0.004931861026044689,1.1091868372318936
2017-09-06,2463.830078125,2469.639892578125,2459.199951171875,2465.5400390625,3400200000,1.0,0.0031287267736885,0.0049438585581524025,1.075818602340717
2017-09-07,2468.06005859375,2468.6201171875,2460.2900390625,2465.10009765625,3365780000,1.0,-0.0001784361232346,0.00491244785998333,1.0662708133605687
2017-09-08,2462.25,2467.110107421875,2459.39990234375,2461.429931640625,3308360000,1.0,-0.0014888507039184,0.004914859892225659,1.0492211966048766
2017-09-11,2474.52001953125,2488.949951171875,2474.52001953125,2488.110107421875,3293460000,1.0,0.0108392993187771,0.005092904374749389,1.0483264801095022
2017-09-12,2491.93994140625,2496.77001953125,2490.3701171875,2496.47998046875,3234280000,1.0,0.0033639480109453,0.0051073204830074815,1.0303533532071734
2017-09-13,2493.889892578125,2498.3701171875,2492.139892578125,2498.3701171875,3371370000,1.0,0.0007571207193879,0.005001072585885026,1.0640611948256762
2017-09-14,2494.56005859375,2498.429931640625,2491.35009765625,2495.6201171875,3422470000,1.0,-0.0011007176162897,0.004919617646866274,1.0798189611245992
2017-09-15,2495.669921875,2500.22998046875,2493.159912109375,2500.22998046875,4862970000,1.0,0.0018471814878802,0.004921325613201521,1.5199772755275398
2017-09-18,2502.510009765625,2508.320068359375,2499.919921875,2503.8701171875,3204700000,1.0,0.0014559207541648,0.004921560547432637,0.9999449588757932
2017-09-19,2506.2900390625,2507.840087890625,2503.18994140625,2506.64990234375,3253760000,1.0,0.0011101954279371,0.004920227021214447,1.01371008494732
2017-09-20,2506.840087890625,2508.85009765625,2496.669921875,2508.239990234375,3584570000,1.0,0.000634347815839,0.004920226599623663,1.1134731377249758
2017-09-21,2507.159912109375,2507.159912109375,2499.0,2500.60009765625,2965590000,1.0,-0.0030459176984141,0.004813801208638211,0.9224106226628619
2017-09-22,2497.260009765625,2503.469970703125,2496.5400390625,2502.219970703125,2877980000,1.0,0.000647793722952,0.004690571954114013,0.8962228397905527
2017-09-25,2499.389892578125,2502.5400390625,2488.030029296875,2496.659912109375,3314530000,1.0,-0.0022220502828884,0.004552803089132861,1.028477507125893
2017-09-26,2501.0400390625,2503.510009765625,2495.1201171875,2496.840087890625,3070770000,1.0,7.216672978804795e-05,0.0045512652391159186,0.9512453201637169
2017-09-27,2503.300048828125,2511.75,2495.909912109375,2507.0400390625,3485070000,1.0,0.0040851439470808,0.00456890883953484,1.076177841409096
2017-09-28,2503.409912109375,2510.81005859375,2502.929931640625,2510.06005859375,3173030000,1.0,0.0012046155961591,0.00456817670908393,0.9791604653242534
2017-09-29,2509.9599609375,2519.43994140625,2507.989990234375,2519.360107421875,3220260000,1.0,0.0037051100814438,0.004396428569996463,0.993756932977988
2017-10-02,2521.199951171875,2529.22998046875,2520.39990234375,2529.1201171875,3226370000,1.0,0.0038740034570177,0.004353232432755355,0.9946633459942601
2017-10-03,2530.340087890625,2535.1298828125,2528.85009765625,2534.580078125,3073480000,1.0,0.0021588381272976,0.004357180327086012,0.9472158053639607
2017-10-04,2533.47998046875,2540.530029296875,2531.800048828125,2537.739990234375,3020770000,1.0,0.0012467201713795,0.004353117452088742,0.9373006998362128
2017-10-05,2540.860107421875,2552.510009765625,2540.02001953125,2552.070068359375,3059730000,1.0,0.0056467873699215,0.00431597199527129,0.952570326908022
2017-10-06,2547.43994140625,2549.409912109375,2543.7900390625,2549.330078125,2898270000,1.0,-0.0010736344069645,0.004319567332359867,0.9087399090040399
2017-10-09,2551.389892578125,2551.820068359375,2541.60009765625,2544.72998046875,2486940000,1.0,-0.0018044339160793,0.004299134984755419,0.783779390308925
2017-10-10,2549.989990234375,2555.22998046875,2544.860107421875,2550.639892578125,2962610000,1.0,0.0023224122617073,0.004304154767274687,0.9367214631801666
2017-10-11,2550.6201171875,2555.239990234375,2547.949951171875,2555.239990234375,2991320000,1.0,0.0018035072962026,0.004306871677298974,0.9486722071315646
2017-10-12,2552.8798828125,2555.330078125,2548.31005859375,2550.929931640625,3157280000,1.0,-0.001686752950886,0.004271626184694908,1.0034044715899317
2017-10-13,2555.659912109375,2557.64990234375,2552.090087890625,2553.169921875,3150470000,1.0,0.0008781073155288,0.004270942427349782,1.004508838486577
2017-10-16,2555.570068359375,2559.469970703125,2552.639892578125,2557.639892578125,2918030000,1.0,0.0017507533144689,0.004272085371133789,0.9323107797597219
2017-10-17,2557.169921875,2559.7099609375,2554.68994140625,2559.360107421875,2901890000,1.0,0.0006725789853143,0.0042666868438807305,0.9273510214190415
2017-10-18,2562.8701171875,2564.110107421875,2559.669921875,2561.260009765625,2999320000,1.0,0.0007423349056041,0.004255854001351625,0.960624121910597
2017-10-19,2553.389892578125,2562.360107421875,2547.919921875,2562.10009765625,3019520000,1.0,0.0003279978945605,0.0042558069193188944,0.9689025883117013
2017-10-20,2567.56005859375,2575.43994140625,2567.56005859375,2575.2099609375,3394450000,1.0,0.0051168427389869,0.004290944982455878,1.0908998235509024
2017-10-23,2578.080078125,2578.2900390625,2564.330078125,2564.97998046875,3214470000,1.0,-0.0039724840397191,0.004325138082146393,1.0327088896102443
2017-10-24,2568.659912109375,2572.179931640625,2565.580078125,2569.1298828125,3435660000,1.0,0.0016179082781735,0.004323310097611288,1.0994515894535901
2017-10-25,2566.52001953125,2567.39990234375,2544.0,2557.14990234375,3885470000,1.0,-0.0046630497542752,0.004370754713269286,1.235779127305157
2017-10-26,2560.080078125,2567.070068359375,2559.800048828125,2560.39990234375,3891750000,1.0,0.0012709462190783,0.004371752469475098,1.2304568639621687
2017-10-27,2570.260009765625,2582.97998046875,2565.93994140625,2581.070068359375,3896100000,1.0,0.0080730224980496,0.0044623349494334755,1.2261632090863663
2017-10-30,2577.75,2580.030029296875,2568.25,2572.830078125,3660230000,1.0,-0.0031924705707864,0.004488084473553195,1.1502424565020408
2017-10-31,2575.989990234375,2578.2900390625,2572.14990234375,2575.260009765625,3844420000,1.0,0.0009444586571358,0.004486338470396383,1.200273547549805
2017-11-01,2583.2099609375,2588.39990234375,2574.919921875,2579.360107421875,3841200000,1.0,0.0015921101716727,0.004470010582020937,1.1913810411365153
2017-11-02,2579.4599609375,2581.110107421875,2566.169921875,2579.85009765625,4050140000,1.0,0.0001899658108865,0.00446835119793093,1.2464956217816134
2017-11-03,2581.929931640625,2588.419921875,2576.77001953125,2587.840087890625,3568710000,1.0,0.0030970753849743,0.004008575073931595,1.0934881822898859
2017-11-06,2587.469970703125,2593.3798828125,2585.659912109375,2591.1298828125,3541970000,1.0,0.0012712512404724,0.004008570099942647,1.079022067498124
2017-11-07,2592.110107421875,2597.02001953125,2584.35009765625,2590.639892578125,3815190000,1.0,-0.0001891029228697,0.003831070273436734,1.1542924409621678
2017-11-08,2588.7099609375,2595.469970703125,2585.02001953125,2594.3798828125,3898450000,1.0,0.0014436550000984,0.003827853145174835,1.1712686884873251
2017-11-09,2584.0,2586.5,2566.330078125,2584.6201171875,3844100000,1.0,-0.003761887644002,0.0038732565174704344,1.1466280140185647
2017-11-10,2580.179931640625,2583.81005859375,2575.570068359375,2582.300048828125,3489740000,1.0,-0.0008976438525517,0.003245674992636908,1.04008549722503
2017-11-13,2576.530029296875,2587.659912109375,2574.47998046875,2584.840087890625,3405200000,1.0,0.0009836343625724,0.0032239902277913556,1.0107174877217653
2017-11-14,2577.75,2579.659912109375,2566.56005859375,2578.8701171875,3643580000,1.0,-0.0023096092988857,0.003253252321111505,1.0805655034004962
2017-11-15,2569.449951171875,2572.840087890625,2557.449951171875,2564.6201171875,3586590000,1.0,-0.0055256757232663,0.0031443766871091434,1.0624895242317074
2017-11-16,2572.949951171875,2590.090087890625,2572.949951171875,2585.639892578125,3329730000,1.0,0.0081960580632411,0.0032386657759009715,0.9866081820332437
2017-11-17,2582.93994140625,2583.9599609375,2577.6201171875,2578.85009765625,3309800000,1.0,-0.0026259630899742,0.003248147196123303,0.9806944992929091
2017-11-20,2579.489990234375,2584.639892578125,2578.239990234375,2582.139892578125,3023940000,1.0,0.0012756828808564,0.003247022615160726,0.8974274660039183
2017-11-21,2589.169921875,2601.18994140625,2589.169921875,2599.030029296875,3351230000,1.0,0.0065411392958598,0.0033261744221100057,0.9938688049166764
2017-11-22,2600.31005859375,2600.93994140625,2595.22998046875,2597.080078125,2764110000,1.0,-0.0007502611166068,0.0033340378240204454,0.8227108935743181
2017-11-24,2600.419921875,2604.2099609375,2600.419921875,2602.419921875,1385890000,1.0,0.0020560951489239,0.003303269895752289,0.41755912199569334
2017-11-27,2602.659912109375,2606.409912109375,2598.8701171875,2601.419921875,3017720000,1.0,-0.0003842577408796,0.003247697251099503,0.9194417514035127
2017-11-28,2605.93994140625,2627.68994140625,2605.43994140625,2627.0400390625,3493340000,1.0,0.0098485127187901,0.0034465210167532365,1.0624853325599104
2017-11-29,2627.820068359375,2634.889892578125,2620.320068359375,2626.070068359375,4090630000,1.0,-0.0003692257021979,0.00326481405328195,1.2378472860005418
2017-11-30,2633.929931640625,2657.739990234375,2633.929931640625,2647.580078125,4965700000,1.0,0.0081909504338029,0.0033812226080079046,1.4901921665774178
2017-12-01,2645.10009765625,2650.6201171875,2605.52001953125,2642.219970703125,3950930000,1.0,-0.0020245308031139,0.003402253135536741,1.1786919038690657
2017-12-04,2657.18994140625,2665.18994140625,2639.030029296875,2639.43994140625,4025840000,1.0,-0.0010521566439205,0.003396947446652126,1.1928701810544302
2017-12-05,2639.780029296875,2648.719970703125,2627.72998046875,2629.570068359375,3547570000,1.0,-0.0037393815604747,0.0032098428257521863,1.0497074843273406
2017-12-06,2626.239990234375,2634.409912109375,2624.75,2629.27001953125,3253080000,1.0,-0.0001141056599842,0.0031964667925926437,0.9615320384468574
2017-12-07,2628.3798828125,2640.989990234375,2626.530029296875,2636.97998046875,3297060000,1.0,0.0029323579853828,0.0032074915278921196,0.975615789668047
2017-12-08,2646.2099609375,2651.64990234375,2644.10009765625,2651.5,3126750000,1.0,0.0055063063196516,0.003250576600517851,0.9254737253369799
2017-12-11,2652.18994140625,2660.330078125,2651.469970703125,2659.989990234375,3141480000,1.0,0.0032019574710069,0.0032611398718299387,0.9302674318983049
2017-12-12,2661.72998046875,2669.719970703125,2659.780029296875,2664.110107421875,3568910000,1.0,0.0015489220646041,0.0032613639330425575,1.0547000320821303
2017-12-13,2667.590087890625,2671.8798828125,2662.85009765625,2662.85009765625,3568360000,1.0,-0.0004729570906678,0.0032671823451664844,1.051461985822725
2017-12-14,2665.8701171875,2668.090087890625,2652.010009765625,2652.010009765625,3442760000,1.0,-0.0040708592271739,0.0033322509560184533,1.0119357961779845
2017-12-15,2660.6298828125,2679.6298828125,2659.139892578125,2675.81005859375,5736910000,1.0,0.0089743435132163,0.0034481864528494023,1.6601314664176787
2017-12-18,2685.919921875,2694.969970703125,2685.919921875,2690.159912109375,3727770000,1.0,0.0053628072252507,0.003490360468521051,1.073577978681596
2017-12-19,2692.7099609375,2694.43994140625,2680.739990234375,2681.469970703125,3407680000,1.0,-0.0032302694598687,0.0035095559271489715,0.9762165249902527
2017-12-20,2688.179931640625,2691.010009765625,2676.110107421875,2679.25,3246230000,1.0,-0.0008278931807477,0.0035163620387767625,0.9284563256315815
2017-12-21,2683.02001953125,2692.639892578125,2682.39990234375,2684.570068359375,3293130000,1.0,0.0019856558213586,0.0034973772561017265,0.9402469659745109
2017-12-22,2684.219970703125,2685.35009765625,2678.1298828125,2683.340087890625,2401030000,1.0,-0.0004581666477052,0.0035034950975422765,0.6885099082535449
2017-12-26,2679.090087890625,2682.739990234375,2677.9599609375,2680.5,1970660000,1.0,-0.0010584151831672,0.0034978720171474757,0.5689484077147355
2017-12-27,2682.10009765625,2685.639892578125,2678.909912109375,2682.6201171875,2202900000,1.0,0.0007909409391904,0.0034781216165335554,0.6386354347489921
2017-12-28,2686.10009765625,2687.659912109375,2682.68994140625,2687.5400390625,2174890000,1.0,0.0018339987251561,0.0034765213941978707,0.6331841737990102
2017-12-29,2689.14990234375,2692.1201171875,2673.610107421875,2673.610107421875,2447760000,1.0,-0.0051831531579653,0.003566200229743197,0.7149218885859064
2018-01-02,2683.72998046875,2695.889892578125,2682.360107421875,2695.81005859375,3397430000,1.0,0.00830336147752,0.003642120743461146,0.9901080990092362
2018-01-03,2697.85009765625,2714.3701171875,2697.77001953125,2713.06005859375,3544030000,1.0,0.0063988187687815,0.003700085887412568,1.0319318474184045
2018-01-04,2719.31005859375,2729.2900390625,2719.070068359375,2723.989990234375,3697340000,1.0,0.0040286360805039,0.0037005880814189513,1.0735530187410545
2018-01-05,2731.330078125,2743.449951171875,2727.919921875,2743.14990234375,3239280000,1.0,0.0070337674433695,0.0037752925371300444,0.9416253775841371
2018-01-08,2742.669921875,2748.510009765625,2737.60009765625,2747.7099609375,3246160000,1.0,0.0016623439316436,0.0037749669865376266,0.9471456898533777
2018-01-09,2751.14990234375,2759.139892578125,2747.860107421875,2751.2900390625,3467460000,1.0,0.0013029315960912,0.0037556563482919083,1.014226478346841
2018-01-10,2745.550048828125,2750.800048828125,2736.06005859375,2748.22998046875,3579900000,1.0,-0.0011122268282528,0.0037679275661352354,1.0490554984029004
2018-01-11,2752.969970703125,2767.56005859375,2752.780029296875,2767.56005859375,3645690000,1.0,0.0070336464787794,0.0038412023891965874,1.0684256765869506
2018-01-12,2770.179931640625,2787.85009765625,2769.639892578125,2786.239990234375,3587220000,1.0,0.006749602987881,0.003903382625761787,1.0528773840839005
2018-01-16,2798.9599609375,2807.5400390625,2768.639892578125,2776.419921875,4362880000,1.0,-0.0035244876226721,0.003954545556636617,1.2766302355203238
2018-01-17,2784.989990234375,2807.0400390625,2778.3798828125,2802.56005859375,3790340000,1.0,0.0094150515607511,0.004086434716134335,1.110787119893585
2018-01-18,2802.39990234375,2805.830078125,2792.56005859375,2798.030029296875,3703300000,1.0,-0.0016163897301626,0.004077994001398058,1.0844239554472852
2018-01-19,2802.60009765625,2810.330078125,2798.080078125,2810.300048828125,3724230000,1.0,0.0043852351128388,0.004034147673809663,1.0893899851344306
2018-01-22,2809.159912109375,2833.030029296875,2808.1201171875,2832.969970703125,3489480000,1.0,0.0080667264993476,0.0041214513453983964,1.022670982805489
2018-01-23,2835.050048828125,2842.239990234375,2830.590087890625,2839.1298828125,3541140000,1.0,0.0021743654797181,0.0040379291120242675,1.0399892204870893
2018-01-24,2845.419921875,2852.969970703125,2824.81005859375,2837.5400390625,4079270000,1.0,-0.0005599757022828,0.004048537586154738,1.1963787814754518
2018-01-25,2846.239990234375,2848.56005859375,2830.93994140625,2839.25,3873100000,1.0,0.0006026209018938,0.003963909650127957,1.1333641681582227
2018-01-26,2847.47998046875,2872.8701171875,2846.179931640625,2872.8701171875,3474680000,1.0,0.011841196508761,0.0041277335334562425,1.0163634075710632
2018-01-29,2867.22998046875,2870.6201171875,2851.47998046875,2853.530029296875,3587420000,1.0,-0.0067319743328871,0.0042726512393536495,1.0496853565641955
2018-01-30,2832.739990234375,2837.75,2818.27001953125,2822.429931640625,4012070000,1.0,-0.0108988156202839,0.004572778899455003,1.171022930225355
2018-01-31,2832.409912109375,2839.260009765625,2813.0400390625,2823.81005859375,4276270000,1.0,0.0004889853730833,0.004571476039524847,1.2412777154501162
2018-02-01,2816.449951171875,2835.9599609375,2812.699951171875,2821.97998046875,3977380000,1.0,-0.0006480882520516,0.0045751072947368895,1.1500614184578528
2018-02-02,2808.919921875,2808.919921875,2759.969970703125,2762.1298828125,4340220000,1.0,-0.021208547923968,0.005430829526889707,1.2454959953594138
2018-02-05,2741.06005859375,2763.389892578125,2638.169921875,2648.93994140625,5310840000,1.0,-0.0409792248042282,0.00767981867508253,1.5070811394251251
2018-02-06,2614.780029296875,2701.0400390625,2593.070068359375,2695.139892578125,5917350000,1.0,0.0174409205923138,0.007988151122409158,1.6496704255479777
2018-02-07,2690.949951171875,2727.669921875,2681.330078125,2681.659912109375,4646300000,1.0,-0.0050015884169394,0.008001393137796268,1.2721930090635298
2018-02-08,2685.010009765625,2685.27001953125,2580.56005859375,2581.0,5333840000,0.0,-0.037536419758088,0.009397513902311963,1.442155318460104
2018-02-09,2601.780029296875,2638.669921875,2532.68994140625,2619.550048828125,5690110000,0.0,0.0149360902084947,0.009591981885838916,1.5204216739855696
2018-02-12,2636.75,2672.610107421875,2622.449951171875,2656.0,4069220000,0.0,0.0139145847540425,0.009745534110763652,1.0874373701739726
2018-02-13,2646.27001953125,2668.840087890625,2637.080078125,2662.93994140625,3503540000,0.0,0.002612929746329,0.009716291708330825,0.9436423418998974
2018-02-14,2651.2099609375,2702.10009765625,2648.8701171875,2698.6298828125,4011940000,0.0,0.0134024582572458,0.009807425848295397,1.0802196228113916
2018-02-15,2713.4599609375,2731.510009765625,2689.820068359375,2731.199951171875,3696140000,0.0,0.0120691127622993,0.00990441696916261,0.9969601419859146
2018-02-16,2727.139892578125,2754.419921875,2725.110107421875,2732.219970703125,3646920000,0.0,0.0003734693722488,0.009904685455711798,0.9831571007363191
2018-02-20,2722.989990234375,2737.60009765625,2706.760009765625,2716.260009765625,3646920000,0.0,-0.0058413894593534,0.009916076529117072,0.9810738181298349
2018-02-21,2720.530029296875,2747.75,2701.2900390625,2701.330078125,3789040000,0.0,-0.0054965031281792,0.00994740975895079,1.016615163896006
2018-02-22,2710.419921875,2731.260009765625,2697.77001953125,2703.9599609375,3720620000,0.0,0.0009735510790762,0.009945900151317138,0.9950866955864133
2018-02-23,2715.800048828125,2747.760009765625,2713.739990234375,2747.300048828125,3200360000,0.0,0.0160283763505131,0.01013973657320383,0.855672701795994
2018-02-26,2757.3701171875,2780.639892578125,2753.780029296875,2779.60009765625,3436590000,0.0,0.0117570153438109,0.010171034515826011,0.9194835508660552
2018-02-27,2780.449951171875,2789.14990234375,2744.219970703125,2744.280029296875,3752070000,0.0,-0.0127068884438292,0.01032262262828895,1.0029065035402314
2018-02-28,2753.780029296875,2761.52001953125,2713.5400390625,2713.830078125,4244570000,0.0,-0.011095788639207,0.010388246678735336,1.1297065361195118
2018-03-01,2715.219970703125,2730.889892578125,2659.64990234375,2677.669921875,4514490000,0.0,-0.0133243995419872,0.010535542981441631,1.2094163498343327
2018-03-02,2658.889892578125,2696.25,2647.320068359375,2691.25,3891250000,0.0,0.005071602744632,0.010552093647458452,1.0415401963183826
2018-03-05,2681.06005859375,2728.090087890625,2675.75,2720.93994140625,3733640000,0.0,0.011032026532745,0.010626422366240226,0.997613192721328
2018-03-06,2730.179931640625,2732.080078125,2711.260009765625,2728.1201171875,3389030000,0.0,0.0026388586061694,0.01062911720210417,0.9048443265027492
2018-03-07,2710.179931640625,2730.60009765625,2701.739990234375,2726.800048828125,3406690000,0.0,-0.0004838747205661,0.010625950685190321,0.9090081916909037
2018-03-08,2732.75,2740.449951171875,2722.64990234375,2738.969970703125,3206040000,0.0,0.0044630782078172,0.010618661752508262,0.8518092963595677
2018-03-09,2752.909912109375,2786.570068359375,2751.5400390625,2786.570068359375,3376870000,0.0,0.0173788315189269,0.01083316586578904,0.890542543516954
2018-03-12,2790.5400390625,2796.97998046875,2779.260009765625,2783.02001953125,3216960000,0.0,-0.0012739851290425,0.010836135556797452,0.8438579493194176
2018-03-13,2792.31005859375,2801.89990234375,2758.679931640625,2765.31005859375,3324290000,0.0,-0.0063635765510888,0.010874356697640426,0.8667854472848515
2018-03-14,2774.06005859375,2777.110107421875,2744.3798828125,2749.47998046875,3394630000,0.0,-0.0057245219485623,0.010888709228168538,0.880777015622977
2018-03-15,2754.27001953125,2763.030029296875,2741.469970703125,2747.330078125,3543710000,0.0,-0.0007819305319631,0.010835169688213369,0.9187601758294135
2018-03-16,2750.570068359375,2761.85009765625,2749.969970703125,2752.010009765625,5429140000,0.0,0.0017034471678114,0.010817607604165676,1.3939605194550173
2018-03-19,2741.3798828125,2741.3798828125,2694.590087890625,2712.919921875,3327460000,0.0,-0.014204195388793,0.010972328942730328,0.8559688253306639
2018-03-20,2715.050048828125,2724.219970703125,2710.050048828125,2716.93994140625,3272590000,0.0,0.0014818054520648,0.010972519861777592,0.8417096031782081
2018-03-21,2714.989990234375,2739.139892578125,2709.7900390625,2711.929931640625,3434780000,0.0,-0.0018439898833508,0.010973643448110377,0.8825685226665565
2018-03-22,2691.360107421875,2695.679931640625,2641.590087890625,2643.68994140625,3765460000,0.0,-0.0251628884058564,0.011452871175256965,0.9660574774258793
2018-03-23,2646.7099609375,2657.669921875,2585.889892578125,2588.260009765625,3829380000,0.0,-0.020966880711866,0.011762861362182239,0.9812005864378583
2018-03-26,2619.35009765625,2661.360107421875,2601.81005859375,2658.550048828125,3538080000,0.0,0.0271572557615125,0.012293015102625988,0.9070611033613006
2018-03-27,2667.570068359375,2674.780029296875,2596.1201171875,2612.6201171875,3761320000,0.0,-0.0172763088138478,0.012488719968342742,0.9634333237911772
2018-03-28,2611.300048828125,2632.64990234375,2593.06005859375,2605.0,3875720000,0.0,-0.0029166571662562,0.012477410466463076,0.9952197242354024
2018-03-29,2614.409912109375,2659.070068359375,2609.719970703125,2640.8701171875,3572360000,0.0,0.0137697186900191,0.012561383990917807,0.9183500444887018
2018-04-02,2633.449951171875,2638.300048828125,2553.800048828125,2581.8798828125,3635780000,0.0,-0.0223374235601651,0.012847570149296836,0.9349780616598253
2018-04-03,2592.169921875,2619.139892578125,2575.489990234375,2614.449951171875,3395840000,0.0,0.0126148658487921,0.012949047965940706,0.874752470223141
2018-04-04,2584.0400390625,2649.860107421875,2573.610107421875,2644.68994140625,3369230000,0.0,0.0115664827398285,0.013007433102151496,0.8684358694741066
2018-04-05,2657.360107421875,2672.080078125,2649.580078125,2662.840087890625,3230430000,0.0,0.0068628636575538,0.013039543917080513,0.8339953204374717
2018-04-06,2645.820068359375,2656.8798828125,2586.27001953125,2604.469970703125,3312390000,0.0,-0.0219202487798424,0.01332844388469749,0.8585544174655441
2018-04-09,2617.179931640625,2653.550048828125,2610.7900390625,2613.159912109375,3076140000,0.0,0.0033365488963206,0.013339191970686337,0.8006273134434564
2018-04-10,2638.409912109375,2665.449951171875,2635.780029296875,2656.8701171875,3579130000,0.0,0.0167269537832615,0.013492890962628772,0.9310343715311841
2018-04-11,2643.889892578125,2661.429931640625,2639.25,2642.18994140625,3054520000,0.0,-0.005525364482924,0.013472765400781952,0.7967772897760774
2018-04-12,2653.830078125,2674.719970703125,2653.830078125,2663.989990234375,3045330000,0.0,0.0082507500639876,0.013518010571454452,0.798406841025768
2018-04-13,2676.89990234375,2680.260009765625,2645.050048828125,2656.300048828125,2988540000,0.0,-0.0028866254882486,0.013456716721822512,0.7888443981500032
2018-04-16,2670.10009765625,2686.489990234375,2665.159912109375,2677.840087890625,3020740000,0.0,0.0081090383866848,0.013505240980231061,0.8013910013102982
2018-04-17,2692.739990234375,2713.340087890625,2692.050048828125,2706.389892578125,3286190000,0.0,0.01066150470172,0.013568988114836955,0.8767170227792382
2018-04-18,2710.110107421875,2717.489990234375,2703.6298828125,2708.639892578125,3412030000,0.0,0.0008313658006817,0.01352330812931724,0.9196067545977643
2018-04-19,2701.159912109375,2702.840087890625,2681.89990234375,2693.1298828125,3375120000,0.0,-0.0057261246901529,0.013533730353502044,0.9222975919789032
2018-04-20,2692.56005859375,2693.93994140625,2660.610107421875,2670.139892578125,3428260000,0.0,-0.008536532300613,0.013570571794830908,0.9430969438933987
2018-04-23,2675.39990234375,2682.860107421875,2657.989990234375,2670.2900390625,3030390000,0.0,5.623169212687351e-05,0.013569714861445382,0.8443456102102852
2018-04-24,2680.800048828125,2683.550048828125,2617.320068359375,2634.56005859375,3716020000,0.0,-0.0133805616416463,0.013558012332531984,1.0468965431752348
2018-04-25,2634.919921875,2645.300048828125,2612.669921875,2639.39990234375,3563680000,0.0,0.0018370595630237,0.0135454978858613,1.0068464928647616
2018-04-26,2651.64990234375,2676.47998046875,2647.159912109375,2666.93994140625,3690920000,0.0,0.0104342047743672,0.013566789997445075,1.0416926554532084
2018-04-27,2675.469970703125,2677.35009765625,2659.010009765625,2669.909912109375,3234510000,0.0,0.0011136248915897,0.013568076694733528,0.9169031747004561
2018-04-30,2682.510009765625,2682.8701171875,2648.0400390625,2648.050048828125,3749510000,0.0,-0.0081874909644346,0.013601118385657205,1.062571357448788
2018-05-01,2642.9599609375,2655.27001953125,2625.409912109375,2654.800048828125,3562820000,0.0,0.0025490454770622,0.013345297051151053,1.0101468895260253
2018-05-02,2654.239990234375,2660.8701171875,2631.699951171875,2635.669921875,4047020000,0.0,-0.0072058635683577,0.012281983733739925,1.1448321170129754
2018-05-03,2628.080078125,2637.139892578125,2594.6201171875,2629.72998046875,3867530000,0.0,-0.0022536742393085,0.012069043220310655,1.0935718718135032
2018-05-04,2621.449951171875,2670.929931640625,2615.320068359375,2663.419921875,3335260000,0.0,0.0128111789637979,0.012171020338823061,0.9451283945387796
2018-05-07,2680.340087890625,2683.35009765625,2664.699951171875,2672.6298828125,3266810000,0.0,0.0034579455015175,0.01113718941193451,0.9253828905872634
2018-05-08,2670.260009765625,2676.340087890625,2655.199951171875,2671.919921875,3745100000,0.0,-0.000265641322828,0.010978294386454574,1.059016194851967
2018-05-09,2678.1201171875,2701.27001953125,2674.139892578125,2697.7900390625,3913650000,0.0,0.0096822202550688,0.010903257533572882,1.1056673485652584
2018-05-10,2705.02001953125,2726.110107421875,2704.5400390625,2723.070068359375,3380640000,0.0,0.0093706437235048,0.010962101607218534,0.959768772447382
2018-05-11,2722.699951171875,2732.860107421875,2717.449951171875,2727.719970703125,2874850000,0.0,0.001707595554657,0.010830742010863858,0.823844159411015
2018-05-14,2738.469970703125,2742.10009765625,2725.469970703125,2730.1298828125,2994360000,0.0,0.0008834895573073,0.010719312171345797,0.8625258229750983
2018-05-15,2718.590087890625,2718.590087890625,2701.909912109375,2711.449951171875,3291190000,0.0,-0.0068421402799274,0.010756035409276365,0.9504504025795774
2018-05-16,2712.6201171875,2727.760009765625,2712.169921875,2722.4599609375,3248480000,0.0,0.0040605616787676,0.010741940677301073,0.9388785030846329
2018-05-17,2719.7099609375,2731.9599609375,2711.360107421875,2720.1298828125,3478150000,0.0,-0.0008558723207806,0.010717679048589796,1.0048428563463143
2018-05-18,2717.35009765625,2719.5,2709.179931640625,2712.969970703125,3383270000,0.0,-0.0026321949384167,0.010723216994028168,0.9764319734334727
2018-05-21,2735.389892578125,2739.18994140625,2725.699951171875,2733.010009765625,3053480000,0.0,0.0073867529972351,0.010562648660461658,0.8829006682099723
2018-05-22,2738.340087890625,2742.239990234375,2721.8798828125,2724.43994140625,3384140000,0.0,-0.0031357617896576,0.010455361598053707,0.9775644942003417
2018-05-23,2713.97998046875,2733.330078125,2709.5400390625,2733.2900390625,3333160000,0.0,0.0032484098921563,0.010336167440221837,0.9627887447686079
2018-05-24,2730.93994140625,2731.969970703125,2707.3798828125,2727.760009765625,3285750000,0.0,-0.002023213496498,0.01023719417043909,0.9496916475577021
2018-05-25,2723.60009765625,2727.360107421875,2714.989990234375,2721.330078125,3015260000,0.0,-0.0023572204364039,0.010089612426292839,0.8741814351934291
2018-05-29,2705.110107421875,2710.669921875,2676.81005859375,2689.860107421875,3743310000,0.0,-0.011564187290653,0.010184943969198676,1.095970231896645
2018-05-30,2702.429931640625,2729.340087890625,2702.429931640625,2724.010009765625,3566490000,0.0,0.0126957912233143,0.010217583646307605,1.0427411940383513
2018-05-31,2720.97998046875,2722.5,2700.679931640625,2705.27001953125,4241100000,0.0,-0.0068795599748869,0.010250864736518081,1.23299532827603
2018-06-01,2718.699951171875,2736.929931640625,2718.699951171875,2734.6201171875,3694310000,0.0,0.010849230370481,0.01034741318396513,1.0724112976336069
2018-06-04,2741.669921875,2749.159912109375,2740.5400390625,2746.8701171875,3410090000,0.0,0.0044795984359973,0.010347531456624587,0.9919524238430446
2018-06-05,2748.4599609375,2752.610107421875,2739.510009765625,2748.800048828125,3523550000,0.0,0.0007025929724704,0.010096490285055737,1.026783411658394
2018-06-06,2753.25,2772.389892578125,2748.4599609375,2772.35009765625,3662780000,0.0,0.0085673924657287,0.010158121531337827,1.066580706105442
2018-06-07,2774.840087890625,2779.89990234375,2760.159912109375,2770.3701171875,3742080000,0.0,-0.000714188467908,0.010124387773507612,1.0897945283233057
2018-06-08,2765.840087890625,2779.389892578125,2763.590087890625,2779.030029296875,3138850000,0.0,0.0031259043893263,0.010102821068112684,0.9180579365236284
2018-06-11,2780.179931640625,2790.2099609375,2780.169921875,2782.0,3262130000,0.0,0.0010687076684365,0.010102508966454794,0.9558497637516012
2018-06-12,2785.60009765625,2789.800048828125,2778.780029296875,2786.85009765625,3435700000,0.0,0.0017433852107295,0.010102607044199378,1.0078899799654109
2018-06-13,2787.93994140625,2791.469970703125,2774.64990234375,2775.6298828125,3820770000,0.0,-0.0040261278685875,0.009939758292158462,1.118065847947001
2018-06-14,2783.2099609375,2789.06005859375,2776.52001953125,2782.489990234375,3540930000,0.0,0.0024715497784322,0.009942354979907947,1.0351365196952282
2018-06-15,2777.780029296875,2782.81005859375,2761.72998046875,2779.659912109375,5451990000,0.0,-0.0010171027155291,0.00993969949548598,1.5733694212379403
2018-06-18,2765.7900390625,2774.989990234375,2757.1201171875,2773.75,3316120000,0.0,-0.0021261277624751,0.009361275129511737,0.9569660771264814
2018-06-19,2752.010009765625,2765.050048828125,2743.18994140625,2762.590087890625,3671160000,0.0,-0.0040234022926993,0.008938179507432167,1.0557976987661768
2018-06-20,2769.72998046875,2774.860107421875,2763.909912109375,2767.320068359375,3332140000,0.0,0.0017121542893689,0.008260084878293444,0.9596614668563791
2018-06-21,2769.280029296875,2769.280029296875,2744.389892578125,2749.760009765625,3336580000,0.0,-0.0063455105155799,0.007972371807764066,0.9593815112163717
2018-06-22,2760.7900390625,2764.169921875,2752.679931640625,2754.8798828125,5468110000,0.0,0.0018619345065358,0.007957611779014476,1.550664827080529
2018-06-25,2742.93994140625,2742.93994140625,2698.669921875,2717.070068359375,3663280000,0.0,-0.0137246689734161,0.00799921847885156,1.0348847300544393
2018-06-26,2722.1201171875,2732.909912109375,2715.60009765625,2723.06005859375,3568900000,0.0,0.0022045770199778,0.007417683204662531,1.0051092183574077
2018-06-27,2728.449951171875,2746.090087890625,2699.3798828125,2699.6298828125,3803990000,0.0,-0.0086043551288214,0.007355981144353774,1.0682021335793088
2018-06-28,2698.68994140625,2724.340087890625,2691.989990234375,2716.31005859375,3461100000,0.0,0.0061786898594677,0.007251501765176921,0.9716470848425806
2018-06-29,2727.1298828125,2743.260009765625,2718.030029296875,2718.3701171875,3586800000,0.0,0.0007584033300001,0.0072029678615697906,1.0057399633359723
2018-07-02,2704.949951171875,2727.260009765625,2698.949951171875,2726.7099609375,3095040000,0.0,0.0030679574121528,0.006588535949164415,0.8694750770086511
2018-07-03,2733.27001953125,2736.580078125,2711.159912109375,2713.219970703125,1911460000,0.0,-0.0049473506268106,0.006620900146173454,0.5403746781713802
2018-07-05,2724.18994140625,2737.830078125,2716.02001953125,2736.610107421875,2980160000,0.0,0.0086208036839299,0.006365000134303642,0.8460188660026892
2018-07-06,2737.679931640625,2764.409912109375,2733.52001953125,2759.820068359375,2590250000,0.0,0.0084812815952675,0.006396563350605155,0.739416390154482
2018-07-09,2775.6201171875,2784.64990234375,2770.72998046875,2784.169921875,3070060000,0.0,0.0088229858876633,0.006408357792431144,0.8795011314976316
2018-07-10,2788.56005859375,2795.580078125,2786.239990234375,2793.840087890625,3080140000,0.0,0.0034732671808739,0.00639967986316353,0.8831699543181034
2018-07-11,2779.820068359375,2785.909912109375,2770.77001953125,2774.02001953125,2986180000,0.0,-0.0070942028662561,0.0064088439675847615,0.8599932944149826
2018-07-12,2783.139892578125,2799.219970703125,2781.530029296875,2798.2900390625,2834230000,0.0,0.0087490426746634,0.006362586732932957,0.8196728423068176
2018-07-13,2796.929931640625,2804.530029296875,2791.68994140625,2801.31005859375,2619790000,0.0,0.0010792374947172,0.006362835415261377,0.7639624601913033
2018-07-16,2797.360107421875,2801.18994140625,2793.389892578125,2798.429931640625,2819860000,0.0,-0.0010281357268144,0.0063126170240271045,0.8273606857881366
2018-07-17,2789.340087890625,2814.18994140625,2789.239990234375,2809.550048828125,3064920000,0.0,0.0039736986307106,0.006209504583602046,0.9006913258193243
2018-07-18,2811.35009765625,2816.760009765625,2805.889892578125,2815.6201171875,3111560000,0.0,0.0021605126279586,0.0062107869893839405,0.9152325946059882
2018-07-19,2809.3701171875,2812.050048828125,2799.77001953125,2804.489990234375,3278360000,0.0,-0.0039529931204791,0.005957398351279558,0.9669500441391653
2018-07-20,2804.550048828125,2809.699951171875,2800.010009765625,2801.830078125,3243250000,0.0,-0.0009484477101494,0.005962089826223627,0.9603924187260605
2018-07-23,2799.169921875,2808.610107421875,2795.139892578125,2806.97998046875,2928490000,0.0,0.0018380494891383,0.005833770562393587,0.8695139672003426
2018-07-24,2820.679931640625,2829.989990234375,2811.1201171875,2820.39990234375,3430410000,0.0,0.0047809111459209,0.005855536627385546,1.0151925681870402
2018-07-25,2817.72998046875,2848.030029296875,2817.72998046875,2846.070068359375,3584400000,0.0,0.0091016050575996,0.005824517829465673,1.0570726013411291
2018-07-26,2835.489990234375,2845.570068359375,2835.260009765625,2837.43994140625,3667290000,0.0,-0.0030322960242857,0.005847445250694934,1.0791237984037174
2018-07-27,2842.35009765625,2843.169921875,2808.340087890625,2818.820068359375,3434370000,0.0,-0.0065622086921236,0.005832471431196571,1.0094812231148764
2018-07-30,2819.0,2821.739990234375,2798.110107421875,2802.60009765625,3261190000,0.0,-0.0057541702945819,0.005884240890929686,0.9598017478852188
2018-07-31,2809.72998046875,2824.4599609375,2808.06005859375,2816.2900390625,3906890000,0.0,0.0048847287979825,0.005702542610016819,1.1463048306064672
2018-08-01,2821.169921875,2825.830078125,2805.85009765625,2813.360107421875,3501350000,0.0,-0.0010403515262938,0.005698534150355719,1.0246241050140283
2018-08-02,2800.47998046875,2829.909912109375,2796.340087890625,2827.219970703125,3501380000,0.0,0.0049264448033816,0.005720352170422444,1.0239302888228659
2018-08-03,2829.6201171875,2840.3798828125,2827.3701171875,2840.35009765625,3043690000,0.0,0.0046441830098771,0.005626326738331271,0.8915946575971748
2018-08-06,2840.2900390625,2853.2900390625,2835.97998046875,2850.39990234375,2879020000,0.0,0.0035382274515358,0.005526542736854101,0.8453719452158153
2018-08-07,2855.919921875,2863.429931640625,2855.919921875,2858.449951171875,3185440000,0.0,0.0028241822564987,0.0055316072537370045,0.9344127570878838
2018-08-08,2856.7900390625,2862.43994140625,2853.090087890625,2857.699951171875,2978070000,0.0,-0.0002623799656497,0.005533276382730437,0.8775227449256333
2018-08-09,2857.18994140625,2862.47998046875,2851.97998046875,2853.580078125,3066180000,0.0,-0.0014416744645237,0.005450551975372701,0.9061571269329848
2018-08-10,2838.89990234375,2842.199951171875,2825.81005859375,2833.280029296875,3265590000,0.0,-0.0071138879135516,0.005529896499025832,0.9706862323240694
2018-08-13,2835.4599609375,2843.39990234375,2819.8798828125,2821.929931640625,3173630000,0.0,-0.0040059921853423,0.005559602056585992,0.9462805407845563
2018-08-14,2827.8798828125,2843.110107421875,2826.580078125,2839.9599609375,2986500000,0.0,0.0063892547772768,0.005591841418396477,0.8927391209133757
2018-08-15,2827.949951171875,2827.949951171875,2802.489990234375,2818.3701171875,3656680000,0.0,-0.0076021648357581,0.005626304421381565,1.0922032859886341
2018-08-16,2831.43994140625,2850.489990234375,2831.43994140625,2840.68994140625,3232000000,0.0,0.007919408484583,0.0056849926408046566,0.9678474605323664
2018-08-17,2838.320068359375,2855.6298828125,2833.72998046875,2850.1298828125,3037640000,0.0,0.0033231157222237,0.005685565599892329,0.913498903731547
2018-08-20,2853.929931640625,2859.760009765625,2850.6201171875,2857.050048828125,2757150000,0.0,0.0024280177746833,0.005678282975569687,0.8310560160962301
2018-08-21,2861.510009765625,2873.22998046875,2861.320068359375,2862.9599609375,3174010000,0.0,0.0020685364303643,0.005665465019553576,0.9572138229202228
2018-08-22,2860.989990234375,2867.5400390625,2856.050048828125,2861.820068359375,2701250000,0.0,-0.0003981517707819,0.005428827613976478,0.8182642952021919
2018-08-23,2860.2900390625,2868.780029296875,2854.030029296875,2856.97998046875,2724450000,0.0,-0.0016912621251551,0.00521931854281057,0.8308102605562716
2018-08-24,2862.35009765625,2876.159912109375,2862.35009765625,2874.68994140625,2603010000,0.0,0.006198839704363,0.0051656401684504775,0.798344381808712
2018-08-27,2884.68994140625,2898.25,2884.68994140625,2896.739990234375,2865070000,0.0,0.0076704094276471,0.005078753521701106,0.8928868048516257
2018-08-28,2901.449951171875,2903.77001953125,2893.5,2897.52001953125,2687770000,0.0,0.0002692783264997,0.005058529279580944,0.840925462598642
2018-08-29,2900.6201171875,2916.5,2898.39990234375,2914.0400390625,2805520000,0.0,0.00570143412984,0.005096200041381548,0.882546497333033
2018-08-30,2908.93994140625,2912.4599609375,2895.219970703125,2901.1298828125,2810450000,0.0,-0.0044303290541448,0.005044467038032867,0.8870087034760313
2018-08-31,2898.3701171875,2906.320068359375,2891.72998046875,2901.52001953125,2887220000,0.0,0.0001344775085945,0.005041425075605296,0.9138301949915033
2018-09-04,2896.9599609375,2900.179931640625,2885.1298828125,2896.719970703125,3087420000,0.0,-0.0016543221469484,0.005041554799882923,0.992147068959334
2018-09-05,2891.590087890625,2894.2099609375,2876.919921875,2888.60009765625,3248780000,0.0,-0.002803126684318,0.005061547468600965,1.0467889981567018
2018-09-06,2888.639892578125,2892.050048828125,2867.2900390625,2878.050048828125,3144240000,0.0,-0.0036523050860121,0.005089457830141859,1.0158852421622229
2018-09-07,2868.260009765625,2883.81005859375,2864.1201171875,2871.679931640625,2976580000,0.0,-0.0022133448270275,0.005067166158549218,0.9668848641775228
2018-09-10,2881.389892578125,2886.929931640625,2875.93994140625,2877.1298828125,2751100000,0.0,0.00189782681274,0.005064076155054497,0.8977831273685063
2018-09-11,2871.570068359375,2892.52001953125,2866.780029296875,2887.889892578125,2904500000,0.0,0.0037398415100768,0.005076026963210391,0.9520828767411119
2018-09-12,2888.2900390625,2894.64990234375,2879.199951171875,2888.919921875,3341280000,0.0,0.0003566719422101,0.005063119929396536,1.0934922666368547
2018-09-13,2896.85009765625,2906.760009765625,2896.389892578125,2904.179931640625,3274090000,0.0,0.0052822543297499,0.005058787923280501,1.0620310275805185
2018-09-14,2906.3798828125,2908.300048828125,2895.77001953125,2904.97998046875,3179410000,0.0,0.0002754818389207,0.005058018605727483,1.0299878626772694
2018-09-17,2903.830078125,2904.64990234375,2886.159912109375,2888.800048828125,2967980000,0.0,-0.0055697222526174,0.005040346379900489,0.9591465451360343
2018-09-18,2890.739990234375,2911.169921875,2890.429931640625,2904.31005859375,3091190000,0.0,0.005369014643958,0.005072689208330921,0.9988272659787515
2018-09-19,2906.60009765625,2912.360107421875,2903.820068359375,2907.949951171875,3302460000,0.0,0.0012532727238796,0.004695653521368162,1.06556204375888
2018-09-20,2919.72998046875,2934.800048828125,2919.72998046875,2930.75,3406520000,0.0,0.0078405918984048,0.004772984393571215,1.0961643771612235
2018-09-21,2936.760009765625,2940.909912109375,2927.110107421875,2929.669921875,5652470000,0.0,-0.0003685330120276,0.0046004729790922235,1.7864738261311324
2018-09-24,2921.830078125,2923.7900390625,2912.6298828125,2919.3701171875,3392030000,0.0,-0.0035156877607932,0.004599113976186219,1.0668498159857602
2018-09-25,2921.75,2923.949951171875,2913.699951171875,2915.56005859375,3330880000,0.0,-0.0013050961134796,0.004610270285280396,1.0442603645869681
2018-09-26,2916.97998046875,2931.14990234375,2903.280029296875,2905.969970703125,3417540000,0.0,-0.003289278113945,0.004639066855011375,1.069065349080552
2018-09-27,2911.64990234375,2927.219970703125,2909.27001953125,2914.0,3101360000,0.0,0.002763287087558,0.004575853169533699,0.9702207160154804
2018-09-28,2910.030029296875,2920.530029296875,2907.5,2913.97998046875,3461680000,0.0,-6.870120538793323e-06,0.004473139247527987,1.0817015119035351
2018-10-01,2926.2900390625,2937.06005859375,2917.909912109375,2924.590087890625,3375890000,0.0,0.0036411051184257,0.004379646857771856,1.0540202347257157
2018-10-02,2923.800048828125,2931.419921875,2919.3701171875,2923.429931640625,3432620000,0.0,-0.0003966902079042,0.0042597770189139895,1.0683692583345763
2018-10-03,2931.68994140625,2939.860107421875,2921.360107421875,2925.510009765625,3625510000,0.0,0.0007115197468861,0.004245548222011998,1.1270356374182633
2018-10-04,2919.35009765625,2919.780029296875,2883.919921875,2901.610107421875,3510370000,0.0,-0.0081694823343518,0.004281453612248322,1.0917454024480262
2018-10-05,2902.5400390625,2909.639892578125,2869.2900390625,2885.570068359375,3340820000,0.0,-0.0055279787665034,0.00422623180794533,1.0411285706307765
2018-10-08,2877.530029296875,2889.449951171875,2862.080078125,2884.429931640625,3381820000,0.0,-0.0003951166292067,0.0042272159587977524,1.0542510556632412
2018-10-09,2882.510009765625,2894.830078125,2874.27001953125,2880.340087890625,3531690000,0.0,-0.0014179036575431,0.004229896862885187,1.099117958219768
2018-10-10,2873.89990234375,2874.02001953125,2784.860107421875,2785.679931640625,4554260000,0.0,-0.0328642290012785,0.0060132082096450564,1.4116697320323983
2018-10-11,2776.8701171875,2795.139892578125,2710.510009765625,2728.3701171875,4914090000,0.0,-0.020573007617344,0.006558318345689673,1.5099806231920665
2018-10-12,2770.5400390625,2775.77001953125,2729.43994140625,2767.1298828125,4024010000,0.0,0.0142061978251524,0.0068105690541411645,1.2325219842599002
2018-10-15,2763.830078125,2775.989990234375,2749.030029296875,2750.7900390625,3327160000,0.0,-0.0059049789644829,0.0068497429834610815,1.0173158584791202
2018-10-16,2767.050048828125,2813.4599609375,2766.909912109375,2809.919921875,3460260000,0.0,0.0214956001631634,0.007400859861773906,1.0542653590046143
2018-10-17,2811.669921875,2816.93994140625,2781.81005859375,2809.2099609375,3347090000,0.0,-0.0002526623381587,0.007374743709508879,1.018781416782163
2018-10-18,2802.0,2806.0400390625,2755.179931640625,2768.780029296875,3639300000,0.0,-0.0143919223563954,0.0075037442545531465,1.1032827641603264
2018-10-19,2775.659912109375,2797.77001953125,2760.27001953125,2767.780029296875,3593940000,0.0,-0.0003611698977235,0.007495968601607005,1.086056255389576
2018-10-22,2773.93994140625,2778.93994140625,2749.219970703125,2755.8798828125,3331270000,0.0,-0.0042995275485813,0.007470018839141631,1.0062802992388533
2018-10-23,2721.030029296875,2753.590087890625,2691.429931640625,2740.68994140625,4373710000,0.0,-0.0055118299970128,0.007467111521723044,1.3116614736543093
2018-10-24,2737.8701171875,2742.590087890625,2651.889892578125,2656.10009765625,4738670000,0.0,-0.0308644339777438,0.008409558465369277,1.4063320868863325
2018-10-25,2674.8798828125,2722.699951171875,2667.840087890625,2705.570068359375,4663930000,0.0,0.0186250400528118,0.008780634181233942,1.375924824758711
2018-10-26,2667.860107421875,2692.3798828125,2628.159912109375,2658.68994140625,4804330000,0.0,-0.0173272640399783,0.00900970637676188,1.4043166852171447
2018-10-29,2682.64990234375,2706.85009765625,2603.5400390625,2641.25,4701260000,0.0,-0.0065595995737004,0.009007192756210074,1.3609530046449325
2018-10-30,2640.679931640625,2685.429931640625,2635.340087890625,2682.6298828125,5125600000,0.0,0.0156667800520586,0.009247544352429716,1.463722270636011
2018-10-31,2705.60009765625,2736.68994140625,2705.60009765625,2711.739990234375,5133380000,0.0,0.0108513319740386,0.009360711588490772,1.4497205067822863
2018-11-01,2717.580078125,2741.669921875,2708.85009765625,2740.3701171875,4730250000,0.0,0.0105578436930637,0.009475442700191789,1.3207364260460475
2018-11-02,2745.449951171875,2756.550048828125,2700.43994140625,2723.06005859375,4261230000,0.0,-0.0063166863793988,0.009503171488586138,1.1796575451569076
2018-11-05,2726.3701171875,2744.27001953125,2717.93994140625,2738.31005859375,3650910000,0.0,0.0056003171696019,0.009500281318010973,1.0048694570560062
2018-11-06,2738.39990234375,2756.820068359375,2737.080078125,2755.449951171875,3543800000,0.0,0.0062592957741707,0.0095288905742289,0.9717579786819805
2018-11-07,2774.1298828125,2815.14990234375,2774.1298828125,2813.889892578125,3929080000,0.0,0.0212088560641052,0.009891753488374773,1.0701219271389542
2018-11-08,2806.3798828125,2814.75,2794.989990234375,2806.830078125,3673550000,0.0,-0.0025089163835961,0.009848085633905757,0.9958173799605723
2018-11-09,2794.10009765625,2794.10009765625,2764.239990234375,2781.010009765625,4029030000,0.0,-0.0091990137061033,0.009862120665168372,1.0850118351315652
2018-11-12,2773.929931640625,2775.989990234375,2722.0,2726.219970703125,3701570000,0.0,-0.0197014893402406,0.010161922217419381,0.9924742834304947
2018-11-13,2730.050048828125,2754.60009765625,2714.97998046875,2722.179931640625,4112820000,0.0,-0.0014819196931705,0.010154125403378556,1.0967092429623144
2018-11-14,2737.89990234375,2746.800048828125,2685.75,2701.580078125,4449060000,0.0,-0.0075674106903027,0.010184871951524102,1.17882380883567
2018-11-15,2693.52001953125,2735.3798828125,2670.75,2730.199951171875,4204960000,0.0,0.0105937533662663,0.010292618170253611,1.1079194413440263
2018-11-16,2718.5400390625,2746.75,2712.159912109375,2736.27001953125,3996970000,0.0,0.0022233054237545,0.010298839783144947,1.047486040839945
2018-11-19,2730.739990234375,2733.159912109375,2681.090087890625,2690.72998046875,3806940000,0.0,-0.0166431085884942,0.010461640424490106,0.9921939920729566
2018-11-20,2654.60009765625,2669.43994140625,2631.52001953125,2641.889892578125,4370820000,0.0,-0.0181512408324661,0.010626743155691329,1.1305158954856442
2018-11-21,2657.739990234375,2670.72998046875,2649.820068359375,2649.929931640625,3237400000,0.0,0.0030432907461763,0.010640498757946065,0.8378061703567853
2018-11-23,2633.360107421875,2647.550048828125,2631.090087890625,2632.56005859375,1651680000,0.0,-0.0065548423901612,0.010618863698698527,0.43105767860115246
2018-11-26,2649.969970703125,2674.35009765625,2649.969970703125,2673.449951171875,3523520000,0.0,0.0155323683669224,0.01084025341135758,0.9179243039654105
2018-11-27,2663.75,2682.530029296875,2655.889892578125,2682.169921875,3494380000,0.0,0.0032616921440038,0.010854791034467355,0.9078430145881314
2018-11-28,2691.449951171875,2744.0,2684.3798828125,2743.7900390625,3984540000,0.0,0.0229739796442216,0.011295974975890114,1.0304040224169393
2018-11-29,2736.969970703125,2753.75,2722.93994140625,2737.800048828125,3599200000,0.0,-0.0021831080910337,0.011294432703789185,0.9293286271999451
2018-11-30,2737.760009765625,2760.8798828125,2732.760009765625,2760.169921875,4668310000,0.0,0.0081707475520171,0.011347375527309687,1.197573960416806
2018-12-03,2790.5,2800.179931640625,2773.3798828125,2790.3701171875,4221580000,0.0,0.0109414261321942,0.011443008581909319,1.0909824662037015
2018-12-04,2782.429931640625,2785.929931640625,2697.179931640625,2700.06005859375,4515710000,0.0,-0.0323649031493987,0.012158247966910458,1.1602558584993043
2018-12-06,2663.510009765625,2696.14990234375,2621.530029296875,2695.949951171875,5180430000,0.0,-0.0015222281477752,0.012142556824780371,1.3185157697176828
2018-12-07,2691.260009765625,2708.5400390625,2623.139892578125,2633.080078125,4242240000,0.0,-0.0233201187653898,0.012475481173571565,1.0752151829435201
2018-12-10,2630.860107421875,2647.510009765625,2583.22998046875,2637.719970703125,4162880000,0.0,0.001762153994735,0.012451455827691381,1.049453975767931
2018-12-11,2664.43994140625,2674.35009765625,2621.300048828125,2636.780029296875,3963440000,0.0,-0.0003563461689223,0.012450173565795742,0.9966541485580571
2018-12-12,2658.22998046875,2685.43994140625,2650.260009765625,2651.070068359375,4029300000,0.0,0.0054195036763498,0.012470649909410984,1.0098967525752705
2018-12-13,2658.699951171875,2670.18994140625,2637.27001953125,2650.5400390625,3978340000,0.0,-0.0001999303236835,0.012440456488202937,0.9944039687574877
2018-12-14,2629.679931640625,2635.070068359375,2593.840087890625,2599.949951171875,4064370000,0.0,-0.0190867095554303,0.012641161027770874,1.0136836328989605
2018-12-17,2590.75,2601.1298828125,2530.5400390625,2545.93994140625,4661420000,0.0,-0.0207734805592242,0.012810477529510353,1.1559552344158244
2018-12-18,2559.89990234375,2573.989990234375,2528.7099609375,2546.159912109375,4519190000,0.0,8.640058610476231e-05,0.012811751846260922,1.1141729513257312
2018-12-19,2547.050048828125,2585.2900390625,2488.9599609375,2506.9599609375,5152830000,0.0,-0.0153957145367981,0.012922891696744314,1.259394444208183
2018-12-20,2496.77001953125,2509.6298828125,2441.179931640625,2467.419921875,5619780000,0.0,-0.0157721063274236,0.013035592473554776,1.359643118903413
2018-12-21,2465.3798828125,2504.409912109375,2408.550048828125,2416.6201171875,7657890000,0.0,-0.0205882283097142,0.01323871320074146,1.825328737894569
2018-12-24,2400.56005859375,2410.340087890625,2351.10009765625,2351.10009765625,2613670000,0.0,-0.0271122544520995,0.01357648563791578,0.6299001768956026
2018-12-26,2363.1201171875,2467.760009765625,2346.580078125,2467.699951171875,4249740000,0.0,0.0495937427895394,0.015204080221798947,1.0230834752858224
2018-12-27,2442.5,2489.10009765625,2397.93994140625,2488.830078125,4139010000,0.0,0.008562680784222,0.015251814651590404,0.9925465426227088
2018-12-28,2498.77001953125,2520.27001953125,2472.889892578125,2485.739990234375,3728440000,0.0,-0.0012415825080966,0.015250162942353663,0.892942163527464
2018-12-31,2498.93994140625,2509.239990234375,2482.820068359375,2506.85009765625,3461920000,0.0,0.0084924841314093,0.015311632369423043,0.8286562164846653
2019-01-02,2476.9599609375,2519.489990234375,2467.469970703125,2510.030029296875,3733160000,0.0,0.0012684969251244,0.015300412191555098,0.893179753514008
2019-01-03,2491.919921875,2493.139892578125,2443.9599609375,2447.889892578125,3858830000,0.0,-0.0247567303950372,0.015568244258056193,0.9220782547498799
2019-01-04,2474.330078125,2538.070068359375,2474.330078125,2531.93994140625,4234140000,0.0,0.0343357146426235,0.016281645551697924,1.0074127806618927
2019-01-07,2535.610107421875,2566.159912109375,2524.56005859375,2549.68994140625,4133120000,0.0,0.0070104348486803,0.01632340762330388,0.9845045906166217
2019-01-08,2568.110107421875,2579.820068359375,2547.56005859375,2574.409912109375,4120060000,0.0,0.0096952850233589,0.015873543643422368,0.9842944725359801
2019-01-09,2580.0,2595.320068359375,2568.889892578125,2584.9599609375,4088740000,0.0,0.0040980454505321,0.01568131604160306,0.9795039949726617
2019-01-10,2573.510009765625,2597.820068359375,2562.02001953125,2596.639892578125,3721300000,0.0,0.0045184187829312,0.015573913806700784,0.8961296340989017
2019-01-11,2588.110107421875,2596.27001953125,2577.39990234375,2596.260009765625,3447460000,0.0,-0.0001462978419093,0.015560538549633041,0.835229570750253
2019-01-14,2580.31005859375,2589.320068359375,2570.409912109375,2582.610107421875,3689370000,0.0,-0.005257525167898,0.01529049924649862,0.9001020582627962
2019-01-15,2585.10009765625,2613.080078125,2585.10009765625,2610.300048828125,3601180000,0.0,0.0107216886229457,0.0153685603425126,0.885204215573742
2019-01-16,2614.75,2625.760009765625,2612.679931640625,2616.10009765625,3882180000,0.0,0.0022219854881162,0.015274533632789529,0.9582719795356955
2019-01-17,2609.280029296875,2645.06005859375,2606.360107421875,2635.9599609375,3802410000,0.0,0.007591400382211,0.015313129962893687,0.9407124606518064
2019-01-18,2651.27001953125,2675.469970703125,2647.580078125,2670.7099609375,4009010000,0.0,0.01318305304897,0.015409462944741374,0.990070817176088
2019-01-22,2657.8798828125,2657.8798828125,2617.27001953125,2632.89990234375,3923950000,0.0,-0.0141573061645666,0.015498176423761837,0.9672481272516413
2019-01-23,2643.47998046875,2653.18994140625,2612.860107421875,2638.699951171875,3358770000,0.0,0.0022029127742235,0.014981257954294828,0.8302664435530204
2019-01-24,2638.840087890625,2647.199951171875,2627.010009765625,2642.330078125,3449230000,0.0,0.0013757255543636,0.014781977768208197,0.8535741982691194
2019-01-25,2657.43994140625,2672.3798828125,2657.330078125,2664.760009765625,3821000000,0.0,0.0084886940607138,0.014652726032948775,0.9465499752128264
2019-01-28,2644.969970703125,2644.969970703125,2624.06005859375,2643.85009765625,3630820000,0.0,-0.0078468274939378,0.01466364463338878,0.8997533844770151
2019-01-29,2644.889892578125,2650.929931640625,2631.050048828125,2640.0,3518070000,0.0,-0.0014562465775435,0.014521919744477486,0.8743902504494148
2019-01-30,2653.6201171875,2690.43994140625,2648.340087890625,2681.050048828125,3883270000,0.0,0.0155492609197442,0.014594798436022056,0.9678801289905331
2019-01-31,2685.489990234375,2708.949951171875,2678.64990234375,2704.10009765625,4953800000,1.0,0.0085973959487253,0.0145727450690904,1.2301110159175441
2019-02-01,2702.320068359375,2716.659912109375,2696.8798828125,2706.530029296875,3782490000,1.0,0.0008986100931438,0.014550479403799471,0.9402567836257223
2019-02-04,2706.489990234375,2724.989990234375,2698.75,2724.8701171875,3369450000,1.0,0.006776236617404,0.014558936911042153,0.8394084537694944
2019-02-05,2728.340087890625,2738.97998046875,2724.030029296875,2737.699951171875,3597620000,1.0,0.0047084203769747,0.014549048688615687,0.8997170218631821
2019-02-06,2735.050048828125,2738.080078125,2724.14990234375,2731.610107421875,3486590000,1.0,-0.0022244379802809,0.014282031709788602,0.870864462218796
2019-02-07,2717.530029296875,2719.320068359375,2687.260009765625,2706.050048828125,4114040000,1.0,-0.0093571401439401,0.014326510757201141,1.0150995703313312
2019-02-08,2692.360107421875,2708.070068359375,2681.830078125,2707.8798828125,3649510000,1.0,0.000676201086956,0.014281635604978934,0.8999217727357419
2019-02-11,2712.39990234375,2718.050048828125,2703.7900390625,2709.800048828125,3395330000,1.0,0.0007091030986317,0.014054010694386797,0.8376534699685146
2019-02-12,2722.610107421875,2748.18994140625,2722.610107421875,2744.72998046875,3843020000,1.0,0.0128902247439735,0.014150539686523097,0.9487644672249872
2019-02-13,2750.300048828125,2761.85009765625,2748.6298828125,2753.030029296875,3684910000,1.0,0.0030239946687606,0.014117572957272433,0.9093454467850386
2019-02-14,2743.5,2757.89990234375,2731.22998046875,2745.72998046875,3845390000,1.0,-0.0026516415551012,0.014059103146398045,0.9528178743884744
2019-02-15,2760.239990234375,2775.659912109375,2760.239990234375,2775.60009765625,3648680000,1.0,0.0108787526085869,0.014124558762428624,0.9066507634773318
2019-02-19,2769.280029296875,2787.330078125,2767.2900390625,2779.760009765625,3535270000,1.0,0.0014987433214488,0.013948011620028759,0.8827711513542997
2019-02-20,2779.050048828125,2789.8798828125,2774.06005859375,2784.699951171875,3904830000,1.0,0.0017771107537685,0.013728552538933651,0.981303112673178
2019-02-21,2780.239990234375,2781.580078125,2764.550048828125,2774.8798828125,3598260000,1.0,-0.0035264367908802,0.013737933704366056,0.9071968845106342
2019-02-22,2780.669921875,2794.199951171875,2779.110107421875,2792.669921875,3429350000,1.0,0.0064111023949868,0.013721277396411533,0.86782099456965
2019-02-25,2804.35009765625,2813.489990234375,2794.989990234375,2796.110107421875,3860260000,1.0,0.0012318625699112,0.013589493325112553,0.9773761769310501
2019-02-26,2792.360107421875,2803.1201171875,2789.469970703125,2793.89990234375,3676200000,1.0,-0.0007904570968998,0.01358731517657259,0.932441396989068
2019-02-27,2787.5,2795.760009765625,2775.1298828125,2792.3798828125,3771790000,1.0,-0.0005440493877303,0.013271498149709985,0.9576905717375567
2019-02-28,2788.110107421875,2793.72998046875,2782.510009765625,2784.489990234375,4445780000,1.0,-0.0028255083152146,0.013273859005905383,1.126640393308692
2019-03-01,2798.219970703125,2808.02001953125,2787.3798828125,2803.68994140625,3994950000,1.0,0.0068953205934343,0.013262168164805842,1.0158233438973503
2019-03-04,2814.3701171875,2816.8798828125,2767.659912109375,2792.81005859375,3949730000,1.0,-0.003880558492514,0.013199376735565078,1.0072419269778738
2019-03-05,2794.409912109375,2796.43994140625,2782.969970703125,2789.64990234375,3631380000,1.0,-0.0011315328231061,0.012494392635300592,0.933300059137943
2019-03-06,2790.27001953125,2790.27001953125,2768.68994140625,2771.449951171875,3800180000,1.0,-0.0065240986535923,0.012525579238682945,0.9859045674016756
2019-03-07,2766.530029296875,2767.25,2739.090087890625,2748.929931640625,3932150000,1.0,-0.0081257175586835,0.012184003621870408,1.040252368507672
2019-03-08,2730.7900390625,2744.1298828125,2722.27001953125,2743.070068359375,3424300000,1.0,-0.0021316888487414,0.012189108841935883,0.9020315215538197
2019-03-11,2747.610107421875,2784.0,2747.610107421875,2783.300048828125,3764850000,1.0,0.0146660418677571,0.012320092432942575,0.9942794303251727
2019-03-12,2787.340087890625,2798.320068359375,2786.72998046875,2791.52001953125,3432340000,1.0,0.0029533182046204,0.012309124986069024,0.909861197352036
2019-03-13,2799.780029296875,2821.239990234375,2799.780029296875,2810.919921875,3782250000,1.0,0.0069495838138418,0.012332537781598719,1.0023310739885036
2019-03-14,2810.3798828125,2815.0,2803.4599609375,2808.47998046875,3505670000,1.0,-0.0008680223820187,0.012049274061880623,0.9288194499641896
2019-03-15,2810.7900390625,2830.72998046875,2810.7900390625,2822.47998046875,5969780000,1.0,0.0049849029002739,0.011701247491864191,1.563153792874542
2019-03-18,2822.610107421875,2835.409912109375,2821.989990234375,2832.93994140625,3620770000,1.0,0.0037059469012648,0.011701662494393873,0.9492619877828173
2019-03-19,2840.760009765625,2852.419921875,2823.27001953125,2832.570068359375,3650740000,1.0,-0.0001305615560248,0.01148434137397513,0.9600560874678381
2019-03-20,2831.340087890625,2843.5400390625,2812.429931640625,2824.22998046875,3779160000,1.0,-0.0029443536044478,0.011263233637007737,0.9956810507286317
2019-03-21,2819.719970703125,2860.31005859375,2817.3798828125,2854.8798828125,3612620000,1.0,0.0108524810499543,0.01090529032516951,0.9543552022452557
2019-03-22,2844.52001953125,2846.159912109375,2800.469970703125,2800.7099609375,4253730000,1.0,-0.0189745012394827,0.01057197841127775,1.1227401835952444
2019-03-25,2796.010009765625,2809.7900390625,2785.02001953125,2798.360107421875,3406110000,1.0,-0.0008390206584756,0.00862897077470001,0.9005155456852791
2019-03-26,2812.659912109375,2829.8701171875,2803.989990234375,2818.4599609375,3288570000,1.0,0.0071827258623062,0.008613371917407362,0.8701711161624739
2019-03-27,2819.719970703125,2825.56005859375,2787.719970703125,2805.3701171875,3422400000,1.0,-0.0046443248906916,0.008646960216001521,0.9068644103097213
2019-03-28,2809.39990234375,2819.7099609375,2798.77001953125,2815.43994140625,3185460000,1.0,0.003589481529391,0.008608171066471467,0.8459440014421196
2019-03-29,2828.27001953125,2836.030029296875,2819.22998046875,2834.39990234375,3752520000,1.0,0.0067342800173637,0.008629483177338321,0.997221560216501
2019-04-01,2848.6298828125,2869.39990234375,2848.6298828125,2867.18994140625,3560090000,1.0,0.0115686001242754,0.007964532635262452,0.9473038816551471
2019-04-02,2868.239990234375,2872.89990234375,2858.75,2867.239990234375,3267210000,1.0,1.745570720723677e-05,0.006798870374638455,0.872817109043674
2019-04-03,2876.090087890625,2885.25,2865.169921875,2873.39990234375,3570000000,1.0,0.0021483768817243,0.006768228858601407,0.9555127707092137
2019-04-04,2873.989990234375,2881.280029296875,2867.139892578125,2879.389892578125,3038740000,1.0,0.0020846350796801,0.006692777622796412,0.8147164045641749
2019-04-05,2884.159912109375,2893.239990234375,2882.989990234375,2892.739990234375,3155970000,1.0,0.004636432770241,0.00669614859383683,0.8474796103490166
2019-04-08,2888.4599609375,2895.949951171875,2880.780029296875,2895.77001953125,3056460000,1.0,0.0010474599539205,0.006688121103904734,0.8241419562854178
2019-04-09,2886.580078125,2886.8798828125,2873.330078125,2878.199951171875,3032480000,1.0,-0.0060674943938465,0.006761225110325238,0.8203229569887702
2019-04-10,2881.3701171875,2889.7099609375,2879.1298828125,2888.2099609375,3092230000,1.0,0.0034778715639784,0.006701733792583061,0.8384176927029682
2019-04-11,2891.919921875,2893.419921875,2881.989990234375,2888.320068359375,2970650000,1.0,3.8123067008344336e-05,0.006604263413490357,0.8094587970989677
2019-04-12,2900.860107421875,2910.5400390625,2898.3701171875,2907.409912109375,3726050000,1.0,0.0066093242086024,0.0066342517770383155,1.0221332496032909
2019-04-15,2908.320068359375,2909.60009765625,2896.47998046875,2905.580078125,3114530000,1.0,-0.0006293691084816,0.006597042496473905,0.857523127020405
2019-04-16,2912.260009765625,2916.06005859375,2900.7099609375,2907.06005859375,3403120000,1.0,0.0005093580038946,0.006421948145944199,0.9368068823230362
2019-04-17,2916.0400390625,2918.0,2895.449951171875,2900.449951171875,3648100000,1.0,-0.0022738117853239,0.006108531547533485,1.003965665755747
2019-04-18,2904.81005859375,2908.39990234375,2891.89990234375,2905.030029296875,3507100000,1.0,0.0015790922795098,0.006108075330199626,0.9650531925344271
2019-04-22,2898.780029296875,2909.510009765625,2896.35009765625,2907.969970703125,3010130000,1.0,0.0010120175614714,0.006108504585587144,0.8333642486119963
2019-04-23,2909.989990234375,2936.31005859375,2908.530029296875,2933.679931640625,3674480000,1.0,0.008841205788409,0.006115392285866982,1.017151067949383
2019-04-24,2934.0,2936.830078125,2926.050048828125,2927.25,3468480000,1.0,-0.0021917631747336,0.006009647374030554,0.9597385091092259
2019-04-25,2928.989990234375,2933.10009765625,2912.840087890625,2926.169921875,3440010000,1.0,-0.0003689736527457,0.006001552669500591,0.9539884393576549
2019-04-26,2925.81005859375,2939.8798828125,2917.56005859375,2939.8798828125,3264390000,1.0,0.0046852921407636,0.005735690069120182,0.9074016616697899
2019-04-29,2940.580078125,2949.52001953125,2939.35009765625,2943.030029296875,3150390000,1.0,0.0010715221743553,0.005660837880049081,0.879109796931801
2019-04-30,2937.139892578125,2948.219970703125,2924.110107421875,2945.830078125,3939760000,1.0,0.0009514170090862,0.0056607582941601686,1.0975988034218418
2019-05-01,2952.330078125,2954.1298828125,2923.360107421875,2923.72998046875,3669330000,1.0,-0.0075021630814213,0.005731826538472952,1.0214952376545907
2019-05-02,2922.159912109375,2931.679931640625,2900.5,2917.52001953125,3802290000,1.0,-0.0021239857917741,0.005728627051228532,1.0591142925569776
2019-05-03,2929.2099609375,2947.85009765625,2929.2099609375,2945.639892578125,3357180000,1.0,0.0096382793806477,0.0058167851894053236,0.9363880987521017
2019-05-06,2908.889892578125,2937.320068359375,2898.2099609375,2932.469970703125,3203260000,1.0,-0.0044709884287563,0.005698414377837134,0.8945848469012845
2019-05-07,2913.030029296875,2913.030029296875,2862.60009765625,2884.050048828125,3793060000,1.0,-0.0165116513924233,0.006147501333280261,1.0596979631994203
2019-05-08,2879.610107421875,2897.9599609375,2873.280029296875,2879.419921875,3543110000,1.0,-0.0016054253132695,0.006157056469425246,0.9906040640737374
2019-05-09,2859.840087890625,2875.969970703125,2836.39990234375,2870.719970703125,3659050000,1.0,-0.0030214249424966,0.005977662976555527,1.0236645975626317
2019-05-10,2863.10009765625,2891.31005859375,2825.389892578125,2881.39990234375,3566780000,1.0,0.0037202972597878,0.005982794892483542,1.0027828307367426
2019-05-13,2840.18994140625,2840.18994140625,2801.429931640625,2811.8701171875,3900270000,1.0,-0.0241305571988442,0.006780828773387104,1.0971260045251345
2019-05-14,2820.1201171875,2852.5400390625,2820.1201171875,2834.409912109375,3354860000,1.0,0.0080159445431355,0.006715744339585066,0.9468738424654541
2019-05-15,2820.3798828125,2858.679931640625,2815.080078125,2850.9599609375,3140900000,1.0,0.0058389750746421,0.006751369305496618,0.8889470784267043
2019-05-16,2855.800048828125,2892.14990234375,2855.800048828125,2876.320068359375,3338470000,1.0,0.0088952871206005,0.006837185344663121,0.9473398056268829
2019-05-17,2858.60009765625,2885.47998046875,2854.22998046875,2859.530029296875,3316040000,1.0,-0.0058373333507619,0.006867054436399888,0.9442767269234764
2019-05-20,2841.93994140625,2853.860107421875,2831.2900390625,2840.22998046875,3293750000,1.0,-0.0067493779153879,0.006885988740035472,0.9386272967265981
2019-05-21,2854.02001953125,2868.8798828125,2854.02001953125,2864.360107421875,3223050000,1.0,0.0084958355904483,0.006965953901022226,0.9213247730068779
2019-05-22,2856.06005859375,2865.469970703125,2851.110107421875,2856.27001953125,3194000000,1.0,-0.0028243962306494,0.006976914167367119,0.9142664786227952
2019-05-23,2836.699951171875,2836.699951171875,2805.489990234375,2822.239990234375,3899320000,1.0,-0.0119141499452701,0.007154913726307701,1.1154132251121358
2019-05-24,2832.409912109375,2841.360107421875,2820.18994140625,2826.06005859375,2889230000,1.0,0.0013535590072402,0.007145271146517338,0.8293987157141695
2019-05-28,2830.030029296875,2840.510009765625,2801.580078125,2802.389892578125,4146980000,1.0,-0.0083756769229467,0.007177262853399628,1.2030457424159595
2019-05-29,2790.25,2792.030029296875,2766.06005859375,2783.02001953125,3701110000,1.0,-0.0069119122568113,0.007215734921818836,1.0731978640836606
2019-05-30,2786.93994140625,2799.0,2776.739990234375,2788.860107421875,3276030000,1.0,0.0020984713906617,0.00721944683448663,0.952007686200217
2019-05-31,2766.14990234375,2768.97998046875,2750.52001953125,2752.06005859375,3982670000,1.0,-0.0131953728084784,0.007371724450846724,1.1559885458543158
2019-06-03,2751.530029296875,2763.070068359375,2728.81005859375,2744.449951171875,3952360000,1.0,-0.0027652403144732,0.00730486727199982,1.144932864726105
2019-06-04,2762.639892578125,2804.489990234375,2762.639892578125,2803.27001953125,3814130000,1.0,0.0214323705681931,0.007804704461590189,1.1077111610612893
2019-06-05,2818.090087890625,2827.280029296875,2800.919921875,2826.14990234375,3570760000,1.0,0.0081618547814119,0.007646653543056428,1.0360400797760958
2019-06-06,2828.510009765625,2852.10009765625,2822.449951171875,2843.489990234375,3445140000,1.0,0.0061355867486876,0.007676463622723046,0.9986846307028807
2019-06-07,2852.8701171875,2884.969970703125,2852.8701171875,2873.340087890625,3244380000,1.0,0.0104976974628947,0.007741659820152939,0.9414595649851956
2019-06-10,2885.830078125,2904.77001953125,2885.510009765625,2886.72998046875,3209890000,1.0,0.0046600444669098,0.0077592406748284255,0.9313191546303322
2019-06-11,2903.27001953125,2910.610107421875,2878.530029296875,2885.719970703125,3551000000,1.0,-0.0003498802355809,0.007737369854702621,1.0314951997856023
2019-06-12,2882.72998046875,2888.570068359375,2874.679931640625,2879.840087890625,3039870000,1.0,-0.0020375791387226,0.007731288659394852,0.8856988768916234
2019-06-13,2886.239990234375,2895.239990234375,2881.989990234375,2891.639892578125,3100640000,1.0,0.0040973819126681,0.007746520980087607,0.9042826033623736
2019-06-14,2886.820068359375,2894.449951171875,2879.6201171875,2886.97998046875,2992810000,1.0,-0.0016115119041397,0.007738752151036076,0.8757831265294622
2019-06-17,2889.75,2897.27001953125,2887.300048828125,2889.669921875,2828400000,1.0,0.0009317492412306,0.00761656809581798,0.828692131966087
2019-06-18,2906.7099609375,2930.7900390625,2905.43994140625,2917.75,3441540000,1.0,0.009717399870633,0.007283791066476992,1.0066513388731322
2019-06-19,2920.550048828125,2931.739990234375,2911.429931640625,2926.4599609375,3300220000,1.0,0.0029851635463971,0.007286749327890802,0.9639406256831109
2019-06-20,2949.60009765625,2958.06005859375,2931.5,2954.179931640625,3943060000,1.0,0.0094721851906851,0.007326770840811371,1.1456098851815946
2019-06-21,2952.7099609375,2964.14990234375,2946.8701171875,2950.4599609375,5003540000,1.0,-0.0012592227925193,0.00729702714365947,1.4377519996905848
2019-06-24,2951.419921875,2954.919921875,2944.050048828125,2945.35009765625,3136960000,1.0,-0.0017318870104667,0.007295715247810802,0.9005352066388636
2019-06-25,2945.780029296875,2946.52001953125,2916.010009765625,2917.3798828125,3579430000,1.0,-0.0094963973437341,0.007371642965105318,1.0284219495365503
2019-06-26,2926.070068359375,2932.590087890625,2912.989990234375,2913.780029296875,3511350000,1.0,-0.0012339337557076,0.007229983446060644,1.0065663667315705
2019-06-27,2919.659912109375,2929.300048828125,2918.570068359375,2924.919921875,3162500000,1.0,0.0038231755541318,0.007244192141009187,0.9078171076203474
2019-06-28,2932.93994140625,2943.97998046875,2929.050048828125,2941.760009765625,5422650000,1.0,0.0057574526279098,0.00727423289592307,1.5409098325713158
2019-07-01,2971.409912109375,2977.929931640625,2952.219970703125,2964.330078125,3524860000,1.0,0.0076723010321881,0.0073314738850593945,1.0015293747872909
2019-07-02,2964.659912109375,2973.2099609375,2955.919921875,2973.010009765625,3224490000,1.0,0.0029281258874231,0.007318487393815652,0.915069638874288
2019-07-03,2978.080078125,2995.840087890625,2977.9599609375,2995.820068359375,1963570000,1.0,0.0076723786730701,0.007376895453751331,0.5627006421235723
2019-07-05,2984.25,2994.030029296875,2967.969970703125,2990.409912109375,2434680000,1.0,-0.0018059015984103,0.007332058368715007,0.7018653680460359
2019-07-08,2979.77001953125,2980.760009765625,2970.090087890625,2975.949951171875,2922360000,1.0,-0.0048354444248415,0.007356493472718339,0.8449747860166903
2019-07-09,2965.52001953125,2981.89990234375,2963.43994140625,2979.6298828125,3033330000,1.0,0.00123655696534,0.007356774536948205,0.878234267723506
2019-07-10,2989.300048828125,3002.97998046875,2984.6201171875,2993.070068359375,3157800000,1.0,0.0045106896075925,0.007332404583622095,0.9142326022213264
2019-07-11,2999.6201171875,3002.330078125,2988.800048828125,2999.909912109375,3155710000,1.0,0.0022852267383599,0.007334378891584744,0.9177942040681331
2019-07-12,3003.360107421875,3013.919921875,3001.8701171875,3013.77001953125,2984140000,1.0,0.0046201745478848,0.007353082658441004,0.8713683543906087
2019-07-15,3017.800048828125,3017.800048828125,3008.77001953125,3014.300048828125,2876100000,1.0,0.0001758691915574,0.007343493927367101,0.8443879424889635
2019-07-16,3012.1298828125,3015.02001953125,3001.14990234375,3004.0400390625,3297030000,1.0,-0.0034037785221858,0.007361175612193053,0.9683098591549296
2019-07-17,3005.10009765625,3005.260009765625,2984.25,2984.419921875,3185650000,1.0,-0.0065312435694508,0.007417962779341302,0.9356952806463151
2019-07-18,2978.8701171875,2998.280029296875,2973.090087890625,2995.110107421875,3369820000,1.0,0.0035819977840647,0.007347987507899261,0.9922570955913812
2019-07-19,3004.260009765625,3006.02001953125,2975.860107421875,2976.610107421875,3285890000,1.0,-0.0061767345227666,0.007389446311501252,0.9690114166105913
2019-07-22,2981.929931640625,2990.7099609375,2976.64990234375,2985.030029296875,3016200000,1.0,0.0028286949150666,0.0073960266532466625,0.8928649663255928
2019-07-23,2994.739990234375,3005.89990234375,2988.56005859375,3005.469970703125,3333810000,1.0,0.0068474826737554,0.007422683276785832,0.9882479535076057
2019-07-24,2998.77001953125,3019.590087890625,2996.820068359375,3019.56005859375,3433220000,1.0,0.0046881479528901,0.007442927567576519,1.0205421100474004
2019-07-25,3016.260009765625,3016.31005859375,2997.239990234375,3003.669921875,3657050000,1.0,-0.0052624012804535,0.0074790496343215196,1.0851272305409556
2019-07-26,3013.25,3027.97998046875,3012.590087890625,3025.860107421875,3260170000,1.0,0.0073876910992347,0.007461042665312727,0.9666799820384806
2019-07-29,3024.469970703125,3025.610107421875,3014.300048828125,3020.969970703125,3224490000,1.0,-0.0016161146071345,0.007458187659278955,0.9567471220945448
2019-07-30,3007.659912109375,3017.18994140625,3000.93994140625,3013.179931640625,3632770000,1.0,-0.0025786549148275,0.0073737716936563115,1.0758668295209066
2019-07-31,3016.219970703125,3017.39990234375,2958.080078125,2980.3798828125,4626330000,1.0,-0.0108855261126957,0.007491225416607628,1.359385961030542
2019-08-01,2980.320068359375,3013.590087890625,2945.22998046875,2953.56005859375,4793810000,1.0,-0.008998793869673,0.007264865019529937,1.395713992485439
2019-08-02,2943.89990234375,2945.5,2914.110107421875,2932.050048828125,3882810000,1.0,-0.0072827399270378,0.007328426498795146,1.125960912426171
2019-08-05,2898.070068359375,2898.070068359375,2822.1201171875,2844.739990234375,4542850000,1.0,-0.0297778200029859,0.008287088597581097,1.3124648290858973
2019-08-06,2861.179931640625,2884.39990234375,2847.419921875,2881.77001953125,4156640000,1.0,0.0130170171699326,0.008445460078090447,1.19215524312666
2019-08-07,2858.64990234375,2892.169921875,2825.7099609375,2883.97998046875,4512720000,1.0,0.0007668762331907,0.007826869710022659,1.2915719941654988
2019-08-08,2896.2099609375,2938.719970703125,2894.469970703125,2938.090087890625,4118530000,1.0,0.0187623034099841,0.008120340028757394,1.1759423002423077
2019-08-09,2930.510009765625,2935.75,2900.14990234375,2918.64990234375,3356850000,1.0,-0.0066166063549235,0.008144131291827832,0.9580216508298259
2019-08-12,2907.070068359375,2907.580078125,2873.139892578125,2882.699951171875,3328570000,1.0,-0.0123173221779722,0.008230120702688054,0.9535106788658466
2019-08-13,2880.719970703125,2943.31005859375,2877.050048828125,2926.320068359375,3857190000,1.0,0.0151316883221812,0.008418074702575523,1.1055433172496216
2019-08-14,2894.14990234375,2894.14990234375,2839.639892578125,2840.60009765625,4325150000,1.0,-0.0292927529117426,0.009209375466720463,1.2360486384417628
2019-08-15,2846.199951171875,2856.669921875,2825.510009765625,2847.60009765625,4041720000,1.0,0.002464268027652,0.009148271922030054,1.1519486809786872
2019-08-16,2864.739990234375,2893.6298828125,2864.739990234375,2888.679931640625,3524080000,1.0,0.0144261246578079,0.009329092345691334,1.0039620273943224
2019-08-19,2913.47998046875,2931.0,2913.47998046875,2923.64990234375,3221050000,1.0,0.0121058654924306,0.0093144457984604,0.9177549344588977
2019-08-20,2919.010009765625,2923.6298828125,2899.60009765625,2900.510009765625,3067710000,1.0,-0.0079147276011313,0.00937889621487064,0.8747734156891928
2019-08-21,2922.0400390625,2928.72998046875,2917.909912109375,2924.429931640625,3016540000,1.0,0.0082467985955796,0.009358450897748267,0.8628119453578559
2019-08-22,2930.93994140625,2939.080078125,2904.510009765625,2922.949951171875,2893660000,1.0,-0.0005060748601761,0.00930590647902785,0.8283577838281783
2019-08-23,2911.070068359375,2927.010009765625,2834.969970703125,2847.110107421875,3942520000,1.0,-0.0259463367546181,0.0099263145598412,1.1231973592902238
2019-08-26,2866.699951171875,2879.27001953125,2856.0,2878.3798828125,2859790000,1.0,0.0109829877352163,0.009855840123077084,0.8153528647302686
2019-08-27,2893.139892578125,2898.7900390625,2860.590087890625,2869.159912109375,3537490000,1.0,-0.0032031806358082,0.009858684159317848,1.004509871626825
2019-08-28,2861.280029296875,2890.030029296875,2853.050048828125,2887.93994140625,3102480000,1.0,0.0065454801656796,0.009511562624907327,0.8826836076247058
2019-08-29,2910.3701171875,2930.5,2905.669921875,2924.580078125,3177150000,1.0,0.0126872917935088,0.009590633201428982,0.9045613534400493
2019-08-30,2937.090087890625,2940.429931640625,2913.320068359375,2926.4599609375,3009910000,1.0,0.0006427872591217,0.009563232618099098,0.861524438944771
2019-09-03,2909.010009765625,2914.389892578125,2891.85009765625,2906.27001953125,3427830000,1.0,-0.0068991005090608,0.009519363954602383,0.9900761605045041
2019-09-04,2924.669921875,2938.840087890625,2921.860107421875,2937.780029296875,3167900000,1.0,0.010842079212828,0.00960117736419421,0.9148358542650514
2019-09-05,2960.60009765625,2985.860107421875,2960.60009765625,2976.0,3902600000,1.0,0.0130098136422667,0.009738883587066536,1.1249051097314293
2019-09-06,2980.330078125,2985.030029296875,2972.510009765625,2978.7099609375,3209340000,1.0,0.0009106051537297,0.009732988730560348,0.9266897707232976
2019-09-09,2988.429931640625,2989.429931640625,2969.389892578125,2978.429931640625,4031120000,1.0,-9.401025965849465e-05,0.00972256765241767,1.1581672667830565
2019-09-10,2971.010009765625,2979.389892578125,2957.010009765625,2979.389892578125,4393040000,1.0,0.0003223043548219,0.009718519741161825,1.2696609235625418
2019-09-11,2981.409912109375,3000.929931640625,2975.31005859375,3000.929931640625,3934370000,1.0,0.0072296811894803,0.009756407850912726,1.1344124673757336
2019-09-12,3009.080078125,3020.739990234375,3000.919921875,3009.570068359375,3796990000,1.0,0.002879153101061,0.00968871699429779,1.0911986393116597
2019-09-13,3012.2099609375,3017.330078125,3002.89990234375,3007.389892578125,3557010000,1.0,-0.0007244143620946,0.009684833643794848,1.0129546771121356
2019-09-16,2996.409912109375,3002.18994140625,2990.669921875,2997.9599609375,4285860000,1.0,-0.0031355866640028,0.009623472153683867,1.207780207256894
2019-09-17,2995.669921875,3006.2099609375,2993.72998046875,3005.699951171875,3673250000,1.0,0.0025817523700197,0.00962575986610338,1.0307807853313462
2019-09-18,3001.5,3007.830078125,2978.570068359375,3006.72998046875,3458800000,1.0,0.0003426919897555,0.009621861599301462,0.9682900408844148
2019-09-19,3010.360107421875,3021.989990234375,3003.159912109375,3006.7900390625,3265660000,1.0,1.997472142156731e-05,0.009534172905609935,0.9136687833572089
2019-09-20,3008.419921875,3016.3701171875,2984.679931640625,2992.070068359375,6103440000,1.0,-0.004895576515783,0.009557464249654854,1.6799158423662783
2019-09-23,2983.5,2999.14990234375,2982.22998046875,2991.780029296875,3187250000,1.0,-9.693591923765066e-05,0.009547666941840621,0.8762815540402814
2019-09-24,3002.429931640625,3007.97998046875,2957.72998046875,2966.60009765625,3872800000,1.0,-0.0084163713221064,0.00958867326626646,1.058958516158715
2019-09-25,2968.35009765625,2989.820068359375,2952.860107421875,2984.8701171875,3331200000,1.0,0.0061585717420034,0.009570615598152338,0.910696019772864
2019-09-26,2985.72998046875,2987.280029296875,2963.7099609375,2977.6201171875,3084910000,1.0,-0.0024289164068657,0.009569345855636627,0.8438291232553837
2019-09-27,2985.469970703125,2987.31005859375,2945.530029296875,2961.7900390625,3246480000,1.0,-0.0053163524902405,0.00954135041429751,0.8886236854638718
2019-09-30,2967.070068359375,2983.85009765625,2967.070068359375,2976.739990234375,3249130000,1.0,0.0050476066752547,0.009562135042968836,0.88952804827888
2019-10-01,2983.68994140625,2992.530029296875,2938.699951171875,2940.25,3560750000,1.0,-0.0122583733729132,0.009672726828175809,0.9719435524555267
2019-10-02,2924.780029296875,2924.780029296875,2874.929931640625,2887.610107421875,3914180000,1.0,-0.0179032029855029,0.009938028350553988,1.0650414928049607
2019-10-03,2885.3798828125,2911.1298828125,2855.93994140625,2910.6298828125,3515130000,1.0,0.0079719125970152,0.009977419866512661,0.9560345360754926
2019-10-04,2918.56005859375,2953.739990234375,2918.56005859375,2952.010009765625,3005600000,1.0,0.0142168975854601,0.01014959406030969,0.8203611139224365
2019-10-07,2944.22998046875,2959.75,2935.679931640625,2938.7900390625,2959050000,1.0,-0.0044782946735923,0.010144061312390791,0.8089853543044456
2019-10-08,2920.39990234375,2925.469970703125,2892.659912109375,2893.06005859375,3370700000,1.0,-0.0155608192014078,0.01033144472784177,0.9207916989263831
2019-10-09,2911.10009765625,2929.320068359375,2907.409912109375,2919.39990234375,2735350000,1.0,0.0091044925499415,0.010400517631601042,0.7509115888524404
2019-10-10,2918.550048828125,2948.4599609375,2917.1201171875,2938.1298828125,3234400000,1.0,0.006415695380997,0.01040594005634054,0.8947493285507141
2019-10-11,2963.070068359375,2993.280029296875,2963.070068359375,2970.27001953125,3581320000,1.0,0.0109389775131329,0.01049431259146369,0.9974106402982396
2019-10-14,2965.81005859375,2972.840087890625,2962.93994140625,2966.14990234375,2559270000,1.0,-0.001387118733451,0.010465360756968736,0.7180596892394943
2019-10-15,2973.610107421875,3003.280029296875,2973.610107421875,2995.679931640625,3345090000,1.0,0.0099556766411372,0.010538255113096468,0.9448895898679377
2019-10-16,2989.679931640625,2997.5400390625,2985.199951171875,2989.68994140625,3230320000,1.0,-0.0019995427986508,0.010504286528138828,0.9172706660059943
2019-10-17,3000.77001953125,3008.2900390625,2991.7900390625,2997.949951171875,3103470000,1.0,0.002762831573678,0.010492553515307139,0.8883606031807825
2019-10-18,2996.840087890625,3000.0,2976.31005859375,2986.199951171875,3268970000,1.0,-0.0039193449495069,0.010482706270625752,0.9403079336829735
2019-10-21,2996.47998046875,3007.330078125,2995.35009765625,3006.719970703125,3271960000,1.0,0.0068716160561175,0.010476716028732782,0.9416278561789759
2019-10-22,3010.72998046875,3014.570068359375,2995.0400390625,2995.989990234375,3527540000,1.0,-0.0035686663784125,0.010484687886341479,1.0140192063264653
2019-10-23,2994.010009765625,3004.780029296875,2991.2099609375,3004.52001953125,3413600000,1.0,0.0028471487971184,0.01048620566139886,0.9837751454754327
2019-10-24,3014.780029296875,3016.070068359375,3000.419921875,3010.2900390625,3696510000,1.0,0.0019204463587332,0.010390646174176123,1.0691818514760745
2019-10-25,3003.320068359375,3027.389892578125,3001.93994140625,3022.550048828125,3379060000,1.0,0.0040727005061091,0.010330947191519472,0.9811233363663704
2019-10-28,3032.1201171875,3044.080078125,3032.1201171875,3039.419921875,3524970000,1.0,0.0055813378684714,0.010301450856808857,1.023483588003381
2019-10-29,3035.389892578125,3047.8701171875,3034.81005859375,3036.889892578125,3594430000,1.0,-0.0008324053147991,0.009498736099994387,1.0413934808570506
2019-10-30,3039.739990234375,3050.10009765625,3025.9599609375,3046.77001953125,3779660000,1.0,0.0032533701591457,0.009374542075423183,1.090560122246052
2019-10-31,3046.89990234375,3046.89990234375,3023.18994140625,3037.56005859375,4149310000,1.0,-0.0030228605633046,0.009388702398357414,1.1894414841377798
2019-11-01,3050.719970703125,3066.949951171875,3050.719970703125,3066.909912109375,3956290000,1.0,0.009662312168146,0.00916626962954569,1.1272428879350258
2019-11-04,3078.9599609375,3085.199951171875,3074.8701171875,3078.27001953125,4178040000,1.0,0.0037040890497046,0.009122286076219892,1.1888293000309524
2019-11-05,3080.800048828125,3083.949951171875,3072.14990234375,3074.6201171875,4490590000,1.0,-0.0011856992143612,0.008960073625449762,1.266013602247784
2019-11-06,3075.10009765625,3078.340087890625,3065.889892578125,3076.780029296875,4465510000,1.0,0.0007024972279667,0.008769081441933538,1.252389575273311
2019-11-07,3087.02001953125,3097.77001953125,3080.22998046875,3085.179931640625,4151990000,1.0,0.0027300951851503,0.007825675233224815,1.1576453570558265
2019-11-08,3081.25,3093.090087890625,3073.580078125,3093.080078125,3508160000,1.0,0.0025606760900243,0.007825905736238833,0.9763324758066774
2019-11-11,3080.330078125,3088.330078125,3075.820068359375,3087.010009765625,3041120000,1.0,-0.0019624672514313,0.007647863577401317,0.8462067060334355
2019-11-12,3089.280029296875,3102.610107421875,3084.72998046875,3091.840087890625,3495560000,1.0,0.0015646460846321,0.007511457027498479,0.9722904076317715
2019-11-13,3084.179931640625,3098.06005859375,3078.800048828125,3094.0400390625,3513720000,1.0,0.0007115345908383,0.007420709852217136,0.9754650165761759
2019-11-14,3090.75,3098.199951171875,3083.260009765625,3096.6298828125,3282090000,1.0,0.0008370427393644,0.00736124751914192,0.9143108625174918
2019-11-15,3107.919921875,3120.4599609375,3104.60009765625,3120.4599609375,3359800000,1.0,0.0076954880069026,0.007409162125321405,0.9351750401175006
2019-11-18,3117.909912109375,3124.169921875,3112.06005859375,3122.030029296875,3440140000,1.0,0.0005031528617669,0.006503080166720424,0.960697670469981
2019-11-19,3127.449951171875,3127.639892578125,3113.469970703125,3120.179931640625,3613670000,1.0,-0.000592594446206,0.006389453027367684,1.013569894213917
2019-11-20,3114.659912109375,3118.969970703125,3091.409912109375,3108.4599609375,4041010000,1.0,-0.0037561842457471,0.006396549735684262,1.132753504757581
2019-11-21,3108.489990234375,3110.110107421875,3094.550048828125,3103.5400390625,3744010000,1.0,-0.0015827522106851,0.00637080481552641,1.0498119288263061
2019-11-22,3111.409912109375,3112.8701171875,3099.260009765625,3110.2900390625,3235270000,1.0,0.0021749356911917,0.006192159986777002,0.9088021391894521
2019-11-25,3117.43994140625,3133.830078125,3117.43994140625,3133.639892578125,3514310000,1.0,0.0075072913530158,0.006247759345786887,0.991483473761353
2019-11-26,3134.85009765625,3142.68994140625,3131.0,3140.52001953125,4600450000,1.0,0.0021955703874654,0.006158612594395724,1.2911583835919027
2019-11-27,3145.489990234375,3154.260009765625,3143.409912109375,3153.6298828125,3035470000,1.0,0.0041744243627546,0.006042792410482459,0.8539616362488649
2019-11-29,3147.179931640625,3150.300048828125,3139.340087890625,3140.97998046875,1743420000,1.0,-0.0040112197099262,0.0058762279368708365,0.49470941674275637
2019-12-02,3143.85009765625,3144.31005859375,3110.780029296875,3113.8701171875,3285750000,1.0,-0.0086310207164084,0.006004114394063206,0.9475094063179866
2019-12-03,3087.409912109375,3094.969970703125,3070.330078125,3093.199951171875,3671580000,1.0,-0.0066380951156352,0.0060788208490566665,1.0558216851357867
2019-12-04,3103.5,3119.3798828125,3102.530029296875,3112.760009765625,3702980000,1.0,0.0063235674713946,0.006122576574026159,1.0658923040548052
2019-12-05,3119.2099609375,3119.449951171875,3103.760009765625,3117.429931640625,3360480000,1.0,0.0015002511791302,0.00606418209948106,0.9671416246245594
2019-12-06,3134.6201171875,3150.60009765625,3134.6201171875,3145.909912109375,3483310000,1.0,0.0091357243284573,0.006156202934942724,1.0001982990159648
2019-12-09,3141.860107421875,3148.8701171875,3135.4599609375,3135.9599609375,3400470000,1.0,-0.0031628213934464,0.006174173048638674,0.9755488941788207
2019-12-10,3135.360107421875,3142.1201171875,3126.090087890625,3132.52001953125,3346310000,1.0,-0.0010969340964486,0.006158202638058993,0.9594761252499826
2019-12-11,3135.75,3143.97998046875,3133.2099609375,3141.6298828125,3257650000,1.0,0.0029081580403158,0.006159991492691643,0.9356812859262091
2019-12-12,3141.22998046875,3176.280029296875,3138.469970703125,3168.570068359375,4003200000,1.0,0.0085752257750861,0.006241769744321433,1.1492348252601539
2019-12-13,3166.64990234375,3182.679931640625,3156.510009765625,3168.800048828125,3757650000,1.0,7.258178414493166e-05,0.006241648674314513,1.0772425617757821
2019-12-16,3183.6298828125,3197.7099609375,3183.6298828125,3191.449951171875,4070200000,1.0,0.0071477852798336,0.006245948055401476,1.1597651588104938
2019-12-17,3195.39990234375,3198.219970703125,3191.030029296875,3192.52001953125,3842940000,1.0,0.0003352922263379,0.006244799231233056,1.0895215085904002
2019-12-18,3195.2099609375,3198.47998046875,3191.139892578125,3191.139892578125,4029950000,1.0,-0.0004323001718647,0.0061224001664942585,1.1382861389713788
2019-12-19,3192.320068359375,3205.47998046875,3192.320068359375,3205.3701171875,3784360000,1.0,0.0044592920048636,0.006103139496287407,1.0626205267412052
2019-12-20,3223.330078125,3225.64990234375,3216.030029296875,3221.219970703125,6457480000,1.0,0.0049447810817966,0.006102926092900481,1.780976721272791
2019-12-23,3226.050048828125,3227.780029296875,3222.300048828125,3224.010009765625,3064530000,1.0,0.0008661436002121,0.006040685890296591,0.8476153766240893
2019-12-24,3225.449951171875,3226.429931640625,3220.510009765625,3223.3798828125,1296530000,1.0,-0.0001954481999796,0.006025412182071696,0.36112852881117846
2019-12-26,3227.199951171875,3240.080078125,3227.199951171875,3239.909912109375,2164540000,1.0,0.0051281666753011,0.005772871061114603,0.6068905945500129
2019-12-27,3247.22998046875,3247.929931640625,3234.3701171875,3240.02001953125,2429150000,1.0,3.398471712534601e-05,0.005177669589286977,0.6841552114593457
2019-12-30,3240.090087890625,3240.919921875,3216.570068359375,3221.2900390625,3021720000,1.0,-0.0057808224504303,0.00521016351473071,0.8514409987725378
2019-12-31,3215.179931640625,3231.719970703125,3212.030029296875,3230.780029296875,2894760000,1.0,0.0029460216619106,0.004947996003130613,0.817390773984996
2020-01-02,3244.669921875,3258.139892578125,3235.530029296875,3257.85009765625,3459930000,1.0,0.0083788026773417,0.004962332070007403,0.9759413186768428
2020-01-03,3226.360107421875,3246.14990234375,3222.340087890625,3234.85009765625,3484700000,1.0,-0.0070598705620453,0.004565754232878243,0.9831657932901184
2020-01-06,3217.550048828125,3246.840087890625,3214.639892578125,3246.280029296875,3702460000,1.0,0.0035333728907271,0.004471883359706136,1.0429042339073702
2020-01-07,3241.860107421875,3244.909912109375,3232.429931640625,3237.179931640625,3435910000,1.0,-0.0028032386528962,0.004468289590397263,0.9692457270969219
2020-01-08,3238.590087890625,3267.070068359375,3236.669921875,3253.050048828125,3726840000,1.0,0.0049024513689781,0.004320574585833102,1.0492562348682561
2020-01-09,3266.030029296875,3275.580078125,3263.669921875,3274.699951171875,3641230000,1.0,0.0066552626054889,0.004353295737653294,1.0244828910909831
2020-01-10,3281.81005859375,3282.989990234375,3260.860107421875,3265.35009765625,3214580000,1.0,-0.0028551786896625,0.004252524183950634,0.9063795918565294
2020-01-13,3271.1298828125,3288.1298828125,3268.429931640625,3288.1298828125,3459390000,1.0,0.0069762152525698,0.004286979450333225,0.9771707905931687
2020-01-14,3285.35009765625,3294.25,3277.18994140625,3283.14990234375,3687620000,1.0,-0.0015145327728022,0.004302784416545746,1.0443626867627889
2020-01-15,3282.27001953125,3298.659912109375,3280.68994140625,3289.2900390625,3721490000,1.0,0.0018701968845122,0.004243130072219711,1.0553585018366662
2020-01-16,3302.969970703125,3317.110107421875,3302.820068359375,3316.81005859375,3540580000,1.0,0.0083665530264682,0.004278722209958506,1.007698465862492
2020-01-17,3323.659912109375,3329.8798828125,3318.860107421875,3329.6201171875,3726220000,1.0,0.0038621622485013,0.004232512107427652,1.0651687569631367
2020-01-21,3321.030029296875,3329.7900390625,3316.610107421875,3320.7900390625,4104840000,1.0,-0.0026519776473655,0.004268183008174379,1.1758247650894131
2020-01-22,3330.02001953125,3337.77001953125,3320.0400390625,3321.75,3623780000,1.0,0.000289076071118,0.0042718096983655135,1.0411766101908992
2020-01-23,3315.77001953125,3326.8798828125,3301.8701171875,3325.5400390625,3766710000,1.0,0.0011409766124783,0.004260394502744627,1.0806374226210347
2020-01-24,3333.10009765625,3333.179931640625,3281.530029296875,3295.469970703125,3708780000,1.0,-0.0090421609742074,0.004443270296191685,1.0599571807913506
2020-01-27,3247.159912109375,3258.85009765625,3234.5,3243.6298828125,3831050000,1.0,-0.0157307116591823,0.004954645880863905,1.0928059393099272
2020-01-28,3255.35009765625,3285.780029296875,3253.219970703125,3276.239990234375,3531570000,1.0,0.010053584595046,0.005080672566379627,1.0072767780286072
2020-01-29,3289.4599609375,3293.469970703125,3271.889892578125,3273.39990234375,3600250000,1.0,-0.0008668741908683,0.005057702048331084,1.0250054349986124
2020-01-30,3256.449951171875,3285.909912109375,3242.800048828125,3283.659912109375,3790350000,1.0,0.0031343587926053,0.004942790791729839,1.076488553893612
2020-01-31,3282.330078125,3282.330078125,3214.679931640625,3225.52001953125,4529700000,1.0,-0.0177058203755262,0.005497076503015148,1.2785568207677123
2020-02-03,3235.659912109375,3268.43994140625,3235.659912109375,3248.919921875,3760460000,1.0,0.0072546138923517,0.0055532652655668115,1.0605516721049015
2020-02-04,3280.610107421875,3306.919921875,3280.610107421875,3297.590087890625,3996900000,1.0,0.0149804141640821,0.005841578802505361,1.1275146928967505
2020-02-05,3324.909912109375,3337.580078125,3313.75,3334.68994140625,4121480000,1.0,0.0112505958978537,0.005981962319400131,1.1601875631118073
2020-02-06,3344.919921875,3347.9599609375,3334.389892578125,3345.780029296875,3887250000,1.0,0.0033256728767856,0.0059854773943632845,1.0902504391292334
2020-02-07,3335.5400390625,3341.419921875,3322.1201171875,3327.7099609375,3733920000,1.0,-0.0054008536727301,0.006033774120913638,1.045957746099326
2020-02-10,3318.280029296875,3352.260009765625,3317.77001953125,3352.090087890625,3462730000,1.0,0.0073263978048905,0.006084181294659216,0.9762135466604719
2020-02-11,3365.8701171875,3375.6298828125,3352.719970703125,3357.75,3762940000,1.0,0.0016884725532351,0.006083707096795546,1.0565152287179962
2020-02-12,3370.5,3381.469970703125,3369.719970703125,3379.449951171875,3930910000,1.0,0.0064626464661976,0.006118411110135421,1.0902833531304774
2020-02-13,3365.89990234375,3385.090087890625,3360.52001953125,3373.93994140625,3500890000,1.0,-0.0016304457368023,0.006076048148756575,0.9698548773376218
2020-02-14,3378.080078125,3380.68994140625,3366.14990234375,3380.159912109375,3419700000,1.0,0.0018435333204338,0.0060754553692420705,0.9486866943674193
2020-02-18,3369.0400390625,3375.010009765625,3355.610107421875,3370.2900390625,3750400000,1.0,-0.0029199426368901,0.00609541979529286,1.040155193462376
2020-02-19,3380.389892578125,3393.52001953125,3378.830078125,3386.14990234375,3614200000,1.0,0.0047057858811645,0.0060742068507985145,1.0009720579184556
2020-02-20,3380.449951171875,3389.14990234375,3341.02001953125,3373.22998046875,4019180000,1.0,-0.0038155197636281,0.006099857360821238,1.1098391686149882
2020-02-21,3360.5,3360.760009765625,3328.449951171875,3337.75,3908780000,1.0,-0.0105181030271228,0.0062899540282645786,1.0763322502216532
2020-02-24,3257.610107421875,3259.81005859375,3214.64990234375,3225.889892578125,4851160000,1.0,-0.0335136266712231,0.007670294223976732,1.3248487548361803
2020-02-25,3238.93994140625,3246.989990234375,3118.77001953125,3128.2099609375,5596760000,1.0,-0.0302799955650561,0.008634735766339736,1.509189950634402
2020-02-26,3139.89990234375,3182.510009765625,3108.989990234375,3116.389892578125,5484650000,1.0,-0.003778540605322,0.00863016629636483,1.4672364062639611
2020-02-27,3062.5400390625,3097.070068359375,2977.389892578125,2978.760009765625,7064710000,0.0,-0.0441632425840791,0.010324245468780196,1.8570703212156427
2020-02-28,2916.89990234375,2959.719970703125,2855.840087890625,2954.219970703125,8569570000,0.0,-0.0082383404443618,0.010319339889672808,2.2005923357098354
2020-03-02,2974.280029296875,3090.9599609375,2945.18994140625,3090.22998046875,6381330000,0.0,0.04603922900611,0.011931235219516091,1.6175830012149115
2020-03-03,3096.4599609375,3136.719970703125,2976.6298828125,3003.3701171875,6376510000,0.0,-0.0281078961210758,0.012441699447228397,1.5973583169318264
2020-03-04,3045.75,3130.969970703125,3034.3798828125,3130.1201171875,5073020000,0.0,0.0422025907744911,0.01360859987807411,1.2626731010223107
2020-03-05,3075.699951171875,3083.0400390625,2999.830078125,3023.93994140625,5579290000,0.0,-0.0339220770468885,0.014247492246599422,1.3947810052650933
2020-03-06,2954.199951171875,2985.929931640625,2901.5400390625,2972.3701171875,6555240000,0.0,-0.0170538520003701,0.014402542974896482,1.610650513870842
2020-03-09,2863.889892578125,2863.889892578125,2734.429931640625,2746.56005859375,8441290000,0.0,-0.0759696974774509,0.017367892272275243,2.0037108561079773
2020-03-10,2813.47998046875,2882.590087890625,2734.0,2882.22998046875,7642040000,0.0,0.0493963062815614,0.018586489545657253,1.7680173489669484
2020-03-11,2825.60009765625,2825.60009765625,2707.219970703125,2741.3798828125,7431200000,0.0,-0.0488684451312739,0.01952679443861014,1.6803471873337024
2020-03-12,2630.860107421875,2660.949951171875,2478.860107421875,2480.639892578125,8850810000,0.0,-0.0951126809783365,0.022910692544777032,1.9499466093994424
2020-03-13,2569.989990234375,2711.330078125,2492.3701171875,2711.02001953125,8299070000,0.0,0.0928712497297183,0.026061636303134086,1.7858648408463331
2020-03-16,2508.590087890625,2562.97998046875,2380.93994140625,2386.1298828125,7805450000,0.0,-0.1198405524039344,0.030147264978945293,1.648807272365019
2020-03-17,2425.659912109375,2553.929931640625,2367.0400390625,2529.18994140625,8370250000,0.0,0.0599548497440243,0.0312684868903153,1.732358125555911
2020-03-18,2436.5,2453.570068359375,2280.52001953125,2398.10009765625,8799300000,0.0,-0.0518307627291578,0.03186814987072088,1.7835289993265833
2020-03-19,2393.47998046875,2466.969970703125,2319.780029296875,2409.389892578125,7956100000,0.0,0.0047078080405855,0.03186699771873286,1.583603059317052
2020-03-20,2431.93994140625,2453.010009765625,2295.56005859375,2304.919921875,9053950000,0.0,-0.0433595123084619,0.03225420112146917,1.7646990261318012
2020-03-23,2290.7099609375,2300.72998046875,2191.860107421875,2237.39990234375,7411380000,0.0,-0.0292938678218044,0.03239834702821081,1.4236242196640003
2020-03-24,2344.43994140625,2449.7099609375,2344.43994140625,2447.330078125,7563150000,0.0,0.0938277397622755,0.0348260513180436,1.4289058346492307
2020-03-25,2457.77001953125,2571.419921875,2407.530029296875,2475.56005859375,8300010000,0.0,0.0115350114482219,0.03488057950503744,1.5399538504217538
2020-03-26,2501.2900390625,2637.010009765625,2500.719970703125,2630.070068359375,7766990000,1.0,0.0624141633038768,0.035913017449930994,1.4195705942380967
2020-03-27,2555.8701171875,2615.909912109375,2520.02001953125,2541.469970703125,6201670000,1.0,-0.0336873525622525,0.036125612394286084,1.1232936737522943
2020-03-30,2558.97998046875,2631.800048828125,2545.280029296875,2626.64990234375,5751120000,1.0,0.0335160094837001,0.03640850889048815,1.033411281093827
2020-03-31,2614.68994140625,2641.389892578125,2571.14990234375,2584.590087890625,6576210000,1.0,-0.0160127219145556,0.03644407428599851,1.1696904047896013
2020-04-01,2498.080078125,2522.75,2447.489990234375,2470.5,5964000000,1.0,-0.0441424303316654,0.03681543515265679,1.0538288124006603
2020-04-02,2458.5400390625,2533.219970703125,2455.7900390625,2526.89990234375,6464190000,1.0,0.0228293472348715,0.03697636928955826,1.1308600718305963
2020-04-03,2514.919921875,2538.179931640625,2459.9599609375,2488.64990234375,6096970000,1.0,-0.0151371251249494,0.03699023342077917,1.0579917326658126
2020-04-06,2578.280029296875,2676.85009765625,2574.570068359375,2663.679931640625,6403840000,1.0,0.0703313186527505,0.03818858414253748,1.1009445976189363
2020-04-07,2738.64990234375,2756.889892578125,2657.669921875,2659.409912109375,7050410000,1.0,-0.0016030527844311,0.03818884751005736,1.198832184306754
2020-04-08,2685.0,2760.75,2663.300048828125,2749.97998046875,5875710000,1.0,0.0340564528796303,0.03846408864539532,0.991187877868965
2020-04-09,2776.989990234375,2818.570068359375,2762.360107421875,2789.820068359375,7899550000,1.0,0.0144874101533765,0.038524641766798214,1.313541229868543
2020-04-13,2782.4599609375,2782.4599609375,2721.169921875,2761.6298828125,5319530000,1.0,-0.0101046608226074,0.0385354030006168,0.8800586792917495
2020-04-14,2805.10009765625,2851.85009765625,2805.10009765625,2846.06005859375,5615730000,1.0,0.030572589146256,0.03874442189636995,0.9257351920580762
2020-04-15,2795.639892578125,2801.8798828125,2761.5400390625,2783.360107421875,5208000000,1.0,-0.0220304385294157,0.038824356971563265,0.8544444103191684
2020-04-16,2799.340087890625,2806.510009765625,2764.320068359375,2799.550048828125,5228810000,1.0,0.0058166894621645,0.03883820881868769,0.8544048712488115
2020-04-17,2842.429931640625,2879.219970703125,2830.8798828125,2874.56005859375,5804810000,1.0,0.0267935948482234,0.03901610068545056,0.9433356687004598
2020-04-20,2845.6201171875,2868.97998046875,2820.429931640625,2823.159912109375,5228630000,1.0,-0.0178810480340146,0.03907026151264779,0.846012663548943
2020-04-21,2784.81005859375,2785.5400390625,2727.10009765625,2736.56005859375,5121010000,1.0,-0.0306747956940633,0.039236094732947174,0.8248965901280318
2020-04-22,2787.889892578125,2815.10009765625,2775.949951171875,2799.31005859375,5084920000,1.0,0.0229302477038437,0.03932963859966959,0.8148248472383686
2020-04-23,2810.419921875,2844.89990234375,2794.260009765625,2797.800048828125,5773530000,1.0,-0.0005394221197431,0.03929981153727586,0.9192467244114392
2020-04-24,2812.639892578125,2842.7099609375,2791.760009765625,2836.739990234375,5382810000,1.0,0.0139180573045454,0.039352476461494756,0.8530931288221165
2020-04-27,2854.64990234375,2887.719970703125,2852.889892578125,2878.47998046875,5203930000,1.0,0.0147140698047996,0.03940452926591122,0.8203152253405024
2020-04-28,2909.9599609375,2921.14990234375,2860.7099609375,2863.389892578125,5691160000,1.0,-0.0052423806984989,0.03935005196532201,0.8907403887024802
2020-04-29,2918.4599609375,2954.860107421875,2912.159912109375,2939.510009765625,6645640000,1.0,0.026583916282167,0.03949941007154848,1.030787023242544
2020-04-30,2930.909912109375,2930.909912109375,2892.469970703125,2912.429931640625,6544980000,1.0,-0.0092124463039876,0.039458084244508244,1.0060274215169402
2020-05-01,2869.090087890625,2869.090087890625,2821.610107421875,2830.7099609375,4759810000,1.0,-0.0280590340784921,0.03957240555128355,0.7299673176292488
2020-05-04,2815.010009765625,2844.239990234375,2797.85009765625,2842.739990234375,4735930000,1.0,0.0042498275919764,0.03957467418538032,0.7244670613948712
2020-05-05,2868.8798828125,2898.22998046875,2863.550048828125,2868.43994140625,5140290000,1.0,0.0090405563857973,0.03959715441888322,0.7856280723737217
2020-05-06,2883.139892578125,2891.110107421875,2847.64990234375,2848.419921875,4892570000,1.0,-0.0069794103903862,0.03958497803309288,0.7493802786518253
2020-05-07,2878.260009765625,2901.919921875,2876.47998046875,2881.18994140625,5178790000,1.0,0.0115046307883139,0.039620471772943845,0.7939636447104255
2020-05-08,2908.830078125,2932.159912109375,2902.8798828125,2929.800048828125,4876030000,1.0,0.0168715386387019,0.03967987496213233,0.7525979673250397
2020-05-11,2915.4599609375,2944.25,2903.43994140625,2930.18994140625,4819730000,1.0,0.0001330782209116,0.03968050277098803,0.7526202097841799
2020-05-12,2939.5,2945.820068359375,2869.590087890625,2870.1201171875,5119630000,1.0,-0.0205003175288771,0.039752730381099936,0.8026134103379501
2020-05-13,2865.860107421875,2874.139892578125,2793.14990234375,2820.0,6151650000,1.0,-0.017462724604228,0.03980311073627371,0.9650854210376055
2020-05-14,2794.5400390625,2852.800048828125,2766.639892578125,2852.5,5651130000,1.0,0.0115248226950355,0.039832835651853984,0.8849574290615903
2020-05-15,2829.949951171875,2865.010009765625,2816.780029296875,2863.699951171875,5507700000,1.0,0.0039263632504382,0.039839619385816046,0.8626899630705354
2020-05-18,2913.860107421875,2968.090087890625,2913.860107421875,2953.909912109375,6373670000,1.0,0.0315011916316807,0.040055000962579364,0.9988979895251644
2020-05-19,2948.590087890625,2964.2099609375,2922.35009765625,2922.93994140625,4984330000,1.0,-0.0104843991944931,0.03985030864922298,0.7897141284699966
2020-05-20,2953.6298828125,2980.2900390625,2953.6298828125,2971.610107421875,5005380000,1.0,0.0166511002590801,0.039723352340987034,0.7997310423489429
2020-05-21,2969.949951171875,2978.5,2938.570068359375,2948.510009765625,4976620000,1.0,-0.0077735964077371,0.03973301559541355,0.8014219473621559
2020-05-22,2948.050048828125,2956.760009765625,2933.590087890625,2955.449951171875,3970860000,1.0,0.0023537113264884,0.03931104282671154,0.6496678592988713
2020-05-26,3004.080078125,3021.719970703125,2988.169921875,2991.77001953125,5848500000,1.0,0.0122891840360801,0.039321828850467984,0.9646012374604314
2020-05-27,3015.64990234375,3036.25,2969.75,3036.1298828125,6398000000,1.0,0.0148272972159138,0.038919995416746164,1.0601529596246098
2020-05-28,3046.610107421875,3068.669921875,3023.39990234375,3029.72998046875,5447020000,1.0,-0.0021079145460738,0.03874088910792024,0.911404267531492
2020-05-29,3025.169921875,3049.169921875,2998.610107421875,3044.31005859375,7297550000,1.0,0.0048123358249714,0.03836398916692825,1.227205290875847
2020-06-01,3038.780029296875,3062.179931640625,3031.5400390625,3055.72998046875,4684170000,1.0,0.0037512348135377,0.03810233579569907,0.7964866758260444
2020-06-02,3064.780029296875,3081.070068359375,3051.639892578125,3080.820068359375,5197150000,1.0,0.0082108327800534,0.03804016361736779,0.8954576092230333
2020-06-03,3098.89990234375,3130.93994140625,3098.89990234375,3122.8701171875,6005560000,1.0,0.013648979133831,0.036689547976137396,1.039782003063963
2020-06-04,3111.56005859375,3128.909912109375,3090.409912109375,3112.35009765625,6451290000,1.0,-0.0033687022311144,0.03618286061937889,1.12127113720947
2020-06-05,3163.840087890625,3211.719970703125,3163.840087890625,3193.929931640625,8639300000,1.0,0.0262116508183987,0.035691192542928976,1.4997909323417615
2020-06-08,3199.919921875,3233.1298828125,3196.0,3232.389892578125,8498300000,1.0,0.0120415794211692,0.0332894511815231,1.471576680741679
2020-06-09,3213.320068359375,3222.7099609375,3193.110107421875,3207.179931640625,6410930000,1.0,-0.0077991708226116,0.031258946495543366,1.1093210355104963
2020-06-10,3213.419921875,3223.27001953125,3181.489990234375,3190.139892578125,6598870000,1.0,-0.0053130910724373,0.02678995838484551,1.1385012404714852
2020-06-11,3123.530029296875,3123.530029296875,2999.489990234375,3002.10009765625,7037320000,1.0,-0.0589440592744382,0.027067060087150964,1.212218134633914
2020-06-12,3071.0400390625,3088.419921875,2984.469970703125,3041.31005859375,5845330000,1.0,0.0130608439632347,0.02610972245245431,1.0073029389837729
2020-06-15,2993.760009765625,3079.760009765625,2965.659912109375,3066.590087890625,5757480000,1.0,0.0083122170412852,0.026114825344569614,0.9945865970685687
2020-06-16,3131.0,3153.449951171875,3076.06005859375,3124.739990234375,5845810000,1.0,0.0189623981938025,0.025414709370214422,1.0107223735838449
2020-06-17,3136.1298828125,3141.159912109375,3108.030029296875,3113.489990234375,4560450000,1.0,-0.003600299556174,0.02503387526057087,0.7935459480930867
2020-06-18,3101.639892578125,3120.0,3093.510009765625,3115.340087890625,4448690000,1.0,0.0005942198825281,0.022213587034727304,0.7811719969815757
2020-06-19,3140.2900390625,3155.530029296875,3083.110107421875,3097.739990234375,8346650000,1.0,-0.0056494948094629,0.02222913236193075,1.453029019705167
2020-06-22,3094.419921875,3120.919921875,3079.389892578125,3117.860107421875,4686690000,1.0,0.0064950955376916,0.02086851702364067,0.825113721642124
2020-06-23,3138.699951171875,3154.89990234375,3127.1201171875,3131.2900390625,4711850000,1.0,0.0043074195691641,0.020303553056197087,0.8313220357212384
2020-06-24,3114.39990234375,3115.010009765625,3032.1298828125,3050.330078125,5597680000,1.0,-0.0258551459390645,0.0202718891083074,0.987673873533958
2020-06-25,3046.60009765625,3086.25,3024.010009765625,3083.760009765625,4847690000,1.0,0.0109594472678098,0.020148639630078694,0.8564320054266775
2020-06-26,3073.199951171875,3073.72998046875,3004.6298828125,3009.050048828125,8107850000,1.0,-0.0242269050447859,0.019510331736802465,1.4179735565774745
2020-06-29,3018.590087890625,3053.889892578125,2999.739990234375,3053.239990234375,4473970000,1.0,0.0146856784331186,0.019401456393104446,0.7861073344868373
2020-06-30,3050.199951171875,3111.510009765625,3047.830078125,3100.2900390625,4705850000,1.0,0.0154098757315546,0.01930886974416021,0.8283720667415265
2020-07-01,3105.919921875,3128.43994140625,3101.169921875,3115.860107421875,4449230000,1.0,0.0050221328208643,0.017226268525959244,0.7850558917136932
2020-07-02,3143.639892578125,3165.81005859375,3124.52001953125,3130.010009765625,4197720000,1.0,0.004541250844364,0.01721813082653296,0.7430038196625377
2020-07-06,3155.2900390625,3182.590087890625,3155.2900390625,3179.719970703125,4759160000,1.0,0.0158817258674588,0.016815267279144015,0.8454154938009093
2020-07-07,3166.43994140625,3184.14990234375,3142.929931640625,3145.320068359375,4571330000,1.0,-0.0108185320281971,0.016828470703017784,0.8143973634457008
2020-07-08,3153.070068359375,3171.800048828125,3136.530029296875,3169.93994140625,4937310000,1.0,0.0078274619154155,0.01676641844034497,0.8804342941596472
2020-07-09,3176.169921875,3179.780029296875,3115.699951171875,3152.050048828125,4843650000,1.0,-0.0056436061593611,0.01638401199167739,0.8663512305026033
2020-07-10,3152.469970703125,3186.820068359375,3136.219970703125,3185.0400390625,4524190000,1.0,0.0104662012732443,0.01611660132205609,0.8153996205919625
2020-07-13,3205.080078125,3235.320068359375,3149.429931640625,3155.219970703125,4902440000,1.0,-0.0093625411277882,0.016180721474519804,0.8888345781097987
2020-07-14,3141.110107421875,3200.949951171875,3127.659912109375,3197.52001953125,4507140000,1.0,0.0134063707826679,0.01592507848323088,0.8179142741405969
2020-07-15,3225.97998046875,3238.280029296875,3200.760009765625,3226.56005859375,4686830000,1.0,0.009082050740923,0.015736677518366986,0.8506743549460132
2020-07-16,3208.360107421875,3220.389892578125,3198.590087890625,3215.570068359375,3972860000,1.0,-0.0034061012455366,0.015149512778074508,0.7241554169207892
2020-07-17,3224.2099609375,3233.52001953125,3205.64990234375,3224.72998046875,4012850000,1.0,0.0028486121946174,0.014917429600191224,0.7337979296945202
2020-07-20,3224.2900390625,3258.610107421875,3215.159912109375,3251.840087890625,3979340000,1.0,0.0084069387471426,0.014931530484300277,0.7308763415504194
2020-07-21,3268.52001953125,3277.2900390625,3247.77001953125,3257.300048828125,4556610000,1.0,0.0016790373419135,0.01485799386683211,0.8378853384215611
2020-07-22,3254.860107421875,3279.320068359375,3253.10009765625,3276.02001953125,4267160000,1.0,0.0057470820687397,0.014777078257281072,0.7862580729848613
2020-07-23,3271.639892578125,3279.989990234375,3222.659912109375,3235.659912109375,4296760000,1.0,-0.012319859824193,0.014866018187134504,0.7941202029882396
2020-07-24,3218.580078125,3227.260009765625,3200.050048828125,3215.6298828125,3689410000,1.0,-0.0061904000546884,0.014551773113655964,0.6881337041618006
2020-07-27,3219.840087890625,3241.429931640625,3214.25,3239.409912109375,3970310000,1.0,0.0073951387950395,0.014500424653263079,0.7451984158281149
2020-07-28,3234.27001953125,3243.719970703125,3216.169921875,3218.43994140625,4053180000,1.0,-0.0064733921522979,0.014004334518088486,0.7649290708413646
2020-07-29,3227.219970703125,3264.739990234375,3227.219970703125,3258.43994140625,4478200000,1.0,0.01242838167815,0.01406391050549405,0.8512302293596153
2020-07-30,3231.760009765625,3250.919921875,3204.1298828125,3246.219970703125,4264920000,1.0,-0.0037502519373892,0.014058112154064443,0.8129125799332968
2020-07-31,3270.449951171875,3272.169921875,3220.260009765625,3271.1201171875,5007530000,1.0,0.0076705049901413,0.01402382205011022,0.9544495016040374
2020-08-03,3288.260009765625,3302.72998046875,3284.530029296875,3294.610107421875,4438940000,1.0,0.0071810234393261,0.013987341342659635,0.8478123586164493
2020-08-04,3289.919921875,3306.840087890625,3286.3701171875,3306.510009765625,4414380000,1.0,0.0036119303819721,0.013857920597557756,0.841695540656077
2020-08-05,3317.3701171875,3330.77001953125,3317.3701171875,3327.77001953125,4535060000,1.0,0.0064297430531994,0.013866507436377538,0.8690586113734754
2020-08-06,3323.169921875,3351.030029296875,3318.139892578125,3349.159912109375,4278930000,1.0,0.0064276955596642,0.013550912622757488,0.8266901762986696
2020-08-07,3340.050048828125,3352.5400390625,3328.719970703125,3351.280029296875,4110030000,1.0,0.0006330295486443,0.01329423728211415,0.7981821776348268
2020-08-10,3356.0400390625,3363.2900390625,3335.43994140625,3360.469970703125,4327920000,1.0,0.002742218294476,0.013246701305834737,0.8503048049357256
2020-08-11,3370.340087890625,3381.010009765625,3326.43994140625,3333.68994140625,4880540000,1.0,-0.0079691321542361,0.01331872298824355,0.9581385333872763
2020-08-12,3355.4599609375,3387.889892578125,3355.4599609375,3380.35009765625,3772250000,1.0,0.0139965494902376,0.012859251755032323,0.7447276108297224
2020-08-13,3372.949951171875,3387.239990234375,3363.35009765625,3373.429931640625,3438730000,1.0,-0.0020471743504979,0.01276248619201064,0.6858341413143065
2020-08-14,3368.659912109375,3378.510009765625,3361.639892578125,3372.85009765625,3200060000,1.0,-0.0001718826227681,0.012629833013014246,0.6466186841491838
2020-08-17,3380.860107421875,3387.590087890625,3379.219970703125,3381.989990234375,3460330000,1.0,0.0027098425110787,0.012561951471768317,0.714157136983451
2020-08-18,3387.0400390625,3395.06005859375,3370.14990234375,3389.780029296875,3669550000,1.0,0.0023033891540169,0.012561954089298262,0.7727386977212911
2020-08-19,3392.510009765625,3399.5400390625,3369.659912109375,3374.85009765625,3679480000,1.0,-0.0044043954214108,0.012523270275340347,0.7838470266546931
2020-08-20,3360.47998046875,3390.800048828125,3354.68994140625,3385.510009765625,3431040000,1.0,0.0031586327691348,0.012412202521127723,0.7409215600607207
2020-08-21,3386.010009765625,3399.9599609375,3379.31005859375,3397.159912109375,3505010000,1.0,0.0034411070444764,0.012402548112075674,0.7686210696657291
2020-08-24,3418.090087890625,3432.090087890625,3413.1298828125,3431.280029296875,3743410000,1.0,0.0100437183030086,0.012441079081411576,0.8285383488461604
2020-08-25,3435.949951171875,3444.2099609375,3425.840087890625,3443.6201171875,3627650000,1.0,0.0035963511532906,0.012440741164501303,0.8105588560490015
2020-08-26,3449.969970703125,3481.070068359375,3444.14990234375,3478.72998046875,3780530000,1.0,0.0101956261394839,0.012459967400696322,0.8525869952073286
2020-08-27,3485.139892578125,3501.3798828125,3468.35009765625,3484.550048828125,3955890000,1.0,0.0016730440109038,0.012367472964765189,0.8945736044241106
2020-08-28,3494.68994140625,3509.22998046875,3484.320068359375,3508.010009765625,3868510000,1.0,0.0067325653552858,0.01236322512066248,0.8771152968875128
2020-08-31,3509.72998046875,3514.77001953125,3493.25,3500.31005859375,4348280000,1.0,-0.0021949627140287,0.011960526566167093,1.004100057531136
2020-09-01,3507.43994140625,3528.030029296875,3494.60009765625,3526.64990234375,4101490000,1.0,0.0075250030166134,0.011907789630861376,0.9496782524377141
2020-09-02,3543.760009765625,3588.110107421875,3535.22998046875,3580.840087890625,4295640000,1.0,0.0153659101548075,0.011975721516425128,0.9965534363977198
2020-09-03,3564.739990234375,3564.85009765625,3427.409912109375,3455.06005859375,4911830000,1.0,-0.0351258437153412,0.012865892315116832,1.1431422334597863
2020-09-04,3453.60009765625,3479.14990234375,3349.6298828125,3426.9599609375,4438720000,1.0,-0.0081330272642748,0.010227433053565216,1.0350044303502308
2020-09-08,3371.8798828125,3379.969970703125,3329.27001953125,3331.840087890625,4694330000,1.0,-0.0277563421023609,0.010836221244959983,1.1123135974972191
2020-09-09,3369.820068359375,3424.77001953125,3366.840087890625,3398.9599609375,3932520000,1.0,0.0201449863367746,0.011066058361279378,0.9342010783892037
2020-09-10,3412.56005859375,3425.550048828125,3329.25,3339.18994140625,4208630000,1.0,-0.0175847965901794,0.011109846867773724,1.002160656880839
2020-09-11,3352.699951171875,3368.949951171875,3310.469970703125,3340.969970703125,3710090000,1.0,0.000533072190594,0.011092579940486394,0.8865689119511226
2020-09-14,3363.56005859375,3402.929931640625,3363.56005859375,3383.5400390625,3839580000,1.0,0.0127418290893575,0.011191071260248509,0.9190851823288652
2020-09-15,3407.72998046875,3419.47998046875,3389.25,3401.199951171875,4057190000,1.0,0.005219359577689,0.011162308946901966,0.9744495302494166
2020-09-16,3411.22998046875,3428.919921875,3384.449951171875,3385.489990234375,4718900000,1.0,-0.0046189465962115,0.01117225881079326,1.1325751599187293
2020-09-17,3346.860107421875,3375.169921875,3328.820068359375,3357.010009765625,4379840000,1.0,-0.0084123658764024,0.011237327211580413,1.0540184453227932
2020-09-18,3357.3798828125,3362.27001953125,3292.39990234375,3319.469970703125,7076400000,1.0,-0.0111825818074104,0.01078876455919872,1.6848458303208536
2020-09-21,3285.570068359375,3285.570068359375,3229.10009765625,3281.06005859375,4836070000,1.0,-0.0115710979308057,0.010844754008321028,1.149730005174661
2020-09-22,3295.75,3320.31005859375,3270.949951171875,3315.570068359375,3974510000,1.0,0.0105179451608137,0.01038787579662833,0.9490897548902177
2020-09-23,3320.110107421875,3323.35009765625,3232.570068359375,3236.919921875,4378650000,1.0,-0.0237214550930281,0.010749389140730155,1.0462380518259686
2020-09-24,3226.139892578125,3278.699951171875,3209.449951171875,3246.590087890625,4601920000,1.0,0.002987459142957,0.010586147082934521,1.1000327194907005
2020-09-25,3236.659912109375,3306.8798828125,3228.43994140625,3298.4599609375,3803330000,1.0,0.0159767237756141,0.010752925367823084,0.9098769808561556
2020-09-28,3333.89990234375,3360.739990234375,3332.909912109375,3351.60009765625,3950910000,1.0,0.0161105901990838,0.01091981487239168,0.945462988049851
2020-09-29,3350.919921875,3357.919921875,3327.5400390625,3335.469970703125,3661590000,1.0,-0.0048126645432444,0.01077406396136059,0.8775625322531954
2020-09-30,3341.2099609375,3393.56005859375,3340.469970703125,3363.0,4738640000,1.0,0.0082537182282207,0.010704951345211865,1.1347058786061257
2020-10-01,3385.8701171875,3397.179931640625,3361.389892578125,3380.800048828125,4076340000,1.0,0.0052929077692909,0.010683224509003051,0.9770056125201598
2020-10-02,3338.93994140625,3369.10009765625,3323.68994140625,3348.419921875,3975180000,1.0,-0.0095776521786163,0.010737438917288292,0.9542308246816722
2020-10-05,3367.27001953125,3409.570068359375,3367.27001953125,3408.60009765625,3692720000,1.0,0.017972708676142,0.010891463475882586,0.8864130067411864
2020-10-06,3408.739990234375,3431.56005859375,3354.5400390625,3360.969970703125,4453390000,1.0,-0.0139735156922267,0.010983065338051051,1.066533300609698
2020-10-07,3384.56005859375,3426.260009765625,3384.56005859375,3419.43994140625,3814750000,1.0,0.0173967548692179,0.011070500877657295,0.9146312370369798
2020-10-08,3434.280029296875,3447.280029296875,3428.14990234375,3446.830078125,3867640000,1.0,0.0080101236424949,0.011058390129173859,0.9300351748573569
2020-10-09,3459.669921875,3482.340087890625,3458.070068359375,3477.139892578125,3944090000,1.0,0.0087935331206152,0.011085102630263764,0.9498844317590562
2020-10-12,3500.02001953125,3549.85009765625,3499.610107421875,3534.219970703125,3435760000,1.0,0.0164158129636475,0.011252982423139471,0.8337718868881765
2020-10-13,3534.010009765625,3534.010009765625,3500.860107421875,3511.929931640625,3611100000,1.0,-0.0063069189940844,0.011262254363298986,0.8798576555948991
2020-10-14,3515.469970703125,3527.93994140625,3480.550048828125,3488.669921875,3858510000,1.0,-0.0066231417535027,0.011308996392449915,0.9426935659919945
2020-10-15,3453.719970703125,3489.080078125,3440.889892578125,3483.340087890625,3724550000,1.0,-0.0015277553060997,0.011298494985834295,0.9135832266948648
2020-10-16,3493.5,3515.760009765625,3480.449951171875,3483.81005859375,4688030000,1.0,0.0001349195574553,0.011161599896303486,1.1476090448051806
2020-10-19,3493.659912109375,3502.419921875,3419.929931640625,3426.919921875,4091080000,1.0,-0.016329861778318,0.011351970058084622,1.0015712438385356
2020-10-20,3439.3798828125,3476.929931640625,3435.64990234375,3443.1201171875,3917850000,1.0,0.0047273340731102,0.01133220198372244,0.9610910994699666
2020-10-21,3439.909912109375,3464.860107421875,3433.06005859375,3435.56005859375,4103960000,1.0,-0.0021956999281005,0.0112972750367084,1.01059634384152
2020-10-22,3438.5,3460.530029296875,3415.340087890625,3453.489990234375,4172060000,1.0,0.0052189253963921,0.011213332026725248,1.0253469392850967
2020-10-23,3464.89990234375,3466.4599609375,3440.449951171875,3465.389892578125,3651600000,1.0,0.0034457613537031,0.011199795191562011,0.8964979866112558
2020-10-26,3441.419921875,3441.419921875,3364.860107421875,3400.969970703125,4002210000,1.0,-0.0185895162945356,0.011451006523889138,0.9787207631684591
2020-10-27,3403.14990234375,3409.510009765625,3388.7099609375,3390.679931640625,3962400000,1.0,-0.0030256189119989,0.01142909649084758,0.9666118357257529
2020-10-28,3342.47998046875,3342.47998046875,3268.889892578125,3271.030029296875,5139970000,1.0,-0.0352878787606047,0.012320646742781244,1.2449440806123921
2020-10-29,3277.169921875,3341.050048828125,3259.820068359375,3310.110107421875,4911860000,1.0,0.0119473308942383,0.012390637330933511,1.182633760966821
2020-10-30,3293.590087890625,3304.929931640625,3233.93994140625,3269.9599609375,4843930000,1.0,-0.0121295501301756,0.01245857419195254,1.1583968436051744
2020-11-02,3296.199951171875,3330.139892578125,3279.739990234375,3310.239990234375,4314690000,1.0,0.0123182026012718,0.01256463503002868,1.0278518064238993
2020-11-03,3336.25,3389.489990234375,3336.25,3369.159912109375,4241380000,1.0,0.0177992900964345,0.012771577922751581,1.0079962758100334
2020-11-04,3406.4599609375,3486.25,3405.169921875,3443.43994140625,4790400000,1.0,0.0220470477016834,0.01303437226576699,1.1322176036013143
2020-11-05,3485.739990234375,3529.050048828125,3485.739990234375,3510.449951171875,4858150000,1.0,0.0194601941389629,0.013147968679283185,1.142411036488018
2020-11-06,3508.340087890625,3521.580078125,3484.340087890625,3509.43994140625,4842460000,1.0,-0.0002877151874185,0.013143664816618928,1.1339931787961266
2020-11-09,3583.0400390625,3645.989990234375,3547.47998046875,3550.5,8570510000,1.0,0.0116998892356872,0.013218780136343793,1.9637708811234098
2020-11-10,3543.260009765625,3557.219970703125,3511.909912109375,3545.530029296875,6037470000,1.0,-0.001399794593191,0.013220113403905248,1.3727461726395993
2020-11-11,3563.219970703125,3581.159912109375,3557.0,3572.659912109375,4635560000,1.0,0.0076518553187603,0.013247918882201188,1.0514387910409093
2020-11-12,3562.669921875,3569.02001953125,3518.580078125,3537.010009765625,4909660000,1.0,-0.009978532303877,0.01330561480871246,1.1105169346108132
2020-11-13,3552.570068359375,3593.659912109375,3552.570068359375,3585.14990234375,4719580000,1.0,0.0136103354090635,0.013404135693872549,1.0684519370719983
2020-11-16,3600.159912109375,3628.510009765625,3600.159912109375,3626.909912109375,5295510000,1.0,0.0116480512400123,0.01347071749623918,1.1942023507847488
2020-11-17,3610.31005859375,3623.110107421875,3588.679931640625,3609.530029296875,4812180000,1.0,-0.0047919256980916,0.013441407165239916,1.0846290017864606
2020-11-18,3612.090087890625,3619.090087890625,3567.330078125,3567.7900390625,5284810000,1.0,-0.011563829610944,0.013532687487109415,1.1839390353200194
2020-11-19,3559.409912109375,3585.219970703125,3543.840087890625,3581.8701171875,4363370000,1.0,0.0039464424674215,0.013482172504658618,0.9768345302030296
2020-11-20,3579.31005859375,3581.22998046875,3556.85009765625,3557.5400390625,4236370000,1.0,-0.0067925629151801,0.013514764873293091,0.9461732933438055
2020-11-23,3566.820068359375,3589.81005859375,3552.77001953125,3577.590087890625,5057550000,1.0,0.0056359306172162,0.013506844138914105,1.1234676896330291
2020-11-24,3594.52001953125,3642.31005859375,3594.52001953125,3635.409912109375,6280290000,1.0,0.0161616682734162,0.013653763722337385,1.3814391890393758
2020-11-25,3635.5,3635.5,3617.760009765625,3629.64990234375,4910440000,1.0,-0.0015844182375249,0.013627473429278992,1.0792117949960884
2020-11-27,3638.550048828125,3644.31005859375,3629.330078125,3638.35009765625,2778390000,1.0,0.0023969791981541,0.013491009869730751,0.6149607854846422
2020-11-30,3634.179931640625,3634.179931640625,3594.389892578125,3621.6298828125,6308410000,1.0,-0.0045955486401709,0.012681551340750575,1.4010483104606555
2020-12-01,3645.8701171875,3678.449951171875,3645.8701171875,3662.449951171875,5418480000,1.0,0.0112711871947761,0.01269562564320491,1.2002967115182257
2020-12-02,3653.780029296875,3670.9599609375,3644.840087890625,3669.010009765625,5041250000,1.0,0.0017911667548251,0.012113591114417292,1.11148014076845
2020-12-03,3668.280029296875,3682.72998046875,3657.169921875,3666.719970703125,5065340000,1.0,-0.0006241572130915,0.011871330364994088,1.113420011164666
2020-12-04,3670.93994140625,3699.199951171875,3670.93994140625,3699.1201171875,5099620000,1.0,0.0088362751296118,0.011645545030993541,1.1185078502291488
2020-12-07,3694.72998046875,3697.409912109375,3678.8798828125,3691.9599609375,4804500000,1.0,-0.0019356376714373,0.01165436308049642,1.0491709944105794
2020-12-08,3683.050048828125,3708.449951171875,3678.830078125,3702.25,4584390000,1.0,0.0027871480653562,0.01156550819466421,0.9983429004803441
2020-12-09,3705.97998046875,3712.389892578125,3660.5400390625,3672.820068359375,5232800000,1.0,-0.0079492016045985,0.011619851645407455,1.1318019832749047
2020-12-10,3659.1298828125,3678.489990234375,3645.179931640625,3668.10009765625,4658480000,1.0,-0.0012851080682624,0.011598787444774225,1.0079318529988746
2020-12-11,3656.080078125,3665.909912109375,3633.39990234375,3663.4599609375,4375470000,1.0,-0.0012649972997506,0.011532782263507606,0.9454745588781545
2020-12-14,3675.27001953125,3697.610107421875,3645.840087890625,3647.489990234375,4623850000,1.0,-0.0043592589719577,0.011438633336722346,0.9963526792628923
2020-12-15,3666.409912109375,3695.2900390625,3659.6201171875,3694.6201171875,4387080000,1.0,0.0129212491547088,0.01139626272851116,0.9425127951244425
2020-12-16,3696.25,3711.27001953125,3688.570068359375,3701.169921875,4067040000,1.0,0.001772795166959,0.011341848278294138,0.875208841885211
2020-12-17,3713.64990234375,3725.1201171875,3710.8701171875,3722.47998046875,4192810000,1.0,0.0057576547533797,0.010840621233365471,0.9008082461656766
2020-12-18,3722.389892578125,3726.699951171875,3685.840087890625,3709.409912109375,7097100000,1.0,-0.0035111185091528,0.01086698360744802,1.5039137867134045
2020-12-21,3684.280029296875,3702.89990234375,3636.47998046875,3694.919921875,4748580000,1.0,-0.0039062790518439,0.01074475860202967,1.0028305595685467
2020-12-22,3698.080078125,3698.260009765625,3676.159912109375,3687.260009765625,4053310000,1.0,-0.002073092860288,0.010593975820375311,0.8537727783289653
2020-12-23,3693.419921875,3711.239990234375,3689.280029296875,3690.010009765625,3779160000,1.0,0.0007458112508249,0.01056077911708075,0.795463754257361
2020-12-24,3694.030029296875,3703.820068359375,3689.320068359375,3703.06005859375,1883780000,1.0,0.0035365890047962,0.010528976504669316,0.3998349193606037
2020-12-28,3723.030029296875,3740.510009765625,3723.030029296875,3735.360107421875,3535460000,1.0,0.0087225290211445,0.0105582944820332,0.7510091208439709
2020-12-29,3750.010009765625,3756.1201171875,3723.31005859375,3727.0400390625,3393290000,1.0,-0.0022273805256001,0.010467256080393944,0.7247959285371707
2020-12-30,3736.18994140625,3744.6298828125,3730.2099609375,3732.0400390625,3154850000,1.0,0.0013415471654707,0.010250797293873487,0.6765718637548088
2020-12-31,3733.27001953125,3760.199951171875,3726.8798828125,3756.070068359375,3179040000,1.0,0.0064388455229198,0.010063412307345726,0.6839267615948222
2021-01-04,3764.610107421875,3769.989990234375,3662.7099609375,3700.64990234375,5015000000,1.0,-0.014754827521051,0.010080463555333733,1.0746955632838393
2021-01-05,3698.02001953125,3737.830078125,3695.070068359375,3726.860107421875,4591020000,1.0,0.0070825951575492,0.010070811809701668,0.9820748063507085
2021-01-06,3712.199951171875,3783.0400390625,3705.340087890625,3748.139892578125,6064110000,1.0,0.0057098427477522,0.010040016671220384,1.28393472783957
2021-01-07,3764.7099609375,3811.550048828125,3764.7099609375,3803.7900390625,5099160000,1.0,0.0148474038001011,0.010001967328956892,1.0746371627501772
2021-01-08,3815.050048828125,3826.68994140625,3783.60009765625,3824.679931640625,4773040000,1.0,0.0054918626852689,0.009966293544240036,1.0024827675433539
2021-01-11,3803.139892578125,3817.860107421875,3789.02001953125,3799.610107421875,4465430000,1.0,-0.0065547508985924,0.009965355894242982,0.9405403620198814
2021-01-12,3801.6201171875,3810.780029296875,3776.510009765625,3801.18994140625,4994950000,1.0,0.0004157884466327,0.009958593141109737,1.0517034819208362
2021-01-13,3802.22998046875,3820.9599609375,3791.5,3809.840087890625,4602510000,1.0,0.0022756417379066,0.009957434723969176,0.9700601210446925
2021-01-14,3814.97998046875,3823.60009765625,3792.860107421875,3795.5400390625,5198480000,1.0,-0.0037534511943366,0.009704014600619152,1.0916045470559699
2021-01-15,3788.72998046875,3788.72998046875,3749.6201171875,3768.25,5369820000,1.0,-0.0071900279753709,0.00976383347638274,1.1222648892237266
2021-01-19,3781.8798828125,3804.530029296875,3780.3701171875,3798.909912109375,5014440000,1.0,0.0081363795155244,0.009787698204600083,1.0470117994599195
2021-01-20,3816.219970703125,3859.75,3816.219970703125,3851.85009765625,4566190000,1.0,0.0139356254219462,0.009904443446107558,0.9545813377539105
2021-01-21,3857.4599609375,3861.449951171875,3845.050048828125,3853.070068359375,4501760000,1.0,0.0003167233075522,0.009904241010506782,0.9424544958836911
2021-01-22,3844.239990234375,3852.31005859375,3830.409912109375,3841.469970703125,5110890000,1.0,-0.0030106116552376,0.009558356918030746,1.0857044338353314
2021-01-25,3851.679931640625,3859.22998046875,3797.159912109375,3855.360107421875,7000840000,1.0,0.0036158389430824,0.00953669545707589,1.4811236097303053
2021-01-26,3862.9599609375,3870.89990234375,3847.780029296875,3849.6201171875,6137500000,1.0,-0.0014888337468982,0.008188482292264163,1.2902723701379488
2021-01-27,3836.830078125,3836.830078125,3732.47998046875,3750.77001953125,9976520000,1.0,-0.025677883699462,0.008883482411578818,2.0535911600390344
2021-01-28,3755.75,3830.5,3755.75,3787.3798828125,6992770000,1.0,0.0097606259756297,0.008736471730024993,1.4260631576079412
2021-01-29,3778.050048828125,3778.050048828125,3694.1201171875,3714.239990234375,6643370000,1.0,-0.0193114751731245,0.009080794802827375,1.347401315297104
2021-02-01,3731.169921875,3784.320068359375,3725.6201171875,3773.860107421875,5436230000,1.0,0.0160517676144393,0.009031807017448138,1.0997864691849875
2021-02-02,3791.840087890625,3843.090087890625,3791.840087890625,3826.31005859375,5514090000,1.0,0.0138982234844169,0.008782026349193506,1.1145041556137714
2021-02-03,3840.27001953125,3847.510009765625,3816.679931640625,3830.169921875,4864870000,1.0,0.0010087690809532,0.008470548753925007,0.9812949098136632
2021-02-04,3836.659912109375,3872.419921875,3836.659912109375,3871.739990234375,4879240000,1.0,0.0108533222304207,0.008552651959954943,0.9816476133656689
2021-02-05,3878.300048828125,3894.56005859375,3874.929931640625,3886.830078125,4879470000,1.0,0.0038974951646253,0.008456415922181675,0.9823978272798102
2021-02-08,3892.590087890625,3915.77001953125,3892.590087890625,3915.590087890625,4648360000,1.0,0.0073993483603735,0.008480748033771508,0.9420582573320625
2021-02-09,3910.489990234375,3918.35009765625,3902.639892578125,3911.22998046875,4568320000,1.0,-0.0011135249921484,0.008451780368860313,0.9271226313046924
2021-02-10,3920.780029296875,3931.5,3884.93994140625,3909.8798828125,4837070000,1.0,-0.0003451849323593,0.008319621950640897,0.9735295569117908
2021-02-11,3916.39990234375,3925.989990234375,3890.389892578125,3916.3798828125,4590960000,1.0,0.0016624551635393,0.00817152736576956,0.9304286628190779
2021-02-12,3911.64990234375,3937.22998046875,3905.780029296875,3934.830078125,4135060000,1.0,0.0047110331133788,0.008074103252801777,0.8424158432672108
2021-02-16,3939.610107421875,3950.429931640625,3923.85009765625,3932.590087890625,5058990000,1.0,-0.0005692724183511,0.008037616057517117,1.0305691576421916
2021-02-17,3918.5,3933.610107421875,3900.429931640625,3931.330078125,4730650000,1.0,-0.0003204020092266,0.007857848604838997,0.9649987360865486
2021-02-18,3915.860107421875,3921.97998046875,3885.030029296875,3913.969970703125,4793650000,1.0,-0.0044158356273545,0.007890499098322274,0.9790721827408058
2021-02-19,3921.159912109375,3930.409912109375,3903.070068359375,3906.7099609375,4845320000,1.0,-0.0018548966445751,0.007827944964734266,0.9894604608918965
2021-02-22,3885.550048828125,3902.919921875,3874.7099609375,3876.5,5917100000,1.0,-0.0077328394581538,0.007900807838470329,1.2017867628827252
2021-02-23,3857.070068359375,3895.97998046875,3805.590087890625,3881.3701171875,6296610000,1.0,0.0012563181187927,0.007658418456848509,1.2733642020086386
2021-02-24,3873.7099609375,3928.64990234375,3859.60009765625,3925.429931640625,6012790000,1.0,0.011351613765979,0.00776235829534505,1.2093428973915255
2021-02-25,3915.800048828125,3925.02001953125,3814.0400390625,3829.340087890625,6547470000,1.0,-0.0244788075251262,0.008445488046095856,1.3054762662430106
2021-02-26,3839.659912109375,3861.080078125,3789.5400390625,3811.14990234375,6526070000,1.0,-0.0047502141699028,0.008447213635977713,1.291413337200276
2021-03-01,3842.510009765625,3914.5,3842.510009765625,3901.820068359375,5114820000,1.0,0.0237907635068002,0.008852980698321838,1.0092409073172086
2021-03-02,3903.639892578125,3906.409912109375,3868.570068359375,3870.2900390625,5536010000,1.0,-0.0080808516908706,0.00893120181168283,1.0860529434943917
2021-03-03,3863.989990234375,3874.469970703125,3818.860107421875,3819.719970703125,6173660000,1.0,-0.0130662218719981,0.009110536047081093,1.2018064453232826
2021-03-04,3818.530029296875,3843.669921875,3723.340087890625,3768.469970703125,7195400000,1.0,-0.0134172139301002,0.009226852051551252,1.400169404268919
2021-03-05,3793.580078125,3851.68994140625,3730.18994140625,3841.93994140625,6851070000,1.0,0.0194959681977822,0.009546118579774316,1.3223452602600185
2021-03-08,3844.389892578125,3881.06005859375,3819.25,3821.35009765625,5871710000,1.0,-0.0053592310301612,0.009573948840735038,1.1254162396154046
2021-03-09,3851.929931640625,3903.760009765625,3851.929931640625,3875.43994140625,5513560000,1.0,0.0141546423038221,0.009665296691785135,1.0497909066229576
2021-03-10,3891.989990234375,3917.35009765625,3885.72998046875,3898.81005859375,5847380000,1.0,0.0060303133427013,0.009682858831457192,1.096796268786644
2021-03-11,3915.5400390625,3960.27001953125,3915.5400390625,3939.340087890625,5312880000,1.0,0.0103954870044358,0.009752105236710003,0.98993906287155
2021-03-12,3924.52001953125,3944.989990234375,3915.2099609375,3943.340087890625,4476280000,1.0,0.0010153984958789,0.009724281454333975,0.8307043568571766
2021-03-15,3942.9599609375,3970.080078125,3923.5400390625,3968.93994140625,4900100000,1.0,0.0064919213014971,0.00962954350705758,0.9035039491351671
2021-03-16,3973.590087890625,3981.0400390625,3953.43994140625,3962.7099609375,4613080000,1.0,-0.0015696837343783,0.009636075538469773,0.8461073519015919
2021-03-17,3949.570068359375,3983.8701171875,3935.739990234375,3974.1201171875,4561660000,1.0,0.0028793821305308,0.009620073660457576,0.8380698587884825
2021-03-18,3953.5,3969.6201171875,3910.860107421875,3915.4599609375,5118590000,1.0,-0.0147605393194591,0.00981973738392386,0.9385698196752754
2021-03-19,3913.139892578125,3930.1201171875,3886.75,3913.10009765625,7757420000,1.0,-0.0006027039747036,0.009801297089507692,1.4136600090657407
2021-03-22,3916.47998046875,3955.31005859375,3914.159912109375,3940.590087890625,4316260000,1.0,0.0070251180773117,0.00982323979495942,0.788816988705501
2021-03-23,3937.60009765625,3949.1298828125,3901.570068359375,3910.52001953125,4669010000,1.0,-0.0076308541839406,0.00988847199862659,0.8536083000459108
2021-03-24,3919.929931640625,3942.080078125,3889.070068359375,3889.139892578125,4783020000,1.0,-0.0054673360183149,0.009917848853079439,0.8734378028509198
2021-03-25,3879.340087890625,3919.5400390625,3853.5,3909.52001953125,4948340000,1.0,0.0052402658469594,0.009881215171039006,0.903781103330588
2021-03-26,3917.1201171875,3978.18994140625,3917.1201171875,3974.5400390625,5483160000,1.0,0.0166312026045196,0.010080946330568328,0.9982511179886011
2021-03-29,3969.31005859375,3981.830078125,3943.25,3971.090087890625,4628180000,1.0,-0.0008680126852336,0.010084166750741556,0.8443488169232155
2021-03-30,3963.340087890625,3968.010009765625,3944.35009765625,3958.550048828125,4121510000,1.0,-0.0031578329337678,0.010073917447915845,0.7553541771360353
2021-03-31,3967.25,3994.409912109375,3966.97998046875,3972.889892578125,4578050000,1.0,0.0036224990395776,0.009866326810479636,0.8403690372952733
2021-04-01,3992.780029296875,4020.6298828125,3992.780029296875,4019.8701171875,4162130000,1.0,0.0118252017749447,0.009932769027210247,0.765155797730893
2021-04-05,4034.43994140625,4083.419921875,4034.43994140625,4077.909912109375,4005030000,1.0,0.0144382264177436,0.010061373351911028,0.7376220759995892
2021-04-06,4075.570068359375,4086.22998046875,4068.139892578125,4073.93994140625,4081270000,1.0,-0.0009735307519511,0.009910661497078576,0.7545250947577193
2021-04-07,4074.2900390625,4083.1298828125,4068.31005859375,4079.949951171875,4120810000,1.0,0.0014752327849856,0.009894681352657041,0.7700350936176751
2021-04-08,4089.949951171875,4098.18994140625,4082.5400390625,4097.169921875,3907100000,1.0,0.0042206328286402,0.009850608267535307,0.7362372107261985
2021-04-09,4096.10986328125,4129.47998046875,4095.510009765625,4128.7998046875,3640390000,1.0,0.0077199343487381,0.00988450517523517,0.7027607895621397
2021-04-12,4124.7099609375,4131.759765625,4114.81982421875,4127.990234375,3588900000,1.0,-0.0001960788487688,0.009886058629433845,0.7020472063513314
2021-04-13,4130.10009765625,4148.0,4124.43017578125,4141.58984375,3734720000,1.0,0.0032944868090414,0.009865810937130882,0.7389812699020498
2021-04-14,4141.580078125,4151.68994140625,4120.8701171875,4124.66015625,3985350000,1.0,-0.0040877267278285,0.009827534057387146,0.7931267640794205
2021-04-15,4139.759765625,4173.490234375,4139.759765625,4170.419921875,4033420000,1.0,0.0110941905251664,0.009868440909330301,0.8074518220866587
2021-04-16,4174.14013671875,4191.31005859375,4170.75,4185.47021484375,4163820000,1.0,0.0036088195555097,0.009738929956022453,0.8359029157570175
2021-04-19,4179.7998046875,4180.81005859375,4150.47021484375,4163.259765625,3810290000,1.0,-0.005306560094486,0.009776829254843059,0.7682275741901149
2021-04-20,4159.18017578125,4159.18017578125,4118.3798828125,4134.93994140625,4342650000,1.0,-0.0068023197717759,0.009817585928968635,0.8774609732782204
2021-04-21,4128.419921875,4175.02001953125,4126.35009765625,4173.419921875,3887250000,1.0,0.0093060554721535,0.00986793410021791,0.7878676908436569
2021-04-22,4170.4599609375,4179.56982421875,4123.68994140625,4134.97998046875,4245140000,1.0,-0.0092106574765618,0.009955813483572981,0.8615334684465503
2021-04-23,4138.77978515625,4194.169921875,4138.77978515625,4180.169921875,3569880000,1.0,0.0109286965401769,0.009383399540401153,0.7282378983906299
2021-04-26,4185.02978515625,4194.18994140625,4182.35986328125,4187.6201171875,3748320000,1.0,0.0017822709248045,0.00932577208715017,0.7672765885619308
2021-04-27,4188.25,4193.35009765625,4176.22021484375,4186.72021484375,3710700000,1.0,-0.0002148958880143,0.00891260144161853,0.760897742454723
2021-04-28,4185.14013671875,4201.52978515625,4181.77978515625,4183.18017578125,3787360000,1.0,-0.0008455399168898,0.008727281372189854,0.7806886177555293
2021-04-29,4206.14013671875,4218.77978515625,4176.81005859375,4211.47021484375,4298680000,1.0,0.0067628067340457,0.008606790974316953,0.8876678171207876
2021-04-30,4198.10009765625,4198.10009765625,4174.85009765625,4181.169921875,4300880000,1.0,-0.0071947066993264,0.008681759158434247,0.8899332314188924
2021-05-03,4191.97998046875,4209.39013671875,4188.02978515625,4192.66015625,4070220000,1.0,0.0027480907472536,0.008596385737885513,0.8449155233937613
2021-05-04,4179.0400390625,4179.0400390625,4128.58984375,4164.66015625,4452460000,1.0,-0.0066783376082272,0.008651812166163361,0.9299172943656092
2021-05-05,4177.06005859375,4187.72021484375,4160.93994140625,4167.58984375,4230920000,1.0,0.0007034637617677,0.008613436011610213,0.8913386077588079
2021-05-06,4169.14013671875,4202.7001953125,4147.330078125,4201.6201171875,4511000000,1.0,0.0081654564660518,0.008656639862211053,0.9563955704658942
2021-05-07,4210.33984375,4238.0400390625,4201.64013671875,4232.60009765625,4016080000,1.0,0.0073733416169683,0.008690103466545234,0.8607041885926476
2021-05-10,4228.2900390625,4236.39013671875,4188.1298828125,4188.43017578125,4560700000,1.0,-0.0104356473221881,0.00882231151579026,0.9857280702034983
2021-05-11,4150.33984375,4162.0400390625,4111.52978515625,4152.10009765625,4870710000,1.0,-0.0086739128027181,0.008899836854565716,1.053844194257962
2021-05-12,4130.5498046875,4134.72998046875,4056.8798828125,4063.0400390625,4733070000,1.0,-0.0214494006645027,0.009356185727411724,1.0276344690730024
2021-05-13,4074.989990234375,4131.580078125,4074.989990234375,4112.5,4779540000,1.0,0.0121731414069234,0.009473930512046796,1.0440443442628502
2021-05-14,4129.580078125,4183.1298828125,4129.580078125,4173.85009765625,4008880000,1.0,0.0149179568768997,0.009621329960423393,0.8880641098249856
2021-05-17,4169.919921875,4171.919921875,4142.68994140625,4163.2900390625,4125050000,1.0,-0.0025300521932207,0.009625259294733408,0.9249699898525856
2021-05-18,4165.93994140625,4169.14990234375,4125.990234375,4127.830078125,4398150000,1.0,-0.0085172929593646,0.009637993541405435,0.9927684768159899
2021-05-19,4098.4501953125,4116.93017578125,4061.409912109375,4115.68017578125,4247450000,1.0,-0.0029434114568177,0.009652028869221858,0.9642634207524372
2021-05-20,4121.97021484375,4172.7998046875,4121.97021484375,4159.1201171875,3978880000,1.0,0.0105547417561433,0.009638114325122408,0.9110211190177032
2021-05-21,4168.60986328125,4188.72021484375,4151.72021484375,4155.85986328125,3995250000,1.0,-0.0007838806801412,0.00904310382054987,0.920322305959017
2021-05-24,4170.16015625,4209.52001953125,4170.16015625,4197.0498046875,3684800000,1.0,0.0099112921901385,0.009072007539148483,0.85191530434124
2021-05-25,4205.93994140625,4213.419921875,4182.52001953125,4188.1298828125,4182250000,1.0,-0.0021252837802967,0.008604868828324556,0.970144531296031
2021-05-26,4191.58984375,4202.60986328125,4184.10986328125,4195.990234375,4420890000,1.0,0.0018768165702687,0.008518085970900523,1.0264163563156175
2021-05-27,4201.93994140625,4213.3798828125,4197.77978515625,4200.8798828125,6406310000,1.0,0.0011653145418315,0.008304373526634776,1.474747449634494
2021-05-28,4210.77001953125,4218.35986328125,4203.56982421875,4204.10986328125,4649250000,1.0,0.0007688818911402,0.008067548412997151,1.0725858656979692
2021-06-01,4216.52001953125,4234.1201171875,4197.58984375,4202.0400390625,5074670000,1.0,-0.0004923335226864,0.007732560209211559,1.185403844882565
2021-06-02,4206.81982421875,4217.3701171875,4198.27001953125,4208.1201171875,5833670000,1.0,0.0014469348384307,0.007679618082419909,1.3531080753344829
2021-06-03,4191.43017578125,4204.39013671875,4167.93017578125,4192.85009765625,5587970000,1.0,-0.0036287033416374,0.007530037830624881,1.2906165299948467
2021-06-04,4206.0498046875,4233.4501953125,4206.0498046875,4229.89013671875,4139790000,1.0,0.0088340957105059,0.007568236248138522,0.9589893574116426
2021-06-07,4229.33984375,4232.33984375,4215.66015625,4226.52001953125,4476920000,1.0,-0.0007967387044511,0.0074798635260445705,1.039356155064773
2021-06-08,4233.81005859375,4236.740234375,4208.41015625,4227.259765625,4659620000,1.0,0.0001750248645058,0.007481003616391929,1.0859239587085923
2021-06-09,4232.990234375,4237.08984375,4218.740234375,4219.5498046875,4713260000,1.0,-0.0018238673194856,0.007458051499244044,1.0979893390254483
2021-06-10,4228.56005859375,4249.740234375,4220.33984375,4239.18017578125,4408210000,1.0,0.0046522430122621,0.007464285568084568,1.0255557337629668
2021-06-11,4242.89990234375,4248.3798828125,4232.25,4247.43994140625,3815010000,1.0,0.001948434669559,0.007461601263885657,0.8907120433805279
2021-06-14,4248.31005859375,4255.58984375,4234.06982421875,4255.14990234375,4151200000,1.0,0.0018152018730952,0.007163961285116341,0.969253699867762
2021-06-15,4255.27978515625,4257.16015625,4238.35009765625,4246.58984375,4048940000,1.0,-0.0020116937805257,0.0071729836493361785,0.94518344977696
2021-06-16,4248.8701171875,4251.89013671875,4202.4501953125,4223.7001953125,4538350000,1.0,-0.0053901246128557,0.007186710616542805,1.0571751616260756
2021-06-17,4220.3701171875,4232.2900390625,4196.0498046875,4221.85986328125,5312680000,1.0,-0.0004357155920517,0.007096623357323954,1.230715771623957
2021-06-18,4204.77978515625,4204.77978515625,4164.39990234375,4166.4501953125,6817010000,1.0,-0.0131244687799005,0.0072867287767775825,1.5581957249133256
2021-06-21,4173.39990234375,4226.240234375,4173.39990234375,4224.7900390625,4128950000,1.0,0.0140022899627207,0.007455435033268791,0.9416701594865101
2021-06-22,4224.60986328125,4255.83984375,4217.27001953125,4246.43994140625,3828390000,1.0,0.0051244919022186,0.007198491658637481,0.8721701099751881
2021-06-23,4249.27001953125,4256.60009765625,4241.43017578125,4241.83984375,3730350000,1.0,-0.0010832833431588,0.007199557419701693,0.8498519095428686
2021-06-24,4256.97021484375,4271.27978515625,4256.97021484375,4266.490234375,3816660000,1.0,0.0058112497248854,0.0072022299687600705,0.8701839792541697
2021-06-25,4274.4501953125,4286.1201171875,4271.16015625,4280.7001953125,7341450000,1.0,0.0033305973193167,0.007200715712083605,1.648949352798413
2021-06-28,4284.89990234375,4292.14013671875,4274.669921875,4290.60986328125,4147890000,1.0,0.0023149642620619,0.007067879336884633,0.9317164883150489
2021-06-29,4293.2099609375,4300.52001953125,4287.0400390625,4291.7998046875,3707150000,1.0,0.0002773361932608,0.00684834734743874,0.8331016384223604
2021-06-30,4290.64990234375,4302.43017578125,4287.9599609375,4297.5,4266040000,1.0,0.0013281596467464,0.006844259800002995,0.9590302779610569
2021-07-01,4300.72998046875,4320.66015625,4300.72998046875,4319.93994140625,3788230000,1.0,0.0052216268542757,0.0068665211256641896,0.8519951602056234
2021-07-02,4326.60009765625,4355.43017578125,4326.60009765625,4352.33984375,3225840000,1.0,0.0075000816639139,0.006905724214945809,0.7288520850790161
2021-07-06,4356.4599609375,4356.4599609375,4314.3701171875,4343.5400390625,4309570000,1.0,-0.0020218560598241,0.00686016210611129,0.970468161820162
2021-07-07,4351.009765625,4361.8798828125,4329.7900390625,4358.1298828125,4037380000,1.0,0.0033589753101825,0.006866160746294773,0.9079918612724417
2021-07-08,4321.06982421875,4330.8798828125,4289.3701171875,4320.81982421875,4347500000,1.0,-0.0085610249343169,0.006966749263610805,0.9749441921537298
2021-07-09,4329.3798828125,4371.60009765625,4329.3798828125,4369.5498046875,3531120000,1.0,0.0112779478087958,0.0070683189075015475,0.7927788317868049
2021-07-12,4372.41015625,4386.68017578125,4364.02978515625,4384.6298828125,3384460000,1.0,0.003451174331237,0.006950965894667344,0.7629840017869073
2021-07-13,4381.06982421875,4392.3701171875,4366.919921875,4369.2099609375,3695430000,1.0,-0.0035168126585656,0.0069640466315371375,0.8353686906428842
2021-07-14,4380.10986328125,4393.68017578125,4362.35986328125,4374.2998046875,4006370000,1.0,0.0011649345752446,0.00691877593489708,0.9059195993953014
2021-07-15,4369.02001953125,4369.02001953125,4340.7001953125,4360.02978515625,3905230000,1.0,-0.0032622408541723,0.006867333299815469,0.8852406277806649
2021-07-16,4367.43017578125,4375.08984375,4322.52978515625,4327.16015625,3985700000,1.0,-0.0075388542110778,0.006862469919384138,0.9044871795744615
2021-07-19,4296.39990234375,4296.39990234375,4233.1298828125,4258.490234375,5157660000,1.0,-0.0158695124274093,0.0070748097467220146,1.167018507400331
2021-07-20,4265.10986328125,4336.83984375,4262.0498046875,4323.06005859375,4438270000,1.0,0.0151626094378556,0.007200434380440678,1.0023278427115823
2021-07-21,4331.1298828125,4359.7001953125,4331.1298828125,4358.68994140625,3810280000,1.0,0.0082418199908353,0.007266612518793507,0.8634307087724006
2021-07-22,4361.27001953125,4369.8701171875,4350.06005859375,4367.47998046875,3358300000,1.0,0.0020166699583279,0.007267594953567035,0.7662617919733512
2021-07-23,4381.2001953125,4415.18017578125,4381.2001953125,4411.7900390625,4540070000,1.0,0.0101454520208228,0.007365054186496866,1.0368188804456189
2021-07-26,4409.580078125,4422.72998046875,4405.4501953125,4422.2998046875,4275630000,1.0,0.0023821998626283,0.007327708963654848,0.9786810358143107
2021-07-27,4416.3798828125,4416.3798828125,4372.509765625,4401.4599609375,4241950000,1.0,-0.0047124448070912,0.0072884745123312595,0.9699368618994386
2021-07-28,4402.9501953125,4415.47021484375,4387.009765625,4400.64013671875,4215290000,1.0,-0.0001862618826539,0.007285586816783373,0.9634433707291253
2021-07-29,4403.58984375,4429.97021484375,4403.58984375,4419.14990234375,4044600000,1.0,0.0042061529800074,0.007230681188029235,0.9259270281776127
2021-07-30,4395.1201171875,4412.25,4389.64990234375,4395.259765625,3956740000,1.0,-0.0054060480514769,0.007278002820673337,0.9070205897804683
2021-08-02,4406.85986328125,4422.18017578125,4384.81005859375,4387.16015625,3724090000,1.0,-0.0018428056148913,0.007223450523649638,0.8546876141774469
2021-08-03,4392.740234375,4423.7900390625,4373.0,4423.14990234375,3965190000,1.0,0.0082034265474622,0.007237140372667313,0.9101462233059903
2021-08-04,4415.9501953125,4416.169921875,4400.22998046875,4402.66015625,4260760000,1.0,-0.0046323879014122,0.007122856684986611,0.9754105768941086
2021-08-05,4408.85986328125,4429.759765625,4408.85986328125,4429.10009765625,3769410000,1.0,0.0060054468134942,0.007041590558869797,0.8645606312418089
2021-08-06,4429.06982421875,4440.81982421875,4429.06982421875,4436.52001953125,3451870000,1.0,0.0016752662417647,0.006388995086447256,0.7952639739961925
2021-08-09,4437.77001953125,4439.39013671875,4424.740234375,4432.35009765625,3449280000,1.0,-0.0009399082741974,0.00623978548254478,0.8056443311791279
2021-08-10,4435.7900390625,4445.2099609375,4430.02978515625,4436.75,3886610000,1.0,0.0009926793341701,0.005976917438919271,0.9110366321294363
2021-08-11,4442.18017578125,4449.43994140625,4436.419921875,4442.41015625,3532560000,1.0,0.0012757437876824,0.0059585963749564305,0.8340759020970897
2021-08-12,4446.080078125,4461.77001953125,4435.9599609375,4460.830078125,3375310000,1.0,0.0041463802816776,0.005835185405743118,0.8063078200996491
2021-08-13,4464.83984375,4468.3701171875,4460.81982421875,4468.0,3016470000,1.0,0.0016073066558082,0.005808468473010524,0.7295497657291188
2021-08-16,4461.64990234375,4480.259765625,4437.66015625,4479.7099609375,3370640000,1.0,0.0026208507022158,0.0056852132078769125,0.8182519930848744
2021-08-17,4462.1201171875,4462.1201171875,4417.830078125,4448.080078125,3836960000,1.0,-0.0070606988149475,0.005780306739359064,0.9343583637974999
2021-08-18,4440.93994140625,4454.31982421875,4397.58984375,4400.27001953125,3755590000,1.0,-0.0107484707455859,0.005864267810483841,0.9185879790766058
2021-08-19,4382.43994140625,4418.60986328125,4367.72998046875,4405.7998046875,4398410000,1.0,0.0012566922329095,0.005851862618092336,1.0774762557197315
2021-08-20,4410.56005859375,4444.35009765625,4406.7998046875,4441.669921875,3652610000,1.0,0.0081415676557379,0.005925706628649487,0.8981027674009701
2021-08-23,4450.2900390625,4489.8798828125,4450.2900390625,4479.52978515625,3576530000,1.0,0.0085237903642483,0.006005510162537791,0.8804287584392075
2021-08-24,4484.39990234375,4492.81005859375,4482.27978515625,4486.22998046875,3979220000,1.0,0.0014957363013194,0.006005587180093432,0.980388437052564
2021-08-25,4490.4501953125,4501.7099609375,4485.66015625,4496.18994140625,3444700000,1.0,0.0022201182241796,0.0060036000829706325,0.8512294479376584
2021-08-26,4493.75,4495.89990234375,4468.990234375,4470.0,3263980000,1.0,-0.0058249188196125,0.006070450607890576,0.8116834188474243
2021-08-27,4474.10009765625,4513.330078125,4474.10009765625,4509.3701171875,3331200000,1.0,0.0088076324804251,0.006120970841295891,0.8366448011838403
2021-08-30,4513.759765625,4537.35986328125,4513.759765625,4528.7900390625,3168660000,1.0,0.0043065708447795,0.006053198040334583,0.8106786714904963
2021-08-31,4529.75,4531.39013671875,4515.7998046875,4522.68017578125,4290710000,1.0,-0.001349116039505,0.006056638366311941,1.0968391667426318
2021-09-01,4528.7998046875,4537.10986328125,4522.02001953125,4524.08984375,4057340000,1.0,0.0003116886257619,0.0060562921586028795,1.0359698842721747
2021-09-02,4534.47998046875,4545.85009765625,4524.66015625,4536.9501953125,3735990000,1.0,0.0028426384105229,0.006047415266716755,0.9538913817112796
2021-09-03,4532.419921875,4541.4501953125,4521.2998046875,4535.43017578125,3217530000,1.0,-0.0003350311257153,0.006033804012054712,0.824036723497651
2021-09-07,4535.3798828125,4535.3798828125,4513.0,4520.02978515625,3822960000,1.0,-0.0033955744059817,0.006061114271550688,0.9970618317294632
2021-09-08,4518.08984375,4521.7900390625,4493.9501953125,4514.06982421875,3750880000,1.0,-0.0013185667397751,0.00606795334023271,0.9802927925867736
2021-09-09,4513.02001953125,4529.89990234375,4492.06982421875,4493.27978515625,3735390000,1.0,-0.0046056086573933,0.006098957626767648,0.9761003971360049
2021-09-10,4506.919921875,4520.47021484375,4457.66015625,4458.580078125,3623180000,1.0,-0.0077225787599254,0.006147359150286298,0.9499702804908137
2021-09-13,4474.81005859375,4492.990234375,4445.7001953125,4468.72998046875,3914220000,1.0,0.0022764876184568,0.006147185781835118,1.0256011718341413
2021-09-14,4479.330078125,4485.68017578125,4435.4599609375,4443.0498046875,3670460000,1.0,-0.0057466385065755,0.005930521684008508,0.9594957417844259
2021-09-15,4447.490234375,4486.8701171875,4438.3701171875,4480.7001953125,4032020000,1.0,0.0084739969795697,0.0057671944975558505,1.0555429052763323
2021-09-16,4477.08984375,4485.8701171875,4443.7998046875,4473.75,3984560000,1.0,-0.001551140448935,0.005750586507877788,1.0434069067495535
2021-09-17,4469.740234375,4471.52001953125,4427.759765625,4432.990234375,7289530000,1.0,-0.009110872450405,0.0058888958711029666,1.8798890582474117
2021-09-20,4402.9501953125,4402.9501953125,4305.91015625,4357.72998046875,4898070000,1.0,-0.0169773110084148,0.006279022310541994,1.2543145576207433
2021-09-21,4374.4501953125,4394.8701171875,4347.9599609375,4354.18994140625,3920920000,1.0,-0.0008123585165593,0.00626870840425886,1.0013314072101316
2021-09-22,4367.43017578125,4416.75,4367.43017578125,4395.64013671875,3939170000,1.0,0.0095196111952602,0.006375984050303727,1.004741286585709
2021-09-23,4406.75,4465.39990234375,4406.75,4448.97998046875,3916350000,1.0,0.0121347157844948,0.0065526978741541255,0.999379654030169
2021-09-24,4438.0400390625,4463.1201171875,4430.27001953125,4455.47998046875,3384290000,1.0,0.0014610090466882,0.006552963386748722,0.8659100223617965
2021-09-27,4442.1201171875,4457.2998046875,4436.18994140625,4443.10986328125,4058650000,1.0,-0.0027763826213396,0.006539165843668549,1.0380653724011728
2021-09-28,4419.5400390625,4419.5400390625,4346.330078125,4352.6298828125,4416550000,1.0,-0.0203641105560982,0.007005659215780272,1.1339027301419076
2021-09-29,4362.41015625,4385.56982421875,4355.080078125,4359.4599609375,3712660000,1.0,0.0015691842194003,0.007003212622759813,0.9567510962799822
2021-09-30,4370.669921875,4382.5498046875,4306.240234375,4307.5400390625,4448140000,1.0,-0.0119097141251951,0.0071579367081788725,1.142527927866838
2021-10-01,4317.16015625,4375.18994140625,4288.52001953125,4357.0400390625,4010370000,1.0,0.0114914776301819,0.007227278428504306,1.026645416128581
2021-10-04,4348.83984375,4355.509765625,4278.93994140625,4300.4599609375,4307870000,1.0,-0.0129858981367484,0.007273599759527064,1.10411735942724
2021-10-05,4309.8701171875,4369.22998046875,4309.8701171875,4345.72021484375,3902890000,1.0,0.0105245146606092,0.007390808894987374,1.0022349725100488
2021-10-06,4319.56982421875,4365.56982421875,4290.490234375,4363.5498046875,4009630000,1.0,0.0041027928541854,0.007396941854211036,1.0308750633301078
2021-10-07,4383.72998046875,4429.97021484375,4383.72998046875,4399.759765625,3843740000,1.0,0.0082982806564053,0.007472832144668491,0.9901164037322804
2021-10-08,4406.509765625,4412.02001953125,4386.22021484375,4391.33984375,3280160000,1.0,-0.0019137230947889,0.007464497552155915,0.8482835147968083
2021-10-11,4385.43994140625,4415.8798828125,4360.58984375,4361.18994140625,3281970000,1.0,-0.0068657638480568,0.007453248658317751,0.8517241603031148
2021-10-12,4368.31005859375,4374.89013671875,4342.08984375,4350.64990234375,3558450000,1.0,-0.0024167805585421,0.007159487705219712,0.9242697984177817
2021-10-13,4358.009765625,4372.8701171875,4329.919921875,4363.7998046875,3620070000,1.0,0.0030225144837938,0.006901597612142487,0.9419637190693849
2021-10-14,4386.75,4439.72998046875,4386.75,4438.259765625,3598280000,1.0,0.0170631019455833,0.007165173948704892,0.9395329886976032
2021-10-15,4447.68994140625,4475.81982421875,4447.68994140625,4471.3701171875,3819380000,1.0,0.0074602103777126,0.007221177530622521,0.9970033879602375
2021-10-18,4463.72021484375,4488.75,4447.47021484375,4486.4599609375,3662010000,1.0,0.0033747695570975,0.007118760340584983,0.9548762492104431
2021-10-19,4497.33984375,4520.39990234375,4496.41015625,4519.6298828125,3459130000,1.0,0.0073933395514063,0.007172738192368644,0.9019285631631592
2021-10-20,4524.419921875,4540.8701171875,4524.39990234375,4536.18994140625,3670760000,1.0,0.0036640298040166,0.007153269441211296,0.9581872074088089
2021-10-21,4532.240234375,4551.43994140625,4526.89013671875,4549.77978515625,3822330000,1.0,0.0029958718496225,0.007159678718982524,0.9962447785720463
2021-10-22,4546.1201171875,4559.669921875,4524.0,4544.89990234375,3758220000,1.0,-0.001072553627413,0.0071467971453846755,0.9775839949890698
2021-10-25,4553.68994140625,4572.6201171875,4537.35986328125,4566.47998046875,3899400000,1.0,0.0047481965694935,0.007124934940268032,1.0096698270397317
2021-10-26,4578.68994140625,4598.52978515625,4569.169921875,4574.7900390625,3879740000,1.0,0.0018197952535197,0.007118796999047123,1.0019377431637313
2021-10-27,4580.22021484375,4584.56982421875,4551.66015625,4551.68017578125,4226050000,1.0,-0.0050515680684628,0.0070883343936449985,1.0891829791322638
2021-10-28,4562.83984375,4597.5498046875,4562.83984375,4596.419921875,4132950000,1.0,0.0098292815764611,0.007156326214435606,1.0631203239374276
2021-10-29,4572.8701171875,4608.080078125,4567.58984375,4605.3798828125,4510200000,1.0,0.0019493347191492,0.0071248638626466455,1.1594936440713914
2021-11-01,4610.6201171875,4620.33984375,4595.06005859375,4613.669921875,3971540000,1.0,0.0018000771431341,0.007125178856783428,1.0193420221858334
2021-11-02,4613.33984375,4635.14990234375,4613.33984375,4630.64990234375,3975250000,1.0,0.0036803630854131,0.007132362474926743,1.0182102429145732
2021-11-03,4630.64990234375,4663.4599609375,4621.18994140625,4660.56982421875,4319660000,1.0,0.0064612791953579,0.007170294361993034,1.1045002929201686
2021-11-04,4662.93017578125,4683.0,4662.58984375,4680.06005859375,4462300000,1.0,0.0041819423611504,0.007183051670925103,1.1350654356079106
2021-11-05,4699.259765625,4718.5,4681.31982421875,4697.52978515625,4467180000,1.0,0.0037327996529492,0.007180075895944023,1.1293936116163021
2021-11-08,4701.47998046875,4714.919921875,4694.39013671875,4701.7001953125,4269710000,1.0,0.0008877879113036,0.007179454099721123,1.0743707823364668
2021-11-09,4707.25,4708.52978515625,4670.8701171875,4685.25,4117080000,1.0,-0.0034987758957707,0.007197684084710105,1.0310439626900063
2021-11-10,4670.259765625,4684.85009765625,4630.85986328125,4646.7099609375,4503720000,1.0,-0.0082258233952297,0.007220713147298977,1.1266685312222162
2021-11-11,4659.39013671875,4664.5498046875,4648.31005859375,4649.27001953125,3926870000,1.0,0.0005509400447352,0.007061219203347598,0.9830031206313177
2021-11-12,4655.240234375,4688.47021484375,4650.77001953125,4682.85009765625,3728600000,1.0,0.0072226560264154,0.007107572875507564,0.9334052433712857
2021-11-15,4689.2998046875,4697.419921875,4672.85986328125,4682.7998046875,3488410000,1.0,-1.0739820344718431e-05,0.007047215775888046,0.8720941278963722
2021-11-16,4679.419921875,4714.9501953125,4679.419921875,4700.89990234375,3972640000,1.0,0.0038652298648624,0.0069872716018344605,0.9924077549217692
2021-11-17,4701.5,4701.5,4684.41015625,4688.669921875,3969070000,1.0,-0.0026016253744634,0.007000647755542645,0.9904362329271293
2021-11-18,4700.72021484375,4708.7998046875,4672.77978515625,4704.5400390625,4226410000,1.0,0.0033847802152713,0.007006377177587243,1.0520743195250482
2021-11-19,4708.43994140625,4717.75,4694.22021484375,4697.9599609375,4253180000,1.0,-0.0013986655593032,0.006958801410416777,1.0554277884931824
2021-11-22,4712.0,4743.830078125,4682.169921875,4682.93994140625,4441100000,1.0,-0.0031971365563219,0.006898538805718482,1.0991859178272951
2021-11-23,4678.47998046875,4699.39013671875,4652.66015625,4690.7001953125,4277590000,1.0,0.0016571329129451,0.006883219301821905,1.0555444293547058
2021-11-24,4675.77978515625,4702.8701171875,4659.89013671875,4701.4599609375,3418430000,1.0,0.0022938506357221,0.00688172149857626,0.8460990015258063
2021-11-26,4664.6298828125,4664.6298828125,4585.43017578125,4594.6201171875,3517700000,1.0,-0.0227248226375824,0.00751547243076127,0.8726862476982116
2021-11-29,4628.75,4672.9501953125,4625.259765625,4655.27001953125,4336410000,1.0,0.0132001995370349,0.007692076966704101,1.0917928156452008
2021-11-30,4640.25,4646.02001953125,4560.0,4567.0,6625990000,1.0,-0.0189613103345052,0.008090197851881937,1.6538581904068392
2021-12-01,4602.81982421875,4652.93994140625,4510.27001953125,4513.0400390625,5366730000,1.0,-0.0118151874178892,0.008224606478092181,1.329945860773262
2021-12-02,4504.72998046875,4595.4599609375,4504.72998046875,4577.10009765625,5077180000,1.0,0.0141944361315831,0.008423636758043317,1.2511348403490752
2021-12-03,4589.490234375,4608.02978515625,4495.1201171875,4538.43017578125,5240070000,1.0,-0.0084485637302975,0.008475755823078152,1.282905159663004
2021-12-06,4548.3701171875,4612.60009765625,4540.509765625,4591.669921875,4770800000,1.0,0.0117308725774514,0.008539313461073212,1.1601394112693726
2021-12-07,4631.97021484375,4694.0400390625,4631.97021484375,4686.75,4492400000,1.0,0.0207070803744042,0.008926072099440054,1.0901397870592322
2021-12-08,4690.85986328125,4705.06005859375,4674.52001953125,4701.2099609375,4234600000,1.0,0.0030852853123166,0.008888464523561778,1.0284894441998937
2021-12-09,4691.0,4695.259765625,4665.97998046875,4667.4501953125,3903840000,1.0,-0.0071810801698947,0.008894545761526398,0.9472755490977705
2021-12-10,4687.64013671875,4713.56982421875,4670.240234375,4712.02001953125,3870110000,1.0,0.0095490733384817,0.008961697650912296,0.9417326424505338
2021-12-13,4710.2998046875,4710.2998046875,4667.60009765625,4668.97021484375,4397230000,1.0,-0.0091361676115676,0.008962177386457769,1.0679885748444018
2021-12-14,4642.990234375,4660.47021484375,4606.52001953125,4634.08984375,4485430000,1.0,-0.007470677577436,0.008721488721869463,1.0884715630880004
2021-12-15,4636.4599609375,4712.60009765625,4611.22021484375,4709.85009765625,4910130000,1.0,0.0163484646307467,0.008937660214507308,1.1857363031884642
2021-12-16,4719.1298828125,4731.990234375,4651.89013671875,4668.669921875,4829500000,1.0,-0.0087434153799804,0.008965618755991316,1.1616652162388266
2021-12-17,4652.5,4666.7001953125,4600.22021484375,4620.64013671875,7987090000,1.0,-0.0102876806370926,0.008962823446693295,1.8836316915397424
2021-12-20,4587.89990234375,4587.89990234375,4531.10009765625,4568.02001953125,4635700000,1.0,-0.0113880578514099,0.009096132742057835,1.086312657359736
2021-12-21,4594.9599609375,4651.14013671875,4583.16015625,4649.22998046875,4072430000,1.0,0.0177779345515725,0.009355660135613803,0.9507956819942935
2021-12-22,4650.35986328125,4697.669921875,4645.52978515625,4696.56005859375,3319610000,1.0,0.0101801972205788,0.0090091717689817,0.7758991074288867
2021-12-23,4703.9599609375,4740.740234375,4703.9599609375,4725.7900390625,2913040000,1.0,0.0062236999216618,0.009031468642202299,0.6831285007802989
2021-12-27,4733.990234375,4791.490234375,4733.990234375,4791.18994140625,2770290000,1.0,0.0138389352474752,0.009000695115642787,0.6521853053878192
2021-12-28,4795.490234375,4807.02001953125,4780.0400390625,4786.35009765625,2707920000,1.0,-0.001010154848626,0.008917207913629894,0.6408558224441818
2021-12-29,4788.64013671875,4804.06005859375,4778.080078125,4793.06005859375,2963310000,1.0,0.001401895139427,0.008709171590524614,0.7036233118428145
2021-12-30,4794.22998046875,4808.93017578125,4775.330078125,4778.72998046875,3124950000,1.0,-0.0029897555945093,0.00865552113582848,0.7431833537583206
2021-12-31,4775.2099609375,4786.830078125,4765.75,4766.18017578125,2677820000,1.0,-0.0026261799136575,0.00866640816332207,0.6398678008301254
2022-01-03,4778.14013671875,4796.64013671875,4758.169921875,4796.56005859375,3831020000,1.0,0.0063740525309705,0.008644390611469087,0.9153880928964726
2022-01-04,4804.509765625,4818.6201171875,4774.27001953125,4793.5400390625,4683170000,1.0,-0.0006296219570605,0.008637440602942855,1.114077329813202
2022-01-05,4787.990234375,4797.7001953125,4699.43994140625,4700.580078125,4887960000,1.0,-0.0193927577906871,0.008987355787773932,1.1573512937034507
2022-01-06,4693.39013671875,4725.009765625,4671.259765625,4696.0498046875,4295280000,1.0,-0.0009637690162076,0.00897915352714687,1.0150215763687187
2022-01-07,4697.66015625,4707.9501953125,4662.740234375,4677.02978515625,4181510000,1.0,-0.0040502167400917,0.009002735270804935,0.9883445350173307
2022-01-10,4655.33984375,4673.02001953125,4582.240234375,4670.2900390625,4511810000,1.0,-0.0014410312534549,0.008763737904977897,1.064507983839371
2022-01-11,4669.14013671875,4714.1298828125,4638.27001953125,4713.06982421875,4101590000,1.0,0.0091599846687118,0.00878805857394603,0.9695909477391663
2022-01-12,4728.58984375,4748.830078125,4706.7099609375,4726.35009765625,4048220000,1.0,0.0028177544430294,0.008785710826656011,0.9566277942741943
2022-01-13,4733.56005859375,4744.1298828125,4650.2900390625,4659.02978515625,4251730000,1.0,-0.0142436152864307,0.008957318115107697,1.0034077437789017
2022-01-14,4637.990234375,4665.1298828125,4614.75,4662.85009765625,4338490000,1.0,0.0008199802697488,0.008948058137989061,1.023792100700692
2022-01-18,4632.240234375,4632.240234375,4568.7001953125,4577.10986328125,4748700000,1.0,-0.0183879456940073,0.009267070286101863,1.119080359004995
2022-01-19,4588.02978515625,4611.5498046875,4530.2001953125,4532.759765625,4465740000,1.0,-0.0096895418683388,0.009352589852045621,1.0524050457865268
2022-01-20,4547.35009765625,4602.10986328125,4477.9501953125,4482.72998046875,4640870000,1.0,-0.0110373784941483,0.009438348471313925,1.0917666257472083
2022-01-21,4471.3798828125,4494.52001953125,4395.33984375,4397.93994140625,5589100000,1.0,-0.0189148218679086,0.009735644311089782,1.3057943758066448
2022-01-24,4356.31982421875,4417.35009765625,4222.6201171875,4410.1298828125,6928110000,1.0,0.0027717389433818,0.00972753806756193,1.6004994181186594
2022-01-25,4366.64013671875,4411.009765625,4287.10986328125,4356.4501953125,5145050000,1.0,-0.0121719062536467,0.009746999402436122,1.1819329260386873
2022-01-26,4408.43017578125,4453.22998046875,4304.7998046875,4349.93017578125,5570640000,1.0,-0.0014966358477518,0.00974039646087142,1.2689610430435894
2022-01-27,4380.580078125,4428.740234375,4309.5,4326.509765625,5214200000,1.0,-0.0053840887577105,0.009750744701417995,1.1785000119111178
2022-01-28,4336.18994140625,4432.72021484375,4292.4599609375,4431.85009765625,5031090000,1.0,0.0243476468880761,0.010270906912868078,1.1316992766881677
2022-01-31,4431.7900390625,4516.89013671875,4414.02001953125,4515.5498046875,5098610000,1.0,0.0188859517327795,0.010539060394387406,1.1410887468360844
2022-02-01,4519.56982421875,4550.490234375,4483.52978515625,4546.5400390625,4816830000,1.0,0.0068630035578014,0.010564779794286255,1.075183827878802
2022-02-02,4566.39013671875,4595.31005859375,4544.31982421875,4589.3798828125,4481580000,1.0,0.0094225154473364,0.010628100040910655,0.9993323780586517
2022-02-03,4535.41015625,4542.8798828125,4470.39013671875,4477.43994140625,4401970000,1.0,-0.024391082077444,0.011070731696282289,0.9817517380491876
2022-02-04,4482.7900390625,4539.66015625,4451.5,4500.52978515625,4706290000,1.0,0.0051569298644233,0.011090735229040354,1.0476195903387555
2022-02-07,4505.75,4521.85986328125,4471.47021484375,4483.8701171875,4228480000,1.0,-0.0037017126347429,0.011053394087721423,0.9378768381896294
2022-02-08,4480.02001953125,4531.31982421875,4465.39990234375,4521.5400390625,4459620000,1.0,0.0084012071916632,0.011112759050729665,0.9850278905919789
2022-02-09,4547.0,4590.02978515625,4547.0,4587.18017578125,4524350000,1.0,0.0145172078875055,0.011236813428580626,0.9984962802932121
2022-02-10,4553.240234375,4588.919921875,4484.31005859375,4504.080078125,5314860000,1.0,-0.0181157256684597,0.011470081531661019,1.1797845965130287
2022-02-11,4506.27001953125,4526.330078125,4401.41015625,4418.64013671875,5251500000,1.0,-0.0189694543445634,0.011696559803069025,1.1663166939262517
2022-02-14,4412.60986328125,4426.22021484375,4364.83984375,4401.669921875,4600390000,1.0,-0.0038405967262932,0.011700592595516805,1.0238786997112863
2022-02-15,4429.27978515625,4472.77001953125,4429.27978515625,4471.06982421875,4430830000,1.0,0.0157667211707204,0.011886677895074757,0.9897059042298718
2022-02-16,4455.75,4489.5498046875,4429.68017578125,4475.009765625,4283640000,1.0,0.000881207755895,0.011888305561365015,0.9589152655529809
2022-02-17,4456.06005859375,4456.06005859375,4373.81005859375,4380.259765625,4539420000,1.0,-0.021173138152195,0.012174334272926003,1.015959086083991
2022-02-18,4384.56982421875,4394.60009765625,4327.22021484375,4348.8701171875,4708060000,1.0,-0.0071661613961429,0.012194474562399119,1.0514737172217632
2022-02-22,4332.740234375,4362.1201171875,4267.10986328125,4304.759765625,5121900000,0.0,-0.0101429452648328,0.012239917644384389,1.1377086615526975
2022-02-23,4324.93017578125,4341.509765625,4221.509765625,4225.5,4797430000,0.0,-0.0184121228454876,0.012124652930443004,1.061263317085684
2022-02-24,4155.77001953125,4294.72998046875,4114.64990234375,4288.7001953125,6752130000,0.0,0.0149568560673292,0.012162377767415182,1.478270434122799
2022-02-25,4298.3798828125,4385.33984375,4286.830078125,4384.64990234375,5177060000,0.0,0.0223726776556034,0.012314330761950345,1.1300119936603068
2022-02-28,4354.169921875,4388.83984375,4315.1201171875,4373.93994140625,6071370000,0.0,-0.0024426034406476,0.012228858370823993,1.3185315559166209
2022-03-01,4363.14013671875,4378.4501953125,4279.5400390625,4306.259765625,5846230000,0.0,-0.0154735036804118,0.012226562829078831,1.2640552505764457
2022-03-02,4322.56005859375,4401.47998046875,4322.56005859375,4386.5400390625,5337870000,0.0,0.018642691757321,0.012442990458330543,1.1675142980240094
2022-03-03,4401.31005859375,4416.77978515625,4345.56005859375,4363.490234375,5039890000,0.0,-0.0052546664300883,0.012353110018411927,1.1003936351144321
2022-03-04,4342.1201171875,4342.1201171875,4284.97998046875,4328.8701171875,5797380000,0.0,-0.0079340425503344,0.012058830865518276,1.2563185081574737
2022-03-07,4327.009765625,4327.009765625,4199.85009765625,4201.08984375,6940470000,0.0,-0.0295181583134491,0.012583273715797622,1.4807930044053381
2022-03-08,4202.66015625,4276.93994140625,4157.8701171875,4170.7001953125,7243120000,0.0,-0.0072337535181997,0.012583657690461355,1.5173295944337153
2022-03-09,4223.10009765625,4299.39990234375,4223.10009765625,4277.8798828125,5662670000,0.0,0.0256982478914358,0.012996366679119175,1.1720448993661234
2022-03-10,4252.5498046875,4268.27978515625,4209.7998046875,4259.52001953125,4980830000,0.0,-0.0042918136516678,0.012963297131354351,1.0213100822923926
2022-03-11,4279.5,4291.009765625,4200.490234375,4204.31005859375,4938640000,0.0,-0.0129615451234751,0.013025780866133456,1.0045217145667324
2022-03-14,4202.75,4247.56982421875,4161.72021484375,4173.10986328125,5574920000,0.0,-0.0074210024659636,0.012832614137252115,1.1227514640889185
2022-03-15,4188.81982421875,4271.0498046875,4187.89990234375,4262.4501953125,5392470000,0.0,0.0214085741708709,0.013147927489118999,1.0742610248282078
2022-03-16,4288.14013671875,4358.89990234375,4251.990234375,4357.85986328125,6309750000,0.0,0.0223837613571822,0.013448032579837798,1.2447042737697238
2022-03-17,4345.10986328125,4412.669921875,4335.64990234375,4411.669921875,4985090000,0.0,0.0123478175714519,0.013482945865234276,0.9822228169964945
2022-03-18,4407.33984375,4465.39990234375,4390.56982421875,4463.1201171875,8278430000,0.0,0.0116622948279487,0.013365098963667346,1.6096111386927034
2022-03-21,4462.39990234375,4481.75,4424.2998046875,4461.18017578125,4869820000,0.0,-0.0004346603621039,0.013290123321120896,0.944749510875206
2022-03-22,4469.10009765625,4522.0,4469.10009765625,4511.60986328125,4754840000,0.0,0.0113041136006502,0.013351477362502825,0.9203958373402387
2022-03-23,4493.10009765625,4501.06982421875,4455.81005859375,4456.240234375,4550670000,0.0,-0.012272698789159,0.013295480041703518,0.8807420864684748
2022-03-24,4469.97998046875,4520.580078125,4465.169921875,4520.16015625,4131390000,0.0,0.0143439129205664,0.013444561103742697,0.7995019133984491
2022-03-25,4522.91015625,4546.02978515625,4501.06982421875,4543.06005859375,4305020000,0.0,0.005066170567449,0.013463339242076888,0.8322753850932882
2022-03-28,4541.08984375,4575.64990234375,4517.68994140625,4575.52001953125,4312260000,0.0,0.0071449552765867,0.013498971013170902,0.8334800017642734
2022-03-29,4602.85986328125,4637.2998046875,4589.66015625,4631.60009765625,5085910000,0.0,0.0122565474275304,0.013598123061667217,0.9801802353237383
2022-03-30,4624.2001953125,4627.77001953125,4581.31982421875,4602.4501953125,4385570000,0.0,-0.0062937001746978,0.013589719225015826,0.8463921323592192
2022-03-31,4599.02001953125,4603.06982421875,4530.41015625,4530.41015625,4823020000,0.0,-0.0156525407131773,0.013728011958110504,0.9295358114376489
2022-04-01,4540.31982421875,4548.7001953125,4507.56982421875,4545.85986328125,4562940000,0.0,0.0034102225843584,0.013519973697005298,0.8796750969939855
2022-04-04,4547.97021484375,4583.5,4539.2099609375,4582.64013671875,4547350000,0.0,0.0080909386878793,0.013564804385707351,0.8802050822579024
2022-04-05,4572.4501953125,4593.4501953125,4514.169921875,4525.1201171875,4800620000,0.0,-0.0125517208018073,0.013648604566114256,0.9369459436787874
2022-04-06,4494.169921875,4503.93994140625,4450.0400390625,4481.14990234375,4986830000,0.0,-0.0097169166132718,0.013700420693617477,0.973890372569219
2022-04-07,4474.64990234375,4521.16015625,4450.2998046875,4500.2099609375,4821490000,0.0,0.0042533856284925,0.013655768733948666,0.9443639872123273
2022-04-08,4494.14990234375,4520.41015625,4474.60009765625,4488.27978515625,4083200000,0.0,-0.0026510264820542,0.013650288448428286,0.8033174618851125
2022-04-11,4462.64013671875,4464.35009765625,4408.3798828125,4412.52978515625,4266290000,0.0,-0.0168772901035542,0.013698500462142394,0.8418715193268012
2022-04-12,4437.58984375,4471.0,4381.33984375,4397.4501953125,4152090000,0.0,-0.0034174477177417,0.013700860091916003,0.8224084652677416
2022-04-13,4394.2998046875,4453.919921875,4392.7001953125,4446.58984375,3828150000,0.0,0.011174577597236,0.013591842660398843,0.7612267599298617
2022-04-14,4449.1201171875,4460.4599609375,4390.77001953125,4392.58984375,4083090000,0.0,-0.0121441378443979,0.013623959944597051,0.8132102910678974
2022-04-18,4385.6298828125,4410.31005859375,4370.2998046875,4391.68994140625,3910490000,0.0,-0.0002048682840329,0.013552628051141732,0.7803620689703341
2022-04-19,4390.6298828125,4471.02978515625,4390.6298828125,4462.2099609375,4108120000,0.0,0.0160576043555271,0.013488250002206457,0.821762187529455
2022-04-20,4472.259765625,4488.2900390625,4448.759765625,4459.4501953125,4290450000,0.0,-0.0006184750715809,0.013484953902473742,0.8580215985181662
2022-04-21,4489.169921875,4512.93994140625,4384.47021484375,4393.66015625,4636890000,0.0,-0.0147529484983719,0.013529375707804657,0.9266470607984422
2022-04-22,4385.830078125,4385.830078125,4267.6201171875,4271.77978515625,4651940000,0.0,-0.0277400542507536,0.014002149911600037,0.9291808454128734
2022-04-25,4255.33984375,4299.02001953125,4200.81982421875,4296.1201171875,5240040000,0.0,0.0056979369853822,0.014005774312732224,1.046961164470869
2022-04-26,4278.14013671875,4278.14013671875,4175.0400390625,4175.2001953125,4689970000,0.0,-0.0281463084310038,0.014097013609538564,0.9391644242721049
2022-04-27,4186.52001953125,4240.7099609375,4162.89990234375,4183.9599609375,4769680000,0.0,0.0020980468517017,0.013862379522886815,0.9544791750089141
2022-04-28,4222.580078125,4308.4501953125,4188.6298828125,4287.5,4854180000,0.0,0.0247469000729394,0.014225660929198025,0.9697456955196134
2022-04-29,4253.75,4269.68017578125,4124.27978515625,4131.93017578125,5084030000,0.0,-0.0362845071064139,0.014873783078174049,1.012426365036018
2022-05-02,4130.60986328125,4169.81005859375,4062.510009765625,4155.3798828125,5163790000,0.0,0.0056752428123536,0.01459819604669003,1.0257588779028726
2022-05-03,4159.77978515625,4200.10009765625,4147.080078125,4175.47998046875,4582050000,0.0,0.0048371263814863,0.014595916810466174,0.9106552778893284
2022-05-04,4181.18017578125,4307.66015625,4148.91015625,4300.169921875,5136360000,0.0,0.0298624210844022,0.015129642715965843,1.0207624346323598
2022-05-05,4270.43017578125,4270.43017578125,4106.009765625,4146.8701171875,5077030000,0.0,-0.0356497086098069,0.015742618083340626,1.007851587951415
2022-05-06,4128.169921875,4157.68994140625,4067.909912109375,4123.33984375,5116940000,0.0,-0.005674224842484,0.01561365360079484,1.0224118012122025
2022-05-09,4081.27001953125,4081.27001953125,3975.47998046875,3991.239990234375,5954520000,0.0,-0.0320371006323567,0.015961964338834567,1.18608299959652
2022-05-10,4035.179931640625,4068.820068359375,3958.169921875,4001.050048828125,5885820000,0.0,0.0024578974498534,0.01581229197645104,1.173265894461605
2022-05-11,3990.080078125,4049.090087890625,3928.820068359375,3935.179931640625,5816140000,0.0,-0.0164632075039383,0.015927110265265713,1.1595151397612733
2022-05-12,3903.949951171875,3964.800048828125,3858.8701171875,3930.080078125,6286450000,0.0,-0.0012959645058717,0.015760684564010502,1.2485546125090417
2022-05-13,3963.89990234375,4038.8798828125,3963.89990234375,4023.889892578125,5183340000,0.0,0.0238696954230714,0.016108115675458567,1.0288791788403429
2022-05-16,4013.02001953125,4046.4599609375,3983.989990234375,4008.010009765625,4415030000,0.0,-0.0039464009295556,0.01590634159415721,0.8812076314657048
2022-05-17,4052.0,4090.719970703125,4033.929931640625,4088.85009765625,4841410000,0.0,0.0201696322348636,0.016127005432345257,0.9744752187844716
2022-05-18,4051.97998046875,4051.97998046875,3911.909912109375,3923.679931640625,5103220000,0.0,-0.0403952607874525,0.01687642373195959,1.036097434682182
2022-05-19,3899.0,3945.9599609375,3876.580078125,3900.7900390625,5113550000,0.0,-0.0058337818009925,0.016739119510288242,1.0405147896331026
2022-05-20,3927.760009765625,3943.419921875,3810.320068359375,3901.360107421875,5130730000,0.0,0.0001461417696584,0.01660559477722789,1.0433741098316107
2022-05-23,3919.419921875,3981.8798828125,3909.0400390625,3973.75,4420030000,0.0,0.0185550399309235,0.016519898205953294,0.9007476195256467
2022-05-24,3942.93994140625,3955.679931640625,3875.1298828125,3941.47998046875,4923190000,0.0,-0.0081207976171752,0.01654161769299838,1.0059575398092895
2022-05-25,3929.590087890625,3999.330078125,3925.030029296875,3978.72998046875,4802560000,0.0,0.0094507647342076,0.01650017583014381,0.9836805492828142
2022-05-26,3984.60009765625,4075.139892578125,3984.60009765625,4057.840087890625,4709970000,0.0,0.0198832561672241,0.016526196825036688,0.9710798216616011
2022-05-27,4077.429931640625,4158.490234375,4077.429931640625,4158.240234375,4375620000,0.0,0.0247422629551097,0.016850839742722747,0.9044180275592003
2022-05-31,4151.08984375,4168.33984375,4104.8798828125,4132.14990234375,6822640000,0.0,-0.006274368617659,0.016840059437839748,1.4187425214724276
2022-06-01,4149.77978515625,4166.5400390625,4073.85009765625,4101.22998046875,4531800000,0.0,-0.0074827686811318,0.016434882777946042,0.9436975443331481
2022-06-02,4095.409912109375,4177.509765625,4074.3701171875,4176.81982421875,4405790000,0.0,0.0184310180384861,0.016583809228893832,0.9187930113014008
2022-06-03,4137.56982421875,4142.669921875,4098.669921875,4108.5400390625,3711110000,0.0,-0.0163473139924156,0.01637339380983068,0.7766424842447328
2022-06-06,4134.72021484375,4168.77978515625,4109.18017578125,4121.43017578125,4332700000,0.0,0.0031374007789131,0.016372634911761885,0.9059623728381327
2022-06-07,4096.47021484375,4164.85986328125,4080.18994140625,4160.68017578125,4248210000,0.0,0.009523393173235,0.01633791975155826,0.8885067048822787
2022-06-08,4147.1201171875,4160.14013671875,4107.2001953125,4115.77001953125,4159470000,0.0,-0.0107939457859356,0.016369512597322625,0.8705032204142608
2022-06-09,4101.64990234375,4119.10009765625,4017.169921875,4017.820068359375,4134170000,0.0,-0.0237986939763535,0.016403191343351976,0.8686688485173164
2022-06-10,3974.389892578125,3974.389892578125,3900.159912109375,3900.860107421875,4889640000,0.0,-0.0291103033355246,0.016513631274589057,1.0252359117811172
2022-06-13,3838.14990234375,3838.14990234375,3734.300048828125,3749.6298828125,5636890000,0.0,-0.0387684306652372,0.017084774362447052,1.1778955366604729
2022-06-14,3763.52001953125,3778.179931640625,3705.679931640625,3735.47998046875,5153890000,0.0,-0.0037736797459957,0.016982871106607317,1.0743136585909239
2022-06-15,3764.050048828125,3837.56005859375,3722.300048828125,3789.989990234375,5530480000,0.0,0.0145925048589832,0.017128808077947293,1.148107122508258
2022-06-16,3728.179931640625,3728.179931640625,3639.77001953125,3666.77001953125,5644930000,0.0,-0.0325119514881634,0.017458196636606294,1.1677728753924346
2022-06-17,3665.89990234375,3707.7099609375,3636.8701171875,3674.840087890625,8520740000,0.0,0.0022008656982546,0.01743207301298424,1.7372934039026415
2022-06-21,3715.31005859375,3779.64990234375,3715.31005859375,3764.7900390625,5292260000,0.0,0.0244772422800869,0.017651233116970363,1.0769712530364133
2022-06-22,3733.889892578125,3801.7900390625,3717.68994140625,3759.889892578125,5058990000,0.0,-0.0013015723144006,0.01762171199970124,1.0254285292334056
2022-06-23,3774.7099609375,3802.580078125,3743.52001953125,3795.72998046875,5098640000,0.0,0.0095322174091778,0.017647670355792778,1.029989913103035
2022-06-24,3821.75,3913.64990234375,3821.75,3911.739990234375,8120260000,0.0,0.0305632935858357,0.018068361606007426,1.61451095066638
2022-06-27,3920.760009765625,3927.719970703125,3889.659912109375,3900.110107421875,4325310000,0.0,-0.0029730715337762,0.018062095906347688,0.8582831083536016
2022-06-28,3913.0,3945.860107421875,3820.139892578125,3821.550048828125,4270120000,0.0,-0.020143036075892,0.018126308839164596,0.8467031337605039
2022-06-29,3825.090087890625,3836.5,3799.02001953125,3818.830078125,4211240000,0.0,-0.000711745409159,0.018110680735040484,0.8340333387559244
2022-06-30,3785.989990234375,3818.989990234375,3738.669921875,3785.3798828125,4840070000,0.0,-0.0087592782679987,0.018070512952911365,0.9558016081563928
2022-07-01,3781.0,3829.820068359375,3752.10009765625,3825.330078125,4046950000,0.0,0.0105538140290473,0.018110073456385555,0.7999481163884926
2022-07-05,3792.610107421875,3832.18994140625,3742.06005859375,3831.389892578125,5076590000,0.0,0.0015841285142366,0.018093918722381336,1.001732582849995
2022-07-06,3831.97998046875,3870.909912109375,3809.3701171875,3845.080078125,4417720000,0.0,0.0035731642904301,0.01808986294082916,0.8725282953698241
2022-07-07,3858.85009765625,3910.6298828125,3858.85009765625,3902.6201171875,4057770000,0.0,0.0149645879652418,0.01822907054240698,0.8051962029890466
2022-07-08,3888.260009765625,3918.5,3869.340087890625,3899.3798828125,3521620000,0.0,-0.000830271529819,0.018126964439567992,0.702061564484754
2022-07-11,3880.93994140625,3880.93994140625,3847.219970703125,3854.429931640625,3423480000,0.0,-0.0115274614227772,0.01816869209845169,0.6861796851624457
2022-07-12,3851.949951171875,3873.409912109375,3802.360107421875,3818.800048828125,3817210000,0.0,-0.0092438787173215,0.018108277203096865,0.7682900021081024
2022-07-13,3779.669921875,3829.43994140625,3759.070068359375,3801.780029296875,4109390000,0.0,-0.00445690251221,0.018065102815526042,0.8303548267123619
2022-07-14,3763.989990234375,3796.409912109375,3721.56005859375,3790.3798828125,4199690000,0.0,-0.0029986339021522,0.018063360495972583,0.8519203275607684
2022-07-15,3818.0,3863.6201171875,3817.179931640625,3863.159912109375,4143800000,0.0,0.0192012493594366,0.018121944379682953,0.8420800902337243
2022-07-18,3883.7900390625,3902.43994140625,3818.6298828125,3830.85009765625,4046870000,0.0,-0.0083635715808313,0.018137795469177778,0.8260402205310432
2022-07-19,3860.72998046875,3939.81005859375,3860.72998046875,3936.68994140625,4041070000,0.0,0.0276282916459595,0.01846945095130444,0.8283596062201206
2022-07-20,3935.320068359375,3974.1298828125,3922.030029296875,3959.89990234375,4185300000,0.0,0.0058958061932632,0.01817251802136643,0.861213986396634
2022-07-21,3955.469970703125,3999.2900390625,3927.639892578125,3998.949951171875,4132790000,0.0,0.0098613727091971,0.018206829830681826,0.8568327811149352
2022-07-22,3998.429931640625,4012.43994140625,3938.860107421875,3961.6298828125,3979240000,0.0,-0.0093324669763467,0.017891182392766075,0.831572070025221
2022-07-25,3965.719970703125,3975.300048828125,3943.4599609375,3966.840087890625,3568340000,0.0,0.0013151670479691,0.01788938035123785,0.7527753414295665
2022-07-26,3953.219970703125,3953.219970703125,3910.739990234375,3921.050048828125,3778950000,0.0,-0.0115432026620586,0.017624954672095038,0.8057298448244851
2022-07-27,3951.429931640625,4039.56005859375,3951.429931640625,4023.610107421875,4112180000,0.0,0.0261562737829377,0.017367876932359794,0.8808028595024144
2022-07-28,4026.1298828125,4078.949951171875,3992.969970703125,4072.429931640625,4413000000,0.0,0.0121333386971809,0.01742541181358358,0.9452448145514495
2022-07-29,4087.330078125,4140.14990234375,4079.219970703125,4130.2900390625,4616360000,0.0,0.0142077600825818,0.017512968473208462,0.9897578344072169
2022-08-01,4112.3798828125,4144.9501953125,4096.02001953125,4118.6298828125,4202810000,0.0,-0.0028230841271976,0.01707013758293445,0.9045843947380984
2022-08-02,4104.2099609375,4140.47021484375,4079.81005859375,4091.18994140625,4727710000,0.0,-0.0066623955507048,0.016459906218018572,1.0192532097989357
2022-08-03,4107.9599609375,4167.66015625,4107.9599609375,4155.169921875,4351760000,0.0,0.0156384771631401,0.016567007205191008,0.9413634913913271
2022-08-04,4154.85009765625,4161.2900390625,4135.419921875,4151.93994140625,4283320000,0.0,-0.0007773401640558,0.016016376298423687,0.9271070391192626
2022-08-05,4115.8701171875,4151.580078125,4107.31005859375,4145.18994140625,4085940000,0.0,-0.0016257460597355,0.01601782211883682,0.8876019605907631
2022-08-08,4155.93017578125,4186.6201171875,4128.97021484375,4140.06005859375,4221090000,0.0,-0.0012375507238541,0.015860875707384044,0.9192834106660475
2022-08-09,4133.10986328125,4137.2998046875,4112.08984375,4122.47021484375,3913090000,0.0,-0.004248692893594,0.015872603225770925,0.8551743809722329
2022-08-10,4181.02001953125,4211.02978515625,4177.259765625,4210.240234375,4546010000,0.0,0.0212906376412902,0.015812782868922175,0.9927546106427603
2022-08-11,4227.39990234375,4257.91015625,4201.41015625,4207.27001953125,4630200000,0.0,-0.0007054739583503,0.01580155445269843,1.0209159217903703
2022-08-12,4225.02001953125,4280.47021484375,4219.77978515625,4280.14990234375,3788010000,1.0,0.0173223687745669,0.015746983581629185,0.8379693993319357
2022-08-15,4269.3701171875,4301.7900390625,4256.89990234375,4297.14013671875,3696830000,1.0,0.0039695418998517,0.014788196449228276,0.8203721372034192
2022-08-16,4290.4599609375,4325.27978515625,4277.77001953125,4305.2001953125,4329820000,1.0,0.001875679716581,0.014755755081699075,0.9582091888158663
2022-08-17,4280.39990234375,4302.18017578125,4253.080078125,4274.0400390625,3885030000,1.0,-0.0072377949540946,0.014800105818967605,0.8614820703349776
2022-08-18,4273.1298828125,4292.52978515625,4261.97998046875,4283.740234375,3340330000,1.0,0.0022695611701915,0.014632830096469145,0.7436924744465571
2022-08-19,4266.31005859375,4266.31005859375,4218.7001953125,4228.47998046875,3761340000,1.0,-0.0129000011398479,0.014698164989374289,0.8389135407899501
2022-08-22,4195.080078125,4195.080078125,4129.85986328125,4137.990234375,3907430000,1.0,-0.0214000649197158,0.014944981882680826,0.8723791875509316
2022-08-23,4133.08984375,4159.77001953125,4124.02978515625,4128.72998046875,3823520000,1.0,-0.0022378626777133,0.014736741096483994,0.8577284982599654
2022-08-24,4126.5498046875,4156.56005859375,4119.97021484375,4140.77001953125,3583630000,1.0,0.002916160446301,0.014390896613815114,0.8113887083604127
2022-08-25,4153.259765625,4200.5400390625,4147.58984375,4199.1201171875,3566870000,1.0,0.0140916055180615,0.014479541774917037,0.8134397829653527
2022-08-26,4198.740234375,4203.0400390625,4057.659912109375,4057.659912109375,3832750000,1.0,-0.0336880587195187,0.015102295002892887,0.8808960508414749
2022-08-29,4034.580078125,4062.989990234375,4017.419921875,4030.610107421875,3396510000,1.0,-0.0066663557995026,0.014927868703008862,0.7887855988819319
2022-08-30,4041.25,4044.97998046875,3965.2099609375,3986.159912109375,3835860000,1.0,-0.0110281555714482,0.014847641287223616,0.9106328431294114
2022-08-31,4000.669921875,4015.3701171875,3954.530029296875,3955.0,4542490000,1.0,-0.0078170251059712,0.014870800375383748,1.082239417378671
2022-09-01,3936.72998046875,3970.22998046875,3903.64990234375,3966.85009765625,4152250000,1.0,0.0029962320243361,0.014819440379966273,0.9935582442758029
2022-09-02,3994.659912109375,4018.429931640625,3906.2099609375,3924.260009765625,3665850000,1.0,-0.010736500458081,0.014818778149193104,0.8832276589071324
2022-09-06,3930.889892578125,3942.550048828125,3886.75,3908.18994140625,4127340000,1.0,-0.0040950569838349,0.014513061935469944,1.0139247792186863
2022-09-07,3909.429931640625,3987.889892578125,3906.030029296875,3979.8701171875,3890320000,1.0,0.018341016392734,0.014209362882042696,0.9577451973152252
2022-09-08,3959.93994140625,4010.5,3944.81005859375,4006.179931640625,3966850000,1.0,0.006610721877456,0.013263608250525558,0.9780463078428275
2022-09-09,4022.93994140625,4076.81005859375,4022.93994140625,4067.360107421875,3901940000,1.0,0.0152714498163328,0.013370265172427483,0.9635119667211381
2022-09-12,4083.669921875,4119.27978515625,4083.669921875,4110.41015625,3814200000,1.0,0.0105842727693497,0.013313672204158791,0.9466422567879923
2022-09-13,4037.1201171875,4037.1201171875,3921.280029296875,3932.68994140625,4224550000,1.0,-0.0432366134006168,0.013838867542378166,1.0475630913410643
2022-09-14,3940.72998046875,3961.93994140625,3912.179931640625,3946.010009765625,4293240000,1.0,0.0033870120853238,0.013841078566098506,1.0687482085838909
2022-09-15,3932.409912109375,3959.139892578125,3888.280029296875,3901.35009765625,4441830000,1.0,-0.0113177391843534,0.013593562651487716,1.105605109733889
2022-09-16,3880.949951171875,3880.949951171875,3837.080078125,3873.330078125,7954650000,0.0,-0.0071821340894484,0.013629282068447641,1.9422935435468431
2022-09-19,3849.909912109375,3900.449951171875,3838.5,3899.889892578125,3766850000,0.0,0.0068571007162865,0.013603876034514179,0.91865477052007
2022-09-20,3875.22998046875,3876.010009765625,3827.5400390625,3855.929931640625,4058050000,0.0,-0.0112721030973618,0.013101967770986501,0.9866185250735627
2022-09-21,3871.39990234375,3907.070068359375,3789.489990234375,3789.929931640625,4078330000,0.0,-0.0171164936007844,0.013279560608814085,0.9902917496577966
2022-09-22,3782.360107421875,3790.89990234375,3749.449951171875,3757.989990234375,4284600000,0.0,-0.0084275809796894,0.013068658279564981,1.0394933223362384
2022-09-23,3727.139892578125,3727.139892578125,3647.469970703125,3693.22998046875,5144270000,0.0,-0.017232619015461,0.013252475701360587,1.2423650123164944
2022-09-26,3682.719970703125,3715.669921875,3644.760009765625,3655.0400390625,4886140000,0.0,-0.010340526208282,0.013270797844893127,1.175809474461914
2022-09-27,3686.43994140625,3717.530029296875,3623.2900390625,3647.2900390625,4577740000,0.0,-0.0021203598092424,0.013192557707532587,1.0987881536132598
2022-09-28,3651.93994140625,3736.739990234375,3640.610107421875,3719.0400390625,4684850000,0.0,0.0196721399262347,0.013449981747425777,1.1210330431300226
2022-09-29,3687.010009765625,3687.010009765625,3610.39990234375,3640.469970703125,4681810000,0.0,-0.0211264378802388,0.01370173909755435,1.1176498588891886
2022-09-30,3633.47998046875,3671.43994140625,3584.1298828125,3585.6201171875,5645360000,0.0,-0.0150666957719832,0.013663887330436707,1.3380075524702524
2022-10-03,3609.780029296875,3698.35009765625,3604.929931640625,3678.429931640625,4806680000,0.0,0.0258838949525761,0.014108095092194576,1.1347810139984686
2022-10-04,3726.4599609375,3791.919921875,3726.4599609375,3790.929931640625,5146580000,0.0,0.0305837006795515,0.01460773122216202,1.206038681123877
2022-10-05,3753.25,3806.909912109375,3722.659912109375,3783.280029296875,4293180000,0.0,-0.0020179487570848,0.014561382291501425,1.0036358943872385
2022-10-06,3771.969970703125,3797.929931640625,3739.219970703125,3744.52001953125,4252100000,0.0,-0.0102450808466399,0.014610155965235001,0.9933825736105575
2022-10-07,3706.739990234375,3706.739990234375,3620.72998046875,3639.659912109375,4449660000,0.0,-0.0280036177867735,0.01504306953114035,1.0393588315088351
2022-10-10,3647.510009765625,3652.169921875,3588.10009765625,3612.389892578125,3834320000,0.0,-0.0074924636339018,0.014841979566862755,0.8989107957772442
2022-10-11,3595.860107421875,3640.659912109375,3568.449951171875,3588.840087890625,4759030000,0.0,-0.0065191757777544,0.014828393663025567,1.1127959219969348
2022-10-12,3590.830078125,3608.340087890625,3573.860107421875,3577.030029296875,4006830000,0.0,-0.0032907731480149,0.014346822731848076,0.9400795068378143
2022-10-13,3520.3701171875,3685.409912109375,3491.580078125,3669.909912109375,5021680000,0.0,0.0259656424608649,0.01475032742171556,1.174490828588021
2022-10-14,3690.409912109375,3712.0,3579.679931640625,3583.070068359375,4243030000,0.0,-0.0236626636156543,0.014959243518891946,0.9925640796991273
2022-10-17,3638.64990234375,3689.72998046875,3638.64990234375,3677.949951171875,4352780000,0.0,0.026480052302171,0.015359395237980928,1.0169680810550275
2022-10-18,3746.260009765625,3762.7900390625,3686.530029296875,3719.97998046875,4483740000,0.0,0.0114275696664887,0.015441845482870132,1.0462810183490157
2022-10-19,3703.110107421875,3728.580078125,3666.510009765625,3695.159912109375,4223800000,0.0,-0.0066720972934503,0.01539796562961055,0.9841968345202508
2022-10-20,3689.050048828125,3736.0,3656.43994140625,3665.780029296875,4496620000,0.0,-0.0079509097065648,0.015007886831272884,1.0480084362369435
2022-10-21,3657.10009765625,3757.889892578125,3647.419921875,3752.75,5078020000,0.0,0.0237248198222648,0.015258095184966357,1.1810475501639714
2022-10-24,3762.010009765625,3810.739990234375,3741.64990234375,3797.340087890625,4747930000,0.0,0.0118819766546198,0.015221076711179166,1.0993662527835932
2022-10-25,3799.43994140625,3862.85009765625,3799.43994140625,3859.110107421875,4843120000,0.0,0.0162666545796699,0.015387005199323026,1.1154857275260415
2022-10-26,3825.969970703125,3886.14990234375,3824.070068359375,3830.60009765625,4817310000,0.0,-0.0073877160723645,0.015391839344771532,1.1070550558182284
2022-10-27,3834.68994140625,3859.949951171875,3803.7900390625,3807.300048828125,4687320000,0.0,-0.0060826106182112,0.015249135463032665,1.0732248877025936
2022-10-28,3808.260009765625,3905.419921875,3808.260009765625,3901.06005859375,4459410000,0.0,0.0246263778959276,0.01561338716947347,1.015836110015665
2022-10-31,3881.85009765625,3893.72998046875,3863.179931640625,3871.97998046875,4820620000,0.0,-0.0074544041076575,0.015635980181505738,1.0928442687735567
2022-11-01,3901.7900390625,3911.7900390625,3843.800048828125,3856.10009765625,4481210000,0.0,-0.0041012306087846,0.015641039721241524,1.0132632911257309
2022-11-02,3852.89990234375,3894.43994140625,3758.679931640625,3759.68994140625,4899000000,0.0,-0.0250019848573428,0.015939307544086838,1.1023698589263606
2022-11-03,3733.25,3750.590087890625,3698.14990234375,3719.889892578125,4625290000,0.0,-0.0105859923154296,0.015699314604149542,1.0359235307471495
2022-11-04,3766.97998046875,3796.340087890625,3708.840087890625,3770.550048828125,5400180000,0.0,0.0136187246700705,0.0158268049087211,1.1996237572145523
2022-11-07,3780.7099609375,3813.949951171875,3764.699951171875,3806.800048828125,4341620000,0.0,0.0096139819205598,0.015700544924197146,0.9622941824557751
2022-11-08,3817.02001953125,3859.39990234375,3786.280029296875,3828.110107421875,4607640000,0.0,0.0055978928024627,0.015712142665157063,1.0158022949666194
2022-11-09,3810.93994140625,3818.199951171875,3744.219970703125,3748.570068359375,4645010000,0.0,-0.0207778869547897,0.015893385190215572,1.0204004073333
2022-11-10,3859.889892578125,3958.330078125,3859.889892578125,3956.3701171875,5781260000,0.0,0.0554344843603449,0.017530513987452645,1.2631333413358041
2022-11-11,3963.719970703125,4001.47998046875,3944.820068359375,3992.929931640625,5593310000,0.0,0.0092407467881479,0.017576507580870575,1.214421305931011
2022-11-14,3977.969970703125,4008.969970703125,3956.39990234375,3957.25,4561930000,0.0,-0.0089357770488009,0.01753850202227363,0.9866485500044921
2022-11-15,4006.409912109375,4028.840087890625,3953.169921875,3991.72998046875,5015310000,0.0,0.0087131165503191,0.01737357174290099,1.0805546231305836
2022-11-16,3976.820068359375,3983.090087890625,3954.340087890625,3958.7900390625,4165320000,0.0,-0.0082520464979902,0.0174013785924345,0.8963610751374781
2022-11-17,3919.260009765625,3954.330078125,3906.5400390625,3946.56005859375,4051780000,0.0,-0.0030893228355314,0.01739836341133515,0.8716090962553494
2022-11-18,3966.389892578125,3979.889892578125,3935.97998046875,3965.340087890625,4037360000,0.0,0.0047585819088147,0.017305788062481276,0.8680013819706153
2022-11-21,3956.22998046875,3962.0,3933.340087890625,3949.93994140625,3850690000,0.0,-0.0038836886983297,0.01676530945698526,0.8277388927242278
2022-11-22,3965.510009765625,4005.8798828125,3956.8798828125,4003.580078125,3887990000,0.0,0.013579987927526,0.016838813068961442,0.8369678814471556
2022-11-23,4000.300048828125,4033.780029296875,3998.659912109375,4027.260009765625,3279720000,0.0,0.0059146891478476,0.01679228549268496,0.7091198785606371
2022-11-25,4023.340087890625,4034.02001953125,4020.760009765625,4026.1201171875,1706460000,0.0,-0.0002830441976333,0.016758626972204115,0.37337623479060617
2022-11-28,4005.360107421875,4012.27001953125,3955.77001953125,3963.93994140625,3615430000,0.0,-0.0154441929131232,0.016879506670536053,0.8063738737924956
2022-11-29,3964.18994140625,3976.77001953125,3937.64990234375,3957.6298828125,3546040000,0.0,-0.0015918653377758,0.01682093565792399,0.7916771336842273
2022-11-30,3957.179931640625,4080.110107421875,3938.580078125,4080.110107421875,6579360000,0.0,0.030947872397389,0.01726887447908248,1.452533497952148
2022-12-01,4087.139892578125,4100.509765625,4050.8701171875,4076.570068359375,4527130000,0.0,-0.0008676332180498,0.017116755982830075,0.9974834701662738
2022-12-02,4040.169921875,4080.47998046875,4026.6298828125,4071.699951171875,4012620000,0.0,-0.0011946604880656,0.01709951501785044,0.8851800213707502
2022-12-05,4052.02001953125,4052.449951171875,3984.489990234375,3998.840087890625,4280820000,0.0,-0.0178942122835648,0.017147064024837816,0.947955938590245
2022-12-06,3996.6298828125,4001.510009765625,3918.389892578125,3941.260009765625,4368380000,0.0,-0.014399194981406,0.017185543129566678,0.9695687543341591
2022-12-07,3933.280029296875,3957.570068359375,3922.679931640625,3933.919921875,4118050000,0.0,-0.0018623708845491,0.016248468317858047,0.9158765381390336
2022-12-08,3947.7900390625,3974.18994140625,3935.830078125,3963.510009765625,4006900000,0.0,0.0075217819575039,0.016271251732952068,0.893851672867197
2022-12-09,3954.169921875,3977.02001953125,3933.0400390625,3934.3798828125,3888260000,0.0,-0.0073495782479044,0.016231648285895246,0.87046755264846
2022-12-12,3939.2900390625,3990.7099609375,3935.300048828125,3990.56005859375,3904130000,0.0,0.0142792962181093,0.01630099073354348,0.8808879668753832
2022-12-13,4069.3798828125,4100.9599609375,3993.030029296875,4019.64990234375,5079360000,0.0,0.0072896644387934,0.016303888395438487,1.144646364271284
2022-12-14,4015.5400390625,4053.760009765625,3965.64990234375,3995.320068359375,4472340000,0.0,-0.0060527246341003,0.016253132741589613,1.010924935036284
2022-12-15,3958.3701171875,3958.3701171875,3879.449951171875,3895.75,4493900000,0.0,-0.024921675023714,0.016428606068148107,1.0148774315143483
2022-12-16,3890.909912109375,3890.909912109375,3827.909912109375,3852.360107421875,7493660000,0.0,-0.0111377507740807,0.016457521793473956,1.6679065616560487
2022-12-19,3853.7900390625,3854.860107421875,3800.0400390625,3817.659912109375,3969610000,0.0,-0.0090075160018523,0.016340768531131374,0.8854308142262607
2022-12-20,3810.469970703125,3838.239990234375,3795.6201171875,3821.6201171875,3985370000,0.0,0.0010373383615349,0.016276572149057984,0.8883475140704749
2022-12-21,3839.489990234375,3889.820068359375,3839.489990234375,3878.43994140625,3775200000,0.0,0.0148679938027347,0.016371118150878387,0.8452072125602555
2022-12-22,3853.260009765625,3853.260009765625,3764.489990234375,3822.389892578125,3956950000,0.0,-0.0144516995686163,0.016309558108287017,0.8860960524134789
2022-12-23,3815.110107421875,3845.800048828125,3797.010009765625,3844.820068359375,2819280000,0.0,0.005868102525282,0.016071023848630323,0.6376223512860215
2022-12-27,3843.340087890625,3846.64990234375,3813.219970703125,3829.25,3030300000,0.0,-0.0040496221104097,0.015946373282631137,0.6891279205897587
2022-12-28,3829.56005859375,3848.320068359375,3780.780029296875,3783.219970703125,3083520000,0.0,-0.0120206383226153,0.01570166553007785,0.7053024585401041
2022-12-29,3805.449951171875,3858.18994140625,3805.449951171875,3849.280029296875,3003680000,0.0,0.0174613316448191,0.015364555347770365,0.6917239265069581
2022-12-30,3829.06005859375,3839.85009765625,3800.340087890625,3839.5,2979870000,0.0,-0.0025407424823445,0.015366080502500866,0.6901950367808937
2023-01-03,3853.2900390625,3878.4599609375,3794.330078125,3824.139892578125,3959140000,0.0,-0.0040005488792486,0.015314086569995094,0.9193016378129781
2023-01-04,3840.360107421875,3873.159912109375,3815.77001953125,3852.969970703125,4414080000,0.0,0.0075389705750443,0.014875342104618147,1.028107445016697
2023-01-05,3839.739990234375,3839.739990234375,3802.419921875,3808.10009765625,3893450000,0.0,-0.0116455288746221,0.014925379123692947,0.9104687312703759
2023-01-06,3823.3701171875,3906.18994140625,3809.56005859375,3895.080078125,3923560000,0.0,0.0228407810294386,0.015154601736484877,0.9214728327847012
2023-01-09,3910.820068359375,3950.570068359375,3890.419921875,3892.090087890625,4311770000,0.0,-0.0007676325452631,0.015144643296324508,1.0150567405081365
2023-01-10,3888.570068359375,3919.830078125,3877.2900390625,3919.25,3851030000,0.0,0.0069782331590619,0.014820069309517141,0.9101753072379053
2023-01-11,3932.35009765625,3970.070068359375,3928.5400390625,3969.610107421875,4303360000,0.0,0.0128494246148815,0.01452848745050648,1.017832456039726
2023-01-12,3977.570068359375,3997.760009765625,3937.56005859375,3983.169921875,4440260000,0.0,0.0034159058663651,0.014165319206817606,1.0521051082446138
2023-01-13,3960.60009765625,4003.949951171875,3947.669921875,3999.090087890625,3939700000,0.0,0.0039968583635343,0.014108776422042696,0.9359007409762559
2023-01-17,3999.280029296875,4015.389892578125,3984.570068359375,3990.969970703125,4235560000,0.0,-0.0020304911890052,0.014076993777917294,1.0093657712436612
2023-01-18,4002.25,4014.159912109375,3926.590087890625,3928.860107421875,4298710000,0.0,-0.015562598500411,0.014196308883452212,1.0260119083648214
2023-01-19,3911.840087890625,3922.93994140625,3885.5400390625,3898.85009765625,3991500000,0.0,-0.0076383502962943,0.013929796651601474,0.9591369915312397
2023-01-20,3909.0400390625,3972.9599609375,3897.860107421875,3972.610107421875,4013360000,0.0,0.0189184010459815,0.014054327817423122,0.9659136473160792
2023-01-23,3978.139892578125,4039.31005859375,3971.639892578125,4019.81005859375,3945210000,0.0,0.0118813449836652,0.013984014720217992,0.9525489747086479
2023-01-24,4001.739990234375,4023.919921875,3989.7900390625,4016.949951171875,3320430000,0.0,-0.0007115031258156,0.013944465359315417,0.8068602034744831
2023-01-25,3982.7099609375,4019.550048828125,3949.06005859375,4016.219970703125,3724020000,0.0,-0.0001817250594663,0.01391525732581984,0.9140710567139754
2023-01-26,4036.080078125,4061.570068359375,4013.2900390625,4060.429931640625,3809590000,0.0,0.0110078534691813,0.013631271067484067,0.9433346482010703
2023-01-27,4053.719970703125,4094.2099609375,4048.699951171875,4070.56005859375,3907760000,0.0,0.002494840970949,0.013590128258238533,0.9707886945160684
2023-01-30,4049.27001953125,4063.85009765625,4015.550048828125,4017.77001953125,3802000000,0.0,-0.0129687409846833,0.013693525753173848,0.9502435767708084
2023-01-31,4020.85009765625,4077.159912109375,4020.43994140625,4076.60009765625,4679320000,0.0,0.0146424702855101,0.013381506992458015,1.1665172659423138
2023-02-01,4070.070068359375,4148.9501953125,4037.199951171875,4119.2099609375,4856930000,1.0,0.0104523039445902,0.0133366913124836,1.205952909703142
2023-02-02,4158.68017578125,4195.43994140625,4141.8798828125,4179.759765625,5624360000,1.0,0.0146993732443099,0.013353658786642911,1.38558254695553
2023-02-03,4136.68994140625,4182.35986328125,4123.35986328125,4136.47998046875,4694510000,1.0,-0.0103546106913104,0.013404490294112547,1.1517220913393529
2023-02-06,4119.56982421875,4124.6298828125,4093.3798828125,4111.080078125,4114240000,1.0,-0.0061404630177543,0.013428900682683423,1.0082429467913547
2023-02-07,4105.35009765625,4176.5400390625,4088.389892578125,4164.0,4355860000,1.0,0.0128725105980265,0.01319280136125018,1.0618541124498693
2023-02-08,4153.47021484375,4156.85009765625,4111.669921875,4117.85986328125,4029820000,1.0,-0.0110807244761647,0.011266799425278863,0.9713701061791106
2023-02-09,4144.25,4156.22998046875,4069.669921875,4081.5,4270200000,1.0,-0.0088297961777351,0.011276940556866283,1.0260737394805937
2023-02-10,4068.919921875,4094.360107421875,4060.7900390625,4090.4599609375,3891520000,1.0,0.0021952617756952,0.01121165362614079,0.9335319100509265
2023-02-13,4096.6201171875,4138.89990234375,4092.669921875,4137.2900390625,3448620000,1.0,0.0114486093427661,0.01125064206171992,0.839900983540121
2023-02-14,4126.7001953125,4159.77001953125,4095.010009765625,4136.1298828125,3929200000,1.0,-0.0002804145319874,0.011190532522991858,0.9597400152915514
2023-02-15,4119.5,4148.10986328125,4103.97998046875,4147.60009765625,4075980000,1.0,0.002773175690496,0.011181658530723984,0.9952841953222097
2023-02-16,4114.75,4136.5400390625,4089.489990234375,4090.409912109375,4143660000,1.0,-0.0137887414891306,0.011328304043038197,1.01248869469969
2023-02-17,4077.389892578125,4081.510009765625,4047.949951171875,4079.090087890625,4045480000,1.0,-0.0027674058253277,0.011321762635066453,0.9900610642238693
2023-02-21,4052.35009765625,4052.35009765625,3995.18994140625,3997.340087890625,4121590000,1.0,-0.0200412342553273,0.01149904019288144,1.008670189352738
2023-02-22,4001.830078125,4017.3701171875,3976.89990234375,3991.050048828125,4079320000,1.0,-0.0015735561458868,0.01147479798455744,0.9979717735343968
2023-02-23,4018.60009765625,4028.300048828125,3969.18994140625,4012.320068359375,3952940000,1.0,0.0053294294160743,0.011496020071554649,0.966748010383809
2023-02-24,3973.239990234375,3978.25,3943.080078125,3970.0400390625,3877700000,1.0,-0.0105375514855581,0.011401301402573736,0.9484696073423391
2023-02-27,3992.360107421875,4018.050048828125,3973.550048828125,3982.239990234375,3836950000,1.0,0.0030730045671669,0.011405546564086008,0.9442412028524774
2023-02-28,3977.18994140625,3997.5,3968.97998046875,3970.14990234375,5043400000,1.0,-0.0030360018281855,0.010671253690997416,1.2376597829970175
2023-03-01,3963.340087890625,3971.72998046875,3939.050048828125,3951.389892578125,4249480000,1.0,-0.00472526484568,0.010685734886062413,1.0440828369074246
2023-03-02,3938.679931640625,3990.840087890625,3928.159912109375,3981.35009765625,4244900000,1.0,0.0075821940867943,0.010735515176043244,1.0598776305621478
2023-03-03,3998.02001953125,4048.2900390625,3995.169921875,4045.639892578125,4084730000,1.0,0.0161477371607488,0.0106902909217554,1.0193000057843173
2023-03-06,4055.14990234375,4078.489990234375,4044.610107421875,4048.419921875,4000870000,1.0,0.0006871667698291,0.010515889394053936,0.9982964282682619
2023-03-07,4048.260009765625,4050.0,3980.31005859375,3986.3701171875,3922500000,1.0,-0.0153269191153376,0.0107090830445378,0.9780226284889851
2023-03-08,3987.550048828125,4000.409912109375,3969.760009765625,3992.010009765625,3535570000,1.0,0.0014147940136839,0.010668003162496645,0.8834031388312444
2023-03-09,3998.659912109375,4017.81005859375,3908.699951171875,3918.320068359375,4445260000,1.0,-0.0184593578738486,0.010894830425363157,1.1017475891975468
2023-03-10,3912.77001953125,3934.050048828125,3846.320068359375,3861.590087890625,5518190000,1.0,-0.0144781384570513,0.010888117186620845,1.351009716456377
2023-03-13,3835.1201171875,3905.050048828125,3808.860107421875,3855.760009765625,6558020000,1.0,-0.0015097610031894,0.010840724492331233,1.5787305061801886
2023-03-14,3894.010009765625,3937.2900390625,3873.6298828125,3919.2900390625,5665870000,1.0,0.0164766554806239,0.01103829057020543,1.3466993818018376
2023-03-15,3876.739990234375,3894.260009765625,3838.239990234375,3891.929931640625,6594010000,1.0,-0.0069808835654376,0.010592933322130137,1.5408330178376972
2023-03-16,3878.929931640625,3964.4599609375,3864.110107421875,3960.280029296875,5695790000,1.0,0.0175620062171666,0.010726827802105057,1.3202293575132118
2023-03-17,3958.68994140625,3958.909912109375,3901.27001953125,3916.639892578125,9354280000,1.0,-0.0110194573100675,0.010760199434626362,2.119687468530812
2023-03-20,3917.469970703125,3956.6201171875,3916.889892578125,3951.570068359375,5347140000,1.0,0.00891840371831,0.010815036813318473,1.2037358913668395
2023-03-21,3975.889892578125,4009.080078125,3971.18994140625,4002.8701171875,4920240000,1.0,0.0129821938977849,0.010775581564286691,1.1026849472155673
2023-03-22,4002.0400390625,4039.489990234375,3936.169921875,3936.969970703125,4533010000,1.0,-0.0164632237757136,0.010826162913063571,1.014895625838608
2023-03-23,3959.2099609375,4007.659912109375,3919.050048828125,3948.719970703125,4991600000,1.0,0.0029845287333754,0.01080854049797594,1.111890645345643
2023-03-24,3939.2099609375,3972.739990234375,3909.159912109375,3970.989990234375,4583970000,1.0,0.0056398072531045,0.01081176795837131,1.0198152013349522
2023-03-27,3982.929931640625,4003.830078125,3970.489990234375,3977.530029296875,4233540000,1.0,0.0016469543057482,0.01068321558640722,0.9427206685929592
2023-03-28,3974.1298828125,3979.199951171875,3951.530029296875,3971.27001953125,4014600000,1.0,-0.0015738434957162,0.01046317375654231,0.8936692131022868
2023-03-29,3999.530029296875,4030.590087890625,3999.530029296875,4027.81005859375,4145250000,1.0,0.0142372688798364,0.01060180360916229,0.9231236888871074
2023-03-30,4046.739990234375,4057.85009765625,4032.10009765625,4050.830078125,3930860000,1.0,0.0057152693886679,0.010600604858196618,0.8768167940821346
2023-03-31,4056.179931640625,4110.75,4056.179931640625,4109.31005859375,4525120000,1.0,0.0144365424717638,0.01070939108896278,1.0069751149556785
2023-04-03,4102.2001953125,4127.66015625,4098.7900390625,4124.509765625,4234700000,1.0,0.0036988464765423,0.01058157901730882,0.9414205524153627
2023-04-04,4128.02978515625,4133.1298828125,4086.8701171875,4100.60009765625,4227800000,1.0,-0.0057969720833299,0.010237724405211129,0.9387071605784735
2023-04-05,4094.5,4099.68994140625,4072.56005859375,4090.3798828125,3968020000,1.0,-0.0024923705312281,0.010244930420884441,0.8785013515524621
2023-04-06,4081.14990234375,4107.31982421875,4069.840087890625,4105.02001953125,3486690000,1.0,0.0035791630944272,0.010220006039222004,0.7727491696030938
2023-04-10,4085.199951171875,4109.5,4072.550048828125,4109.10986328125,3423650000,1.0,0.0009963029974375,0.010097430745136015,0.7600779905532894
2023-04-11,4110.2900390625,4124.259765625,4102.60986328125,4108.93994140625,3665830000,1.0,-4.1352477946232646e-05,0.010091102465098657,0.8147190873442922
2023-04-12,4121.72021484375,4134.3701171875,4086.93994140625,4091.949951171875,3633120000,1.0,-0.0041348840520069,0.010098878879124454,0.8080559696282411
2023-04-13,4100.0400390625,4150.259765625,4099.39990234375,4146.22021484375,3596590000,1.0,0.0132626899936381,0.010227823578342078,0.8038025333773638
2023-04-14,4140.10986328125,4163.18994140625,4113.2001953125,4137.64013671875,3575690000,1.0,-0.0020693734728036,0.010010493873939232,0.8037344885575689
2023-04-17,4137.169921875,4151.72021484375,4123.18017578125,4151.31982421875,3611180000,1.0,0.0033061569029655,0.00995158092793511,0.8191252097159966
2023-04-18,4164.259765625,4169.47998046875,4140.35986328125,4154.8701171875,3536640000,1.0,0.0008552202959737,0.009672562191288758,0.8064534150610484
2023-04-19,4139.330078125,4162.56982421875,4134.490234375,4154.52001953125,3572560000,1.0,-8.42619976980652e-05,0.009562819324609902,0.816661638386151
2023-04-20,4130.47998046875,4148.56982421875,4114.56982421875,4129.7900390625,3772080000,1.0,-0.0059525481529729,0.009598820296645154,0.864578004804403
2023-04-21,4132.14013671875,4138.02001953125,4113.85986328125,4133.52001953125,3611750000,1.0,0.0009031888869577,0.009598522475555192,0.8294191927658617
2023-04-24,4132.06982421875,4142.41015625,4117.77001953125,4137.0400390625,3290940000,1.0,0.0008515791660903,0.009499570395977626,0.7591613133015054
2023-04-25,4126.43017578125,4126.43017578125,4071.3798828125,4071.6298828125,3978640000,1.0,-0.0158108588827732,0.009721089068913717,0.917432715820729
2023-04-26,4087.780029296875,4089.669921875,4049.35009765625,4055.989990234375,3837030000,1.0,-0.0038411871973298,0.009584348223698242,0.8831968927180353
2023-04-27,4075.2900390625,4138.240234375,4075.2900390625,4135.35009765625,3750550000,1.0,0.019566149722497,0.009730045552016418,0.8640017419406678
2023-04-28,4129.6298828125,4170.06005859375,4127.18017578125,4169.47998046875,4087800000,1.0,0.0082532027534605,0.009695177229511189,0.9416416233332151
2023-05-01,4166.7900390625,4186.919921875,4164.1201171875,4167.8701171875,3321370000,1.0,-0.0003861064902076,0.009507865123785878,0.7680007673140139
2023-05-02,4164.10009765625,4164.10009765625,4089.719970703125,4119.580078125,4486130000,1.0,-0.0115862629364003,0.009531892279925862,1.0352187552757475
2023-05-03,4122.25,4148.2998046875,4088.860107421875,4090.75,4246510000,1.0,-0.0069983050646564,0.009541861006850776,0.9793594457721891
2023-05-04,4082.550048828125,4082.610107421875,4048.280029296875,4061.219970703125,4920090000,1.0,-0.0072187323343824,0.009433028679539832,1.1303216326508108
2023-05-05,4084.72998046875,4147.02001953125,4084.72998046875,4136.25,4186270000,1.0,0.0184747513895153,0.009633931584393724,0.9607068253243795
2023-05-08,4136.97998046875,4142.2998046875,4123.81005859375,4138.1201171875,3641640000,1.0,0.0004521286642489,0.009562039353320586,0.8366261802488734
2023-05-09,4124.25,4130.35009765625,4116.64990234375,4119.169921875,3810140000,1.0,-0.0045794212772585,0.009578958851937875,0.8754450187653131
2023-05-10,4143.740234375,4154.27978515625,4098.919921875,4137.64013671875,4057160000,1.0,0.0044839652634049,0.0094815696604774,0.9364461789494001
2023-05-11,4132.240234375,4132.7998046875,4109.2900390625,4130.6201171875,3752900000,1.0,-0.0016966239932159,0.009484157410899646,0.8682091821270086
2023-05-12,4138.5400390625,4143.740234375,4099.1201171875,4124.080078125,3533740000,1.0,-0.0015833068345566,0.009479412996382965,0.8202067769476435
2023-05-15,4126.64990234375,4141.25,4110.27001953125,4136.27978515625,3562170000,1.0,0.0029581644391338,0.009313139188047473,0.8288161287273831
2023-05-16,4127.9501953125,4135.5400390625,4109.85986328125,4109.89990234375,3654200000,1.0,-0.006377683373153,0.009344433799227192,0.8516027152847563
2023-05-17,4122.85009765625,4164.669921875,4113.6201171875,4158.77001953125,4039080000,1.0,0.0118908290587882,0.00907948341065768,0.9407868950026222
2023-05-18,4157.68017578125,4202.2001953125,4153.5,4198.0498046875,3980500000,1.0,0.0094450486494266,0.009143911247149684,0.9252246909498498
2023-05-19,4204.14990234375,4212.91015625,4180.2001953125,4191.97998046875,4041900000,1.0,-0.0014458676054706,0.009129909348530347,0.9412614566253336
2023-05-22,4190.77978515625,4209.22021484375,4179.68017578125,4192.6298828125,3728520000,1.0,0.0001550346964389,0.009008982809858254,0.8755811187915209
2023-05-23,4176.7998046875,4185.68017578125,4142.5400390625,4145.580078125,4155320000,1.0,-0.0112220267475501,0.009139942638849183,0.9869453924671487
2023-05-24,4132.9599609375,4132.9599609375,4103.97998046875,4115.240234375,0,1.0,-0.0073186003353533,0.009186306283358262,0.0
2023-05-25,4155.7099609375,4165.740234375,4129.72998046875,4151.27978515625,4147760000,1.0,0.0087575812659024,0.00921769556024874,1.024633840189176
2023-05-26,4156.16015625,4212.8701171875,4156.16015625,4205.4501953125,3715460000,1.0,0.0130490867779973,0.00931176294414175,0.9269104702369348
2023-05-30,4226.7099609375,4231.10009765625,4192.18017578125,4205.52001953125,4228510000,1.0,1.660326849850513e-05,0.009096071799646947,1.0825902389378663
2023-05-31,4190.740234375,4195.43994140625,4166.14990234375,4179.830078125,5980670000,1.0,-0.0061086242098339,0.009138279612432482,1.5262301759678953
2023-06-01,4183.02978515625,4232.43017578125,4171.64013671875,4221.02001953125,4391860000,1.0,0.0098544535630327,0.008972389719117282,1.1238063079580254
2023-06-02,4241.009765625,4290.669921875,4241.009765625,4282.3701171875,4454200000,1.0,0.0145344247059655,0.009141115933233636,1.140217988422213
2023-06-05,4282.990234375,4299.27978515625,4266.81982421875,4273.7900390625,3813290000,1.0,-0.0020035816359177,0.008780667964774072,0.982077786698419
2023-06-06,4271.33984375,4288.330078125,4263.08984375,4283.85009765625,3996560000,1.0,0.0023538963079141,0.008527204378805083,1.0324009651338126
2023-06-07,4285.47021484375,4299.18994140625,4263.9599609375,4267.52001953125,4537800000,1.0,-0.0038120096998572,0.008547353759305274,1.1703756158283436
2023-06-08,4268.68994140625,4298.009765625,4261.06982421875,4293.93017578125,3826740000,1.0,0.0061886426142414,0.008347328129586011,0.9879385343272975
2023-06-09,4304.8798828125,4322.6201171875,4291.7001953125,4298.85986328125,3786510000,1.0,0.001148059539441,0.008272035819957814,0.9793665484756839
2023-06-12,4308.31982421875,4340.1298828125,4304.3701171875,4338.93017578125,3945670000,1.0,0.0093211488102371,0.008070020526811024,1.0204545048972207
2023-06-13,4352.60986328125,4375.3701171875,4349.31005859375,4369.009765625,4275400000,1.0,0.0069324899514737,0.007927444263038855,1.107161496779588
2023-06-14,4366.2900390625,4391.81982421875,4337.85009765625,4372.58984375,4252110000,1.0,0.0008194255259321,0.007873892144065203,1.101031016888219
2023-06-15,4365.330078125,4439.2001953125,4362.60009765625,4425.83984375,4176690000,1.0,0.0121781374203466,0.007855059967252873,1.0817882797968543
2023-06-16,4440.9501953125,4448.47021484375,4407.43994140625,4409.58984375,6848600000,1.0,-0.0036716195284263,0.007520020604620999,1.7477498288769022
2023-06-20,4396.10986328125,4400.14990234375,4367.18994140625,4388.7099609375,4055790000,1.0,-0.0047351076976228,0.00756737035404479,1.0320322658082781
2023-06-21,4380.009765625,4386.22021484375,4360.14013671875,4365.68994140625,3709330000,1.0,-0.0052452815830036,0.007603910092707605,0.9425021187260009
2023-06-22,4355.39990234375,4382.25,4351.81982421875,4381.89013671875,3511000000,1.0,0.0037107984144384,0.007608751541828909,0.892811007446822
2023-06-23,4354.169921875,4366.5498046875,4341.33984375,4348.330078125,6053620000,1.0,-0.0076588087666845,0.007692452051110459,1.5206534990338447
2023-06-26,4344.83984375,4362.06005859375,4328.080078125,4328.81982421875,3415030000,1.0,-0.0044868382932564,0.007547123911789997,0.8586297947704248
2023-06-27,4337.35986328125,4384.419921875,4335.0,4378.41015625,3573500000,1.0,0.011455854954693,0.007640756855371973,0.8984832817743641
2023-06-28,4367.47998046875,4390.35009765625,4360.22021484375,4376.85986328125,3739330000,1.0,-0.0003540766884383,0.0074467200443466405,0.9395723606879626
2023-06-29,4374.93994140625,4398.39013671875,4371.97021484375,4396.43994140625,3696660000,1.0,0.0044735446728059,0.007452009230258131,0.9281044320723744
2023-06-30,4422.43994140625,4458.47998046875,4422.43994140625,4450.3798828125,3923450000,1.0,0.0122690044957141,0.007533478814852224,0.9833110921160327
2023-07-03,4450.47998046875,4456.4599609375,4442.2900390625,4455.58984375,2034280000,1.0,0.0011706778016009,0.007516281139864929,0.5143196565889564
2023-07-05,4442.0400390625,4454.06005859375,4436.60986328125,4446.81982421875,3482620000,1.0,-0.0019683184132291,0.007523813306936655,0.8810735181372696
2023-07-06,4422.6201171875,4422.6201171875,4385.0498046875,4411.58984375,3682020000,1.0,-0.0079225113365009,0.007618658999016259,0.9296803876175527
2023-07-07,4404.5400390625,4440.39013671875,4397.39990234375,4398.9501953125,3630480000,1.0,-0.0028651005386203,0.0076352420316410955,0.9182814310710208
2023-07-10,4394.22998046875,4412.60009765625,4389.919921875,4409.52978515625,3429600000,1.0,0.0024050260571313,0.007604907660630672,0.8692631382903467
2023-07-11,4415.5498046875,4443.64013671875,4408.4599609375,4439.259765625,3624220000,1.0,0.0067422110558885,0.007476197669920805,0.9191799708030974
2023-07-12,4467.68994140625,4488.33984375,4463.22998046875,4472.16015625,3920290000,1.0,0.0074112334853124,0.007506778162424261,0.9951152088097328
2023-07-13,4491.5,4517.3798828125,4489.35986328125,4510.0400390625,3839530000,1.0,0.0084701534580691,0.007559305727360393,0.9720582587343417
2023-07-14,4514.60986328125,4527.759765625,4499.56005859375,4505.419921875,3647450000,1.0,-0.0010244071333035,0.007565537258505596,0.9273672928746655
2023-07-17,4508.85986328125,4532.85009765625,4504.89990234375,4522.7900390625,3538240000,1.0,0.0038553825145495,0.007569717489099927,0.9028522377632013
2023-07-18,4521.77978515625,4562.2998046875,4514.58984375,4554.97998046875,4090010000,1.0,0.0071172752058423,0.007541242860421164,1.0480872531273668
2023-07-19,4563.8701171875,4578.43017578125,4557.47998046875,4565.72021484375,4115670000,1.0,0.002357910335732,0.0075410988761695176,1.0550445169123661
2023-07-20,4554.3798828125,4564.740234375,4527.56005859375,4534.8701171875,3761770000,1.0,-0.0067568962189037,0.007618948716058107,0.9637293328007989
2023-07-21,4550.16015625,4555.0,4535.7900390625,4536.33984375,3570190000,1.0,0.000324094521898,0.0072723056369911575,0.9157742831433652
2023-07-24,4543.39013671875,4563.41015625,4541.2900390625,4554.64013671875,3856250000,1.0,0.0040341538771535,0.007239229510077788,0.9901708801920067
2023-07-25,4555.18994140625,4580.6201171875,4552.419921875,4567.4599609375,3812470000,1.0,0.0028146733515561,0.0068619063347104565,0.9786300929337551
2023-07-26,4558.9599609375,4582.47021484375,4547.580078125,4566.75,3990290000,1.0,-0.0001554388967985,0.00681108022508813,1.0218799062356316
2023-07-27,4598.259765625,4607.06982421875,4528.56005859375,4537.41015625,4553210000,1.0,-0.0064246660644878,0.006884255209252561,1.1601501577328863
2023-07-28,4565.75,4590.16015625,4564.009765625,4582.22998046875,3981010000,1.0,0.0098778427947523,0.006752295661396572,1.0126680615216306
2023-07-31,4584.81982421875,4594.22021484375,4573.14013671875,4588.9599609375,4503600000,1.0,0.0014687129405193,0.006653096355578302,1.1429007631418107
2023-08-01,4578.830078125,4584.6201171875,4567.52978515625,4576.72998046875,4042370000,1.0,-0.0026650876392156,0.006572343463319068,1.0255301152765899
2023-08-02,4550.93017578125,4550.93017578125,4505.75,4513.39013671875,4270710000,1.0,-0.0138395413363479,0.006524498175151456,1.0822024972574402
2023-08-03,4494.27001953125,4519.490234375,4485.5400390625,4501.89013671875,4149120000,1.0,-0.0025479738404268,0.006543946840774529,1.0491550715078761
2023-08-04,4513.9599609375,4540.33984375,4474.5498046875,4478.02978515625,4143310000,1.0,-0.0053000741550505,0.006555807227009995,1.0477495805395645
2023-08-07,4491.580078125,4519.83984375,4491.14990234375,4518.43994140625,3493920000,1.0,0.0090240927793627,0.006617748136917633,0.8681919729217297
2023-08-08,4498.02978515625,4503.31005859375,4464.39013671875,4499.3798828125,3884910000,1.0,-0.0042182830447931,0.006646273847292769,0.9666103888167777
2023-08-09,4501.56982421875,4502.43994140625,4461.330078125,4467.7099609375,3803100000,1.0,-0.0070387303805971,0.006725291309572182,0.9458426199057157
2023-08-10,4487.16015625,4527.3701171875,4457.919921875,4468.830078125,4504370000,1.0,0.0002507139445697,0.006723448575918023,1.118715577609684
2023-08-11,4450.68994140625,4476.22998046875,4443.97998046875,4464.0498046875,3753290000,1.0,-0.001069692370023,0.006655129427683388,0.9426045640134001
2023-08-14,4458.1298828125,4490.330078125,4453.43994140625,4489.72021484375,3896410000,1.0,0.005750475751703,0.006537245001382567,0.9809890924786547
2023-08-15,4478.8701171875,4478.8701171875,4432.18994140625,4437.85986328125,3832250000,1.0,-0.0115509094288417,0.006654641240423066,0.9678667970810718
2023-08-16,4433.7900390625,4449.9501953125,4403.5498046875,4404.330078125,3753910000,1.0,-0.0075553952105776,0.006738111103685508,0.9483658259575112
2023-08-17,4416.31982421875,4421.169921875,4364.830078125,4370.35986328125,3943700000,1.0,-0.0077129130290369,0.0068277544455165,0.9965794306935447
2023-08-18,4344.8798828125,4381.81982421875,4335.31005859375,4369.7099609375,3940400000,1.0,-0.0001487068260008,0.006646884592722509,0.9987610536924048
2023-08-21,4380.27978515625,4407.5498046875,4360.2998046875,4399.77001953125,3726850000,1.0,0.0068791885187959,0.006601924770417911,0.9451117749335314
2023-08-22,4415.330078125,4418.58984375,4382.77001953125,4387.5498046875,3522760000,1.0,-0.0027774667288296,0.0065439254084059505,0.8945521591689133
2023-08-23,4396.43994140625,4443.18017578125,4396.43994140625,4436.009765625,3837270000,1.0,0.0110448799659725,0.006485946237086594,0.9749540073608549
2023-08-24,4455.16015625,4458.2998046875,4375.5498046875,4376.31005859375,3723470000,1.0,-0.0134579746631461,0.006745511448734118,0.94870103984179
2023-08-25,4389.3798828125,4418.4599609375,4356.2900390625,4405.7099609375,3296180000,1.0,0.006717966037625,0.00672975701882448,0.8439430676781824
2023-08-28,4426.02978515625,4439.56005859375,4414.97998046875,4433.31005859375,2957230000,1.0,0.0062646197550364,0.006664437579644936,0.7619172417659564
2023-08-29,4432.75,4500.14013671875,4431.68017578125,4497.6298828125,3354820000,1.0,0.0145083071945462,0.006663528749698408,0.8802009285135649
2023-08-30,4500.33984375,4521.64990234375,4493.58984375,4514.8701171875,3064110000,1.0,0.003833182103508,0.006663923758544656,0.808132922332669
2023-08-31,4517.009765625,4532.259765625,4507.39013671875,4507.66015625,3946360000,1.0,-0.0015969365120942,0.00666920150674738,1.0395191442940637
2023-09-01,4530.60009765625,4541.25,4501.35009765625,4515.77001953125,3246260000,1.0,0.001799129260001,0.006641705592327117,0.8562985952077392
2023-09-05,4510.06005859375,4514.2900390625,4496.009765625,4496.830078125,3526250000,1.0,-0.004194177587506,0.006638545119988334,0.9427240816042818
2023-09-06,4490.35009765625,4490.35009765625,4442.3798828125,4465.47998046875,3418850000,1.0,-0.0069715993514528,0.006713489664324014,0.9139925974847017
2023-09-07,4434.5498046875,4457.81005859375,4430.4599609375,4451.14013671875,3763760000,1.0,-0.003211265936186,0.006633814461081538,1.005178011712299
2023-09-08,4451.2998046875,4473.52978515625,4448.3798828125,4457.490234375,3259290000,1.0,0.0014266227216406,0.006580451044013554,0.872688091060367
2023-09-11,4480.97998046875,4490.77001953125,4467.89013671875,4487.4599609375,3369920000,1.0,0.0067234531062752,0.006631451206937624,0.9038912772689283
2023-09-12,4473.27001953125,4487.10986328125,4456.830078125,4461.89990234375,3435740000,1.0,-0.0056958856048289,0.00649593056011084,0.9239631077392929
2023-09-13,4462.64990234375,4479.39013671875,4453.52001953125,4467.43994140625,3529430000,1.0,0.0012416323054647,0.006477804858562972,0.941586893640162
2023-09-14,4487.77978515625,4511.990234375,4478.68994140625,4505.10009765625,3648720000,1.0,0.0084299188671679,0.006529263560895587,0.9725493474063591
2023-09-15,4497.97998046875,4497.97998046875,4447.2099609375,4450.31982421875,6932230000,1.0,-0.0121596129386778,0.006690640920926564,1.816283706049528
2023-09-18,4445.1298828125,4466.35986328125,4442.10986328125,4453.52978515625,3161230000,1.0,0.0007212876971294,0.006676244664830585,0.8303018969218816
2023-09-19,4445.41015625,4449.85009765625,4416.60986328125,4443.9501953125,3614880000,1.0,-0.0021510106153728,0.006602525341477048,0.9485305763405373
2023-09-20,4452.81005859375,4461.02978515625,4401.3798828125,4402.2001953125,3308450000,1.0,-0.0093947947580596,0.006693667244110229,0.869565514505392
2023-09-21,4374.35986328125,4375.7001953125,4329.169921875,4330.0,3662340000,1.0,-0.0164009341032194,0.006870675418806438,0.9638860022952148
2023-09-22,4341.740234375,4357.39990234375,4316.490234375,4320.06005859375,3349570000,1.0,-0.0022955984771939,0.006876164912968464,0.8838479924047921
2023-09-25,4310.6201171875,4338.509765625,4302.7001953125,4337.43994140625,3195650000,1.0,0.0040230650909416,0.006871225811223161,0.8452486059541008
2023-09-26,4312.8798828125,4313.009765625,4265.97998046875,4273.52978515625,3472340000,1.0,-0.0147345339908682,0.006924692732650483,0.9187533272441898
2023-09-27,4282.6298828125,4292.06982421875,4238.6298828125,4274.509765625,3875880000,1.0,0.0002293140607452,0.0069215588440739014,1.0266901615402355
2023-09-28,4269.64990234375,4317.27001953125,4264.3798828125,4299.7001953125,3846230000,1.0,0.0058931739705165,0.006970754276181087,1.0202925268492518
2023-09-29,4328.18017578125,4333.14990234375,4274.85986328125,4288.0498046875,3865960000,1.0,-0.002709582086142,0.006909353978310592,1.0249597514873736
2023-10-02,4284.52001953125,4300.580078125,4260.2099609375,4288.39013671875,3938660000,1.0,7.936755559079245e-05,0.006902361140070878,1.0421980311208832
2023-10-03,4269.75,4281.14990234375,4216.4501953125,4229.4501953125,3953830000,1.0,-0.0137440716742595,0.007103043278340983,1.0456721302960321
2023-10-04,4233.830078125,4268.5,4220.47998046875,4263.75,3777600000,1.0,0.0081097549571607,0.00712937562305648,0.9992487646940568
2023-10-05,4259.31005859375,4267.1298828125,4225.91015625,4258.18994140625,3581470000,1.0,-0.0013040301597772,0.00705076229904346,0.9494219863108188
2023-10-06,4234.7900390625,4324.10009765625,4219.5498046875,4308.5,3902030000,1.0,0.0118148930146444,0.007137919141585054,1.0379837413945372
2023-10-09,4289.02001953125,4341.72998046875,4283.7900390625,4335.66015625,3174630000,1.0,0.0063038542996403,0.00719537621154335,0.8481257469051691
2023-10-10,4339.75,4385.4599609375,4339.64013671875,4358.240234375,3520240000,1.0,0.0052079907813922,0.007211718000982183,0.9454254892753625
2023-10-11,4366.58984375,4378.64013671875,4345.33984375,4376.9501953125,3601660000,1.0,0.0042930081710337,0.007169641606391411,0.9695875579566315
2023-10-12,4380.93994140625,4385.85009765625,4325.43017578125,4349.60986328125,3713140000,1.0,-0.0062464343461184,0.007194690631543204,1.0026084658330505
2023-10-13,4360.490234375,4377.10009765625,4311.97021484375,4327.77978515625,3566560000,1.0,-0.0050188588887675,0.007173696389900973,0.9660687371059825
2023-10-16,4342.3701171875,4383.330078125,4342.3701171875,4373.6298828125,3409960000,1.0,0.0105943693839298,0.0073208614925555585,0.9273348730354888
2023-10-17,4345.22998046875,4393.56982421875,4337.5400390625,4373.2001953125,3794850000,1.0,-9.824505308242416e-05,0.007296092023338738,1.0303189092034601
2023-10-18,4357.35009765625,4364.2001953125,4303.83984375,4314.60009765625,3686030000,1.0,-0.0133998205065164,0.007463903650867316,1.0018557282958938
2023-10-19,4321.35986328125,4339.5400390625,4269.68994140625,4278.0,3969730000,1.0,-0.008482848196321,0.007526581047504053,1.0779883965800732
2023-10-20,4273.85009765625,4276.56005859375,4223.02978515625,4224.16015625,4004030000,1.0,-0.0125852837190275,0.007642138398301902,1.0902652837356022
2023-10-23,4210.39990234375,4255.83984375,4189.22021484375,4217.0400390625,3776100000,1.0,-0.0016855698941634,0.007503540002321832,1.0280740642405124
2023-10-24,4235.7900390625,4259.3798828125,4219.43017578125,4247.68017578125,3821820000,1.0,0.0072657922227272,0.007577480248453569,1.040944492166483
2023-10-25,4232.419921875,4232.419921875,4181.419921875,4186.77001953125,3869370000,1.0,-0.0143396286277125,0.007761848030314462,1.0536825666113416
2023-10-26,4175.990234375,4183.60009765625,4127.89990234375,4137.22998046875,4277640000,1.0,-0.0118325197781096,0.007711727356219689,1.1615469218642709
2023-10-27,4152.93017578125,4156.7001953125,4103.77978515625,4117.3701171875,4019500000,0.0,-0.0048002802297685,0.007722784815724952,1.0910026790976102
2023-10-30,4139.39013671875,4177.47021484375,4132.93994140625,4166.81982421875,3911140000,0.0,0.0120100223258599,0.007898143731874776,1.0617594486150168
2023-10-31,4171.330078125,4195.5498046875,4153.1201171875,4193.7998046875,4249470000,0.0,0.0064749573072333,0.007849087318774923,1.1503419730007864
2023-11-01,4201.27001953125,4245.64013671875,4197.740234375,4237.85986328125,4224900000,0.0,0.0105059994863139,0.007982532919636008,1.1393596285961063
2023-11-02,4268.259765625,4319.72021484375,4268.259765625,4317.77978515625,4669780000,0.0,0.0188585570201276,0.008340724560789308,1.2537043069698128
2023-11-03,4334.22998046875,4373.6201171875,4334.22998046875,4358.33984375,4570960000,0.0,0.0093937302530313,0.008438264105226563,1.221614910470959
2023-11-06,4364.27001953125,4372.2099609375,4347.52978515625,4365.97998046875,3656340000,0.0,0.0017529924220356,0.008442233422003032,0.9752999968951214
2023-11-07,4366.2099609375,4386.259765625,4355.41015625,4378.3798828125,3791230000,0.0,0.0028401189192852,0.008414992348315414,1.0068013257210209
2023-11-08,4384.3701171875,4391.2001953125,4359.759765625,4382.77978515625,3729510000,0.0,0.0010049156221052,0.008287733702063113,0.98844386462254
2023-11-09,4391.41015625,4393.39990234375,4343.93994140625,4347.35009765625,3900780000,0.0,-0.0080838393067328,0.008295987209106832,1.029271374087496
2023-11-10,4364.14990234375,4418.02978515625,4353.33984375,4415.240234375,3665080000,0.0,0.0156164410948524,0.008481724213519882,0.968516527208616
2023-11-13,4406.66015625,4421.759765625,4393.81982421875,4411.5498046875,3326240000,0.0,-0.0008358389332403,0.00848267466551125,0.8786048993348865
2023-11-14,4458.97021484375,4508.669921875,4458.97021484375,4495.7001953125,4700350000,0.0,0.0190750177036618,0.00878626323545611,1.2339137196263252
2023-11-15,4505.2998046875,4521.169921875,4495.31005859375,4502.8798828125,4347170000,0.0,0.0015970120755575,0.00877761637358471,1.1356633890548589
2023-11-16,4497.080078125,4511.990234375,4487.830078125,4508.240234375,3964520000,0.0,0.0011904273935798,0.008667909614466085,1.034613890672462
2023-11-17,4509.5498046875,4520.1201171875,4499.66015625,4514.02001953125,3777240000,0.0,0.001282049060336,0.00847799397443456,0.9830821198015971
2023-11-20,4511.7001953125,4557.10986328125,4510.35986328125,4547.3798828125,3644790000,0.0,0.0073902780973298,0.008486721567264995,0.9472547521402174
2023-11-21,4538.77001953125,4542.14013671875,4525.509765625,4538.18994140625,3511080000,0.0,-0.0020209310950652,0.008459741913633982,0.9121472803458588
2023-11-22,4553.0400390625,4568.43017578125,4545.0498046875,4556.6201171875,3042810000,0.0,0.0040611292209464,0.008270355862163627,0.7924986555591509
2023-11-24,4555.83984375,4560.31005859375,4552.7998046875,4559.33984375,1639500000,0.0,0.000596873667884,0.0082571389410241,0.43152345281931287
2023-11-27,4554.85986328125,4560.52001953125,4546.31982421875,4550.43017578125,3403990000,0.0,-0.00195415746009,0.00825858292751499,0.912900066756684
2023-11-28,4545.5498046875,4568.14013671875,4540.509765625,4554.89013671875,3586240000,0.0,0.0009801185306033,0.008256556367761918,0.9595893296740445
2023-11-29,4571.83984375,4587.64013671875,4547.14990234375,4550.580078125,4418760000,0.0,-0.0009462486392383,0.008238036543665943,1.1772864883385292
2023-11-30,4554.8701171875,4569.89013671875,4537.240234375,4567.7998046875,5399300000,0.0,0.0037840728581564,0.008195554265729968,1.4226804666996913
2023-12-01,4559.43017578125,4599.39013671875,4554.7099609375,4594.6298828125,4397120000,0.0,0.0058737421236076,0.00821141261559722,1.1541434798736203
2023-12-04,4564.3701171875,4572.3701171875,4546.72021484375,4569.77978515625,4369910000,0.0,-0.0054085091269721,0.008246552969478264,1.1408905040030677
2023-12-05,4557.25,4578.56005859375,4551.68017578125,4567.18017578125,3909950000,0.0,-0.0005688697261614,0.008206138074957469,1.0170115168793297
2023-12-06,4586.22998046875,4590.740234375,4546.5,4549.33984375,4245680000,0.0,-0.0039062028088695,0.008187106660254719,1.0999127671828857
2023-12-07,4568.83984375,4590.919921875,4565.22021484375,4585.58984375,3818880000,0.0,0.0079681890658929,0.008245281123390834,0.9896355290266967
2023-12-08,4576.2001953125,4609.22998046875,4574.06005859375,4604.3701171875,3707010000,0.0,0.0040954978699407,0.008193169327703026,0.9613388771861907
2023-12-11,4593.39013671875,4623.7099609375,4593.39013671875,4622.43994140625,3823210000,0.0,0.0039244942866989,0.008037030836276195,0.9916929076037321
2023-12-12,4618.2998046875,4643.93017578125,4608.08984375,4643.7001953125,3808380000,0.0,0.0045993575202152,0.008053073978736992,0.9885142882387207
2023-12-13,4646.2001953125,4709.68994140625,4643.22998046875,4707.08984375,5063650000,0.0,0.0136506763510459,0.008214064740365148,1.3068068645962119
2023-12-14,4721.0400390625,4738.56982421875,4694.33984375,4719.5498046875,6314040000,0.0,0.0026470624846992,0.008102320431933588,1.6084450113734226
2023-12-15,4714.22998046875,4725.52978515625,4704.68994140625,4719.18994140625,8218980000,0.0,-7.62494933082003e-05,0.007768720520599928,2.045384502363384
2023-12-18,4725.580078125,4749.52001953125,4725.580078125,4740.56005859375,4060340000,1.0,0.0045283443669004,0.007762678700340519,1.0096651678621742
2023-12-19,4743.72021484375,4768.68994140625,4743.72021484375,4768.3701171875,4026970000,1.0,0.0058664078189105,0.0077761519366196345,0.9971403870716357
2023-12-20,4764.72998046875,4778.009765625,4697.81982421875,4698.35009765625,4201320000,1.0,-0.0146842669110067,0.007774363711499805,1.0368150638025802
2023-12-21,4724.2900390625,4748.7099609375,4708.35009765625,4746.75,3431180000,1.0,0.0103014678212025,0.007852386385596736,0.8474705627487292
2023-12-22,4753.919921875,4772.93994140625,4736.77001953125,4754.6298828125,3046770000,1.0,0.0016600585268868,0.007833783582378141,0.755010056987614
2023-12-26,4758.85986328125,4784.72021484375,4758.4501953125,4774.75,2513910000,1.0,0.0042316894655107,0.007818682285775376,0.6262308654586239
2023-12-27,4773.4501953125,4785.39013671875,4768.89990234375,4781.580078125,2748450000,1.0,0.0014304577464787,0.007815519022090598,0.6869201623545407
2023-12-28,4786.43994140625,4793.2998046875,4780.97998046875,4783.35009765625,2698860000,1.0,0.0003701746080437,0.007546090984550122,0.6782418235704752
2023-12-29,4782.8798828125,4788.43017578125,4751.990234375,4769.830078125,3126060000,1.0,-0.0028264750133749,0.007530069443521673,0.7878173814884312
2024-01-02,4745.2001953125,4754.330078125,4722.669921875,4742.830078125,3743050000,1.0,-0.0056605790054923,0.007582300861092936,0.9443877824950841
2024-01-03,4725.06982421875,4729.2900390625,4699.7099609375,4704.81005859375,3950760000,1.0,-0.0080163149227308,0.0075717338625739304,0.9970619334970018
2024-01-04,4697.419921875,4726.77978515625,4687.52978515625,4688.68017578125,3715480000,1.0,-0.003428381297357,0.007571232443845405,0.9379708024059642
2024-01-05,4690.56982421875,4721.490234375,4682.10986328125,4697.240234375,3844370000,1.0,0.0018256861788026,0.007554469761743549,0.9703985248131052
2024-01-08,4703.7001953125,4764.5400390625,4699.81982421875,4763.5400390625,3742320000,1.0,0.0141146293098466,0.00772540012235841,0.9452452747208115
2024-01-09,4741.93017578125,4765.47021484375,4730.35009765625,4756.5,3529960000,1.0,-0.0014779006799081,0.007669299938852855,0.8949871984955525
2024-01-10,4759.93994140625,4790.7998046875,4756.2001953125,4783.4501953125,3498680000,1.0,0.0056659718937244,0.007638875014806704,0.889405356657222
2024-01-11,4792.1298828125,4798.5,4739.580078125,4780.240234375,3759890000,1.0,-0.0006710555783868,0.007554497312773501,0.9565435650668618
2024-01-12,4791.18017578125,4802.39990234375,4768.97998046875,4783.830078125,3486340000,1.0,0.0007509755941104,0.007552226901152086,0.8904078206449142
2024-01-16,4772.35009765625,4782.33984375,4747.1201171875,4765.97998046875,4260550000,1.0,-0.0037313402367431,0.007328207228125466,1.0879421824693958
2024-01-17,4739.1298828125,4744.22998046875,4714.81982421875,4739.2099609375,3928600000,1.0,-0.0056168971839904,0.007269910577149726,1.0069896142116823
2024-01-18,4760.10009765625,4785.7900390625,4740.56982421875,4780.93994140625,4019000000,1.0,0.008805260963896,0.007077761582072466,1.0330844060034567
2024-01-19,4796.27978515625,4842.06982421875,4785.8701171875,4839.81005859375,4287200000,1.0,0.0123135027649361,0.0071811641592829335,1.0984626544732323
2024-01-22,4853.419921875,4868.41015625,4844.0498046875,4850.43017578125,4297610000,1.0,0.002194325202627,0.007151793740804674,1.0982799855089531
2024-01-23,4856.7998046875,4866.47998046875,4844.3701171875,4864.60009765625,3912800000,1.0,0.002921374261968,0.006812732976638583,0.999003600630796
2024-01-24,4888.56005859375,4903.68017578125,4865.93994140625,4868.5498046875,4330030000,1.0,0.0008119284117831,0.006551585215545548,1.1031115274203094
2024-01-25,4886.66015625,4898.14990234375,4869.33984375,4894.16015625,4020430000,1.0,0.0052603655277063,0.006483789544344934,1.0223872243136536
2024-01-26,4888.91015625,4906.68994140625,4881.47021484375,4890.97021484375,3353400000,1.0,-0.0006517852510764,0.006387772404159071,0.8526450634434137
2024-01-29,4892.9501953125,4929.31005859375,4887.39990234375,4927.93017578125,3525160000,1.0,0.0075567748961808,0.006400139827371754,0.9017059758522589
2024-01-30,4925.89013671875,4931.08984375,4916.27001953125,4924.97021484375,3836130000,1.0,-0.0006006499345398,0.0063311463272932205,0.9838215566155757
2024-01-31,4899.18994140625,4906.75,4845.14990234375,4845.64990234375,4696120000,1.0,-0.0161057446115979,0.006411076729269899,1.1998737200950105
2024-02-01,4861.10986328125,4906.97021484375,4853.52001953125,4906.18994140625,4386090000,1.0,0.0124936882116097,0.006484201735240257,1.1171842074657652
2024-02-02,4916.06005859375,4975.2900390625,4907.990234375,4958.60986328125,3974350000,1.0,0.0106844460775146,0.00658033484515699,1.0106129425282435
2024-02-05,4957.18994140625,4957.18994140625,4918.08984375,4942.81005859375,4023640000,1.0,-0.0031863375266721,0.006615442651756314,1.020486475746593
2024-02-06,4950.16015625,4957.77001953125,4934.8798828125,4954.22998046875,4440880000,1.0,0.0023104108269635,0.006614112461327752,1.1183768817873159
2024-02-07,4973.0498046875,4999.89013671875,4969.0498046875,4995.06005859375,4895590000,1.0,0.00824145796339,0.00652467446068532,1.2129963623414555
2024-02-08,4995.16015625,5000.39990234375,4987.08984375,4997.91015625,4341860000,1.0,0.0005705832608251,0.006290635506763672,1.0708201424853279
2024-02-09,5004.169921875,5030.06005859375,5000.33984375,5026.60986328125,3912990000,1.0,0.0057423415255595,0.006296143674705928,0.9634963231182435
2024-02-12,5026.830078125,5048.39013671875,5016.830078125,5021.83984375,3805740000,1.0,-0.0009489536011326,0.0059048920560290045,0.9399256573223704
2024-02-13,4967.93994140625,4971.2998046875,4920.31005859375,4953.169921875,4302190000,1.0,-0.0136742556536254,0.006236387102987722,1.0683262555085158
2024-02-14,4976.43994140625,5002.52001953125,4956.4501953125,5000.6201171875,3845600000,1.0,0.0095797632750176,0.006320326900834465,0.9575680043601515
2024-02-15,5003.14013671875,5032.72021484375,4999.43994140625,5029.72998046875,4137970000,1.0,0.0058212506847294,0.006341776559256148,1.031560701330748
2024-02-16,5031.1298828125,5038.7001953125,4999.52001953125,5005.56982421875,3833270000,1.0,-0.0048034698371121,0.006355753674726518,0.9559670637802834
2024-02-20,4989.31982421875,4993.7099609375,4955.02001953125,4975.509765625,4034880000,1.0,-0.0060053220011653,0.006414990930117971,1.0073050386122613
2024-02-21,4963.02978515625,4983.2099609375,4946.0,4981.7998046875,3788390000,1.0,0.0012641999229821,0.006406625904030123,0.9459129804702062
2024-02-22,5038.830078125,5094.39013671875,5038.830078125,5087.02978515625,4051710000,1.0,0.021122884217414,0.00688714451544937,1.0099222239421042
2024-02-23,5100.919921875,5111.06005859375,5081.4599609375,5088.7998046875,3672790000,1.0,0.0003479475462115,0.006871986841473496,0.9161602801929489
2024-02-26,5093.0,5097.66015625,5068.91015625,5069.52978515625,3683930000,1.0,-0.0037867513501905,0.006910117252687846,0.9195099966912985
2024-02-27,5074.60009765625,5080.68994140625,5057.2900390625,5078.18017578125,3925950000,1.0,0.0017063496993998,0.006900668832727054,0.9855153999913044
2024-02-28,5067.2001953125,5077.3701171875,5058.35009765625,5069.759765625,3789370000,1.0,-0.0016581550604305,0.0069106206972811045,0.9634420502078965
2024-02-29,5085.35986328125,5104.990234375,5061.89013671875,5096.27001953125,5219740000,1.0,0.0052290946971491,0.006904619268005679,1.3476649405885106
2024-03-01,5098.509765625,5140.330078125,5094.16015625,5137.080078125,4748110000,1.0,0.0080078289488876,0.006886017775190122,1.2215582647153198
2024-03-04,5130.990234375,5149.669921875,5127.18017578125,5130.9501953125,4758440000,1.0,-0.0011932620709189,0.006890398582889021,1.2196255332036312
2024-03-05,5110.52001953125,5114.5400390625,5056.81982421875,5078.64990234375,4418410000,1.0,-0.0101931008834446,0.007027631885572473,1.1312143168027855
2024-03-06,5108.02978515625,5127.97021484375,5092.22021484375,5104.759765625,4559050000,1.0,0.0051411032032746,0.006995389882243484,1.1605191391409768
2024-03-07,5132.3798828125,5165.6201171875,5128.2099609375,5157.35986328125,4137980000,1.0,0.0103041279259514,0.007075186644786021,1.0475151948661077
2024-03-08,5164.4599609375,5189.259765625,5117.5,5123.68994140625,4208870000,1.0,-0.0065285190034379,0.00715317497234463,1.056395332260022
2024-03-11,5111.9599609375,5124.66015625,5091.14013671875,5117.93994140625,3896430000,1.0,-0.0011222380873464,0.007152581559073635,0.9723717192439776
2024-03-12,5134.2998046875,5179.8701171875,5114.47998046875,5175.27001953125,4080510000,1.0,0.0112017879813663,0.00708963467592032,1.0113356056129448
2024-03-13,5173.490234375,5179.14013671875,5151.8798828125,5165.31005859375,4282890000,1.0,-0.0019245297153407,0.007102813330465591,1.0554423336150875
2024-03-14,5175.14013671875,5176.85009765625,5123.2998046875,5150.47998046875,4687970000,1.0,-0.0028710915621273,0.007122663077696998,1.1499117790279278
2024-03-15,5123.31005859375,5136.85986328125,5104.35009765625,5117.08984375,7753670000,1.0,-0.0064829174844615,0.007184469872269053,1.8670645476548657
2024-03-18,5154.77001953125,5175.60009765625,5145.47021484375,5149.419921875,4036220000,1.0,0.0063180595049523,0.007189570216586155,0.9704128217917644
2024-03-19,5139.08984375,5180.31005859375,5131.58984375,5178.509765625,4031760000,1.0,0.0056491496501236,0.006896236574900719,0.9684678646981385
2024-03-20,5181.68994140625,5226.18994140625,5171.5498046875,5224.6201171875,4064850000,1.0,0.0089041739128465,0.006868818328297107,0.974905790405796
2024-03-21,5253.43017578125,5261.10009765625,5240.66015625,5241.52978515625,4207730000,1.0,0.003236535401516,0.006871976426676927,1.005903560170854
2024-03-22,5242.47998046875,5246.08984375,5229.8701171875,5234.18017578125,3374700000,1.0,-0.0014021878490156,0.006874584180802923,0.8072372007204018
2024-03-25,5219.52001953125,5229.08984375,5216.08984375,5218.18994140625,3331360000,1.0,-0.0030549644525015,0.006900307093602827,0.7985071854285191
2024-03-26,5228.85009765625,5235.16015625,5203.419921875,5203.580078125,3871790000,1.0,-0.0027997952250302,0.0069210588120265605,0.9263333631600782
2024-03-27,5226.31005859375,5249.259765625,5213.919921875,5248.490234375,3850500000,1.0,0.0086306265255329,0.006959633825163884,0.9230508117836947
2024-03-28,5248.02978515625,5264.85009765625,5245.81982421875,5254.35009765625,3998270000,1.0,0.001116485507179,0.006894176162640666,0.95815452824213
2024-04-01,5257.97021484375,5263.9501953125,5229.2001953125,5243.77001953125,3325930000,1.0,-0.0020135845401164,0.006793131642397998,0.7996898311503297
2024-04-02,5204.2900390625,5208.33984375,5184.0498046875,5205.81005859375,3886590000,1.0,-0.0072390590731691,0.006860623414617339,0.936299208713594
2024-04-03,5194.3701171875,5228.75,5194.3701171875,5211.490234375,3703250000,1.0,0.0010911223646881,0.0068611747608312125,0.8946937971633429
2024-04-04,5244.0498046875,5256.58984375,5146.06005859375,5147.2099609375,4075680000,1.0,-0.0123343363503796,0.0069032245328442005,0.983897385447102
2024-04-05,5158.9501953125,5222.18017578125,5157.2099609375,5204.33984375,3386780000,1.0,0.0110991941743316,0.007007142098795551,0.8213326183451791
2024-04-08,5211.3701171875,5219.56982421875,5197.35009765625,5202.39013671875,3278180000,1.0,-0.0003746309983179,0.006990009984531527,0.7978682753352104
2024-04-09,5217.02978515625,5224.81005859375,5160.77978515625,5209.91015625,3400680000,1.0,0.0014454931932483,0.006984595247774492,0.8274928078487475
2024-04-10,5167.8798828125,5178.43017578125,5138.7001953125,5160.64013671875,3845930000,1.0,-0.0094569806491084,0.007125058147060158,0.9343775617802204
2024-04-11,5172.9501953125,5211.77978515625,5138.77001953125,5199.06005859375,3509380000,1.0,0.0074447977105855,0.007137654434033361,0.8539678022081133
2024-04-12,5171.509765625,5175.02978515625,5107.93994140625,5123.41015625,3963220000,1.0,-0.0145506882958016,0.007377277983796905,0.9678568243379011
2024-04-15,5149.669921875,5168.43017578125,5052.47021484375,5061.81982421875,3950210000,1.0,-0.012021354947762,0.007508237657467884,0.9667377658375288
2024-04-16,5064.58984375,5079.83984375,5039.830078125,5051.41015625,4006200000,1.0,-0.0020565070133361,0.007368467525241337,0.9802874188421998
2024-04-17,5068.97021484375,5077.9599609375,5007.25,5022.2099609375,3596130000,1.0,-0.0057806027246414,0.007413581184473409,0.8817911895864912
2024-04-18,5031.52001953125,5056.66015625,5001.89013671875,5011.1201171875,3619760000,1.0,-0.0022081601199982,0.00741601857195588,0.8911740346862023
2024-04-19,5005.43994140625,5019.02001953125,4953.56005859375,4967.22998046875,3878750000,1.0,-0.0087585481274361,0.007511973957631136,0.9597418867757206
2024-04-22,4987.330078125,5038.83984375,4969.39990234375,5010.60009765625,3820250000,1.0,0.0087312480714667,0.007563520151075727,0.947713220900224
2024-04-23,5028.85009765625,5076.1201171875,5027.9599609375,5070.5498046875,3751400000,1.0,0.0119645762708726,0.007707224390344499,0.9313798901789052
2024-04-24,5084.85986328125,5089.47998046875,5047.02001953125,5071.6298828125,3656740000,1.0,0.0002130100613548,0.007653488265581981,0.9085503524243348
2024-04-25,5019.8798828125,5057.75,4990.580078125,5048.419921875,3958050000,1.0,-0.0045764303535156,0.00768041264240028,0.9850981765610124
2024-04-26,5084.64990234375,5114.6201171875,5073.14013671875,5099.9599609375,3604140000,1.0,0.010209142634743,0.007467874704902246,0.8980948171874916
2024-04-29,5114.1298828125,5123.490234375,5088.64990234375,5116.169921875,3447450000,1.0,0.0031784486665891,0.007317663679360984,0.8620166285731888
2024-04-30,5103.77978515625,5110.830078125,5035.31005859375,5035.68994140625,4082470000,1.0,-0.0157305135868621,0.0075006314911677105,1.0195294581622492
2024-05-01,5029.02978515625,5096.1201171875,5013.4501953125,5018.39013671875,4544170000,1.0,-0.003435438815494,0.00750265401977982,1.1319520215772274
2024-05-02,5049.31982421875,5073.2099609375,5011.0498046875,5064.2001953125,4381660000,1.0,0.009128437077573,0.0075850972997695875,1.0882542867929026
2024-05-03,5122.77978515625,5139.1201171875,5101.22021484375,5127.7900390625,3924990000,1.0,0.0125567397214785,0.007680622219036988,0.9754471013564937
2024-05-06,5142.419921875,5181.0,5142.419921875,5180.740234375,3683250000,1.0,0.0103261239070118,0.007785413490983329,0.9153217593621145
2024-05-07,5187.2001953125,5200.22998046875,5178.9599609375,5187.7001953125,3987890000,1.0,0.001343429823275,0.007757103550439145,0.9895326984070267
2024-05-08,5168.97998046875,5191.9501953125,5165.85986328125,5187.669921875,3842100000,1.0,-5.835618166138978e-06,0.007754958684492673,0.9537540614790448
2024-05-09,5189.02978515625,5215.2998046875,5180.41015625,5214.080078125,3727370000,1.0,0.0050909476986258,0.007546299140402062,0.9255586509291791
2024-05-10,5225.490234375,5239.66015625,5209.68017578125,5222.68017578125,3617900000,1.0,0.0016493988445498,0.007460371323219608,0.9055797620306894
2024-05-13,5233.080078125,5237.259765625,5211.16015625,5221.419921875,4255710000,1.0,-0.0002413040553572,0.0074315463260128676,1.0678593045664484
2024-05-14,5221.10009765625,5250.3701171875,5217.97998046875,5246.68017578125,4763580000,1.0,0.0048378131397597,0.007415832371948794,1.195265188344886
2024-05-15,5263.259765625,5311.759765625,5263.259765625,5308.14990234375,4360810000,1.0,0.0117159278825962,0.007492241088504515,1.0945195587696772
2024-05-16,5310.06982421875,5325.490234375,5296.18994140625,5297.10009765625,3817470000,1.0,-0.0020816677921287,0.007503492430623638,0.9617267775609127
2024-05-17,5303.10009765625,5305.4501953125,5283.58984375,5303.27001953125,3578120000,1.0,0.0011647735102702,0.007025781088649111,0.9039778796098483
2024-05-20,5305.35009765625,5325.31982421875,5302.39990234375,5308.1298828125,3420100000,1.0,0.0009163899374069,0.007025656415151262,0.867513111493888
2024-05-21,5298.68994140625,5324.31982421875,5297.8701171875,5321.41015625,3662240000,1.0,0.0025018742439781,0.007004039802834007,0.9300371914311146
2024-05-22,5319.27978515625,5323.18017578125,5286.009765625,5307.009765625,3847130000,1.0,-0.0027061230392261,0.00701786187135559,0.978150031194482
2024-05-23,5340.259765625,5341.8798828125,5256.93017578125,5267.83984375,3869520000,1.0,-0.0073807894850155,0.007089789115331717,0.9859152058703629
2024-05-24,5281.4501953125,5311.64990234375,5278.39013671875,5304.72021484375,3005510000,1.0,0.0070010425881694,0.007112781742990038,0.7723961764730373
2024-05-28,5315.91015625,5315.91015625,5280.89013671875,5306.0400390625,3751540000,1.0,0.000248801852934,0.007047777851757891,0.9843698481192426
2024-05-29,5278.72998046875,5282.27001953125,5262.7001953125,5266.9501953125,3552750000,1.0,-0.0073670465096804,0.007118579835487076,0.9345803488931612
2024-05-30,5259.77001953125,5260.2099609375,5222.10009765625,5235.47998046875,3818750000,1.0,-0.0059750355854433,0.007031879524508988,1.005680902130861
2024-05-31,5243.2099609375,5280.330078125,5191.68017578125,5277.509765625,5437160000,1.0,0.0080278762048646,0.007073706079704124,1.4216191873252508
2024-06-03,5297.14990234375,5302.10986328125,5234.31982421875,5283.39990234375,4046920000,1.0,0.0011160825806737,0.006958123231854269,1.0590126373819329
2024-06-04,5278.240234375,5298.7998046875,5257.6298828125,5291.33984375,3707900000,1.0,0.0015028090913065,0.006899063329194877,0.9686075441724904
2024-06-05,5314.47998046875,5354.16015625,5297.64013671875,5354.02978515625,3591460000,1.0,0.0118476497933313,0.007047058033923054,0.9369169638929599
2024-06-06,5357.7998046875,5362.35009765625,5335.35986328125,5352.9599609375,3609990000,1.0,-0.0001998166356331,0.006913627766495856,0.9430390801179487
2024-06-07,5343.81005859375,5375.080078125,5331.330078125,5346.990234375,3692760000,1.0,-0.0011152197300303,0.0069094343085438405,0.9654567806739646
2024-06-10,5341.22021484375,5365.7900390625,5331.52001953125,5360.7900390625,3622280000,1.0,0.0025808546645145,0.006898856256281042,0.9488956253582315
2024-06-11,5353.0,5375.9501953125,5327.25,5375.31982421875,3568030000,1.0,0.0027103813151374,0.0068386604403003854,0.9335001828786832
2024-06-12,5409.1298828125,5447.25,5409.1298828125,5421.02978515625,3962840000,1.0,0.0085036727919987,0.006874042910285114,1.036380435757641
2024-06-13,5441.93017578125,5441.93017578125,5402.509765625,5433.740234375,3530380000,1.0,0.0023446558536817,0.006848377206661373,0.9241170580033848
2024-06-14,5424.080078125,5432.39013671875,5403.75,5431.60009765625,3438650000,1.0,-0.0003938606975009,0.006767183957153032,0.9031175829598851
2024-06-17,5431.10986328125,5488.5,5420.39990234375,5473.22998046875,3447840000,1.0,0.0076643865645527,0.006819584428625267,0.9052408790254829
2024-06-18,5476.14990234375,5490.3798828125,5471.31982421875,5487.02978515625,3544330000,1.0,0.0025213273947457,0.006817466216372959,0.9292758940485001
2024-06-20,5499.990234375,5505.52978515625,5455.56005859375,5473.169921875,3847060000,1.0,-0.0025259318472709,0.006812724006737452,1.0062922233317626
2024-06-21,5466.77001953125,5478.31005859375,5452.02978515625,5464.6201171875,6773800000,1.0,-0.0015621303211011,0.00680345085831436,1.7451221057336141
2024-06-24,5459.580078125,5490.66015625,5447.58984375,5447.8701171875,3696750000,1.0,-0.00306517189499,0.006743710897158978,0.9514685779480739
2024-06-25,5460.72998046875,5472.8798828125,5446.56005859375,5469.2998046875,3591960000,1.0,0.0039335900157368,0.006756850421161234,0.9262679413548274
2024-06-26,5460.7099609375,5483.14013671875,5451.8701171875,5477.89990234375,3563920000,1.0,0.0015724312002203,0.006748377099550308,0.9208718216354235
2024-06-27,5473.58984375,5490.81005859375,5467.5400390625,5482.8701171875,3589530000,1.0,0.0009073212238914,0.006666355490442245,0.929490542451274
2024-06-28,5488.47998046875,5523.64013671875,5451.1201171875,5460.47998046875,7199220000,1.0,-0.0040836525834456,0.006697066485975475,1.8300525663294345
2024-07-01,5471.080078125,5479.5498046875,5446.52978515625,5475.08984375,3488760000,1.0,0.0026755639309195,0.006474770892151157,0.8874390877037861
2024-07-02,5461.83984375,5509.68994140625,5458.43017578125,5509.009765625,3329950000,1.0,0.0061953178565135,0.0063759715017683806,0.8494139848291874
2024-07-03,5507.43994140625,5539.27001953125,5507.419921875,5537.02001953125,2179470000,1.0,0.005084444409779,0.006395398809313001,0.5606389174835679
2024-07-05,5537.91015625,5570.330078125,5531.6298828125,5567.18994140625,3253080000,1.0,0.0054487651784855,0.006420326462371559,0.8389613022174803
2024-07-08,5572.75,5583.10986328125,5562.509765625,5572.85009765625,3185670000,1.0,0.001016698964751,0.0062682839980013364,0.8235775218741168
2024-07-09,5584.240234375,5590.75,5574.56982421875,5576.97998046875,3232920000,1.0,0.0007410719362856,0.00621644730427134,0.83893828733504
2024-07-10,5591.259765625,5635.39013671875,5586.43994140625,5633.91015625,3336100000,1.0,0.0102080652935148,0.005970817052735432,0.8669193442523437
2024-07-11,5635.2099609375,5642.4501953125,5576.52978515625,5584.5400390625,4020950000,1.0,-0.0087630288411204,0.005858574608048663,1.0417794238724922
2024-07-12,5590.759765625,5655.56005859375,5590.43994140625,5615.35009765625,3700280000,1.0,0.0055170270744306,0.005858815823627463,0.9606001001440687
2024-07-15,5638.16015625,5666.93994140625,5614.75,5631.22021484375,3620470000,1.0,0.0028262026252154,0.005775274843990799,0.9444105509414134
2024-07-16,5644.08984375,5669.669921875,5639.02001953125,5667.2001953125,4041760000,1.0,0.0063893754987431,0.005777624746442703,1.056178220301442
2024-07-17,5610.06982421875,5622.490234375,5584.81005859375,5588.27001953125,4246450000,1.0,-0.0139275432419937,0.005976912166378837,1.1078059012509522
2024-07-18,5608.56005859375,5614.0498046875,5522.81005859375,5544.58984375,4007510000,1.0,-0.0078164039369225,0.006041676462774544,1.0437058923047178
2024-07-19,5543.3701171875,5557.5,5497.0400390625,5505.0,3760570000,1.0,-0.0071402655319269,0.005995179495809348,0.9805544841782311
2024-07-22,5544.5400390625,5570.35986328125,5529.0400390625,5564.41015625,3375180000,1.0,0.0107920356494095,0.006114393585862926,0.8822136395762673
2024-07-23,5565.2998046875,5585.33984375,5550.89990234375,5555.740234375,3500210000,1.0,-0.0015581025897707,0.006075300257579072,0.9159820591339286
2024-07-24,5505.83984375,5508.0400390625,5419.97998046875,5427.1298828125,3945550000,1.0,-0.0231490937547349,0.006762968024781667,1.0307570020704748
2024-07-25,5428.7001953125,5491.58984375,5390.9501953125,5399.22021484375,4592120000,1.0,-0.0051426202378422,0.0068039707715600375,1.1975655005833807
2024-07-26,5433.669921875,5488.31982421875,5430.7001953125,5459.10009765625,3638770000,1.0,0.0110904687028463,0.006568438022229485,0.9545441929955899
2024-07-29,5476.5498046875,5487.740234375,5444.43994140625,5463.5400390625,3379970000,1.0,0.0008133101292933,0.006538613348091931,0.8912405308149148
2024-07-30,5478.72998046875,5489.4599609375,5401.7001953125,5436.43994140625,3777740000,1.0,-0.0049601718780302,0.006510689091775115,0.996334460585693
2024-07-31,5505.58984375,5551.509765625,5493.75,5522.2998046875,4546910000,1.0,0.0157933986591674,0.006618858872207057,1.1930971026032913
2024-08-01,5537.83984375,5566.16015625,5410.419921875,5446.68017578125,4703620000,1.0,-0.013693502993456,0.006785370001138741,1.2259595172352713
2024-08-02,5376.6298828125,5383.89013671875,5302.02978515625,5346.56005859375,5156450000,1.0,-0.0183818608686967,0.0072250266610414254,1.3335984090080073
2024-08-05,5151.14013671875,5250.89013671875,5119.259765625,5186.330078125,5333250000,1.0,-0.0299687983886397,0.008228414886875934,1.368801695314765
2024-08-06,5206.419921875,5312.33984375,5193.56005859375,5240.02978515625,4690190000,1.0,0.010354085880061,0.008310930188972387,1.1987079218809413
2024-08-07,5293.1298828125,5330.64013671875,5195.5400390625,5199.5,4558260000,1.0,-0.0077346478585028,0.00836969229941454,1.1558158869521358
2024-08-08,5252.56982421875,5328.02978515625,5233.85009765625,5319.31005859375,4016830000,1.0,0.0230426115191364,0.008884150187390851,1.0171596550414181
2024-08-09,5314.66015625,5358.669921875,5300.83984375,5344.16015625,3516400000,1.0,0.0046716768495385,0.008882753090247898,0.890602487365318
2024-08-12,5351.8798828125,5371.2001953125,5324.3701171875,5344.39013671875,3360160000,1.0,4.303397765514916e-05,0.008756437187103297,0.8530129190270855
2024-08-13,5376.97998046875,5436.5,5376.97998046875,5434.43017578125,3648980000,1.0,0.0168475797535583,0.009011898822855169,0.9348202068810215
2024-08-14,5442.35986328125,5463.22021484375,5415.91015625,5455.2099609375,3380050000,1.0,0.0038237284285767,0.009021921572178305,0.868892802219068
2024-08-15,5501.1298828125,5546.22998046875,5501.1298828125,5543.22021484375,3723310000,1.0,0.0161332477643307,0.009244639036227917,0.9570571342013459
2024-08-16,5530.5,5561.97998046875,5525.169921875,5554.25,3357690000,1.0,0.0019897793572614,0.009243244323763975,0.8641149297639775
2024-08-19,5557.22998046875,5608.2998046875,5550.740234375,5608.25,3222050000,1.0,0.0097222847369131,0.00930340374933108,0.8308664735263025
2024-08-20,5602.8798828125,5620.509765625,5585.5,5597.1201171875,2994420000,1.0,-0.0019845553982971,0.009247286972411247,0.7749588713460923
2024-08-21,5603.08984375,5632.68017578125,5591.56982421875,5620.85009765625,3119670000,1.0,0.004239676828782,0.009224025909008953,0.8094795725682569
2024-08-22,5637.77001953125,5643.22021484375,5560.9501953125,5570.64013671875,2981530000,1.0,-0.0089328055481209,0.009312557904693253,0.7759974218873993
2024-08-23,5602.490234375,5641.81982421875,5585.16015625,5634.60986328125,3291940000,1.0,0.0114833708501191,0.009348405929717432,0.8597898971592097
2024-08-26,5639.66015625,5651.6201171875,5602.33984375,5616.83984375,2938570000,1.0,-0.0031537266931381,0.00931891513492939,0.7698765952715376
2024-08-27,5602.89013671875,5631.18017578125,5593.47998046875,5625.7998046875,2798990000,1.0,0.001595196086545,0.009276115776175806,0.7357740896820077
2024-08-28,5624.509765625,5627.02978515625,5560.9501953125,5592.18017578125,3053450000,1.0,-0.0059759732079761,0.009321089502027943,0.8043320794486061
2024-08-29,5607.2998046875,5646.9501953125,5583.7099609375,5591.9599609375,3065640000,1.0,-3.937906806072977e-05,0.009321777652866679,0.8095848354400856
2024-08-30,5612.740234375,5651.3701171875,5581.7900390625,5648.39990234375,4185850000,1.0,0.0100930517744244,0.009289753931578612,1.1034393057900163
2024-09-03,5623.89013671875,5623.89013671875,5504.330078125,5528.93017578125,3866350000,1.0,-0.0211510743977116,0.00971706877447002,1.0350818690097985
2024-09-04,5506.68017578125,5552.990234375,5503.66015625,5520.06982421875,3478140000,1.0,-0.0016025435809103,0.009718718236237265,0.9322432262443942
2024-09-05,5520.080078125,5546.2998046875,5480.5400390625,5503.41015625,3521650000,1.0,-0.0030180176155847,0.009726035148882338,0.9442610731110891
2024-09-06,5507.330078125,5522.47021484375,5402.6201171875,5408.419921875,3822800000,1.0,-0.0172602498592846,0.009986788144718485,1.0235874958457256
2024-09-09,5442.06982421875,5484.2001953125,5434.490234375,5471.0498046875,3825940000,1.0,0.0115800702824842,0.010038160796179836,1.023132954976791
2024-09-10,5490.509765625,5497.91015625,5441.72021484375,5495.52001953125,3848180000,1.0,0.0044726726528396,0.010049609425212087,1.047860876289853
2024-09-11,5496.419921875,5560.41015625,5406.9599609375,5554.1298828125,3839450000,1.0,0.0106650258888965,0.010138835460851823,1.0434907722633469
2024-09-12,5557.47998046875,5600.7099609375,5535.5,5595.759765625,3655070000,1.0,0.0074953023589392,0.010136811803449592,0.9916272989577234
2024-09-13,5603.33984375,5636.27001953125,5601.64990234375,5626.02001953125,3500790000,1.0,0.0054077114053645,0.010153788881618286,0.9430099083127121
2024-09-16,5615.2099609375,5636.0498046875,5604.52978515625,5633.08984375,3437070000,1.0,0.0012566297656613,0.010146625806669194,0.9249287964647503
2024-09-17,5655.509765625,5670.81005859375,5614.0498046875,5634.580078125,3443600000,1.0,0.0002645500810987,0.010142978953952504,0.9254014032047762
2024-09-18,5641.68017578125,5689.75,5615.080078125,5618.259765625,3691390000,1.0,-0.002896455862498,0.010141979861524559,0.9895518546252868
2024-09-19,5702.6298828125,5733.56982421875,5686.419921875,5713.64013671875,4024530000,1.0,0.0169768531667633,0.010353016892692912,1.0748894136801728
2024-09-20,5709.64013671875,5715.14013671875,5674.490234375,5702.5498046875,7867260000,1.0,-0.0019410273951238,0.010358402808791821,2.0589207152507045
2024-09-23,5711.89990234375,5725.35986328125,5704.22021484375,5718.56982421875,3529550000,1.0,0.0028092730585327,0.010361885976745328,0.9245357924266202
2024-09-24,5727.66015625,5735.31982421875,5698.990234375,5732.93017578125,3872710000,1.0,0.002511178844347,0.010344655963587619,1.0130849205052024
2024-09-25,5733.64990234375,5741.02978515625,5712.06005859375,5722.259765625,3624910000,1.0,-0.0018612489301417,0.010347775088078583,0.9503340723489334
2024-09-26,5762.22021484375,5767.3701171875,5721.009765625,5745.3701171875,4391180000,1.0,0.0040386757171231,0.010332411755699298,1.1503522956852685
2024-09-27,5755.35986328125,5763.77978515625,5727.33984375,5738.169921875,3898530000,1.0,-0.0012532169669905,0.010319769044955797,1.0218768292594702
2024-09-30,5726.52001953125,5765.14013671875,5703.52978515625,5762.47998046875,4425730000,1.0,0.0042365525811767,0.010311393163425142,1.156034591835338
2024-10-01,5757.72998046875,5757.72998046875,5681.27978515625,5708.75,4025180000,1.0,-0.0093241070946643,0.010390886323985401,1.0478496795259276
2024-10-02,5698.14013671875,5719.6298828125,5674.0,5709.5400390625,3829050000,1.0,0.0001383909021239,0.010390896304199536,0.9950887075304856
2024-10-03,5698.18994140625,5718.77978515625,5677.3701171875,5699.93994140625,3597450000,1.0,-0.001681413492255,0.010314641337399389,0.9365953495695793
2024-10-04,5737.47998046875,5753.2099609375,5702.830078125,5751.06982421875,3479400000,1.0,0.0089702493952743,0.0103061620225159,0.9111401376163606
2024-10-07,5737.7998046875,5739.33984375,5686.85009765625,5695.93994140625,3637790000,1.0,-0.0095860221658826,0.010366858527886094,0.9526221456216498
2024-10-08,5719.14013671875,5757.60009765625,5714.56005859375,5751.1298828125,3393400000,1.0,0.0096893474955819,0.010432963190197514,0.8885616346349982
2024-10-09,5751.7998046875,5796.7998046875,5745.02001953125,5792.0400390625,3650340000,1.0,0.0071134119874882,0.010440418481341213,0.9564795189644362
2024-10-10,5778.35986328125,5795.02978515625,5764.759765625,5780.0498046875,3208790000,1.0,-0.0020701228399899,0.010275208484517543,0.8467200289122754
2024-10-11,5775.08984375,5822.1298828125,5775.08984375,5815.02978515625,3208720000,1.0,0.0060518475879536,0.010238255397666722,0.8534345933581196
2024-10-14,5829.81005859375,5871.41015625,5829.56982421875,5859.85009765625,3005250000,1.0,0.0077076668832223,0.010221384622737865,0.8085696191558396
2024-10-15,5866.740234375,5870.35986328125,5804.47998046875,5815.259765625,3882120000,1.0,-0.0076094663324381,0.010201488470932345,1.052713786219475
2024-10-16,5816.580078125,5846.52001953125,5808.33984375,5842.47021484375,3467230000,1.0,0.0046791459565738,0.010208967844860032,0.9464857978676301
2024-10-17,5875.6201171875,5878.4599609375,5840.25,5841.47021484375,3480010000,1.0,-0.0001711604789117,0.009710717948631443,0.955599934074778
2024-10-18,5859.43017578125,5872.169921875,5846.10986328125,5864.669921875,3374490000,1.0,0.0039715527389487,0.009679888208063104,0.9299048873542757
2024-10-21,5857.81982421875,5866.919921875,5824.7900390625,5853.97998046875,3407010000,1.0,-0.0018227694906369,0.009604616209319423,0.9394327662598874
2024-10-22,5832.7001953125,5863.0400390625,5821.169921875,5851.2001953125,3342080000,1.0,-0.0004748538883844,0.009606957708835042,0.9216211672838605
2024-10-23,5834.5,5834.85009765625,5762.41015625,5797.419921875,3532650000,1.0,-0.0091913234280693,0.009668191864820324,0.9747986950255506
2024-10-24,5817.7998046875,5817.7998046875,5784.919921875,5809.85986328125,3543030000,1.0,0.0021457720113238,0.009475705480312723,0.9767843780665545
2024-10-25,5826.75,5862.81982421875,5799.97998046875,5808.1201171875,3501280000,1.0,-0.0002994471699301,0.009282093776337957,0.9664574177196741
2024-10-28,5833.93017578125,5842.919921875,5823.080078125,5823.52001953125,3691280000,1.0,0.0026514435020339,0.008923577594001156,1.0170300907311587
2024-10-29,5819.68017578125,5847.18994140625,5802.169921875,5832.919921875,3879100000,1.0,0.0016141272481633,0.007912156805512313,1.0649229942435794
2024-10-30,5832.64990234375,5850.93994140625,5811.27978515625,5813.669921875,3851120000,1.0,-0.0033002338893437,0.007863750650094644,1.0522919521601615
2024-10-31,5775.33984375,5775.33984375,5702.85986328125,5705.4501953125,4425660000,1.0,-0.0186147008716995,0.00820454033540497,1.2007114965644696
2024-11-01,5723.22021484375,5772.52001953125,5723.22021484375,5728.7998046875,3796450000,1.0,0.0040925095436261,0.007714516499932495,1.025468084468458
2024-11-04,5725.14990234375,5741.43017578125,5696.509765625,5712.68994140625,3602060000,1.0,-0.0028120834782999,0.007719019521185453,0.971333623164535
2024-11-05,5722.43017578125,5783.43994140625,5722.10009765625,5782.759765625,3768310000,1.0,0.0122656445452913,0.007849717099201346,1.0116376545446042
2024-11-06,5864.89013671875,5936.14013671875,5864.89013671875,5929.0400390625,6329530000,1.0,0.0252959277864259,0.008200445708657087,1.6676094321513153
2024-11-07,5947.2099609375,5983.83984375,5947.2099609375,5973.10009765625,4925740000,1.0,0.0074312297274883,0.008231044886354545,1.2850817664039458
2024-11-08,5976.759765625,6012.4501953125,5976.759765625,5995.5400390625,4666740000,1.0,0.0037568333092317,0.008011436241760901,1.2074238426791473
2024-11-11,6008.85986328125,6017.31005859375,5986.68994140625,6001.35009765625,4333000000,1.0,0.0009690634297987,0.008011116253421978,1.1202224374478702
2024-11-12,6003.60009765625,6009.919921875,5960.080078125,5983.990234375,4243400000,1.0,-0.0028926596513724,0.007952257900808913,1.0949232449361412
2024-11-13,5985.75,6008.18994140625,5965.91015625,5985.3798828125,4220180000,1.0,0.0002322277248243,0.007942769031151455,1.0847777827244733
2024-11-14,5989.68017578125,5993.8798828125,5942.27978515625,5949.169921875,4184570000,1.0,-0.006049734794859,0.007985878565102663,1.0719711078582916
2024-11-15,5912.7900390625,5915.31982421875,5853.009765625,5870.6201171875,4590960000,1.0,-0.0132034898513612,0.008094010411750167,1.1714665316929496
2024-11-18,5874.169921875,5908.1201171875,5865.9501953125,5893.6201171875,3983860000,1.0,0.003917814394541,0.007984641147245914,1.0157353749108013
2024-11-19,5870.0498046875,5923.509765625,5855.2900390625,5916.97998046875,4036940000,1.0,0.00396358482847,0.007978065589883447,1.028279036234779
2024-11-20,5914.33984375,5920.669921875,5860.56005859375,5917.10986328125,3772620000,1.0,2.195086225209586e-05,0.007978324989511296,0.9612793942753958
2024-11-21,5940.580078125,5963.31982421875,5887.259765625,5948.7099609375,4230120000,1.0,0.0053404615405816,0.00794736948599782,1.0747028924591837
2024-11-22,5944.35986328125,5972.89990234375,5944.35986328125,5969.33984375,4141420000,1.0,0.0034679590949915,0.007952031005945754,1.0487539326816373
2024-11-25,5992.27978515625,6020.75,5963.91015625,5987.3701171875,5633150000,1.0,0.0030204803059383,0.007868751180272802,1.4108208404421398
2024-11-26,6000.02978515625,6025.419921875,5992.27001953125,6021.6298828125,3835170000,1.0,0.0057220056476303,0.007332984563061891,0.9586370090771277
2024-11-27,6014.10986328125,6020.16015625,5984.8701171875,5998.740234375,3363340000,1.0,-0.00380123801744,0.0073539619732839396,0.8420796358057027
2024-11-29,6003.97998046875,6044.169921875,6003.97998046875,6032.3798828125,2444420000,1.0,0.0056077854888152,0.007350173783655892,0.6168905698988534
2024-12-02,6040.10986328125,6053.580078125,6035.330078125,6047.14990234375,4412470000,1.0,0.0024484564662998,0.00692294109822695,1.1333234601888564
2024-12-03,6042.97021484375,6052.06982421875,6033.39013671875,6049.8798828125,4095000000,1.0,0.0004514491145146,0.006806916744839015,1.048736460799486
2024-12-04,6069.39013671875,6089.83984375,6061.06005859375,6086.490234375,4003390000,1.0,0.0060514179242647,0.006820852326312411,1.0245891779730742
2024-12-05,6089.02978515625,6094.5498046875,6072.89990234375,6075.10986328125,4212020000,1.0,-0.0018697756269248,0.006733846717034905,1.0747541001342518
2024-12-06,6081.3798828125,6099.97021484375,6079.97998046875,6090.27001953125,3924830000,1.0,0.0024954538421815,0.006689409909825464,1.0038627755038485
2024-12-09,6083.009765625,6088.509765625,6048.6298828125,6052.85009765625,4556460000,1.0,-0.0061442139272964,0.006739167897310262,1.1615070556979195
2024-12-10,6057.58984375,6065.39990234375,6029.89013671875,6034.91015625,4048410000,1.0,-0.0029638833139443,0.00676100151624774,1.0339868841013493
2024-12-11,6060.14990234375,6092.58984375,6060.14990234375,6084.18994140625,4269950000,1.0,0.0081657860482335,0.006819730791082798,1.0892076067272698
2024-12-12,6074.2900390625,6079.68017578125,6051.25,6051.25,3678010000,1.0,-0.0054140225278102,0.006853667863062352,0.9389350759049594
2024-12-13,6068.169921875,6078.580078125,6035.77001953125,6051.08984375,3584960000,1.0,-2.646663912420077e-05,0.006537052699928571,0.9152393156680558
2024-12-16,6063.7900390625,6085.18994140625,6059.14013671875,6074.080078125,4391100000,1.0,0.0037993543260221,0.006535616681118914,1.1158521961255017
2024-12-17,6052.5498046875,6057.68017578125,6035.18994140625,6050.60986328125,4544500000,1.0,-0.0038639949658014,0.006562304031249436,1.149536411404575
2024-12-18,6047.64990234375,6070.669921875,5867.7900390625,5872.16015625,5246960000,1.0,-0.0294928463516034,0.007645547155048971,1.3148944317417484
2024-12-19,5912.7099609375,5935.52001953125,5866.06982421875,5867.080078125,4896880000,1.0,-0.000865112324907,0.007641570442879351,1.219544631745278
2024-12-20,5842.0,5982.06005859375,5832.2998046875,5930.85009765625,8223220000,1.0,0.0108691237689104,0.007746170624304714,1.9980496757793729
2024-12-23,5940.25,5978.25,5902.56982421875,5974.06982421875,3593280000,1.0,0.0072872734685336,0.007790641102465702,0.8714542421769127
2024-12-24,5984.6298828125,6040.10009765625,5981.43994140625,6040.0400390625,1757720000,1.0,0.0110427592553921,0.007891877780789307,0.4288833300312027
2024-12-26,6024.97021484375,6049.75,6007.3701171875,6037.58984375,2904530000,1.0,-0.0004056587864739,0.007780880447296467,0.7121019202600208
2024-12-27,6006.169921875,6006.169921875,5932.9501953125,5970.83984375,3159610000,1.0,-0.0110557361012355,0.007933709959618849,0.7758099510300369
2024-12-30,5920.669921875,5940.7900390625,5869.16015625,5906.93994140625,3433250000,1.0,-0.0107019957017667,0.008065464612370022,0.8431930784316798
2024-12-31,5919.740234375,5929.740234375,5868.85986328125,5881.6298828125,3128350000,1.0,-0.0042848003949274,0.008014429666454282,0.7692408319480925
2025-01-02,5903.259765625,5935.08984375,5829.52978515625,5868.5498046875,3621680000,1.0,-0.0022238866412221,0.007914595014458427,0.8896082803467725
2025-01-03,5891.06982421875,5949.33984375,5888.66015625,5942.47021484375,3667340000,1.0,0.0125960267214919,0.007980241276148485,0.8993868060244452
2025-01-06,5982.81005859375,6021.0400390625,5960.009765625,5975.3798828125,4940120000,1.0,0.0055380450854503,0.007960939409411371,1.2032199331776134
2025-01-07,5993.259765625,6000.68017578125,5890.68017578125,5909.02978515625,4517330000,1.0,-0.0111039128821078,0.008095635264119392,1.0950477061214294
2025-01-08,5910.66015625,5927.89013671875,5874.77978515625,5918.25,4441740000,1.0,0.0015603601909253,0.008063191153440091,1.0718368164438368
2025-01-10,5890.35009765625,5890.35009765625,5807.77978515625,5827.0400390625,4751930000,1.0,-0.0154116438030668,0.008254566494360053,1.1408488981955018
2025-01-13,5782.02001953125,5838.60986328125,5773.31005859375,5836.22021484375,4421200000,1.0,0.0015754440882007,0.008197155168858283,1.0586911232968559
2025-01-14,5859.27001953125,5871.919921875,5805.419921875,5842.91015625,4142280000,1.0,0.001146279811244,0.008176316840166085,0.9905203424108793
2025-01-15,5905.2099609375,5960.60986328125,5905.2099609375,5949.91015625,4544570000,1.0,0.0183127922796391,0.0085098612268454,1.0861000596180763
2025-01-16,5963.60986328125,5964.68994140625,5930.72021484375,5937.33984375,4285810000,1.0,-0.0021126894641922,0.008502128408585356,1.0218692089623476
2025-01-17,5995.39990234375,6014.9599609375,5978.43994140625,5996.66015625,4366830000,1.0,0.0099910589693537,0.008589869822409195,1.0374035725892434
2025-01-21,6014.1201171875,6051.509765625,6006.8798828125,6049.240234375,4702920000,1.0,0.0087682271055828,0.008655854562907659,1.1123072947455392
2025-01-22,6081.39013671875,6100.81005859375,6076.1298828125,6086.3701171875,4323040000,1.0,0.0061379415222275,0.008588164598697405,1.0322577194397713
2025-01-23,6076.31982421875,6118.72998046875,6074.669921875,6118.7099609375,4432250000,1.0,0.0053134862204113,0.00860600012817836,1.0608350263372386
2025-01-24,6121.43017578125,6128.18017578125,6088.740234375,6101.240234375,4214250000,1.0,-0.0028551323193988,0.00861835367549171,1.0108474236721146
2025-01-27,5969.0400390625,6017.169921875,5962.919921875,6012.27978515625,5198750000,1.0,-0.0145807156908095,0.008841789650161842,1.2418360106191042
2025-01-28,6026.97021484375,6074.5400390625,5994.6298828125,6067.7001953125,4473640000,1.0,0.0092178694499676,0.008911223395289774,1.0674533529012276
2025-01-29,6057.7001953125,6062.830078125,6012.9599609375,6039.31005859375,4115310000,1.0,-0.0046788957603215,0.008923474183246176,0.9824440564725987
2025-01-30,6050.75,6086.64013671875,6027.4599609375,6071.169921875,4634620000,1.0,0.0052754144053117,0.008574378487679864,1.1040460662460037
2025-01-31,6096.7900390625,6120.91015625,6030.93017578125,6040.52978515625,4843770000,1.0,-0.0050468257540199,0.008600952833619228,1.1524810545388307
2025-02-03,5969.64990234375,6022.1298828125,5923.93017578125,5994.56982421875,4797210000,1.0,-0.0076085976846667,0.008658327401767701,1.137002333205836
2025-02-04,5998.14013671875,6042.47998046875,5990.8701171875,6037.8798828125,4410160000,1.0,0.0072248818286797,0.008569584653561401,1.0434203754104503
2025-02-05,6020.4501953125,6062.85986328125,6007.06005859375,6061.47998046875,4756250000,1.0,0.0039086729306143,0.007954250101443988,1.1200900433468077
2025-02-06,6072.22021484375,6084.02978515625,6046.830078125,6083.56982421875,4847120000,1.0,0.0036442987226186,0.007912423399520764,1.1381821809087687
2025-02-07,6083.1298828125,6101.27978515625,6019.9599609375,6025.990234375,4766900000,1.0,-0.0094647701115428,0.007999184605054978,1.1160668296200564
2025-02-10,6046.39990234375,6073.3798828125,6044.83984375,6066.43994140625,4458760000,1.0,0.0067125410858628,0.008043806619633819,1.0496949364407169
2025-02-11,6049.31982421875,6076.27978515625,6042.33984375,6068.5,4324880000,1.0,0.0003395827888592,0.00803348017930917,1.0158342059963175
2025-02-12,6025.080078125,6063.0,6003.0,6051.97021484375,4627960000,1.0,-0.0027238667143857,0.00804274786415093,1.080602531246915
2025-02-13,6060.58984375,6116.91015625,6050.9501953125,6115.06982421875,4763800000,1.0,0.0104262921222306,0.008106197620391598,1.1004016865772892
2025-02-14,6115.52001953125,6127.47021484375,6107.6201171875,6114.6298828125,4335190000,1.0,-7.194380749464546e-05,0.007904965884124359,1.0017536737676913
2025-02-18,6121.60009765625,6129.6298828125,6099.509765625,6129.580078125,4684980000,1.0,0.0024449877750611,0.007897118228432622,1.0796376384165887
2025-02-19,6117.759765625,6147.43017578125,6111.14990234375,6144.14990234375,4562330000,1.0,0.0023769693899173,0.007888606546378294,1.0486718641968407
2025-02-20,6134.5,6134.5,6084.58984375,6117.52001953125,4813690000,1.0,-0.0043341850761716,0.007914570416696555,1.1033961621987705
2025-02-21,6114.10009765625,6114.81982421875,6008.56005859375,6013.1298828125,5434560000,1.0,-0.0170641267025635,0.008209493878270321,1.2371496750415087
2025-02-24,6026.68994140625,6043.64990234375,5977.830078125,5983.25,4990120000,1.0,-0.0049691065044024,0.008225035902936793,1.1337367309417077
2025-02-25,5982.72998046875,5992.64990234375,5908.490234375,5955.25,5374690000,1.0,-0.0046797309154723,0.008238316958546708,1.2137946515880964
2025-02-26,5970.8701171875,6009.81982421875,5932.68994140625,5956.06005859375,4869580000,1.0,0.0001360242800469,0.008203401674156974,1.0967525980751436
2025-02-27,5981.8798828125,5993.68994140625,5858.77978515625,5861.56982421875,5057680000,1.0,-0.0158645536555098,0.008438873948451824,1.1320818910948
2025-02-28,5856.740234375,5959.39990234375,5837.66015625,5954.5,6441140000,1.0,0.0158541446349889,0.008662207152891005,1.423545824625972
2025-03-03,5968.330078125,5986.08984375,5810.91015625,5849.72021484375,5613850000,1.0,-0.0175967394669998,0.008941194822371462,1.23403813433596
2025-03-04,5811.97998046875,5865.080078125,5732.58984375,5778.14990234375,6138110000,1.0,-0.0122348266022004,0.009067100572232239,1.3398936154885956
2025-03-05,5781.35986328125,5860.58984375,5742.35009765625,5842.6298828125,5285970000,1.0,0.0111592778931879,0.009155352425228002,1.153682715373335
2025-03-06,5785.8701171875,5812.080078125,5711.64013671875,5738.52001953125,5165080000,1.0,-0.0178190070857499,0.009419397174524741,1.125979821620527
2025-03-07,5726.009765625,5783.009765625,5666.2900390625,5770.2001953125,5705140000,1.0,0.005520617802748,0.00944597025001755,1.2575180874273892
2025-03-10,5705.3701171875,5705.3701171875,5564.02001953125,5614.56005859375,6409370000,1.0,-0.0269730913054258,0.010009563518686072,1.3954201162984718
2025-03-11,5603.64990234375,5636.2998046875,5528.41015625,5572.06982421875,6221240000,1.0,-0.0075678653236531,0.010040893420472447,1.3286384366913366
2025-03-12,5624.83984375,5642.18994140625,5546.08984375,5599.2998046875,5219830000,1.0,0.0048868699294464,0.00999744582206657,1.1038560172981986
2025-03-13,5594.4501953125,5597.77978515625,5504.64990234375,5521.52001953125,5018980000,0.0,-0.0138909842068353,0.010115287025295067,1.0530998165933019
2025-03-14,5563.85009765625,5645.27001953125,5563.85009765625,5638.93994140625,4863180000,0.0,0.0212658690830878,0.01053188919890121,1.0143227161334707
2025-03-17,5635.60009765625,5703.52001953125,5631.1201171875,5675.1201171875,5031770000,0.0,0.0064161307191059,0.010557992471550377,1.0412185794000635
2025-03-18,5654.52978515625,5654.52978515625,5597.759765625,5614.66015625,4666270000,0.0,-0.0106535121176365,0.010624547871956406,0.961429697162224
2025-03-19,5632.3701171875,5715.330078125,5622.2001953125,5675.2900390625,4660090000,0.0,0.0107984955678945,0.010063846701249443,0.9562444924664164
2025-03-20,5646.919921875,5711.14990234375,5632.330078125,5662.89013671875,4678420000,0.0,-0.0021848931523151,0.010066059704036396,0.9610379494154053
2025-03-21,5630.72998046875,5670.83984375,5603.10009765625,5667.56005859375,9367460000,0.0,0.0008246534476661,0.009956017885039364,1.88666340093421
2025-03-24,5718.080078125,5775.14013671875,5718.080078125,5767.56982421875,4517990000,0.0,0.0176460001466336,0.010184205955882536,0.9096712564025454
2025-03-25,5775.9599609375,5786.9501953125,5760.419921875,5776.64990234375,4467340000,0.0,0.0015743334544251,0.01007453163302696,0.9005051596611005
2025-03-26,5771.66015625,5783.6201171875,5694.41015625,5712.2001953125,4183140000,0.0,-0.0111569349226271,0.010164547466204082,0.8440275217610776
2025-03-27,5695.64013671875,5732.27978515625,5670.93994140625,5693.31005859375,4403460000,0.0,-0.0033069808607638,0.010081854629627419,0.8875458062248294
2025-03-28,5679.2001953125,5685.89013671875,5572.419921875,5580.93994140625,4513330000,0.0,-0.019737220708344,0.010298283740061096,0.9098053884520454
2025-03-31,5527.91015625,5627.56005859375,5488.72998046875,5611.85009765625,5257250000,0.0,0.0055385215706533,0.0103215138296375,1.0556317797322312
2025-04-01,5597.52978515625,5650.56982421875,5558.52001953125,5633.06982421875,4434500000,0.0,0.0037812354559083,0.010335885030595252,0.8901854251523181
2025-04-02,5580.759765625,5695.31005859375,5571.47998046875,5670.97021484375,4243830000,0.0,0.0067281947157926,0.010235900645725094,0.8534832703136853
2025-04-03,5492.740234375,5499.52978515625,5390.830078125,5396.52001953125,7210470000,0.0,-0.0483956333599014,0.011907955048848446,1.4334607817573568
2025-04-04,5292.14013671875,5292.14013671875,5069.89990234375,5074.080078125,8853500000,0.0,-0.059749605345531,0.01403096630142492,1.729693059631752
2025-04-07,4953.7900390625,5246.56982421875,4835.0400390625,5062.25,8691980000,0.0,-0.0023314724921273,0.014021165511997492,1.668937235526986
2025-04-08,5193.56982421875,5267.47021484375,4910.419921875,4982.77001953125,7408140000,0.0,-0.0157005245629413,0.014025722512721798,1.410461581203411
2025-04-09,4965.27978515625,5481.33984375,4948.43017578125,5456.89990234375,9489600000,0.0,0.0951538764490484,0.0188578647917871,1.772895481556458
2025-04-10,5353.14990234375,5353.14990234375,5115.27001953125,5268.0498046875,6677140000,0.0,-0.0346075795847269,0.01934909508995139,1.235629561250226
2025-04-11,5255.56005859375,5381.4599609375,5220.77001953125,5363.35986328125,5602550000,0.0,0.0180920952017089,0.019345277097039506,1.0330718331168252
2025-04-14,5441.9599609375,5459.4599609375,5358.02001953125,5405.97021484375,5031440000,0.0,0.0079447123908689,0.019383824379194167,0.9271214003066622
2025-04-15,5411.990234375,5450.41015625,5386.43994140625,5396.6298828125,4317110000,0.0,-0.0017277808903947,0.019326270168393504,0.7969049200915046
2025-04-16,5335.75,5367.240234375,5220.7900390625,5275.7001953125,4607750000,0.0,-0.0224083715440897,0.019462115412102746,0.8499347997496245
2025-04-17,5305.4501953125,5328.31005859375,5255.580078125,5282.7001953125,4714880000,0.0,0.0013268380955802,0.019437519850382223,0.8698285027197269
2025-04-21,5232.93994140625,5232.93994140625,5101.6298828125,5158.2001953125,4226340000,0.0,-0.0235674930238275,0.019605826972568026,0.7814898043200447
2025-04-22,5207.669921875,5309.60986328125,5207.669921875,5287.759765625,4666950000,0.0,0.0251172047238952,0.019930882418266065,0.8632818134595049
2025-04-23,5395.919921875,5469.68994140625,5356.169921875,5375.85986328125,5371390000,0.0,0.01666113847096,0.020009612951222402,0.9902441394929433
2025-04-24,5381.3798828125,5489.39990234375,5371.9599609375,5484.77001953125,4697710000,0.0,0.0202591137082812,0.02016162273723358,0.8648587805356984
2025-04-25,5489.72998046875,5528.10986328125,5455.85986328125,5525.2099609375,4236580000,0.0,0.0073731334699984,0.020189276717596197,0.7810893406631617
2025-04-28,5529.22021484375,5553.66015625,5468.64013671875,5528.75,4257880000,0.0,0.0006407067039131,0.02017261505261179,0.7864835683288586
2025-04-29,5508.8701171875,5571.9501953125,5505.7001953125,5560.830078125,4747150000,0.0,0.005802410694099,0.020187635565536825,0.8755253954651099
2025-04-30,5499.43994140625,5581.83984375,5433.240234375,5569.06005859375,5449490000,0.0,0.0014799913597656,0.020172675191335945,1.0022329264585712
2025-05-01,5625.14013671875,5658.91015625,5597.35009765625,5604.14013671875,4935270000,0.0,0.0062991021385856,0.020166608327434807,0.9064177033546603
2025-05-02,5645.8798828125,5700.7001953125,5642.27978515625,5686.669921875,4854380000,0.0,0.0147265741296347,0.020259782380370392,0.8914281113997385
2025-05-05,5655.31982421875,5683.3798828125,5634.47998046875,5650.3798828125,4358260000,0.0,-0.0063815975889338,0.020263315360123806,0.8034998794453357
2025-05-06,5605.8701171875,5649.580078125,5586.0400390625,5606.91015625,4717260000,0.0,-0.0076932396518555,0.020252105760261634,0.8705619061261555
2025-05-07,5614.18017578125,5654.72998046875,5578.64013671875,5631.27978515625,4987440000,0.0,0.0043463562331358,0.020239129609950248,0.9217406102193997
2025-05-08,5663.60009765625,5720.10009765625,5635.3798828125,5663.93994140625,5627400000,0.0,0.0057997750948355,0.02025770889543429,1.0371081016288535
2025-05-09,5679.64990234375,5691.68994140625,5644.14990234375,5659.91015625,4645090000,0.0,-0.0007114809122162,0.020256387825376542,0.8573760357021815
2025-05-12,5807.2001953125,5845.3701171875,5786.080078125,5844.18994140625,6014580000,1.0,0.0325587827490083,0.02066386220886725,1.1119030443054887
2025-05-13,5854.14990234375,5906.64013671875,5845.02001953125,5886.5498046875,5516290000,1.0,0.0072482009835321,0.020688312312704012,1.0201531798940375
2025-05-14,5896.740234375,5906.5498046875,5872.10986328125,5892.580078125,5233450000,1.0,0.0010244155978598,0.0206857843662332,0.9710956063381465
2025-05-15,5869.81982421875,5924.2099609375,5865.16015625,5916.93017578125,4991290000,1.0,0.0041323320741357,0.020691089688659393,0.9271754282285499
2025-05-16,5929.08984375,5958.6201171875,5907.35986328125,5958.3798828125,4850850000,1.0,0.0070052722948985,0.020706511658724135,0.9021406557208757
2025-05-19,5902.8798828125,5968.60986328125,5895.68994140625,5963.60009765625,4144010000,1.0,0.0008761131291423,0.020588511033304644,0.7751867654987501
2025-05-20,5944.66015625,5953.06005859375,5909.259765625,5940.4599609375,4416850000,1.0,-0.0038802294486252,0.020584475151974986,0.8324301056300534
2025-05-21,5910.18017578125,5938.3701171875,5830.91015625,5844.60986328125,5254250000,1.0,-0.0161351306610142,0.020682322247744744,0.993874889551592
2025-05-22,5841.259765625,5878.080078125,5825.81982421875,5842.009765625,5157050000,1.0,-0.0004448710379429,0.020682343643671657,0.9757206280666222
2025-05-23,5781.89013671875,5829.509765625,5767.41015625,5802.81982421875,4662820000,1.0,-0.0067082978253216,0.020597767838266907,0.8834022412418171
2025-05-27,5854.06982421875,5924.330078125,5854.06982421875,5921.5400390625,5366380000,1.0,0.0204590558452733,0.020666163041647184,1.0147615222114925
2025-05-28,5925.5400390625,5939.919921875,5881.8798828125,5888.5498046875,4665050000,1.0,-0.0055712254172688,0.020549462365956728,0.8833679039239293
2025-05-29,5939.9599609375,5943.1298828125,5873.7998046875,5912.169921875,4569750000,1.0,0.0040111942619043,0.02048823296257444,0.8656384415715883
2025-05-30,5903.669921875,5922.14013671875,5843.66015625,5911.68994140625,6378540000,1.0,-8.118516130162234e-05,0.020441252707002283,1.200458326223977
2025-06-02,5896.68017578125,5937.39990234375,5861.43017578125,5935.93994140625,4832240000,1.0,0.0041020419271569,0.020305571090234037,0.908914271935073
2025-06-03,5938.56005859375,5981.35009765625,5929.0,5970.3701171875,5026680000,1.0,0.0058002904546055,0.020306713506950767,0.9611828361092896
2025-06-04,5978.93994140625,5990.47998046875,5966.10986328125,5970.81005859375,4767050000,1.0,7.36874595066439e-05,0.01997798256195002,0.9106699637145668
2025-06-05,5985.669921875,5999.7001953125,5921.2001953125,5939.2998046875,5091850000,1.0,-0.0052773834030941,0.01996308920406256,0.9704024628366074
2025-06-06,5987.06005859375,6016.8701171875,5978.6298828125,6000.35986328125,4355710000,1.0,0.0102806830100679,0.019991832116025045,0.8295635767022774
2025-06-09,6004.6298828125,6021.31005859375,5994.18017578125,6005.8798828125,4642360000,1.0,0.0009199480792858,0.01989167090374718,0.883353450487388
2025-06-10,6009.91015625,6043.009765625,6000.27978515625,6038.81005859375,4882880000,1.0,0.0054829894076784,0.019730834817699217,0.9278150158551389
2025-06-11,6049.3798828125,6059.39990234375,6002.31982421875,6022.240234375,5111550000,1.0,-0.0027438889546078,0.01972626336292413,0.9718035798372702
2025-06-12,6009.89990234375,6045.43017578125,6003.8798828125,6045.259765625,4669500000,1.0,0.0038224199557175,0.019667530111189716,0.8869688463186054
2025-06-13,6000.56005859375,6026.16015625,5963.2099609375,5976.97021484375,5258910000,1.0,-0.0112963798792506,0.019695785051360527,0.9950895963049774
2025-06-16,6004.0,6050.830078125,6004.0,6033.10986328125,5111710000,1.0,0.0093926598961591,0.019720234137081023,0.9749802665921224
2025-06-17,6012.14990234375,6023.25,5974.7998046875,5982.72021484375,4955700000,1.0,-0.0083521847901663,0.019759097255720847,0.959490328774278
2025-06-18,5987.93017578125,6018.25,5971.89013671875,5980.8701171875,5106470000,1.0,-0.000309240210107,0.019639740818841987,1.0026016157874527
2025-06-20,5999.669921875,6018.2001953125,5952.56005859375,5967.83984375,7451500000,1.0,-0.0021786584865058,0.01964318517315683,1.4627745040690907
2025-06-23,5969.669921875,6028.77001953125,5943.22998046875,6025.169921875,5597000000,1.0,0.0096065041331563,0.019613093163074705,1.1157771608209872
2025-06-24,6061.2099609375,6101.759765625,6059.25,6092.18017578125,5443690000,1.0,0.0111217201797018,0.019646866915126144,1.0905776736661539
2025-06-25,6104.22998046875,6108.509765625,6080.08984375,6092.16015625,5171110000,1.0,-3.2861029504172024e-06,0.019452658716395097,1.037763513275946
2025-06-26,6112.08984375,6146.52001953125,6107.27001953125,6141.02001953125,5308140000,1.0,0.0080201212752302,0.019463711243338653,1.0640816019209736
2025-06-27,6150.7001953125,6187.68017578125,6132.35009765625,6173.06982421875,7889350000,1.0,0.0052189708852221,0.019467218029890248,1.5591860860287867
2025-06-30,6193.35986328125,6215.080078125,6174.97021484375,6204.9501953125,5782900000,1.0,0.0051644274245326,0.01946143288691221,1.1376005902799349
2025-07-01,6187.25,6210.77978515625,6177.97021484375,6198.009765625,6275310000,1.0,-0.0011185310871218,0.018323205361581,1.2269339982394025
2025-07-02,6193.8798828125,6227.60009765625,6188.2900390625,6227.419921875,5645710000,1.0,0.004745096791088,0.01640218407164244,1.097743335202665
2025-07-03,6246.4599609375,6284.64990234375,6246.4599609375,6279.35009765625,3378110000,1.0,0.0083389552066073,0.016395204682748563,0.6601432515018161
2025-07-07,6259.0400390625,6262.06982421875,6201.0,6229.97998046875,5236740000,1.0,-0.0078622972791287,0.01626853259709243,1.0238917058659844
2025-07-08,6234.02978515625,6242.7001953125,6217.75,6225.52001953125,5739030000,1.0,-0.0007158868810946,0.011006691196396436,1.1175492046222482
2025-07-09,6243.330078125,6269.16015625,6231.43017578125,6263.259765625,4813340000,1.0,0.0060621034026635,0.009893925117532365,0.9351908944759516
2025-07-10,6266.7998046875,6290.22021484375,6251.43994140625,6280.4599609375,5367350000,1.0,0.0027462050044453,0.009691778542954128,1.0383537484447474
2025-07-11,6255.68017578125,6269.43994140625,6237.60009765625,6259.75,4656210000,1.0,-0.0032975229626984,0.009696949809144817,0.9010954899456716
2025-07-14,6255.14990234375,6273.31005859375,6239.22021484375,6268.56005859375,4722250000,1.0,0.0014074138094573,0.009682256131036493,0.9164555456617753
2025-07-15,6295.2900390625,6302.0400390625,6241.68017578125,6243.759765625,5133670000,1.0,-0.0039562982147312,0.009154910551433146,0.9955339269093053
2025-07-16,6254.5,6268.1201171875,6201.58984375,6263.7001953125,5177460000,1.0,0.0031936574173276,0.009152808597278546,1.0027692721153925
2025-07-17,6263.39990234375,6304.68994140625,6262.27001953125,6297.35986328125,5512290000,1.0,0.0053737674089093,0.008472511151929315,1.0628677903678394
2025-07-18,6312.9501953125,6315.60986328125,6285.27001953125,6296.7900390625,5184700000,1.0,-9.048620868445932e-05,0.007986724584878313,0.9979037611735119
2025-07-21,6304.740234375,6336.080078125,6303.7900390625,6305.60009765625,5010840000,1.0,0.0013991348828683,0.007782954118345971,0.9643539088238255
2025-07-22,6306.60009765625,6316.1201171875,6281.7099609375,6309.6201171875,5662040000,1.0,0.0006375316336257,0.007436829509070117,1.0895343860934676
2025-07-23,6326.89990234375,6360.64013671875,6317.490234375,6358.91015625,5642510000,1.0,0.0078118869515191,0.007442051557147671,1.0816243156306236
2025-07-24,6368.60009765625,6381.31005859375,6360.56982421875,6363.35009765625,5282720000,1.0,0.0006982236416543,0.007441828462360434,1.0155047712607568
2025-07-25,6370.009765625,6395.81982421875,6368.52978515625,6388.64013671875,4470720000,1.0,0.0039743277792958,0.00743128473883185,0.8628814928757733
2025-07-28,6397.68994140625,6401.06982421875,6375.7900390625,6389.77001953125,4565620000,1.0,0.0001768581088181,0.007435751332291837,0.8834754132671512
2025-07-29,6405.6201171875,6409.259765625,6363.919921875,6370.85986328125,5076120000,1.0,-0.0029594423887242,0.007447851847571612,0.9819379150577239
2025-07-30,6381.22998046875,6396.5400390625,6336.3798828125,6362.89990234375,5375070000,1.0,-0.0012494327466496,0.007274775427761576,1.0376630687994282
2025-07-31,6427.02001953125,6427.02001953125,6327.64013671875,6339.39013671875,6077080000,1.0,-0.003694819341153,0.0072310706560871265,1.164495499744991
2025-08-01,6287.27978515625,6287.27978515625,6212.68994140625,6238.009765625,5827150000,1.0,-0.0159921331401484,0.007493174618113181,1.110601047837599
2025-08-04,6271.7099609375,6330.68994140625,6271.7099609375,6329.93994140625,4842580000,1.0,0.014737100330916,0.007670831763874442,0.9244016666863284
2025-08-05,6336.6298828125,6346.0,6289.3701171875,6299.18994140625,5517410000,1.0,-0.0048578659963033,0.00770420124865089,1.0517731707550477
2025-08-06,6309.2998046875,6352.830078125,6301.10986328125,6345.06005859375,5408560000,1.0,0.0072819072950924,0.007729067897774689,1.0281002328915356
2025-08-07,6374.31982421875,6389.7099609375,6310.31982421875,6340.0,5306090000,1.0,-0.0007974800154801,0.0066072763175867,1.008853192561216
2025-08-08,6355.22021484375,6395.16015625,6355.22021484375,6389.4501953125,4769910000,1.0,0.0077997153489748,0.006615956966080179,0.9065471730056859
2025-08-11,6389.669921875,6407.25,6364.06005859375,6373.4501953125,4652400000,1.0,-0.0025041278217863,0.00663490577747845,0.8839360637060192
2025-08-12,6395.169921875,6446.5498046875,6385.759765625,6445.759765625,5135300000,1.0,0.0113454358466127,0.0067508771589471295,0.9803162095809268
2025-08-13,6462.669921875,6480.27978515625,6445.02001953125,6466.580078125,5195950000,1.0,0.0032300788824048,0.006715725849997436,0.9905186852587059
2025-08-14,6453.4599609375,6473.919921875,6441.06982421875,6468.5400390625,4462050000,1.0,0.0003030908012924,0.006716872374623561,0.8524483467367967
2025-08-15,6477.3798828125,6481.33984375,6441.85009765625,6449.7998046875,4575060000,1.0,-0.0028971350972291,0.006705017620081205,0.8746798809212089
2025-08-18,6445.02001953125,6455.35009765625,6437.7001953125,6449.14990234375,4162290000,1.0,-0.0001007631807854,0.006301943674088331,0.7986032286034911
2025-08-19,6446.240234375,6456.47998046875,6400.22021484375,6411.3701171875,4377440000,1.0,-0.0058581031187567,0.006370978028193565,0.8398132375565407
2025-08-20,6406.6201171875,6408.39990234375,6343.85986328125,6395.77978515625,4470390000,1.0,-0.0024316693228262,0.006300311171308465,0.8582120153944044
2025-08-21,6380.830078125,6393.64990234375,6352.7099609375,6370.169921875,4013560000,1.0,-0.0040041815293089,0.005836446994354882,0.7730915835267751
2025-08-22,6384.58984375,6478.89013671875,6384.58984375,6466.91015625,5046860000,1.0,0.0151864448768934,0.006037922961836157,0.9723680664929393
2025-08-25,6457.669921875,6466.89013671875,6438.06005859375,6439.31982421875,4059070000,1.0,-0.0042663855480634,0.006075892687939834,0.783896498246605
2025-08-26,6435.490234375,6468.3701171875,6429.2099609375,6465.93994140625,4867680000,1.0,0.0041339951911349,0.00608234041917989,0.9414797080571166
2025-08-27,6462.259765625,6487.06005859375,6457.83984375,6481.39990234375,4143680000,1.0,0.0023909843081744,0.0060740007249052855,0.8044600347792755
2025-08-28,6483.83984375,6508.22998046875,6466.9599609375,6501.85986328125,4283760000,1.0,0.0031567194195349,0.006051710447486023,0.8338308569271635
2025-08-29,6489.27978515625,6491.759765625,6444.56982421875,6460.259765625,4234840000,1.0,-0.0063981842935716,0.006133604488033859,0.8271152166395228
2025-09-02,6401.509765625,6416.5400390625,6360.580078125,6415.5400390625,4784000000,1.0,-0.0069222799368615,0.006167232612798936,0.9442113587126452
2025-09-03,6445.81982421875,6453.669921875,6416.169921875,6448.259765625,4465360000,1.0,0.0051000736279842,0.006075016260351938,0.8852763625842466
2025-09-04,6456.60009765625,6502.5400390625,6445.97998046875,6502.080078125,4670770000,1.0,0.0083464864096993,0.006144089679602942,0.928846385981226
2025-09-05,6529.080078125,6532.64990234375,6443.97998046875,6481.5,5066120000,1.0,-0.0031651529783888,0.006146748817539816,1.0078879990399627
2025-09-08,6498.08984375,6508.669921875,6483.2900390625,6495.14990234375,5211500000,1.0,0.0021059789159529,0.00612588200737439,1.0372097066667856
2025-09-09,6503.330078125,6518.22998046875,6483.080078125,6512.60986328125,4798350000,1.0,0.0026881536531127,0.006119647517662757,0.9668793619239004
2025-09-10,6550.2900390625,6555.97021484375,6516.33984375,6532.0400390625,5253010000,1.0,0.0029834699435626,0.005896647483858324,1.060759707669478
2025-09-11,6554.41015625,6592.89013671875,6545.7998046875,6587.47021484375,5426460000,1.0,0.0084858903879598,0.005877201524514794,1.0995546309939188
2025-09-12,6590.66015625,6600.2099609375,6579.490234375,6584.2900390625,4641640000,1.0,-0.0004827613146674,0.005740205017717849,0.9443705514042121
2025-09-15,6603.490234375,6619.6201171875,6602.06982421875,6615.27978515625,5045020000,1.0,0.0047066192269626,0.005748235294546683,1.0195254207804203
2025-09-16,6624.1298828125,6626.990234375,6600.10986328125,6606.759765625,5359510000,1.0,-0.0012879303382402,0.00573919704418649,1.0825421334226701
2025-09-17,6604.8701171875,6624.39013671875,6551.14990234375,6600.35009765625,5805340000,1.0,-0.0009701681605103,0.005654436992972123,1.1722792094474719
2025-09-18,6626.85009765625,6656.7998046875,6611.89013671875,6631.9599609375,5292400000,1.0,0.0047891191851283,0.0055302268795550755,1.0666369567979384
2025-09-19,6647.10986328125,6671.81982421875,6630.31005859375,6664.35986328125,9125960000,1.0,0.0048854188708296,0.005544732381707103,1.8118080291440704
2025-09-22,6654.27978515625,6698.8798828125,6648.06982421875,6693.75,5642620000,1.0,0.004410046474333,0.005492256677475211,1.1158780663202512
2025-09-23,6692.43994140625,6699.52001953125,6645.580078125,6656.919921875,5633620000,1.0,-0.0055021591970121,0.005541809904352666,1.1100967488759856
2025-09-24,6669.7900390625,6672.66015625,6621.759765625,6637.97021484375,5459180000,1.0,-0.0028466178433332,0.005542983101126144,1.0743453990604008
2025-09-25,6608.18994140625,6619.0,6569.22021484375,6604.72021484375,5874670000,1.0,-0.0050090613431266,0.005592387424614007,1.1529483359459793
2025-09-26,6615.3798828125,6648.97021484375,6604.43017578125,6643.7001953125,5103110000,1.0,0.0059018367471712,0.0056072275180406115,1.003134989730423
2025-09-29,6661.580078125,6677.31005859375,6644.490234375,6661.2099609375,5358760000,1.0,0.0026355442163621,0.005530147326285319,1.0526685921601653
2025-09-30,6656.18994140625,6691.25,6641.0,6688.4599609375,6057210000,1.0,0.0040908483833717,0.005419698798631361,1.184999819233635
2025-10-01,6664.919921875,6718.47998046875,6656.2001953125,6711.2001953125,6037950000,1.0,0.0033999208349619,0.005421102699337472,1.179497069068115
2025-10-02,6731.31005859375,6731.93994140625,6693.22998046875,6715.35009765625,5416130000,1.0,0.0006183547238911,0.005384927553415053,1.0589628318051147
2025-10-03,6722.14013671875,6750.8701171875,6705.669921875,6715.7900390625,5713110000,1.0,6.551280273581206e-05,0.005382803437298467,1.1151516225660962
2025-10-06,6733.85986328125,6749.52001953125,6717.77978515625,6740.27978515625,5604460000,1.0,0.0036465919796933,0.0053605607391747625,1.0891236570034892
2025-10-07,6746.14013671875,6754.490234375,6699.9599609375,6714.58984375,5546150000,1.0,-0.0038114057910215,0.005400117237718438,1.073700353397771
2025-10-08,6723.8701171875,6755.64013671875,6718.08984375,6753.72021484375,5383130000,1.0,0.005827663640568,0.005390699049827561,1.0409033624137267
2025-10-09,6760.5,6764.580078125,6716.169921875,6735.10986328125,5385020000,1.0,-0.0027555704071953,0.005410397539619827,1.0412287544200818
2025-10-10,6740.490234375,6762.39990234375,6550.77978515625,6552.509765625,6596610000,1.0,-0.0271116732114136,0.006503199932845085,1.2729401348929332
2025-10-13,6622.52978515625,6668.68017578125,6620.7099609375,6654.72021484375,5303960000,1.0,0.0155986717875575,0.006781054569129904,1.0255697901058143
2025-10-14,6602.490234375,6680.7001953125,6555.06982421875,6644.31005859375,5666920000,1.0,-0.0015643266604626,0.006788475806212816,1.09226944877103
2025-10-15,6688.27001953125,6724.1201171875,6612.10986328125,6671.06005859375,5633060000,1.0,0.0040260011595036,0.006800380406034245,1.0852592803803858
2025-10-16,6689.02001953125,6709.33984375,6593.990234375,6629.06982421875,6048180000,1.0,-0.0062943870998294,0.006803028482645381,1.1623711080657007
2025-10-17,6613.27001953125,6678.8798828125,6603.759765625,6664.009765625,5358120000,1.0,0.0052707155502571,0.006828383428970309,1.029545843642812
2025-10-20,6690.0498046875,6744.35009765625,6690.0498046875,6735.1298828125,4672170000,1.0,0.0106722708532569,0.0069351931355728196,0.8980800431616327
2025-10-21,6736.75,6752.16015625,6722.02978515625,6735.35009765625,5245020000,1.0,3.2696450934288634e-05,0.006935474420945767,1.0059010205608454
2025-10-22,6741.33984375,6741.75,6655.68994140625,6699.39990234375,5710010000,1.0,-0.0053375392208654,0.006964649516506863,1.092669125365632
2025-10-23,6703.64990234375,6749.52978515625,6700.14013671875,6738.43994140625,5565750000,1.0,0.0058273934429324,0.006988164079466206,1.0635582363845437
2025-10-24,6772.06982421875,6807.10986328125,6772.06982421875,6791.68994140625,5058220000,1.0,0.0079024225878738,0.007016988672511938,0.9643771376525763
2025-10-27,6845.4599609375,6877.27978515625,6843.93994140625,6875.16015625,5290650000,1.0,0.0122900508656711,0.006790613127421388,1.0059463327968945
2025-10-28,6897.740234375,6911.2998046875,6870.72998046875,6890.89013671875,5695930000,1.0,0.0022879438603986,0.006570425386345523,1.0767254169753595
2025-10-29,6910.9501953125,6920.33984375,6851.91015625,6890.58984375,6280130000,1.0,-4.3578255173426506e-05,0.006521457444891758,1.1786803805166965
2025-10-30,6860.5,6880.75,6820.68994140625,6822.33984375,6052700000,1.0,-0.0099048124395192,0.006640348349406924,1.1292879994674376
2025-10-31,6879.169921875,6879.169921875,6814.259765625,6840.2001953125,6398280000,1.0,0.0026179217059763,0.006637300957499029,1.1832357295958282
2025-11-03,6882.31982421875,6882.31982421875,6820.6201171875,6851.97021484375,6065720000,1.0,0.0017207127269924,0.006582389220792486,1.1175240801998534
2025-11-04,6788.52001953125,6820.2099609375,6766.7099609375,6771.5498046875,5739510000,1.0,-0.0117368300845838,0.006775229725973305,1.0509172214481879
2025-11-05,6769.77001953125,6829.77978515625,6763.10986328125,6796.2900390625,5939600000,1.0,0.0036535556982648,0.0066483781872660255,1.0833017379445748
2025-11-06,6787.58984375,6796.68017578125,6707.509765625,6720.31982421875,6051900000,1.0,-0.011178189042419,0.006820937410520505,1.096153762557435
2025-11-07,6696.18017578125,6730.10986328125,6631.43994140625,6728.7998046875,5926070000,1.0,0.001261841800771,0.006821199083230935,1.0670147573636022
2025-11-10,6785.35986328125,6841.31982421875,6770.56005859375,6832.43017578125,5366050000,1.0,0.0154010186217099,0.007063280803761197,0.9622608608578739
2025-11-11,6815.64013671875,6855.1298828125,6806.8701171875,6846.60986328125,4983490000,1.0,0.0020753505173405,0.007063195026135666,0.8930197949205986
2025-11-12,6867.77001953125,6869.91015625,6829.6201171875,6850.919921875,5293610000,1.0,0.0006295171887717,0.007005510347491145,0.9457845097598788
2025-11-13,6826.47021484375,6828.0498046875,6724.72021484375,6737.490234375,5473720000,1.0,-0.0165568549615969,0.007355808059504602,0.9751659871213784
2025-11-14,6672.14013671875,6774.31005859375,6646.8701171875,6734.10986328125,5042660000,1.0,-0.0005017255648851,0.007330126249376461,0.898445956070282
2025-11-17,6713.60986328125,6754.5,6638.89990234375,6672.41015625,5204220000,1.0,-0.0091622661768078,0.0072016451130438,0.927255002555545
2025-11-18,6641.18994140625,6666.6298828125,6574.31982421875,6617.31982421875,5159390000,1.0,-0.0082564366909679,0.007264990714045963,0.9180863068284764
2025-11-19,6625.83984375,6689.75,6603.5,6642.16015625,5021610000,1.0,0.0037538357962292,0.007261915631473712,0.8943055665922756
2025-11-20,6737.93017578125,6770.35009765625,6534.0498046875,6538.759765625,5596080000,1.0,-0.0155672835632704,0.007546098982621743,0.9960119865730391
2025-11-21,6555.77001953125,6660.0498046875,6521.919921875,6602.990234375,5929930000,1.0,0.0098230354153194,0.00763924577317687,1.0506138952963904
2025-11-24,6636.5400390625,6715.75,6630.7001953125,6705.1201171875,6039740000,1.0,0.0154672170012934,0.007834025518227332,1.0663106401126468
2025-11-25,6697.02978515625,6776.39990234375,6659.97998046875,6765.8798828125,5003330000,1.0,0.0090616968172205,0.007843909582746968,0.8844457275692276
2025-11-26,6793.5498046875,6831.43994140625,6783.8701171875,6812.60986328125,4485000000,1.0,0.0069067115110126,0.007863682446996395,0.7965380131383129
2025-11-28,6822.52001953125,6850.85986328125,6819.75,6849.08984375,2558540000,1.0,0.0053547731634202,0.007825360357813121,0.458853640297943
2025-12-01,6812.2998046875,6843.64990234375,6799.93994140625,6812.6298828125,4549370000,1.0,-0.0053233293429156,0.007849272978107195,0.8295098573457544
2025-12-02,6830.9599609375,6851.5498046875,6806.7099609375,6829.3701171875,4582290000,1.0,0.0024572352619998,0.007850348038576472,0.8387555515074606
2025-12-03,6815.2900390625,6862.419921875,6810.43017578125,6849.72021484375,4736780000,1.0,0.0029797912994984,0.007851584896887736,0.8698898712716224
2025-12-04,6866.47021484375,6866.47021484375,6827.1201171875,6857.1201171875,4872440000,1.0,0.0010803218396737,0.007846752652081117,0.8967357716601578
2025-12-05,6866.31982421875,6895.77978515625,6858.2900390625,6870.39990234375,4944560000,1.0,0.001936641757662,0.007783893242483161,0.9131351170569797
2025-12-08,6875.2001953125,6878.27001953125,6827.18994140625,6846.509765625,4757130000,1.0,-0.003477255626794,0.00780138795421869,0.8796456158695345
2025-12-09,6840.60986328125,6864.919921875,6837.43017578125,6840.509765625,4508050000,1.0,-0.0008763589340257,0.007785840287886338,0.8362188251322595
2025-12-10,6833.490234375,6900.669921875,6824.68994140625,6886.68017578125,5526570000,1.0,0.0067495569392015,0.007822075478473118,1.0271708669520838
2025-12-11,6861.2998046875,6903.4599609375,6833.4501953125,6901.0,5021060000,1.0,0.0020793508415142,0.007820801036119658,0.9367574802483846
2025-12-12,6886.85009765625,6899.85009765625,6801.7900390625,6827.41015625,4910160000,1.0,-0.010663649289958,0.007939831285941234,0.9178000910368209
2025-12-15,6860.18994140625,6861.58984375,6801.490234375,6816.509765625,4975600000,1.0,-0.0015965630269072,0.007923443263084997,0.9326033101457066
2025-12-16,6800.1201171875,6819.27001953125,6759.740234375,6800.259765625,4983180000,1.0,-0.0023839179519623,0.007913810669893866,0.9362044871789332
2025-12-17,6802.8798828125,6812.259765625,6720.43017578125,6721.43017578125,5122120000,1.0,-0.0115921439122413,0.00802764602198018,0.9638432153989709
2025-12-18,6778.06005859375,6816.1298828125,6758.5,6774.759765625,5101190000,1.0,0.0079342622699418,0.008078957259270434,0.9609243668985659
2025-12-19,6792.6201171875,6840.02001953125,6792.6201171875,6834.5,8554470000,1.0,0.0088180594503322,0.008119959508531957,1.5924130545379882
2025-12-22,6865.2099609375,6882.02978515625,6855.740234375,6878.490234375,4465030000,1.0,0.0064364963603775,0.008126164469801293,0.8378133058269721
2025-12-23,6872.41015625,6910.8798828125,6868.81005859375,6909.7900390625,3820560000,1.0,0.0045503887657032,0.008137999404705326,0.7208988162274463
2025-12-24,6904.91015625,6937.31982421875,6904.91015625,6932.0498046875,1798270000,1.0,0.0032214822012188,0.008132529592133122,0.34434151834183896
2025-12-26,6936.02001953125,6945.77001953125,6921.60009765625,6929.93994140625,2586550000,1.0,-0.0003043635491226,0.008125194960879333,0.5011320347047521
2025-12-29,6903.60009765625,6920.2099609375,6888.759765625,6905.740234375,3541750000,1.0,-0.0034920514803681,0.00814206772336323,0.6929274310165724
2025-12-30,6900.43994140625,6913.25,6893.47021484375,6896.240234375,3309930000,1.0,-0.0013756671519022,0.008145492595691691,0.6528047194164284
2025-12-31,6898.81982421875,6901.419921875,6844.5498046875,6845.5,3261830000,1.0,-0.0073576663008461,0.008196590723348721,0.6469170179577419
